{"type":"FeatureCollection","features":[{"type":"Feature","geometry":{"type":"Polygon","coordinates":[[[-103.404339000045,37.643576000232],[-103.42708800008,37.643657999869],[-103.451798999748,37.643787999837],[-103.468456999949,37.643661000166],[-103.485322999664,37.643501999892],[-103.487856999756,37.643380000247],[-103.500497999908,37.642936000197],[-103.512657999836,37.643122000291],[-103.554989000152,37.643441000094],[-103.562279000261,37.643539000071],[-103.59021299976,37.643730999956],[-103.625501999664,37.643972999836],[-103.678084999805,37.64385200035],[-103.708559999967,37.643727999661],[-103.750507000144,37.643557999848],[-103.750812999567,37.64368900009],[-103.784657000049,37.64413000034],[-103.821295000016,37.644606999666],[-103.833382999974,37.644773000298],[-103.855243000254,37.644738000191],[-103.857123999696,37.644825999758],[-103.87549800038,37.644454999902],[-103.906858999924,37.644293000344],[-103.953682999592,37.644056999934],[-103.967378000253,37.643965999883],[-103.99206700018,37.643858000218],[-104.00051600038,37.644060000215],[-104.022774999971,37.64405300027],[-104.032832999626,37.644029000149],[-104.05819600012,37.644048999895],[-104.058472000304,37.667183999666],[-104.058716999628,37.688197999849],[-104.05901000043,37.712133000245],[-104.059289999914,37.734171999989],[-104.10308499992,37.746821999698],[-104.114067000388,37.750010999915],[-104.115449000062,37.750464999966],[-104.124762999728,37.753170999954],[-104.1261489996,37.753471000288],[-104.169392999961,37.765794999708],[-104.195897999929,37.773344000135],[-104.21825100013,37.779710999812],[-104.247906000134,37.788156000284],[-104.250524999718,37.788985000095],[-104.286441000334,37.799161999855],[-104.312677999616,37.806596999739],[-104.351109000059,37.817488000328],[-104.372863000035,37.800404999961],[-104.375526999824,37.798588000353],[-104.395555999994,37.786044000059],[-104.415876000417,37.773325000229],[-104.453118999558,37.750010999915],[-104.456723000054,37.747880000259],[-104.454929999577,37.740838999933],[-104.466224000215,37.724962999754],[-104.483140000159,37.701188000118],[-104.500532000304,37.676749000126],[-104.511697000172,37.661280999803],[-104.514282000318,37.657888000041],[-104.537300999792,37.625011999744],[-104.543241999839,37.616720000315],[-104.548417000154,37.60942399973],[-104.548652000331,37.574700000171],[-104.556928000279,37.569536000187],[-104.585845000142,37.551528999818],[-104.620338000178,37.530052999792],[-104.62553799971,37.516118999831],[-104.627653000401,37.510901999967],[-104.632919000055,37.507204000247],[-104.642722000341,37.500014000079],[-104.649229000102,37.495320000251],[-104.666477000307,37.494792000201],[-104.670427000409,37.495014999899],[-104.66645999969,37.484514000186],[-104.665338000307,37.481162999743],[-104.663798000449,37.476055000138],[-104.662098999684,37.47093700006],[-104.661486999939,37.469366999964],[-104.651363000161,37.449792999665],[-104.644704999889,37.436958999785],[-104.641473999662,37.430671999731],[-104.640440999968,37.428854999889],[-104.635481999562,37.422111999681],[-104.62496199995,37.408088999675],[-104.623505999757,37.406075999792],[-104.621231999956,37.403165000346],[-104.618040999912,37.399541999733],[-104.611294999776,37.39226900016],[-104.600640000444,37.380664999839],[-104.595390999611,37.375003999765],[-104.5924170002,37.37189900019],[-104.579190000242,37.357394000282],[-104.576255000292,37.354232000317],[-104.574758000092,37.352196000168],[-104.566534000022,37.338092000208],[-104.563173000099,37.332366000251],[-104.562497999706,37.331082000352],[-104.55695000002,37.321700000133],[-104.556104999748,37.320607999867],[-104.551979999744,37.316757999917],[-104.539276999668,37.305155999714],[-104.529004999753,37.295690000306],[-104.519548999797,37.287059999932],[-104.515934000329,37.283714999975],[-104.515125000042,37.282796000094],[-104.508787000335,37.274489999996],[-104.507787000252,37.272724999644],[-104.505459000024,37.268215000106],[-104.504982999823,37.267107000119],[-104.501103999866,37.255780999948],[-104.50080799959,37.25462599988],[-104.499912999988,37.249964999702],[-104.498849000331,37.244812000287],[-104.498287999741,37.243572999818],[-104.497573000063,37.242690000205],[-104.495786000333,37.240927000021],[-104.494696999664,37.239566000326],[-104.493987000009,37.238149999997],[-104.492548000434,37.234789999906],[-104.491796000048,37.232118],[-104.491633999667,37.229760999943],[-104.49174400017,37.228193999978],[-104.492473000091,37.224196999854],[-104.493212999883,37.219389000357],[-104.494253999973,37.21308699983],[-104.495733999557,37.20472200028],[-104.496158999704,37.201905999979],[-104.497348999758,37.194917000045],[-104.497551000322,37.190783000052],[-104.498178999961,37.184246999734],[-104.498364999734,37.18304700019],[-104.498794000079,37.182092999749],[-104.500001999676,37.180820999981],[-104.503252000169,37.178089000294],[-104.504863000172,37.176601000337],[-104.507823000237,37.173564999844],[-104.507258000348,37.172311999766],[-104.505879000149,37.17256799997],[-104.50059199968,37.172516000312],[-104.498434000229,37.17326000016],[-104.496542000019,37.174418000196],[-104.495685999876,37.175308999693],[-104.494130000125,37.176166999988],[-104.493211000233,37.177015000061],[-104.492492000357,37.178811000091],[-104.491580999963,37.179795000152],[-104.490226999878,37.181872999674],[-104.488897000083,37.183511000013],[-104.488430000102,37.184434999746],[-104.487457999609,37.185304000077],[-104.486398999975,37.186534000128],[-104.486244999989,37.187384000013],[-104.487120000398,37.188720000061],[-104.488821999739,37.189350999652],[-104.488637999616,37.18985300013],[-104.487733999793,37.190323000176],[-104.486439999983,37.190673000227],[-104.486081999782,37.189463999913],[-104.484233999953,37.188250000058],[-104.483591000246,37.186928999778],[-104.483802999958,37.186456999799],[-104.483402999925,37.185317000299],[-104.483571000154,37.184645999833],[-104.483223,37.183901999751],[-104.482740000126,37.183661999985],[-104.486272999578,37.179105000169],[-104.487553999868,37.17783099968],[-104.481892000379,37.172763000158],[-104.47624699971,37.175153999761],[-104.474689000309,37.175213999911],[-104.473522999646,37.174381000221],[-104.471919000214,37.173529000119],[-104.471236000324,37.172277000129],[-104.470767999621,37.17201899971],[-104.468492000169,37.171884999655],[-104.465676000044,37.171300000089],[-104.464029999881,37.170479000115],[-104.46098600015,37.16836800003],[-104.459913000273,37.167809999781],[-104.459027999818,37.167025999846],[-104.456694999566,37.164626000126],[-104.453241999582,37.163067999998],[-104.452506999813,37.163008000226],[-104.447112000287,37.162924000322],[-104.445162000351,37.162973999952],[-104.443359999654,37.162832000285],[-104.437500999623,37.161015000245],[-104.432713999645,37.15937299987],[-104.430589999631,37.158912999868],[-104.426134999913,37.158195999724],[-104.421756000364,37.157182999859],[-104.417612000093,37.156326999879],[-104.414216999835,37.155055000213],[-104.409927999799,37.154980999897],[-104.409317999704,37.154668000202],[-104.40751699973,37.148294000174],[-104.407079999887,37.147608999735],[-104.406535000089,37.147523000027],[-104.405300999655,37.148677000176],[-104.403124999762,37.149911999953],[-104.401107000053,37.150532000081],[-104.396345000189,37.151366000116],[-104.395309000122,37.151613000348],[-104.392661000226,37.152723999887],[-104.390234000263,37.153987000352],[-104.389024999943,37.154367999747],[-104.386638999989,37.154198000273],[-104.385265999637,37.153077000111],[-104.384663999938,37.151796000168],[-104.384530999868,37.150957000039],[-104.384102000421,37.150355999735],[-104.383263999822,37.149962999862],[-104.37974399989,37.149762999657],[-104.37700099956,37.149299000236],[-104.373746999767,37.148984000094],[-104.369964000069,37.148753000062],[-104.37119699978,37.146846999653],[-104.37172300021,37.144609000252],[-104.37201100009,37.141623000166],[-104.371584000293,37.140856000152],[-104.370667999876,37.140125000135],[-104.370393000415,37.138526000114],[-104.368896000214,37.137484999708],[-104.367245999853,37.130535999869],[-104.366629000085,37.127247999815],[-104.36687199976,37.126440000224],[-104.368426999686,37.12477299985],[-104.369035999957,37.123729000354],[-104.369739999763,37.120886999686],[-104.373138000395,37.11662399991],[-104.377480000134,37.112834000024],[-104.383858000024,37.108069000145],[-104.384390000301,37.108541000298],[-104.385493000316,37.107960999787],[-104.390046999767,37.105280000037],[-104.392820000235,37.103556000258],[-104.394288999948,37.102486000238],[-104.395315999794,37.101337000149],[-104.396510000046,37.099464999936],[-104.396634999719,37.09799400009],[-104.397105999898,37.096804999948],[-104.399100000215,37.092805000248],[-104.399891000061,37.092007000247],[-104.400830000044,37.090288000344],[-104.401437999591,37.089709999782],[-104.401692999859,37.088621000192],[-104.401764000004,37.08678899996],[-104.402020000097,37.08615100013],[-104.402923000096,37.085562999857],[-104.404246000219,37.084343000332],[-104.405288000134,37.083882000243],[-104.407987000083,37.083339000235],[-104.408592000156,37.082600999982],[-104.410456999704,37.081359000117],[-104.411404000083,37.080255000355],[-104.412385999724,37.079545999732],[-104.413889999597,37.078884000348],[-104.415534999935,37.078772000149],[-104.416929000203,37.078145999727],[-104.417944000354,37.0781059999],[-104.418859000048,37.077529000118],[-104.420470999876,37.077142999771],[-104.421813000266,37.076225000183],[-104.423358999971,37.075635999793],[-104.425005999959,37.075292000096],[-104.425606000009,37.074733999953],[-104.426636000229,37.074426000068],[-104.428135000079,37.07428200012],[-104.430286999682,37.073070999727],[-104.445157000328,37.067386000228],[-104.444324999576,37.065582999948],[-104.443953999855,37.063843000042],[-104.443953999855,37.062835000239],[-104.44441099979,37.060958000262],[-104.444411999615,37.05969800032],[-104.443469000332,37.057934999845],[-104.441839999887,37.056240999772],[-104.439382999787,37.054295000055],[-104.437325999721,37.053127000028],[-104.435668999687,37.05182199982],[-104.435097999949,37.050860000192],[-104.435184000163,37.049577999747],[-104.435743000205,37.048919999702],[-104.436754999983,37.047266000192],[-104.43678500012,37.046006999662],[-104.435785000038,37.044106999742],[-104.436128000169,37.043854999672],[-104.43524199989,37.041337000103],[-104.434528000037,37.040305999649],[-104.433728999796,37.039573999714],[-104.433184999823,37.037878999653],[-104.433184999823,37.036939999987],[-104.433841999774,37.036207999871],[-104.43464199984,37.036001999802],[-104.434698999741,37.03366600035],[-104.4339570003,37.032521000029],[-104.4339570003,37.031743000253],[-104.434498999725,37.030689999727],[-104.434898999758,37.029269999645],[-104.433327999938,37.024255999654],[-104.432557000184,37.023454000017],[-104.431671999729,37.018852000035],[-104.431244000107,37.017501000142],[-104.430300999926,37.016356000015],[-104.429987000106,37.014455999863],[-104.42947300027,37.013059000072],[-104.428617000128,37.011525000035],[-104.427731999673,37.010562999863],[-104.427190000248,37.009625000329],[-104.427076000445,37.008525999725],[-104.42730400005,37.007700999969],[-104.428017999903,37.006557999979],[-104.42858899964,37.006054000177],[-104.429558999586,37.006076999752],[-104.430016000419,37.005343999908],[-104.429730000188,37.004154000015],[-104.430244000024,37.003421000281],[-104.430300999926,37.002665000053],[-104.432111999945,37.002191000032],[-104.431828000263,37.001132999886],[-104.430965000448,37.000682000131],[-104.430910000196,37.000217000034],[-104.431986000447,37.000528000022],[-104.43299900005,37.000199999942],[-104.433074000393,36.999460000131],[-104.431778000034,36.997869000039],[-104.431936000218,36.997080999971],[-104.432547000138,36.995899999771],[-104.434215999868,36.9953070003],[-104.433987000437,36.993737999676],[-104.429821000425,36.993750999796],[-104.413528000097,36.993594000187],[-104.408312999598,36.993473999686],[-104.375537999695,36.993523999978],[-104.368912999933,36.99344599971],[-104.366369999619,36.993464000055],[-104.338832999781,36.993534999779],[-104.321971000264,36.993886999758],[-104.312254000192,36.99393799995],[-104.299698000429,36.99406900016],[-104.250535999588,36.994643999896],[-104.218902000233,36.994842999779],[-104.215634000196,36.994753999806],[-104.181224,36.995043000017],[-104.162852999689,36.995185000038],[-104.125530000182,36.995354999796],[-104.12517600018,36.995410999768],[-104.101889999844,36.995574000119],[-104.065800999873,36.995829000102],[-104.040331000147,36.996007000299],[-104.007854999994,36.996238999873],[-104.000364999869,36.996217999758],[-103.985505000167,36.996395000339],[-103.973936000068,36.996494999918],[-103.957134999752,36.996581000311],[-103.936718000143,36.996645999893],[-103.904820000299,36.996779000013],[-103.892036999857,36.996862999818],[-103.877215999615,36.997067000289],[-103.868946000413,36.997226000161],[-103.840642999945,36.997312999856],[-103.833151999995,36.997295999833],[-103.817802999673,36.997339000306],[-103.800088000386,36.997515999713],[-103.794893999804,36.997590000331],[-103.782868999596,36.997669000059],[-103.780081999783,36.997659000262],[-103.768002000221,36.997763000101],[-103.750512000167,36.997974999829],[-103.740525999584,36.997967999712],[-103.733247000244,36.998015999681],[-103.720853999789,36.998135000072],[-103.701711999724,36.998201999993],[-103.68570600035,36.998867999831],[-103.680089000168,36.998719000182],[-103.674272999795,36.998340000116],[-103.643984000304,36.998505000151],[-103.643595999966,36.998469999804],[-103.625506999687,36.99862900033],[-103.599078999711,36.998625999998],[-103.572926000095,36.998764000068],[-103.549777000027,36.998844000119],[-103.515108000263,36.999085999976],[-103.500501000281,36.999227000237],[-103.499968000179,36.999185000217],[-103.462544000389,36.99925600034],[-103.442625999649,36.999320999787],[-103.406237999928,36.99944399997],[-103.392707000196,36.999396000185],[-103.375637000267,36.999456999832],[-103.349133000123,36.999498999701],[-103.336736000369,36.999556000307],[-103.325835000092,36.999534000293],[-103.312363999737,36.999566999954],[-103.298319000169,36.999556000307],[-103.273109999661,36.999566999954],[-103.269156000259,36.999540000167],[-103.252306000438,36.999571999727],[-103.226446999651,36.999695000221],[-103.188226000169,36.99988699986],[-103.177523000258,36.99994799983],[-103.173219000154,37.000018999958],[-103.156001999911,37.000018999958],[-103.155922000443,37.000231999942],[-103.125489000114,37.000173999753],[-103.123283999909,37.000293000354],[-103.086106000167,37.000263999929],[-103.086533999789,37.039058999812],[-103.086560999553,37.040247999927],[-103.0868640004,37.066757999848],[-103.087276000129,37.102678000078],[-103.086968999982,37.135086999856],[-103.086806999601,37.135298000229],[-103.086804999951,37.13810799985],[-103.086320000427,37.143426000178],[-103.086322999902,37.148012999999],[-103.086558000078,37.176128000316],[-103.086698999645,37.176386000304],[-103.086642999569,37.180689000224],[-103.086240999886,37.193065999811],[-103.086336000321,37.19326300014],[-103.086152000198,37.196379000324],[-103.08607600003,37.200359000028],[-103.08547400033,37.222757000179],[-103.084815999656,37.247004999781],[-103.08430000017,37.265663999647],[-103.084279000254,37.265663999647],[-103.083931999924,37.279548000051],[-103.083777000113,37.284392999931],[-103.083753999649,37.286943999728],[-103.083526999868,37.294291000024],[-103.083673000356,37.308068000269],[-103.083232000315,37.322708999766],[-103.083331999875,37.329941999668],[-103.083360000362,37.337190999907],[-103.083024999728,37.346745000077],[-103.083050999667,37.351738999888],[-103.08276600016,37.358399000314],[-103.082736999848,37.362464000174],[-103.082782000054,37.366336000039],[-103.082536999831,37.381613000281],[-103.074662999566,37.381753999723],[-103.074804999857,37.398436999852],[-103.075243000423,37.415739000005],[-103.075020999767,37.436775999753],[-103.07514200014,37.4509429997],[-103.075000999675,37.455749000111],[-103.075157000209,37.460738000086],[-103.07513100027,37.46962099998],[-103.075178000125,37.479800999744],[-103.075141000316,37.484488999835],[-103.07527500021,37.500036999726],[-103.075220999783,37.501588999871],[-103.075285000256,37.520663000261],[-103.075383000165,37.556631999905],[-103.075462999633,37.584024999697],[-103.075460999983,37.590781999993],[-103.0755389998,37.609608999884],[-103.075496000143,37.610796000134],[-103.075580999633,37.624600999859],[-103.07574200019,37.625011000105],[-103.075938000009,37.643420000083],[-103.08137400044,37.643388999749],[-103.085875000188,37.643436000295],[-103.114734000325,37.643415000282],[-103.117640999788,37.643298999696],[-103.125484999916,37.643581000022],[-103.128091999804,37.643477000202],[-103.131487999887,37.643662000265],[-103.146674000002,37.6435919997],[-103.16323299957,37.643598999688],[-103.167261000389,37.643523999981],[-103.175173000288,37.643514999784],[-103.187492000225,37.643670000346],[-103.201754000425,37.644046000325],[-103.205491000092,37.644085999802],[-103.222041000338,37.644018999919],[-103.234218999809,37.644031000337],[-103.250010999821,37.643985000263],[-103.25882200042,37.643979999789],[-103.26759999961,37.644145000307],[-103.290578999799,37.643851000254],[-103.30149400032,37.643948000306],[-103.3081359998,37.643940000255],[-103.315522000168,37.643849000061],[-103.322922999707,37.643824999874],[-103.326908999794,37.643768000021],[-103.329021000113,37.6435929998],[-103.330936999714,37.643691000287],[-103.334957999961,37.643661000166],[-103.341803999656,37.643513000293],[-103.345448000335,37.643498000198],[-103.361260000439,37.643334999872],[-103.361554999992,37.643271999729],[-103.365983999769,37.643387999647],[-103.375493000327,37.643534999668],[-103.386770000348,37.643514999784],[-103.404339000045,37.643576000232]]]},"properties":{"geoid":"08071000800","county_fips":"08071","designated":true}},{"type":"Feature","geometry":{"type":"Polygon","coordinates":[[[-104.507823000237,37.173564999844],[-104.508916000207,37.175274999943],[-104.508906000161,37.178332000257],[-104.513625000367,37.178450999869],[-104.516172999805,37.17829799972],[-104.517187999957,37.178552999796],[-104.520175999611,37.17865000016],[-104.520238000433,37.179361000259],[-104.521513999802,37.182271000311],[-104.52205699995,37.182250999987],[-104.522075000392,37.184830000355],[-104.523302000256,37.185755000203],[-104.526034999642,37.185525999766],[-104.527231000441,37.185763999753],[-104.529307999701,37.186697999766],[-104.533440000277,37.188158000083],[-104.533897000211,37.187511999734],[-104.53542000035,37.186518999837],[-104.537157999677,37.185981999654],[-104.538582999907,37.186195],[-104.540318999583,37.187988000037],[-104.541855999966,37.188898000033],[-104.542072999701,37.188650000231],[-104.541733999768,37.187526999827],[-104.541163999855,37.187361000303],[-104.540208000154,37.186334000069],[-104.538833999977,37.185296000269],[-104.538808999863,37.184579999747],[-104.538325000164,37.183665999975],[-104.538637000334,37.183089999889],[-104.538468000279,37.182337000267],[-104.536675999628,37.180844000252],[-104.535119999876,37.179912999738],[-104.534913000187,37.178657000071],[-104.534303999917,37.177461999975],[-104.534595999995,37.1767109999],[-104.533915999579,37.175668999857],[-104.53403399958,37.174962999753],[-104.533196999704,37.173636000006],[-104.531254000338,37.172878000106],[-104.529818000238,37.171663999938],[-104.528037000355,37.171150999711],[-104.527597999964,37.170770999711],[-104.527875999798,37.169891999683],[-104.526909000226,37.169294000321],[-104.524707000394,37.168504999937],[-104.524387999654,37.167753000282],[-104.523755999817,37.16762900013],[-104.52347100031,37.16686900002],[-104.52298000004,37.166487999917],[-104.522462000006,37.165425000089],[-104.521846000063,37.164794999706],[-104.522071000194,37.16417499985],[-104.521891000269,37.163027999917],[-104.521221999724,37.162564000288],[-104.517016000427,37.162620000024],[-104.51630500005,37.162470999714],[-104.515206000233,37.162682999677],[-104.514268999899,37.163098999957],[-104.513801000094,37.163665999946],[-104.512298999871,37.167299999983],[-104.511535999615,37.167988000351],[-104.509856000015,37.168805000126],[-104.509500000363,37.169310999754],[-104.509174999774,37.170556000268],[-104.508691000076,37.171471999717],[-104.507258000348,37.172311999766],[-104.507823000237,37.173564999844]]]},"properties":{"geoid":"08071000200","county_fips":"08071","designated":true}},{"type":"Feature","geometry":{"type":"Polygon","coordinates":[[[-107.291839000414,39.556939999875],[-107.295196000139,39.557794999776],[-107.29941400003,39.559239999807],[-107.300235999838,39.559899000143],[-107.30055100038,39.560577000081],[-107.301521000326,39.561378000012],[-107.304590999996,39.560703999801],[-107.305285999581,39.559860999816],[-107.305621000216,39.559078000335],[-107.305949000279,39.557393999966],[-107.306217999892,39.556877000114],[-107.307775000367,39.556494999899],[-107.308734000442,39.557049000227],[-107.309106999812,39.558434999779],[-107.309012000276,39.559696000212],[-107.30996399978,39.560414000214],[-107.310856999732,39.56031500018],[-107.313041999846,39.558491999703],[-107.313370999734,39.558084999925],[-107.315252999898,39.554368999802],[-107.316632999923,39.552697000012],[-107.318196000245,39.551267999668],[-107.320675000086,39.549872999814],[-107.321862999592,39.549010000257],[-107.323517999975,39.548566999738],[-107.324689999587,39.548466999885],[-107.324681000265,39.548108999824],[-107.326694999776,39.548117000302],[-107.328437000198,39.547361000222],[-107.32917699999,39.54685200034],[-107.329710000092,39.545781999779],[-107.329443999954,39.545090999882],[-107.327970000218,39.542707000084],[-107.327831000301,39.541252000119],[-107.329252000333,39.536495000133],[-107.329233999891,39.535007999863],[-107.327457000207,39.532445999764],[-107.325888999862,39.52997500005],[-107.323962000389,39.52734099973],[-107.322594000061,39.524729000034],[-107.321702999758,39.521240999752],[-107.320400999551,39.51884099984],[-107.318715999929,39.517263999905],[-107.317208999683,39.51634899974],[-107.315520999687,39.515664000033],[-107.312364999803,39.514859999714],[-107.310128999636,39.513758999747],[-107.308845999696,39.512797000342],[-107.307350000219,39.511285000184],[-107.305222999832,39.508809999743],[-107.304344000123,39.506747999675],[-107.303646000164,39.505951999932],[-107.303088999773,39.505709999897],[-107.301748000106,39.503727999861],[-107.301733999863,39.504386999864],[-107.300252999556,39.504645000235],[-107.298904000392,39.50544800009],[-107.298336999955,39.506225000111],[-107.297434999781,39.506747000232],[-107.296188999651,39.507059999782],[-107.296581000187,39.507998000252],[-107.296695999814,39.509032000093],[-107.297294000214,39.509524999917],[-107.296513000415,39.510513000321],[-107.297083000327,39.5119519997],[-107.295511999609,39.513325999892],[-107.295475999624,39.514705000044],[-107.295066000443,39.515326000128],[-107.294724000136,39.516944999957],[-107.295325000011,39.517906000157],[-107.297103000418,39.519961000002],[-107.298398000054,39.520791999783],[-107.299317999771,39.522233000189],[-107.299458000411,39.522960000327],[-107.297741000103,39.523787000001],[-107.296474999881,39.524919999843],[-107.294936999673,39.527301999746],[-107.294728000334,39.528203999909],[-107.296241000428,39.527874999925],[-107.297756000171,39.528031999659],[-107.298617000337,39.528693000198],[-107.299388999916,39.528944000282],[-107.299897999729,39.529971000151],[-107.300847999583,39.530975000122],[-107.301793000312,39.5311360003],[-107.303713000112,39.532211000336],[-107.303653999662,39.533354999963],[-107.302502000142,39.533514999721],[-107.301054000345,39.534338000137],[-107.300552000205,39.535206999691],[-107.300758999894,39.535984999817],[-107.301703999725,39.537312000298],[-107.303388000422,39.537175000267],[-107.304155999802,39.537541000238],[-107.30436300039,39.53799899993],[-107.304243999666,39.539760000231],[-107.303771999663,39.540972000161],[-107.304509999805,39.541978999944],[-107.304539999942,39.542963000221],[-107.305011999945,39.54348899978],[-107.304893999944,39.544563999712],[-107.302855000319,39.546370999799],[-107.302293999729,39.54749200017],[-107.301790999764,39.547927000126],[-107.300845999933,39.548200999726],[-107.300963999934,39.549092999766],[-107.30004900024,39.548997000166],[-107.298866999684,39.547749000211],[-107.297864999951,39.54744600011],[-107.296767999784,39.546843999716],[-107.295508000309,39.548506999982],[-107.294924000153,39.54951900024],[-107.292876000307,39.551649000086],[-107.292286000303,39.552823000142],[-107.291482999864,39.553524000087],[-107.291312999984,39.554014000163],[-107.291774000117,39.55458999983],[-107.291590999819,39.556801000282],[-107.291839000414,39.556939999875]]]},"properties":{"geoid":"08045951702","county_fips":"08045","designated":true}},{"type":"Feature","geometry":{"type":"Polygon","coordinates":[[[-108.379202999633,36.999512999653],[-108.375639000219,36.99951599995],[-108.357179000219,36.999423000023],[-108.33562899956,36.999478999869],[-108.320752999964,36.999547000139],[-108.315105999646,36.999498999701],[-108.288399999835,36.999520000345],[-108.288086000016,36.999555000209],[-108.267236999689,36.999583000089],[-108.250625000417,36.999555000209],[-108.24935800037,36.999014999695],[-108.214086000184,36.999151999673],[-108.210637000397,36.999200999715],[-108.196625000442,36.999269000234],[-108.18858999962,36.999267000029],[-108.168802000373,36.999350999955],[-108.144182000044,36.999434999788],[-108.126324999569,36.999508999974],[-108.125085000185,36.999595999927],[-108.091251999574,36.99964599978],[-108.060918999702,36.999703000276],[-108.033459999681,36.999748000297],[-108.000622999853,37.00000099973],[-107.964354999782,37.000002999915],[-107.937213999779,37.00000099973],[-107.916310000098,37.000002999915],[-107.874064999996,37.000001999822],[-107.842896999897,37.000001999822],[-107.804266000336,37.000001999822],[-107.780029000321,37.000000000355],[-107.748584000213,37.000001999822],[-107.712388999937,37.000001999822],[-107.713577000341,37.001542999755],[-107.71403699975,37.001289000355],[-107.714303999714,37.001886000079],[-107.715579000156,37.002814999916],[-107.71638300042,37.004160000242],[-107.717397999673,37.004483000287],[-107.716821000088,37.005178000342],[-107.716606000003,37.005993000084],[-107.717663999812,37.006587000154],[-107.718760999979,37.006907999927],[-107.71945300009,37.007923999836],[-107.720768999642,37.007905000056],[-107.720900999887,37.008773000212],[-107.721829999824,37.008996999778],[-107.723077999604,37.008904999946],[-107.723979999777,37.009115000225],[-107.724276000053,37.009993999765],[-107.725226999732,37.010825000158],[-107.725182000425,37.011736000186],[-107.726200000051,37.012749000343],[-107.725801999668,37.012977999994],[-107.72647899971,37.013935000179],[-107.727166999623,37.014280000348],[-107.727238999593,37.01538199991],[-107.728006000047,37.016125000024],[-107.728164000231,37.015905000199],[-107.729428999729,37.017150000332],[-107.730392999827,37.017228999818],[-107.731603999797,37.017914000239],[-107.731421000397,37.018539999854],[-107.732198999824,37.020104999997],[-107.732558999674,37.020204000119],[-107.733820999697,37.021746999656],[-107.735038000413,37.02206799995],[-107.734120000346,37.02312999976],[-107.735060000155,37.024620999975],[-107.735799000122,37.024449999909],[-107.735469000409,37.024873999815],[-107.736240999987,37.02553099981],[-107.736798000379,37.025379000077],[-107.737542000369,37.02599399974],[-107.738017999672,37.025863000037],[-107.738115999581,37.027306000309],[-107.739472000214,37.028043000225],[-107.739648999766,37.028654000255],[-107.739360000061,37.029381000073],[-107.739715999713,37.030753000169],[-107.740220000402,37.031321000043],[-107.740133000363,37.031809999952],[-107.740781000093,37.032379000192],[-107.740828999774,37.033358999757],[-107.740439999612,37.034702999861],[-107.740692000405,37.035960999645],[-107.740048999799,37.036233999923],[-107.740318000311,37.038447000009],[-107.739217999771,37.039692],[-107.739289999741,37.040522999685],[-107.73817699968,37.041219999772],[-107.737596999722,37.042272000306],[-107.73606500026,37.042466999967],[-107.735695000364,37.042894999937],[-107.734404000029,37.042937999707],[-107.732743999622,37.042480000356],[-107.732110000135,37.042961999835],[-107.730239999666,37.04373700012],[-107.729802999823,37.044476999712],[-107.730017999908,37.04490899998],[-107.729008999605,37.045437000234],[-107.729170999987,37.04586200005],[-107.728898000175,37.046930000273],[-107.72879199987,37.048566999909],[-107.728052000078,37.049427999709],[-107.727661000266,37.049508000196],[-107.727570000029,37.051391999732],[-107.727960000017,37.052008000351],[-107.726986999698,37.05292300021],[-107.727181999692,37.053256999907],[-107.726939000018,37.054607999698],[-107.727433999587,37.054876999963],[-107.726815000169,37.056280999661],[-107.727010999988,37.05682299981],[-107.726616999802,37.058495999684],[-107.726588000388,37.060289999806],[-107.727810000229,37.060892999779],[-107.728914000069,37.061971999879],[-107.729109000062,37.062850999953],[-107.728524000081,37.064021000047],[-107.728078999842,37.064161000264],[-107.728328000263,37.06474900022],[-107.726517000243,37.06668200007],[-107.727079999585,37.067341000129],[-107.72826399979,37.067997999651],[-107.729412000011,37.068241999829],[-107.731233999901,37.069274999764],[-107.731814999684,37.069937999785],[-107.73220899987,37.071491000156],[-107.733029999852,37.072721000034],[-107.733824999895,37.073529999934],[-107.734597000372,37.07481699975],[-107.734939999606,37.075829999917],[-107.735505000394,37.076625000261],[-107.735496999998,37.077057000269],[-107.736425999935,37.077944999881],[-107.73677599974,37.078007999804],[-107.736237999614,37.080549999897],[-107.737749999883,37.081432000309],[-107.738411999857,37.082195000105],[-107.738987999617,37.082354000249],[-107.740182999694,37.083230000024],[-107.73959299969,37.083834999772],[-107.738190999924,37.084246000116],[-107.736591999617,37.08496699965],[-107.735548999876,37.085849000267],[-107.735121000254,37.088130000119],[-107.735425999853,37.089450000061],[-107.736372000407,37.09109200034],[-107.736501000278,37.092767999753],[-107.736379999905,37.093627000308],[-107.735260999996,37.094831000019],[-107.734351000325,37.095577000121],[-107.734440000014,37.096933999951],[-107.733058000339,37.097903000134],[-107.732032000318,37.099560999804],[-107.73196500037,37.10193199968],[-107.732756000216,37.102897999908],[-107.734167000202,37.103774000086],[-107.735255000148,37.105926999754],[-107.735158999889,37.106905999995],[-107.734440000014,37.107537999949],[-107.733474000266,37.109801000281],[-107.733942000071,37.109949999761],[-107.73395899979,37.110988999834],[-107.734290000226,37.111289999735],[-107.731899000248,37.111284000094],[-107.731906999746,37.115819000093],[-107.732006000378,37.124773999731],[-107.731289000153,37.12548400034],[-107.72989599971,37.125795999898],[-107.722612000347,37.12579800035],[-107.714329999653,37.125892000054],[-107.713779999832,37.126293999832],[-107.713831999711,37.130365999825],[-107.713794999901,37.138732999985],[-107.713826999688,37.146563000333],[-107.713897999833,37.150611999843],[-107.713794999901,37.156187000261],[-107.713783000205,37.163479999964],[-107.713841999756,37.167914999838],[-107.714555999609,37.169055999981],[-107.716112000258,37.169227999706],[-107.717030000325,37.169604000289],[-107.719818999788,37.171682000247],[-107.721095000055,37.172418999945],[-107.722813000188,37.172735999721],[-107.736614000256,37.172731999868],[-107.747584999955,37.172836000282],[-107.749113999943,37.173220999704],[-107.749893999917,37.1738450003],[-107.750372999593,37.1751429998],[-107.75007999969,37.176591999695],[-107.750031000185,37.177997000109],[-107.750231000201,37.178866999956],[-107.751654999708,37.182058000349],[-107.750617999815,37.183119999681],[-107.74989899994,37.18348899966],[-107.749821999947,37.183932999752],[-107.750617999815,37.184784999891],[-107.750617999815,37.185336999811],[-107.749469999595,37.186592000267],[-107.748826999887,37.186934999862],[-107.748518000091,37.18758499992],[-107.748816000017,37.188758999673],[-107.748547000403,37.18909199983],[-107.747267999763,37.188627999944],[-107.747210999862,37.189048999969],[-107.748041000065,37.189747000051],[-107.748323000097,37.190674999679],[-107.747764000056,37.191080999643],[-107.747798000391,37.191680999872],[-107.748950999736,37.193137999943],[-107.749392999602,37.193953000303],[-107.749373000409,37.195229000107],[-107.748236999884,37.195919999849],[-107.748486000304,37.196355000125],[-107.7493969998,37.196281000179],[-107.749878000024,37.196822999765],[-107.750206999912,37.197946000017],[-107.74953900009,37.198453000141],[-107.747379000091,37.199291000029],[-107.746667999713,37.19931500001],[-107.746605999789,37.200076999913],[-107.746092999778,37.200515000066],[-107.745049000213,37.200663999764],[-107.74501099968,37.201240999907],[-107.746030000029,37.201318000185],[-107.747270000311,37.201719999693],[-107.748427999679,37.201734999825],[-107.749201999806,37.201997000083],[-107.749257000058,37.202603999976],[-107.748715999559,37.202997999711],[-107.748855000375,37.203516999926],[-107.749948000344,37.204432000082],[-107.749335999701,37.206027000259],[-107.748960999782,37.206419000261],[-107.747516000358,37.207140999657],[-107.746589000071,37.207175000086],[-107.745860999975,37.208064999988],[-107.744774999678,37.20833900008],[-107.744723999624,37.208845999793],[-107.745286000039,37.20937400017],[-107.745188999955,37.210059999713],[-107.745641999691,37.210459000054],[-107.746857999684,37.210758000133],[-107.747062999724,37.211123000293],[-107.746474000443,37.211301999839],[-107.746373999986,37.211763000106],[-107.747061000074,37.213813999773],[-107.746637999576,37.214698000041],[-107.749093999851,37.214538000203],[-107.750646000303,37.214728000151],[-107.752750000225,37.21517000016],[-107.772611999991,37.215068999736],[-107.778686999932,37.214953999647],[-107.78690199978,37.214941000236],[-107.796865999724,37.215013999653],[-107.804803999563,37.214954999767],[-107.806274999824,37.214882999698],[-107.813358000243,37.214882999698],[-107.818648000187,37.21478200032],[-107.821295000258,37.214989000253],[-107.822979000055,37.214770999693],[-107.826050000449,37.214749999986],[-107.832156000352,37.214842999869],[-107.83822999957,37.215009999893],[-107.847606000058,37.21491200033],[-107.854896000166,37.214874000042],[-107.883955000319,37.214661999892],[-107.918223000225,37.213998000035],[-107.951118999604,37.213258000018],[-107.976699999658,37.21268299976],[-107.979413999676,37.212706000341],[-107.985794999939,37.212648000231],[-107.986993000388,37.214643999812],[-107.987678999753,37.214878999931],[-107.998179999997,37.21484399999],[-108.013536999817,37.214695999794],[-108.034418999756,37.214811999682],[-108.054358000412,37.214690999894],[-108.065073000019,37.214661999892],[-108.066679999824,37.21470600031],[-108.073092999873,37.214597999824],[-108.082686999921,37.214642000279],[-108.090779999571,37.214641000155],[-108.096939000076,37.214705000187],[-108.118745999755,37.214852999649],[-108.125629999983,37.214936999756],[-108.134212000252,37.214800999775],[-108.138035999958,37.214794000353],[-108.145552999847,37.214664000139],[-108.160485000418,37.214492000151],[-108.199442000392,37.214747000335],[-108.206489999753,37.21467299982],[-108.224475000275,37.214598999949],[-108.226436000083,37.214621999946],[-108.234097999737,37.214555000184],[-108.247563000244,37.214497000065],[-108.250627000067,37.214347999776],[-108.264965000435,37.214841000342],[-108.286020999553,37.214977999655],[-108.295164000413,37.215008999774],[-108.295962999756,37.214511999804],[-108.297283000404,37.213233000036],[-108.297445999712,37.21141699977],[-108.297264000137,37.21014900035],[-108.297466999629,37.208430000298],[-108.297161000205,37.207556999819],[-108.294857000266,37.205602000202],[-108.293803999582,37.203337000243],[-108.29288300004,37.202461999665],[-108.293273000027,37.199992999721],[-108.29263000032,37.198318999752],[-108.29280900042,37.197237999914],[-108.292732000427,37.195331999938],[-108.292899999758,37.194322999982],[-108.293790000236,37.192518000091],[-108.295720999906,37.190070999677],[-108.295641000439,37.18863300014],[-108.295925000121,37.186873999942],[-108.295583999639,37.185282000246],[-108.295010000427,37.183753999711],[-108.294600000348,37.181862999818],[-108.294622000089,37.180191999706],[-108.295152999644,37.177764000184],[-108.295401000239,37.175310000338],[-108.29730799962,37.172104000215],[-108.29741499975,37.171160000285],[-108.296418999865,37.168135999783],[-108.295881999565,37.16708499997],[-108.295062000306,37.166257999723],[-108.294044999606,37.164760000168],[-108.293640000448,37.163603999764],[-108.29387999975,37.162393999914],[-108.294509000112,37.161814999829],[-108.295011000252,37.160565000024],[-108.295761999914,37.159696000061],[-108.296073000259,37.158422000214],[-108.294410000377,37.157172000146],[-108.29188999963,37.156031999768],[-108.290169000022,37.154201000183],[-108.290214000228,37.152206999758],[-108.291241000075,37.149328000284],[-108.290815999927,37.148172000183],[-108.290149999756,37.146959000171],[-108.290458999552,37.145975000026],[-108.291479999551,37.145429000199],[-108.292518999992,37.145336000029],[-108.294227000079,37.144447000157],[-108.300892999849,37.138787000077],[-108.30151299999,37.136439999675],[-108.302595000089,37.135733000085],[-108.304108000182,37.135431999971],[-108.30504999964,37.134562999778],[-108.30657299978,37.132784000146],[-108.307243999975,37.131825999894],[-108.30835799986,37.130909000111],[-108.309841999641,37.129968000157],[-108.310326000238,37.129347999776],[-108.310480000224,37.128461999881],[-108.309771000395,37.127302000224],[-108.309631999579,37.126681000349],[-108.309658000417,37.124967000244],[-108.310993000235,37.124151999995],[-108.311122999932,37.123126000222],[-108.310559999692,37.122170000025],[-108.31050299979,37.121550000227],[-108.309619999884,37.119838999813],[-108.309624000082,37.119338999764],[-108.310512000011,37.118655999956],[-108.310703999632,37.117887999959],[-108.311336000367,37.117690000146],[-108.311799000149,37.116824000335],[-108.311418000383,37.114165000349],[-108.309845000014,37.112812999915],[-108.309721999991,37.111154000109],[-108.310038000358,37.110546999832],[-108.31117300016,37.109841999936],[-108.311230000062,37.108887999814],[-108.310290000253,37.107332000117],[-108.31013000042,37.105400000135],[-108.310590999654,37.104622000334],[-108.31214599958,37.104473999836],[-108.3128179996,37.10408299981],[-108.314601000031,37.104035999688],[-108.316622999937,37.102363000006],[-108.316643999854,37.101143000105],[-108.316308000293,37.100682999951],[-108.316261000437,37.099835000029],[-108.316900999772,37.099168999993],[-108.317340999988,37.097534999686],[-108.318758999647,37.097173999889],[-108.321065000134,37.097100000281],[-108.320593999956,37.096124000191],[-108.32061900007,37.095444999867],[-108.322074000437,37.093434999743],[-108.322157000278,37.092496999973],[-108.323070000322,37.090714999661],[-108.322348000074,37.089845000306],[-108.322419000219,37.08876100014],[-108.323312000172,37.087814000103],[-108.323262999768,37.086501000174],[-108.323600999877,37.085209000316],[-108.324627999723,37.084396999808],[-108.325087000206,37.08337799974],[-108.324763000341,37.082339000074],[-108.32410600039,37.081345999938],[-108.324534999837,37.08047800004],[-108.325674999662,37.079526999952],[-108.326750999913,37.079157000319],[-108.326165999932,37.078684000081],[-108.325936999603,37.078042000276],[-108.325700999601,37.076156999745],[-108.326813999662,37.075433999927],[-108.328335000151,37.07566000033],[-108.329058000225,37.07507300021],[-108.33017399976,37.074589000047],[-108.32803800005,37.072023999685],[-108.327730999904,37.071246999679],[-108.32788300024,37.070095000057],[-108.328265999656,37.069120999644],[-108.329047000354,37.068358000167],[-108.330453000318,37.067875999985],[-108.333177000381,37.067443000078],[-108.333465000261,37.065614999648],[-108.334313000008,37.064561000179],[-108.334167000418,37.063932000097],[-108.334460000321,37.062759000115],[-108.334172000441,37.062063999955],[-108.333451999842,37.061445999964],[-108.333387000443,37.060797999689],[-108.334718999889,37.059815000126],[-108.334292999916,37.058207999959],[-108.334717000239,37.057165000004],[-108.334219000297,37.055857000193],[-108.334355999666,37.054871000157],[-108.334791999684,37.054220000075],[-108.335783000444,37.053610000111],[-108.337366999784,37.052321000107],[-108.339222000185,37.051957999822],[-108.341152999855,37.05101500024],[-108.342225999733,37.049500999807],[-108.34304400024,37.048794999683],[-108.345723999923,37.048468999645],[-108.347002999665,37.047772000153],[-108.347187999613,37.045912000294],[-108.348885999655,37.043829000079],[-108.349196000174,37.043156999874],[-108.34985399995,37.042603000239],[-108.350711999743,37.040702000174],[-108.352459000188,37.039432999733],[-108.353249000209,37.039027999964],[-108.354059000321,37.039002000151],[-108.354541000369,37.038356000287],[-108.354695000355,37.037063999845],[-108.355117999954,37.035569999764],[-108.354789000066,37.03483600008],[-108.352863000419,37.033289999964],[-108.353137999881,37.032578999916],[-108.355030999916,37.031158000329],[-108.355707999958,37.030186000046],[-108.356440000252,37.028431000261],[-108.356426000009,37.027621000254],[-108.35552300001,37.026456999717],[-108.355558999995,37.025554999702],[-108.356706000391,37.025776000027],[-108.359022999851,37.025938000064],[-108.360191000163,37.026762999782],[-108.361838999976,37.026828000092],[-108.364008000196,37.027690999905],[-108.365826999713,37.028278999877],[-108.367739000015,37.028467000156],[-108.368681000371,37.02887500017],[-108.371800000445,37.029104999696],[-108.372319000304,37.028480999792],[-108.372505999901,37.025755999936],[-108.373343999602,37.024692999774],[-108.372597000138,37.022765999957],[-108.371780000353,37.021239000196],[-108.371956999905,37.020188999848],[-108.372821000444,37.01997400018],[-108.373213000081,37.018736000053],[-108.374322999769,37.017922999667],[-108.374060000003,37.016589999645],[-108.375096999896,37.015560000234],[-108.374788999924,37.013652000243],[-108.375638000394,37.012996000019],[-108.376677999761,37.011838000263],[-108.376855000212,37.010622999923],[-108.376731000363,37.009940999659],[-108.377282000009,37.009233999742],[-108.376991999581,37.007274999647],[-108.376252999614,37.006863999842],[-108.378144999824,37.005642000208],[-108.379611999887,37.004177000165],[-108.380094999761,37.003452999643],[-108.381068999904,37.00146800004],[-108.380740000016,37.000840000254],[-108.379202999633,36.999512999653]]]},"properties":{"geoid":"08067940400","county_fips":"08067","designated":true}},{"type":"Feature","geometry":{"type":"Polygon","coordinates":[[[-106.191005999592,39.056072999661],[-106.190935000345,39.057485999804],[-106.191732999863,39.059216999935],[-106.191605999641,39.059900000179],[-106.19069599997,39.061943999877],[-106.190480999885,39.063983000074],[-106.191608000189,39.067498999726],[-106.191245999791,39.06844800027],[-106.18849199959,39.070040000285],[-106.18652400011,39.071637999817],[-106.186789000424,39.073129000225],[-106.186596999905,39.074173000264],[-106.186109000009,39.074986999936],[-106.185017999689,39.075842999989],[-106.18358900016,39.076474999947],[-106.181657999591,39.076699000119],[-106.180327999795,39.077244999693],[-106.179012000244,39.079015000215],[-106.177144000323,39.080964999664],[-106.17568999978,39.082939000082],[-106.175206999906,39.083194999777],[-106.173174000129,39.083722000085],[-106.172795000012,39.083966999934],[-106.172042999627,39.085345000327],[-106.171101999994,39.086109000167],[-106.169663000418,39.086416999737],[-106.169282999578,39.087786000212],[-106.16986400026,39.088723000262],[-106.169866999734,39.090730999962],[-106.170573999914,39.092602999714],[-106.171327999949,39.094056999779],[-106.171523999768,39.095181999734],[-106.172543000117,39.096857],[-106.172960999694,39.097278000212],[-106.17538900038,39.098804999695],[-106.176195000294,39.099629999731],[-106.177400000416,39.101312000091],[-106.178110999895,39.102958000164],[-106.179218000108,39.103463000111],[-106.183271999967,39.103402999982],[-106.187859999754,39.103736000016],[-106.188412999948,39.103676999759],[-106.190422000334,39.10275199973],[-106.191341000226,39.103110999928],[-106.192929999589,39.103051000197],[-106.194142000282,39.10400500033],[-106.195768000354,39.10447199998],[-106.198694999909,39.104304999992],[-106.199888000335,39.104365999678],[-106.203399000046,39.102731999723],[-106.20448000032,39.102791000075],[-106.205191999624,39.103254999772],[-106.207852000114,39.103422999798],[-106.209535000087,39.103075000095],[-106.210172999771,39.103918000063],[-106.207708999998,39.108070999761],[-106.207365000042,39.109537000336],[-106.206299999662,39.110435999898],[-106.203895000339,39.111288000312],[-106.203394999848,39.111961999935],[-106.203394999848,39.112583000166],[-106.203819000171,39.113559999851],[-106.203482999712,39.114089000143],[-106.200796000356,39.114818000185],[-106.199490999777,39.115508000096],[-106.191470000097,39.120869000313],[-106.190620999627,39.121176999977],[-106.189301999702,39.120574999948],[-106.188262000335,39.121428999904],[-106.187951999815,39.122344000118],[-106.187631000323,39.124596999946],[-106.187134000206,39.124996000312],[-106.18584100022,39.126839000116],[-106.186045000434,39.127673000195],[-106.185800000212,39.129248999786],[-106.184399000271,39.129298999793],[-106.182296000174,39.13028999984],[-106.181918999707,39.131481000197],[-106.180485000154,39.13293499966],[-106.178419999692,39.134770000214],[-106.173846999974,39.137076000075],[-106.173086000266,39.138102000298],[-106.172945999625,39.138765000201],[-106.174241000159,39.140384],[-106.174821000117,39.141423000276],[-106.174374000228,39.142638999891],[-106.173486000299,39.143595000048],[-106.173461000184,39.144796000006],[-106.174812999721,39.148017999695],[-106.174296000411,39.149364000163],[-106.17464500039,39.150688999974],[-106.175322000432,39.151864999762],[-106.175541999642,39.152918000336],[-106.175225000348,39.153961999705],[-106.175349000197,39.156298000117],[-106.176509999938,39.157886000191],[-106.17685300007,39.16031599978],[-106.178861999557,39.163334999705],[-106.179447000437,39.165035999898],[-106.178558999609,39.165968000126],[-106.178127999614,39.168884000137],[-106.178389999554,39.170444000003],[-106.178409999646,39.17457999979],[-106.179174999552,39.175988000133],[-106.180280000115,39.17740699997],[-106.181486000062,39.178696000009],[-106.182815999858,39.180403000183],[-106.183326000394,39.182442999749],[-106.18448600031,39.184426000305],[-106.185525999677,39.18658699998],[-106.184097000148,39.18826800025],[-106.182216999633,39.189672999956],[-106.181541000314,39.190851999777],[-106.1799579999,39.192509000333],[-106.179320000215,39.193492999717],[-106.179769999579,39.194906000063],[-106.179456999584,39.197886000063],[-106.179505999988,39.199997999861],[-106.18028099994,39.202521000109],[-106.18132399968,39.204753000113],[-106.183487000052,39.206714000171],[-106.184483999762,39.208327999825],[-106.184744000053,39.20930800018],[-106.182050999951,39.209943000193],[-106.180510000269,39.211303000235],[-106.178408999821,39.212977999774],[-106.177833000061,39.216340000221],[-106.177181000133,39.218147000262],[-106.178216000375,39.219131999734],[-106.17667200032,39.219879000295],[-106.174272999946,39.220727000181],[-106.170157999987,39.222994000317],[-106.169658000395,39.225622000008],[-106.169920000336,39.228101000069],[-106.168911999857,39.228760000106],[-106.16830400031,39.230719999905],[-106.169497999663,39.233757999956],[-106.171169999766,39.23552400016],[-106.172934999754,39.23680499989],[-106.176839999651,39.238555999998],[-106.179930000311,39.239447000011],[-106.182787000444,39.239607999951],[-106.183984999995,39.240478000208],[-106.185119999797,39.242693999818],[-106.183482999854,39.244393999754],[-106.181901999989,39.246706000107],[-106.180782000255,39.247931999894],[-106.181065999937,39.248160999928],[-106.181746000353,39.250642999826],[-106.18095100031,39.252444999971],[-106.181614000108,39.253570000092],[-106.181390999627,39.254224999763],[-106.181590999644,39.257004999968],[-106.180649000186,39.25868600011],[-106.180378999849,39.25990499979],[-106.180481999781,39.261096999726],[-106.181643000421,39.263292999952],[-106.18174299998,39.264115000084],[-106.181452999552,39.265365999736],[-106.181821999623,39.266032999764],[-106.183599000205,39.268459000329],[-106.184142000353,39.268859999779],[-106.185664999595,39.273286000306],[-106.185748000334,39.275808999822],[-106.186462000186,39.277885999803],[-106.186759000287,39.279850999752],[-106.185437999814,39.28222799981],[-106.184939000047,39.28339100012],[-106.185457999905,39.285750999707],[-106.184996999773,39.286615000034],[-106.18188699992,39.2899680003],[-106.182482999772,39.291658000101],[-106.182578000206,39.293059999699],[-106.180911000127,39.298800000328],[-106.181050999869,39.299347999759],[-106.18238700041,39.300075000178],[-106.183051000034,39.301111999708],[-106.183037999615,39.303272000247],[-106.183452999717,39.305720999994],[-106.183538000106,39.307220000158],[-106.183971999576,39.309353999779],[-106.18370899981,39.310282999833],[-106.1829559996,39.310907000059],[-106.181835999866,39.311226999745],[-106.180038000266,39.311195000051],[-106.176427999922,39.312075000212],[-106.175053999746,39.314417999847],[-106.174764000216,39.317111999971],[-106.174180999884,39.318275999841],[-106.173098999786,39.319408999742],[-106.171919999603,39.320107999927],[-106.169474000272,39.322231999759],[-106.167804999645,39.321643000306],[-106.164312000375,39.321627000063],[-106.162873999726,39.321279000124],[-106.162325999555,39.321628000078],[-106.159764999698,39.321259999736],[-106.158943999716,39.321263999818],[-106.156152999705,39.320680000003],[-106.153572999581,39.320418000293],[-106.152221999869,39.320456000132],[-106.151246000076,39.32069399971],[-106.150485000368,39.324349999865],[-106.149994999923,39.325399999841],[-106.148953000008,39.326468999709],[-106.147152999859,39.32760500011],[-106.14716000043,39.328523999776],[-106.146546999962,39.329937999717],[-106.14585499985,39.330538000347],[-106.143801999982,39.333868000107],[-106.143202999757,39.334434999658],[-106.142192999628,39.336890000337],[-106.140273999654,39.338809000048],[-106.139926000398,39.339552999767],[-106.141109999705,39.340708000172],[-106.141730999671,39.341608000197],[-106.143417000017,39.34312500009],[-106.144407000054,39.344773000161],[-106.144580000306,39.346852000003],[-106.146368999686,39.348287000189],[-106.147213999958,39.349903999669],[-106.147096999782,39.350912000331],[-106.147181000346,39.353627999898],[-106.147619999839,39.35523900013],[-106.148266999744,39.356848000311],[-106.148448000393,39.358613000164],[-106.150671999966,39.359731999841],[-106.151994000264,39.361216999692],[-106.152943000293,39.36276100017],[-106.151293999757,39.364758999749],[-106.149866000052,39.367022999738],[-106.148794999824,39.368350000014],[-106.146721999864,39.367971999983],[-106.144361000023,39.36811999982],[-106.143376000009,39.368527000186],[-106.141650000379,39.369969999793],[-106.141293999828,39.370914000243],[-106.139943999941,39.371243000336],[-106.138505000365,39.372241000188],[-106.138440999893,39.374988000049],[-106.138091999914,39.375569999761],[-106.137797000361,39.37684500012],[-106.136552000056,39.378839999804],[-106.135529000407,39.379545999989],[-106.136412000314,39.379694000291],[-106.146976000307,39.379686999749],[-106.174305999558,39.379696999928],[-106.185303000095,39.37967499981],[-106.191412000371,39.379696000049],[-106.20673200038,39.379636000341],[-106.225630000048,39.379629999673],[-106.225958000111,39.378163000028],[-106.226786999591,39.377053999712],[-106.22665600007,39.376302999819],[-106.226897999919,39.374164999727],[-106.227728000122,39.374103000208],[-106.229587999647,39.373167000293],[-106.231024999573,39.373102999942],[-106.232875999776,39.373206999876],[-106.233925000262,39.372936000017],[-106.236481000096,39.370326999847],[-106.237317000147,39.368516999796],[-106.239517000329,39.365666999715],[-106.245005999566,39.364107000033],[-106.247395999719,39.362803999825],[-106.250154000118,39.360701000082],[-106.25110800017,39.358404000245],[-106.251140999782,39.357588999816],[-106.252484999821,39.359111000266],[-106.255088000409,39.360292000329],[-106.256803000169,39.361220000123],[-106.258696000204,39.3617830002],[-106.259456000088,39.361861000308],[-106.259963000251,39.360846000295],[-106.262852999996,39.359096999915],[-106.263822000116,39.358768999733],[-106.26661800015,39.358834999686],[-106.269061999831,39.358536000084],[-106.270954000041,39.358073999904],[-106.271647999802,39.357548000121],[-106.272575999915,39.356357999675],[-106.273497000355,39.356199999848],[-106.274731999716,39.355682999769],[-106.2780669997,39.353484000238],[-106.279187000331,39.35292799971],[-106.279661999809,39.352349000347],[-106.281894999603,39.35145500002],[-106.283211999878,39.350468999846],[-106.283811999928,39.349469000151],[-106.284812000011,39.35136599975],[-106.285692000443,39.352127999938],[-106.286587000045,39.352220000055],[-106.28879200025,39.351899000088],[-106.290783000195,39.351765999933],[-106.292312000182,39.351849000112],[-106.293869999583,39.352262999947],[-106.295309000057,39.352935999724],[-106.295817000045,39.353792000095],[-106.295735999854,39.355655999998],[-106.296314000162,39.357334999692],[-106.297809999639,39.357951999708],[-106.298746000148,39.358625999736],[-106.299347999847,39.3593749998],[-106.300414999877,39.360067000095],[-106.301782000381,39.360458999931],[-106.302557000333,39.361119000135],[-106.304753000317,39.361442999834],[-106.306379000389,39.361338999743],[-106.308439999755,39.361790999895],[-106.312370999591,39.362278000237],[-106.313367000374,39.362170000174],[-106.316248999723,39.361211000219],[-106.320098000441,39.359647999832],[-106.320601000406,39.3593749998],[-106.322219000082,39.359263000119],[-106.323831999734,39.358981999957],[-106.326219000412,39.359326999959],[-106.328002999769,39.359236000343],[-106.331801000434,39.358575999712],[-106.332916000144,39.358229999982],[-106.334789999913,39.358951000062],[-106.337985000155,39.35914799974],[-106.339252000201,39.359063999723],[-106.342177000106,39.358095999883],[-106.344132000066,39.357712000145],[-106.345199999921,39.356786000004],[-106.34725100014,39.356125999842],[-106.349904000058,39.354936000179],[-106.350606000215,39.353997999873],[-106.351741999842,39.353682999858],[-106.352652000411,39.354092999654],[-106.355573000118,39.354860999989],[-106.358021999822,39.355140000291],[-106.360247999943,39.356131999751],[-106.362019999605,39.356783000077],[-106.362643000119,39.357216999703],[-106.363139000412,39.359233999999],[-106.364465999834,39.359972000104],[-106.366184999792,39.360600000038],[-106.36678900004,39.360647999698],[-106.369595000119,39.360283999768],[-106.370820000333,39.360637000112],[-106.371572999645,39.361722000242],[-106.371975000226,39.363707999774],[-106.372764000422,39.36451899996],[-106.374694000267,39.36570000026],[-106.375055999767,39.366896000276],[-106.375913999559,39.367662000039],[-106.376383000088,39.368542000074],[-106.378201999605,39.369401000273],[-106.378596999615,39.37022499982],[-106.378577000422,39.371460000008],[-106.37895599964,39.372075000274],[-106.379512000207,39.373913000086],[-106.380632999765,39.376150000317],[-106.38365399993,39.376606000129],[-106.386039999885,39.376555999784],[-106.386710000255,39.376665999664],[-106.388138999784,39.377332000336],[-106.388477999718,39.377719000247],[-106.3902589996,39.37812500031],[-106.391657999891,39.379397000184],[-106.392970999968,39.379163999918],[-106.39381799989,39.379575999888],[-106.395103000378,39.379578000343],[-106.397603000136,39.379844999909],[-106.398100000253,39.380177999762],[-106.399235000055,39.380321000068],[-106.399570999616,39.38082000008],[-106.400634000346,39.380961999905],[-106.403924999949,39.379848000234],[-106.40514699979,39.378927000008],[-106.406787000105,39.376327000159],[-106.407450999729,39.375677999933],[-106.407670000012,39.374647000132],[-106.40815399971,39.373695999705],[-106.410030000027,39.372317999743],[-106.410934999675,39.371996999768],[-106.411851999917,39.371313000304],[-106.413107000268,39.370057999956],[-106.414785000218,39.367490000028],[-106.417271999557,39.367295999741],[-106.41801899992,39.366864999727],[-106.42162599989,39.363797000295],[-106.424087000188,39.363030999811],[-106.424770000079,39.36253600025],[-106.426487000387,39.361871000263],[-106.428153999568,39.360892000185],[-106.428971000251,39.359974999893],[-106.42932199988,39.359098000089],[-106.429428000185,39.358032000305],[-106.430784999745,39.357113999773],[-106.432363000136,39.355515000331],[-106.433480000395,39.354174000052],[-106.433604000243,39.352962000284],[-106.433954000048,39.35165800029],[-106.433668999642,39.351113999806],[-106.434550999724,39.349122999776],[-106.434718000129,39.347974999741],[-106.435103999918,39.347274999885],[-106.434939999887,39.346181000006],[-106.435360000011,39.343971999726],[-106.434930999666,39.341098999814],[-106.434299999654,39.339632999893],[-106.43380400026,39.339343000043],[-106.433548000167,39.337491999945],[-106.432281999945,39.335956000215],[-106.430797000339,39.335521000037],[-106.4286759998,39.335402000217],[-106.429438000231,39.33438899972],[-106.429374999584,39.333187999797],[-106.428663000279,39.332555000161],[-106.428592000134,39.330668000245],[-106.428702999564,39.328182000329],[-106.428070999727,39.327047000205],[-106.426946999796,39.323355000308],[-106.428001000305,39.322426000087],[-106.428017000199,39.321449999909],[-106.428957000007,39.320475000043],[-106.43042200042,39.319377999667],[-106.430923999662,39.318314000148],[-106.43246000022,39.316352999877],[-106.434513999914,39.317101999867],[-106.438222999992,39.316853999742],[-106.439771000246,39.317320999669],[-106.440602000274,39.316549000006],[-106.442539999617,39.315290999737],[-106.444052999711,39.315218000309],[-106.44582500027,39.31549500019],[-106.448472000341,39.316694000092],[-106.450652000432,39.31669799974],[-106.451668000408,39.316286000023],[-106.452388999933,39.315668999821],[-106.452746000308,39.314292000109],[-106.453739999645,39.312654000252],[-106.454219000219,39.31225900011],[-106.455865000382,39.312135000262],[-106.457206000048,39.312605000149],[-106.459075999619,39.31304099984],[-106.461481999665,39.312614000057],[-106.462530000327,39.312209999731],[-106.463382000272,39.311493999925],[-106.464021999606,39.311362000206],[-106.465512000133,39.311579000281],[-106.466127000252,39.311302999656],[-106.466809000317,39.310411999671],[-106.466964000128,39.309248000331],[-106.46807100034,39.308342000297],[-106.468272000182,39.30731500026],[-106.468723000269,39.307895999795],[-106.469560000145,39.308140000256],[-106.470725999909,39.307886999975],[-106.47287800041,39.30842300019],[-106.473986000448,39.309485999811],[-106.474299000442,39.310302999904],[-106.475377000343,39.311027000026],[-106.476204999998,39.31249799992],[-106.476224000265,39.314747999903],[-106.47876300038,39.314220999882],[-106.485121000179,39.312566000072],[-106.486399000096,39.311470999713],[-106.48696499981,39.310526000138],[-106.487430999965,39.30896999985],[-106.488148000191,39.309014000129],[-106.489745999775,39.307858000085],[-106.490587999674,39.307528999724],[-106.491849999698,39.306619999683],[-106.492603999733,39.305736999704],[-106.49276500029,39.304774000109],[-106.492515000044,39.303996000122],[-106.494234000003,39.303078999914],[-106.496178000091,39.302844999939],[-106.497645000154,39.302214999754],[-106.49989800004,39.301482999885],[-106.500585000128,39.300601999682],[-106.501647000135,39.299818000022],[-106.501872000266,39.298881999787],[-106.502689999875,39.298066999849],[-106.502839999663,39.296584000111],[-106.503561000087,39.295050999969],[-106.503597000072,39.293608999982],[-106.503298000321,39.29147400027],[-106.502867000326,39.28999300017],[-106.503268000184,39.288992999777],[-106.504581000261,39.287362000242],[-106.504307999551,39.287068999758],[-106.504358999605,39.286177999984],[-106.50403100044,39.284760999787],[-106.503042000228,39.284087000335],[-106.50243600033,39.283323000132],[-106.500999000405,39.282401000218],[-106.500810000259,39.282031000329],[-106.499925999629,39.281672999959],[-106.499256999982,39.280748000169],[-106.498543999955,39.279324999743],[-106.497108999679,39.279171000082],[-106.496246999688,39.278758999886],[-106.495321999949,39.278702000231],[-106.493632000303,39.277980000132],[-106.493228999897,39.277632000103],[-106.492776999985,39.276276000329],[-106.491942999584,39.275370999826],[-106.491299999877,39.274985999868],[-106.491056000377,39.274023000104],[-106.489828999616,39.27313999999],[-106.483291999717,39.272669000061],[-106.482953999609,39.272441000123],[-106.483721999888,39.271702000309],[-106.483417000289,39.268851999884],[-106.483604999712,39.267355999898],[-106.484070000042,39.265395999963],[-106.483271999626,39.264271999871],[-106.483006000385,39.262129999863],[-106.482358999582,39.260832999882],[-106.481059999748,39.259887999839],[-106.481226000328,39.259167000152],[-106.482977000073,39.258018000192],[-106.482942999738,39.256728000286],[-106.483126999861,39.255103000342],[-106.484017000339,39.255015999744],[-106.486153999873,39.253907000291],[-106.486205999752,39.252769000242],[-106.486846999809,39.252306000147],[-106.488251000123,39.24926399979],[-106.488719999753,39.248776000243],[-106.490569000306,39.247573000244],[-106.493972000062,39.244951999735],[-106.496778000141,39.243320999762],[-106.497649000352,39.242022000171],[-106.497460000206,39.24052399995],[-106.497993000309,39.239487000255],[-106.498168000211,39.237469000115],[-106.498788000352,39.236012000065],[-106.498739999773,39.234931000294],[-106.497256999817,39.232977999749],[-106.49630199994,39.232260999912],[-106.495094000343,39.23191799995],[-106.493936000077,39.230840000188],[-106.492720999909,39.229408000175],[-106.490215000303,39.228334999908],[-106.489749000148,39.227717999981],[-106.490504000008,39.226944999968],[-106.49181799991,39.226101999982],[-106.492259999776,39.225195000291],[-106.491887000406,39.223843000173],[-106.491258000044,39.222792999839],[-106.491822999933,39.221779000201],[-106.49195099998,39.220697999699],[-106.493393999753,39.220102999671],[-106.493730000212,39.219744999661],[-106.493869999954,39.218728000258],[-106.49366599974,39.217632999975],[-106.492942999667,39.21585800004],[-106.493618999884,39.21332800022],[-106.494341999958,39.211813000159],[-106.494854000144,39.210091000286],[-106.494953999703,39.208541000026],[-106.493870999779,39.206931000046],[-106.493778999718,39.206367000282],[-106.494165000406,39.20391200016],[-106.4945999997,39.200148000045],[-106.494516000035,39.199447000026],[-106.493649000022,39.198326000297],[-106.494892999603,39.196411000095],[-106.495835999785,39.194409999787],[-106.497734999668,39.193221999859],[-106.498317000174,39.192014000319],[-106.498215999892,39.190901999885],[-106.498743000146,39.189502000141],[-106.498990999843,39.186216999995],[-106.499606999787,39.183848000311],[-106.500584000303,39.182600999792],[-106.502648999868,39.180418999954],[-106.504803000019,39.179020000263],[-106.505792000231,39.178719999898],[-106.506726000191,39.178815000106],[-106.508208000323,39.17804899987],[-106.50821599982,39.177322999796],[-106.509717000219,39.174877000348],[-106.510000000076,39.174653000191],[-106.509647999723,39.173609000058],[-106.509511000354,39.171928000228],[-106.50903000013,39.170366999767],[-106.5087439999,39.169992999712],[-106.509046999849,39.168872999666],[-106.508472999738,39.168141999681],[-106.508614000204,39.166681000037],[-106.509090000405,39.165917000243],[-106.511077000151,39.163531999656],[-106.512305999665,39.16317600006],[-106.513862000314,39.162257999773],[-106.513928000437,39.161919000006],[-106.515139000406,39.16130500023],[-106.516373999767,39.160336000156],[-106.518912999883,39.159697999694],[-106.519298999673,39.15860199989],[-106.520446999893,39.157979999725],[-106.520942000361,39.157352999676],[-106.522355999822,39.158145999691],[-106.524020000427,39.158753999764],[-106.52735700006,39.161021000214],[-106.531287999896,39.161224000274],[-106.531583000347,39.161806999927],[-106.532040000282,39.161768999722],[-106.532633999585,39.162467999735],[-106.533977999624,39.163000999807],[-106.535138000439,39.163146000008],[-106.535776999948,39.16258499974],[-106.536054999783,39.16085800003],[-106.536111999684,39.159437000117],[-106.538099000329,39.158011999715],[-106.538526000126,39.157894000201],[-106.541353999947,39.158307000073],[-106.542883999759,39.15888200032],[-106.543373000379,39.15873199983],[-106.545022000017,39.158871999926],[-106.548625999614,39.160549999789],[-106.549735000375,39.16067000017],[-106.551676999916,39.161465000137],[-106.552711000334,39.16085800003],[-106.552882999863,39.160269000196],[-106.55370499967,39.160072000163],[-106.554043999604,39.159396],[-106.554805000211,39.15916700016],[-106.556364000335,39.157948999982],[-106.556673999956,39.157038000279],[-106.557186000142,39.156710000023],[-106.558755000313,39.156517999792],[-106.561265000116,39.155677000078],[-106.561843000424,39.153968999842],[-106.562254000328,39.153301000088],[-106.562630999897,39.151946999694],[-106.562177000335,39.150676000107],[-106.560706000074,39.149519999923],[-106.560947999924,39.149134000029],[-106.56067900031,39.148075000336],[-106.561045000008,39.147769999695],[-106.56025099979,39.145342000347],[-106.559291999715,39.144754999718],[-106.558679000145,39.143846999886],[-106.559008000033,39.143137999666],[-106.559643000242,39.14088100012],[-106.559500000127,39.139684000249],[-106.560162000101,39.138919999927],[-106.560536000195,39.137823999802],[-106.56161699957,39.136596000122],[-106.562486000132,39.135898000092],[-106.563108999747,39.134714999738],[-106.564244000448,39.134237000217],[-106.564626999864,39.133392000077],[-106.564574000161,39.132421999658],[-106.563726000414,39.13119900026],[-106.563230999946,39.130912000145],[-106.5614230003,39.129205000279],[-106.560413999996,39.12844799973],[-106.56017899982,39.127122000092],[-106.55907300033,39.125798999947],[-106.559286999692,39.124656000113],[-106.558325000142,39.124236999736],[-106.558154000438,39.121991000074],[-106.558171000157,39.120223000201],[-106.560666999716,39.117898000036],[-106.56389499957,39.115748000208],[-106.564985999889,39.114007000026],[-106.564538000176,39.111979000155],[-106.564696000359,39.109079999889],[-106.56349600026,39.108242999849],[-106.563321000358,39.107268000212],[-106.56398900018,39.106040999947],[-106.566982999682,39.105061000336],[-106.568438999874,39.105204999682],[-106.569100000023,39.104767999859],[-106.568932999618,39.104009000259],[-106.570161000205,39.103515000274],[-106.57062700036,39.104193000258],[-106.573343999853,39.104423999732],[-106.57658599995,39.104000999703],[-106.578628999773,39.102843999687],[-106.580310999922,39.102163999956],[-106.583780999625,39.097904000143],[-106.586157000432,39.09404999996],[-106.586107000203,39.090577999827],[-106.586338000182,39.087742999779],[-106.584916000325,39.084829999857],[-106.583238000375,39.082959000124],[-106.580106999707,39.081750999808],[-106.577076000395,39.079437000227],[-106.577869999715,39.079081000099],[-106.579455999604,39.077536000154],[-106.579524000274,39.075574000335],[-106.577586999858,39.072757999898],[-106.577230000381,39.066154000263],[-106.576862000135,39.063369000136],[-106.577630000414,39.060598000345],[-106.577925999792,39.059071999889],[-106.577965999975,39.057908000205],[-106.510863999716,39.057533000316],[-106.50058299958,39.057475000066],[-106.495065999856,39.057251999864],[-106.457394000369,39.056910999769],[-106.389067999722,39.056294999789],[-106.375579999648,39.056305000099],[-106.368630000197,39.056472000041],[-106.34715499988,39.056461999755],[-106.322383000113,39.056238000228],[-106.308685999802,39.05615000002],[-106.296775000295,39.056436999731],[-106.272799000396,39.056425000219],[-106.265965000397,39.056463000063],[-106.253376000124,39.056384999736],[-106.246434999994,39.056382999816],[-106.231647000262,39.056459000227],[-106.191005999592,39.056072999661]],[[-106.349683000125,39.248776000243],[-106.346632999648,39.248882999763],[-106.346569999899,39.249984999752],[-106.346165999668,39.250563999852],[-106.346044000368,39.251733999963],[-106.34526299967,39.252589999964],[-106.3455489999,39.253499999792],[-106.34437100044,39.254659000045],[-106.344214999907,39.255678999828],[-106.34336700016,39.257464000086],[-106.343543999712,39.258516999762],[-106.343131999983,39.25902100033],[-106.34026200033,39.259539000172],[-106.339622999922,39.260307999885],[-106.339535999883,39.261222999917],[-106.338919000115,39.261199999883],[-106.337771999719,39.261748000017],[-106.337154999951,39.261495999903],[-106.336332000319,39.262203999873],[-106.335714999653,39.26229600004],[-106.335451000062,39.261699999932],[-106.334949999747,39.261699999932],[-106.334302999841,39.262386999919],[-106.333920000425,39.263210999857],[-106.333361000383,39.263371000038],[-106.332712999755,39.263004999737],[-106.33271399958,39.263576999778],[-106.331741999984,39.263669000229],[-106.331124000391,39.265065000117],[-106.330152999723,39.265614000061],[-106.329653000131,39.26620900016],[-106.328386999909,39.266964999807],[-106.327739000179,39.26659900019],[-106.327032999824,39.267102000276],[-106.325414000323,39.267468000047],[-106.323794999925,39.267560000259],[-106.322292999701,39.268246999839],[-106.321998999974,39.269253999934],[-106.320615999576,39.269551000084],[-106.319849999845,39.269986000125],[-106.318349000345,39.26984899973],[-106.316641000258,39.270261000165],[-106.315580999901,39.271039000162],[-106.313933000088,39.271198999859],[-106.312165999551,39.271770999788],[-106.310812000364,39.271587999903],[-106.310135000322,39.271267999833],[-106.308575000373,39.271816999866],[-106.307072000325,39.271976999873],[-106.305453999751,39.272867000156],[-106.303834000425,39.273142000016],[-106.302949999795,39.273073999814],[-106.301801999574,39.273738000183],[-106.300358999801,39.273875999931],[-106.299799999759,39.273074999828],[-106.298916999852,39.272297000182],[-106.298299000259,39.270947000344],[-106.296386000132,39.269139000344],[-106.293841000169,39.267761999848],[-106.292465000343,39.266874999714],[-106.290532999949,39.265953999743],[-106.289494000407,39.265911999757],[-106.288275999866,39.265425000053],[-106.286878000298,39.264422999874],[-106.286142999631,39.263529999705],[-106.284258999817,39.262773999869],[-106.283346999598,39.262018999702],[-106.280785999741,39.260758999815],[-106.279593000212,39.260321999843],[-106.278780999552,39.257310999917],[-106.273555999906,39.238409999703],[-106.275106999635,39.232546000078],[-106.278831999606,39.230841000108],[-106.282155999719,39.229033999777],[-106.284939000232,39.228055999796],[-106.308996000322,39.217062999856],[-106.312076999863,39.208867999823],[-106.323747000244,39.202498999945],[-106.324030999926,39.192955999863],[-106.32412800001,39.186176000171],[-106.326821999937,39.183731000168],[-106.328877000354,39.186621999746],[-106.333875000219,39.192312000101],[-106.335175999702,39.193710000054],[-106.34127199956,39.200547999896],[-106.343394999749,39.202990000005],[-106.344361000395,39.204794999832],[-106.344890000299,39.206656999717],[-106.347164000101,39.215413999795],[-106.347990000106,39.218399000247],[-106.348750999815,39.221654000176],[-106.355298999584,39.222489999723],[-106.35735599965,39.222623999988],[-106.358851000201,39.225144000234],[-106.359216999899,39.226396999947],[-106.359139000081,39.228522999737],[-106.358325999596,39.232333000335],[-106.357519999682,39.235525999867],[-106.357364999871,39.236521000163],[-106.355214000093,39.245946999915],[-106.354311000095,39.24728300008],[-106.353378999784,39.247963000301],[-106.351821000383,39.248589000086],[-106.349683000125,39.248776000243]]]},"properties":{"geoid":"08065961900","county_fips":"08065","designated":true}},{"type":"Feature","geometry":{"type":"Polygon","coordinates":[[[-108.060742999975,38.74985599972],[-108.055719999995,38.751760000022],[-108.054122000411,38.752257000034],[-108.050620999847,38.752895999669],[-108.050633000441,38.748532000103],[-108.050711000259,38.747580000034],[-108.050421999656,38.747118999864],[-108.049105000279,38.746535999934],[-108.048556000283,38.74597900022],[-108.048573000001,38.743158000178],[-108.055230000449,38.743106999898],[-108.055237999946,38.740975000059],[-108.045406000247,38.740911999925],[-108.043415000302,38.740932999742],[-108.024649999806,38.740988000302],[-108.018902999928,38.740929000311],[-108.017149999635,38.741159000154],[-108.015083000421,38.741753000258],[-108.013904000238,38.740995000001],[-108.010888000096,38.740955999969],[-108.009539999859,38.742036000316],[-108.008039000359,38.742151000299],[-108.008021999742,38.749408000346],[-108.008256999919,38.751005999779],[-108.008738000143,38.751840000283],[-108.008790999846,38.754513999841],[-108.009065000381,38.754814000342],[-108.013185000362,38.755558999914],[-108.010802999707,38.755643000129],[-108.008711000379,38.755435000118],[-108.008726000447,38.76029400027],[-108.003991000348,38.761123999724],[-108.003996000371,38.767488999882],[-108.003911999807,38.769775000132],[-108.003233000114,38.771293000128],[-108.000861000403,38.775469999899],[-108.001975000289,38.776613000008],[-108.003701999744,38.777508000309],[-108.005834999979,38.777807000042],[-108.007144999683,38.776119999698],[-108.01076900027,38.776098999728],[-108.014157999783,38.776285999818],[-108.016992000349,38.776812000118],[-108.017847999594,38.778186000062],[-108.01732799991,38.779645000134],[-108.016773000066,38.78054300021],[-108.016768000043,38.782169000093],[-108.017891999975,38.782951000042],[-108.019682999903,38.782223999691],[-108.020502000235,38.782099000034],[-108.021502000318,38.782320999745],[-108.022266000399,38.783251999993],[-108.022468999891,38.784259999761],[-108.024208999765,38.784472000266],[-108.025844999882,38.784158999735],[-108.027100000233,38.784122000085],[-108.028726000305,38.784543999991],[-108.031359999957,38.785656000348],[-108.031378000398,38.786168999745],[-108.029989000153,38.787136999671],[-108.028405999739,38.788596999947],[-108.027362999999,38.789886000098],[-108.025156000144,38.792027999971],[-108.022658000036,38.793017000057],[-108.022117000436,38.793594000116],[-108.021360999853,38.794982999965],[-108.020081000286,38.796118999665],[-108.018490000374,38.796327000084],[-108.015745000395,38.795267000187],[-108.014609999694,38.795080000163],[-108.013436000433,38.79580400028],[-108.011726999622,38.798649999971],[-108.012166999838,38.80025599982],[-108.012005000355,38.802178999891],[-108.010682000232,38.80592500011],[-108.010021000083,38.80680699982],[-108.008239000376,38.807556000212],[-108.005728999674,38.80791300027],[-108.004603999918,38.808335000035],[-108.005706000108,38.808678999881],[-108.007047999599,38.809442000161],[-108.010030000304,38.810325000015],[-108.012632000168,38.811644999772],[-108.013804999605,38.81194800018],[-108.014213999859,38.812977999994],[-108.014982000138,38.814264000171],[-108.016716000165,38.814737999846],[-108.017941000378,38.815673999809],[-108.02085000039,38.817004999839],[-108.022412999814,38.817233999942],[-108.025987000173,38.818069999906],[-108.028211999571,38.817840999691],[-108.031703000088,38.818362999953],[-108.034438999848,38.819403999724],[-108.035659999863,38.820274000172],[-108.036981000336,38.820981999685],[-108.037422000377,38.821493000006],[-108.039515000429,38.822970000249],[-108.040072999748,38.823591000085],[-108.040554999796,38.824740999735],[-108.040543000101,38.826295000332],[-108.04020900019,38.827015000076],[-108.039973000188,38.829294999978],[-108.039301999994,38.837089000046],[-108.040578000261,38.838068999709],[-108.040958000203,38.839576999926],[-108.04145500032,38.840356999901],[-108.042360999793,38.84109000034],[-108.044874999794,38.842802999763],[-108.045751999853,38.844108999735],[-108.047536000109,38.84472500016],[-108.048353999718,38.845527999766],[-108.050780999681,38.846896999724],[-108.05297400019,38.848865999938],[-108.055634999606,38.851932000229],[-108.057039999745,38.852367999988],[-108.058033000155,38.852982000185],[-108.060373000079,38.85373600016],[-108.061661000042,38.853647999979],[-108.06309399977,38.853281000143],[-108.064996000026,38.853897999874],[-108.065990000261,38.854560999793],[-108.068213000009,38.85661999991],[-108.068855999716,38.857395999918],[-108.071577000305,38.859134999934],[-108.073184999935,38.859547000264],[-108.074062999819,38.860118999964],[-108.075612999722,38.860483000048],[-108.077955000195,38.86220100034],[-108.080675999885,38.864697000229],[-108.081055999827,38.865537999855],[-108.082108999613,38.867068999861],[-108.08266500018,38.868306000026],[-108.082635999868,38.869816000245],[-108.083748999928,38.871624000197],[-108.08392399983,38.872510999927],[-108.084981999639,38.874982999686],[-108.085307000228,38.876541999906],[-108.085745999721,38.877232999743],[-108.086917000406,38.878490999824],[-108.08794099988,38.878536000316],[-108.088935999939,38.879014000023],[-108.089785000409,38.878806999895],[-108.094408000356,38.879539999904],[-108.096544999891,38.880294000078],[-108.097452000087,38.880224999947],[-108.098769000362,38.880910999672],[-108.102075999858,38.881597999751],[-108.104651999784,38.882393999994],[-108.105793000332,38.883538999808],[-108.106729999767,38.884019000022],[-108.108836000238,38.883102000321],[-108.109744000259,38.883285000105],[-108.110065999576,38.88369599968],[-108.111237000261,38.884344000183],[-108.111099999994,38.877853000148],[-108.120238999757,38.87780599985],[-108.120509999919,38.871148000003],[-108.125629000158,38.871157999905],[-108.161066000201,38.871293999966],[-108.176817000205,38.871357999741],[-108.176696999656,38.868675000287],[-108.178384999652,38.868651999988],[-108.209594999584,38.869157999965],[-108.230514000231,38.869498999909],[-108.230403999728,38.877773000039],[-108.236107000123,38.875906999706],[-108.251356999813,38.871177000273],[-108.256305000348,38.869489999928],[-108.262766000078,38.867399000122],[-108.286280999844,38.859587000095],[-108.291513999886,38.85788999996],[-108.316047000177,38.849798999786],[-108.320813000239,38.848240000061],[-108.334323000054,38.843747000138],[-108.346111000436,38.839904999982],[-108.353023000253,38.837715999977],[-108.363776000392,38.834200000128],[-108.376220000002,38.830173999997],[-108.378953000286,38.829107999691],[-108.378847999806,38.823025999964],[-108.378903999882,38.798053999945],[-108.378999000317,38.783494000254],[-108.378999000317,38.776609999833],[-108.37887299992,38.769076999796],[-108.378768000338,38.765275000194],[-108.378709999714,38.754647999996],[-108.378806999798,38.734037000062],[-108.378759999942,38.692616000263],[-108.378696000368,38.677722999812],[-108.378698000018,38.668096999806],[-108.376275000253,38.668121999976],[-108.333269000443,38.668237999835],[-108.303503999935,38.668314000342],[-108.261071000409,38.668420999756],[-108.251268999949,38.668405999999],[-108.242606000387,38.66842999989],[-108.223763000073,38.668433999871],[-108.206053999735,38.668456000113],[-108.187161999916,38.668441999832],[-108.150128999938,38.66851000017],[-108.132967999772,38.668399000204],[-108.126315000421,38.668411000152],[-108.11350600004,38.668528999881],[-108.095840000259,38.668509],[-108.096045000298,38.676545000253],[-108.09631999976,38.689799000341],[-108.096503000058,38.697299000171],[-108.096169999972,38.697470000126],[-108.083482999789,38.697462999668],[-108.083162000297,38.69759299984],[-108.083174999818,38.71067399968],[-108.08317099962,38.726475999916],[-108.092860999927,38.726498999892],[-108.107026999868,38.726487999935],[-108.115696000176,38.726449999751],[-108.115703999674,38.735354999762],[-108.115757000276,38.740975000059],[-108.109457000204,38.740990000016],[-108.111339000369,38.742259999661],[-108.119790000219,38.747822999872],[-108.117046999888,38.750431999688],[-108.116046999806,38.751175999745],[-108.11589299982,38.75185299995],[-108.116333000036,38.752635999887],[-108.116290000378,38.753909999856],[-108.114662999583,38.755225000186],[-108.1129429998,38.755955000059],[-108.111417000186,38.756125999793],[-108.110932999589,38.755941000092],[-108.109638999779,38.754783999928],[-108.108139000104,38.752576999713],[-108.10684399957,38.751419999665],[-108.10502000003,38.750361000285],[-108.102191000384,38.749540000103],[-108.100412999977,38.750138000161],[-108.09875299957,38.752749000226],[-108.095682000075,38.756284999903],[-108.094363999975,38.756988999887],[-108.093243000417,38.757295999995],[-108.092321000152,38.757190000061],[-108.089917999581,38.75584500024],[-108.088931999742,38.755925000125],[-108.08629800009,38.757316000268],[-108.084847999745,38.75731499994],[-108.083687000004,38.756893000044],[-108.081573999861,38.755215999764],[-108.078444999741,38.753764999756],[-108.077377999711,38.752874000177],[-108.07520900039,38.751902000179],[-108.069725000278,38.750799999706],[-108.068048999977,38.750893999901],[-108.066961000031,38.751921999862],[-108.064622999757,38.75162600005],[-108.064038999601,38.751104999681],[-108.063157000417,38.751479000094],[-108.06213399987,38.752646000327],[-108.061229000222,38.752461999709],[-108.061139999635,38.750630999968],[-108.060742999975,38.74985599972]]]},"properties":{"geoid":"08029964800","county_fips":"08029","designated":true}},{"type":"Feature","geometry":{"type":"Polygon","coordinates":[[[-108.199081999644,37.824186999668],[-108.198377999837,37.824791999995],[-108.195943000377,37.825552999983],[-108.194672000132,37.825808999828],[-108.192978000289,37.825919999801],[-108.19338400017,37.826409000109],[-108.195478000046,37.826740000142],[-108.196552999574,37.827074000078],[-108.197330000074,37.827941000296],[-108.19617699983,37.827953999772],[-108.193877999914,37.829038999909],[-108.190248000377,37.830889999972],[-108.18921200031,37.831998000105],[-108.186860999617,37.833679999986],[-108.186229999605,37.834697999713],[-108.185586999898,37.834957000115],[-108.183853999696,37.834852000273],[-108.183299999677,37.835306999694],[-108.182477000045,37.83708099969],[-108.182846000116,37.838200999979],[-108.181791999606,37.839069999873],[-108.181128999807,37.840472000117],[-108.181036999746,37.841306000001],[-108.180547000199,37.842208999746],[-108.179532000048,37.842452000215],[-108.179430999766,37.842779999884],[-108.18023699968,37.843782000069],[-108.181052999639,37.84416800015],[-108.180719999553,37.844765000143],[-108.178869000249,37.84591499993],[-108.176760000304,37.845458999758],[-108.174461000388,37.846185000075],[-108.172640000323,37.846521000341],[-108.170829000303,37.847887000001],[-108.169604000089,37.847897999858],[-108.168358999784,37.848515000052],[-108.167177000127,37.850051000022],[-108.166768999698,37.851045000325],[-108.165900000035,37.851573000215],[-108.165849999806,37.85212200033],[-108.165124000258,37.852716000129],[-108.165139000326,37.853538000031],[-108.165634999721,37.854671999893],[-108.165101999618,37.855453999706],[-108.164542999577,37.856795999827],[-108.164032999939,37.857367999836],[-108.163585000225,37.858522999705],[-108.16354900024,37.859398],[-108.162969000282,37.861064999826],[-108.16194499991,37.863172999663],[-108.161708000083,37.863998999824],[-108.160815999955,37.864632999933],[-108.159454000373,37.866622000181],[-108.159189000059,37.867626000266],[-108.159482999787,37.868261000276],[-108.159307999885,37.869613999975],[-108.159947000292,37.872184999694],[-108.160822999628,37.874493000167],[-108.161790999924,37.875937999673],[-108.163600000294,37.877500000347],[-108.164097000411,37.878169000319],[-108.164174000404,37.879548999948],[-108.164567999691,37.881179999667],[-108.164729000248,37.882809000015],[-108.16462700014,37.884165999996],[-108.164819999586,37.886424999902],[-108.165823999867,37.8872710003],[-108.166772999896,37.886861999986],[-108.167275999861,37.886149999966],[-108.16739600041,37.887813999683],[-108.167716000077,37.888888999787],[-108.168403000165,37.88979999984],[-108.169404000073,37.890408999806],[-108.170544999723,37.89209999971],[-108.171035999992,37.893523999726],[-108.170734999693,37.894647999854],[-108.170594999951,37.897009000111],[-108.170170999629,37.899447999725],[-108.168409999838,37.898804000257],[-108.167275999861,37.898789000116],[-108.165717999561,37.897822000219],[-108.164294999879,37.896111000164],[-108.164043999809,37.895373999815],[-108.164007999824,37.892918000133],[-108.163858999861,37.892405000168],[-108.163148000382,37.892284000282],[-108.161262999844,37.896265000035],[-108.160389000158,37.898790999804],[-108.159060000188,37.899180000164],[-108.158741000345,37.899631999651],[-108.158660000154,37.900740000164],[-108.158876000065,37.900951000016],[-108.158568000093,37.901948000337],[-108.158209999893,37.901291000051],[-108.157672999592,37.901228000288],[-108.156880999922,37.902249999941],[-108.157024999862,37.902988000338],[-108.156643000271,37.903154000251],[-108.156018999932,37.901746999966],[-108.155745000295,37.901752000049],[-108.154889000152,37.903094999808],[-108.150502000207,37.903043999736],[-108.150071000212,37.903281000107],[-108.148153999887,37.90310700007],[-108.147934999604,37.903235000146],[-108.149319999651,37.904032000327],[-108.143647000292,37.903303999723],[-108.143667000383,37.903750000031],[-108.142972999724,37.90416500013],[-108.143161000045,37.904465000316],[-108.144762000002,37.905139999807],[-108.14101500029,37.906624999856],[-108.142576999889,37.906950000005],[-108.141180999971,37.909099999727],[-108.140842999862,37.910122999954],[-108.140647000044,37.912467999693],[-108.140652000066,37.91599900006],[-108.140442000004,37.916937999864],[-108.139788000426,37.917571],[-108.135988999937,37.917654000207],[-108.134991000402,37.917778000017],[-108.134735000309,37.918195000236],[-108.132411000279,37.920404000224],[-108.131787999765,37.921767000244],[-108.131862000283,37.924451000267],[-108.131309999914,37.927945000278],[-108.131338000401,37.929982999819],[-108.131495999687,37.93141000008],[-108.131335000028,37.937984000163],[-108.130689999773,37.939617000088],[-108.13071800026,37.94026300004],[-108.131288000172,37.940621000171],[-108.13136400034,37.943519999913],[-108.131320999784,37.949934000286],[-108.130864999675,37.950934000291],[-108.130391999847,37.951315000331],[-108.128930999632,37.951714000351],[-108.126829000257,37.951448000342],[-108.125003999994,37.952896999891],[-108.124228000217,37.953999999804],[-108.123351999983,37.955966000027],[-108.122741000063,37.957007999976],[-108.12181299995,37.957590000269],[-108.121783999638,37.958090999898],[-108.121219999573,37.959086999715],[-108.120923000371,37.960315999911],[-108.121217999923,37.962016999701],[-108.121094000075,37.963168000163],[-108.119688000111,37.967830000346],[-108.119748000386,37.968855999837],[-108.120048999786,37.969672000145],[-108.120074999726,37.972402999782],[-108.11960699992,37.974316000245],[-108.119827000028,37.975115000165],[-108.119315999667,37.975733999783],[-108.117694999619,37.979828000036],[-108.116856999918,37.982533000305],[-108.116523000007,37.984615999888],[-108.114214000045,37.986919999995],[-108.113564999591,37.988013999958],[-108.112692999555,37.988959000288],[-108.111968999657,37.990199000098],[-108.111043000092,37.991262999944],[-108.110710000007,37.992353000327],[-108.111105000017,37.995013000153],[-108.112162000001,37.996445000205],[-108.11204200035,37.998842000006],[-108.112702999601,38.000009000224],[-108.11411699996,38.001068999872],[-108.114351000312,38.001676000247],[-108.11510100015,38.001979999717],[-108.115741000382,38.003268999816],[-108.116627999589,38.003662000219],[-108.117862000023,38.003767000008],[-108.119379000315,38.004531000126],[-108.120344000237,38.005684000299],[-108.119930999786,38.007143000333],[-108.119063999772,38.008329999745],[-108.119081000389,38.009230000167],[-108.118596999792,38.012193000313],[-108.116972000444,38.014248000102],[-108.114706000139,38.018105000255],[-108.114568000047,38.019211999695],[-108.112565000407,38.021955000261],[-108.112312999614,38.02280200008],[-108.111412000163,38.024333999999],[-108.111176000162,38.026194000037],[-108.111319000277,38.027530000254],[-108.11101200013,38.028472999733],[-108.110884000084,38.029985999679],[-108.110027999941,38.031033999742],[-108.111341999843,38.031664000133],[-108.11393600021,38.031484000271],[-108.115476999893,38.031599999824],[-108.116548999946,38.031907999649],[-108.117681000273,38.032470000168],[-108.119693000134,38.033908000295],[-108.121746999828,38.034580999863],[-108.12248699962,38.034974999835],[-108.123543999604,38.036042000104],[-108.125028000283,38.03673500026],[-108.126124999552,38.038005000165],[-108.127894999564,38.038795999895],[-108.129214000387,38.040175999996],[-108.130351999664,38.04096800001],[-108.132340000134,38.041996000352],[-108.1329,38.042520999831],[-108.132827000205,38.04369600005],[-108.13329500001,38.044827000017],[-108.134545000338,38.045609000268],[-108.135264000214,38.047193000123],[-108.136368000054,38.048184999652],[-108.137399000098,38.048590000274],[-108.139969000176,38.05006100024],[-108.141057000122,38.050178999892],[-108.142103000236,38.050797999772],[-108.142838000005,38.052476999681],[-108.143639999721,38.053107999747],[-108.144696999705,38.053438000158],[-108.145551000198,38.054033000045],[-108.146214999821,38.055077999897],[-108.147024000108,38.055538999743],[-108.148995999786,38.056286000352],[-108.150308999864,38.057528999901],[-108.151500999567,38.058354999737],[-108.153642000198,38.060101000171],[-108.157302999696,38.061838999872],[-108.158681999896,38.062726000337],[-108.157214000008,38.0634430002],[-108.148871000113,38.065506999963],[-108.147583999975,38.066016999916],[-108.145248000249,38.067170000048],[-108.131001000117,38.073825999742],[-108.129725999675,38.074670000244],[-108.120648000011,38.081556000235],[-108.101264000097,38.096500999773],[-108.078992999912,38.113546999916],[-108.057289000165,38.130153000194],[-108.038250999857,38.144718999936],[-108.027928999713,38.152636000055],[-108.038881999869,38.15266699998],[-108.043544999999,38.152598999899],[-108.060983999999,38.152440999882],[-108.061505000406,38.152463999821],[-108.089500999829,38.152334999732],[-108.113049000106,38.152227999858],[-108.118222999698,38.152268999894],[-108.125628000333,38.152702999831],[-108.13606799958,38.152670000086],[-108.170114999552,38.152253999987],[-108.177249000025,38.152303999666],[-108.227590999976,38.15243299981],[-108.239858000034,38.152505999998],[-108.249811000107,38.152538000251],[-108.250634999564,38.152793000087],[-108.260929999944,38.152678000133],[-108.26928200006,38.152660000203],[-108.286249000057,38.152545000039],[-108.314950999835,38.152473999731],[-108.317111999659,38.152533999867],[-108.324591999738,38.152559000321],[-108.325632999829,38.152496999659],[-108.375640000044,38.152846000202],[-108.387601999605,38.153042999823],[-108.389868999734,38.152991999678],[-108.399784000172,38.153143000184],[-108.414828999822,38.15326699965],[-108.437095999808,38.153199999686],[-108.445489999757,38.153299999831],[-108.45804399987,38.15323400016],[-108.461373000006,38.153264999831],[-108.487683999806,38.153213000285],[-108.500644999625,38.153199000129],[-108.512083000203,38.153232000341],[-108.521551999679,38.153301999649],[-108.531158000321,38.152975000093],[-108.539591999554,38.152649000048],[-108.557325000181,38.152730000061],[-108.57361799961,38.152819000015],[-108.605881000226,38.15300700014],[-108.62564900028,38.153298000014],[-108.631577999732,38.153095000198],[-108.649886000294,38.153114999843],[-108.652366999785,38.153066000279],[-108.65698100041,38.153108999667],[-108.668255000057,38.153100999668],[-108.686653000133,38.153052999654],[-108.705124000003,38.153234999717],[-108.723502999812,38.153132000102],[-108.741855999681,38.15315999973],[-108.750653999861,38.153423999737],[-108.778274000438,38.153264999831],[-108.792293000066,38.153434000221],[-108.821513999703,38.153630999667],[-108.836281000417,38.15386800029],[-108.841323999589,38.153831000052],[-108.855831000012,38.153909999658],[-108.859027000079,38.153848000145],[-108.875657999617,38.154150999669],[-108.875657999617,38.154080000217],[-108.880672000275,38.154024000243],[-108.900230000266,38.154781000042],[-108.906748999723,38.154958999781],[-108.906748999723,38.153291999853],[-108.910365999739,38.153350000206],[-108.916758999697,38.153288000217],[-108.929383000131,38.153583000002],[-108.942142000283,38.153710000196],[-108.949404999729,38.153502999783],[-108.957258999903,38.153529000164],[-108.96598000009,38.153477000099],[-108.979577999768,38.153661999876],[-108.988498000146,38.153447000072],[-108.998484999656,38.153472999767],[-109.018209000228,38.153229000258],[-109.041667000093,38.153021000333],[-109.042073999798,38.153016999976],[-109.042209000416,38.124990999664],[-109.042366999701,38.092839000263],[-109.042319999846,38.091947999982],[-109.042454999565,38.074239999993],[-109.042570999916,38.049902000203],[-109.042688999917,38.025644000263],[-109.045151999864,38.024531000209],[-109.042729000099,38.017557999913],[-109.04281399959,37.999991999728],[-109.04287300004,37.999301999652],[-109.042859999621,37.993103999653],[-109.042899999804,37.986666000147],[-109.042872000215,37.974921999778],[-109.043130999782,37.974650000307],[-109.042816000138,37.962359000107],[-109.041843999645,37.939077999685],[-109.041873999782,37.938832000151],[-109.041615000214,37.923641999737],[-109.041057999822,37.907235999714],[-109.041512000282,37.881166999647],[-109.031715999669,37.881149000269],[-109.030797999602,37.881113000082],[-109.014407000263,37.881100999779],[-109.006085000285,37.881126999842],[-109.000663999922,37.881207999868],[-108.995269000396,37.881063000108],[-108.989638999796,37.881044999996],[-108.97910300029,37.881060000208],[-108.965722000347,37.881003999685],[-108.960615999628,37.881057000308],[-108.958162999726,37.88102900005],[-108.931645000237,37.881042000095],[-108.925433999853,37.881079000047],[-108.900835000339,37.881005000125],[-108.8973349996,37.881044000265],[-108.892392999811,37.881002999953],[-108.883325000193,37.881034000122],[-108.865589000092,37.88098799973],[-108.863177000198,37.881003999685],[-108.853729999564,37.880942000017],[-108.821348000021,37.880920000237],[-108.820522000016,37.88085100024],[-108.820122999808,37.881758000173],[-108.819890000179,37.884131000264],[-108.820515000343,37.885082000143],[-108.820528999689,37.886040999933],[-108.820207000372,37.88669699985],[-108.818599999668,37.887463000164],[-108.817699000218,37.888088000151],[-108.817727999632,37.888721999978],[-108.818704000324,37.88947800008],[-108.818773999746,37.890390000247],[-108.818089000206,37.891460999831],[-108.818399999652,37.892477000118],[-108.818124000366,37.893753000261],[-108.817016000328,37.894825000088],[-108.816710000006,37.895538000112],[-108.800312000096,37.895451000207],[-108.772239999607,37.895370000253],[-108.750653999861,37.895312000196],[-108.746287999832,37.895388999944],[-108.726161999578,37.895329999656],[-108.701797000415,37.895290999993],[-108.670234000306,37.895241999968],[-108.659059000393,37.895263000185],[-108.625650000105,37.895223999777],[-108.62422400005,37.895333999929],[-108.617081000254,37.895106000308],[-108.587167999608,37.894778999804],[-108.554180000167,37.894580999762],[-108.523202999865,37.894393999903],[-108.500644999625,37.894259000354],[-108.45486700007,37.894194999982],[-108.437655999675,37.89389900011],[-108.390898999954,37.893507999656],[-108.390677000196,37.893562000056],[-108.375640999869,37.893634999851],[-108.374286999784,37.893476999776],[-108.367529999777,37.893663000278],[-108.365163000089,37.893870000216],[-108.357443999635,37.893637999948],[-108.347876000424,37.893983999903],[-108.336589000358,37.893838000223],[-108.306696999628,37.894120999771],[-108.256497999793,37.894607000027],[-108.256537000151,37.893557000126],[-108.257731000403,37.891045000106],[-108.257391999571,37.889680999862],[-108.256332000112,37.888349000137],[-108.255445999832,37.887897000137],[-108.254243000258,37.886476000146],[-108.252684000133,37.885362999974],[-108.250362999578,37.88457199993],[-108.24974599981,37.883690999778],[-108.249488000067,37.882312000188],[-108.247933999965,37.879380000013],[-108.245251999734,37.878655000221],[-108.242814999726,37.877800999786],[-108.239261000357,37.876396000222],[-108.237836999952,37.876392000338],[-108.237616999844,37.875569000243],[-108.2359840001,37.872617999801],[-108.235577000394,37.87149799966],[-108.23506100001,37.869312999704],[-108.232863000376,37.867120000128],[-108.23266300036,37.866337999978],[-108.231950000332,37.865065999742],[-108.231778999729,37.863975999987],[-108.231910000149,37.862457999773],[-108.231598999804,37.861741000053],[-108.229934000273,37.861337999805],[-108.229586000118,37.861040999779],[-108.229564000377,37.859587000113],[-108.229862000303,37.858584999799],[-108.230023999786,37.857169999926],[-108.22989200044,37.8557420003],[-108.229483000186,37.854218000159],[-108.228683999945,37.852365000052],[-108.227884999704,37.849220000212],[-108.227151999585,37.847987999724],[-108.227074999592,37.847132999754],[-108.226522000296,37.845528999772],[-108.226564999954,37.844535000303],[-108.22700500017,37.843474999976],[-108.22579599985,37.842455999813],[-108.224040000082,37.842069999994],[-108.223527000071,37.841628000337],[-108.223644000247,37.840932999866],[-108.222876999793,37.840550000011],[-108.222608000179,37.839954000239],[-108.221955000426,37.839731000204],[-108.222183999857,37.839076000255],[-108.220038000101,37.838174999668],[-108.219505999824,37.837765999935],[-108.218528000381,37.837754999986],[-108.217566999758,37.837316000274],[-108.217063999793,37.836753000217],[-108.218078000119,37.836165999781],[-108.218530999855,37.835558000143],[-108.218425000449,37.834905000036],[-108.217252999938,37.834846000257],[-108.215682000118,37.834491000227],[-108.214914999664,37.834002999927],[-108.214642999678,37.833131999886],[-108.213640999945,37.83247500016],[-108.212353999807,37.832038000326],[-108.211735000389,37.830982999828],[-108.210998000072,37.829049000013],[-108.210941999996,37.825762999733],[-108.210731999934,37.824835999709],[-108.209622000246,37.823485000182],[-108.209534000382,37.822622000086],[-108.21032299968,37.822043999859],[-108.21051299965,37.821486000203],[-108.210163999671,37.821125000046],[-108.209093000342,37.820935999987],[-108.205455000409,37.821778999883],[-108.200977000227,37.823377000214],[-108.199081999644,37.824186999668]]]},"properties":{"geoid":"08113968200","county_fips":"08113","designated":true}},{"type":"Feature","geometry":{"type":"Polygon","coordinates":[[[-107.72162399996,39.065254999673],[-107.722197000245,39.066620000016],[-107.721767000075,39.06747699988],[-107.722214999789,39.068007000153],[-107.722123999552,39.068622000336],[-107.721392999981,39.068863999916],[-107.720789999558,39.070004000308],[-107.719918000421,39.070483999883],[-107.718683999986,39.071737999949],[-107.717565000078,39.073899000218],[-107.716272999917,39.074281000036],[-107.716012999626,39.075026000294],[-107.714952000342,39.075986999727],[-107.713046999713,39.079068000264],[-107.713266999821,39.080278999711],[-107.712580999558,39.080780999717],[-107.710842000407,39.08125400021],[-107.710090000021,39.081226999987],[-107.710209999672,39.082241999736],[-107.7091209999,39.083086999703],[-107.707780000234,39.08369500011],[-107.703876000163,39.08499300034],[-107.700007000252,39.083856999808],[-107.697034999593,39.084746000056],[-107.695693999926,39.085038000163],[-107.694113999885,39.085138000131],[-107.694111000411,39.086885999891],[-107.693760999708,39.087406999905],[-107.692841999816,39.087573000308],[-107.690851999697,39.087212999913],[-107.689556000236,39.087170999701],[-107.687576999987,39.08803699975],[-107.686883000226,39.088629000304],[-107.686022999886,39.090045000156],[-107.685293999964,39.090917999909],[-107.68294499982,39.092702000319],[-107.682226999769,39.095727999877],[-107.680989000035,39.099043999818],[-107.680814999958,39.100255999694],[-107.679378999857,39.100505000099],[-107.677498000416,39.100304999678],[-107.676345000172,39.100385000333],[-107.673840000392,39.101092000092],[-107.673789000338,39.101885999826],[-107.673168000372,39.104413000338],[-107.672780000034,39.105466999886],[-107.671439000368,39.107633],[-107.669857999604,39.10862400023],[-107.66761399994,39.108910000276],[-107.664603999646,39.109446999863],[-107.661723000122,39.11094599971],[-107.660308999762,39.111770999853],[-107.659818000391,39.112547999805],[-107.66109399976,39.113284999958],[-107.662366999654,39.114822999679],[-107.6626739998,39.116238999712],[-107.661733999992,39.11767499982],[-107.658449000237,39.119822999874],[-107.657815999677,39.12052199973],[-107.657663000415,39.121371999991],[-107.656603000057,39.122694000286],[-107.654875999703,39.123227999893],[-107.653760000168,39.124002000203],[-107.653385000249,39.1250909999],[-107.653679999802,39.125562],[-107.653625000449,39.126562999775],[-107.652883999934,39.128390999921],[-107.651313999939,39.130930999871],[-107.650719999737,39.131142999836],[-107.648200999713,39.131217999908],[-107.647780999588,39.131416999767],[-107.646018000148,39.133762999872],[-107.645649999902,39.134429999815],[-107.644536999841,39.135599000332],[-107.642509999911,39.137076999937],[-107.641401999874,39.138094000129],[-107.640045000314,39.14045800017],[-107.638529999672,39.141707999762],[-107.637892999813,39.142020000128],[-107.636118999603,39.141284999904],[-107.634726000058,39.14085699986],[-107.633067000375,39.140714999836],[-107.632415000446,39.14091899976],[-107.631800000328,39.141797000336],[-107.631637999947,39.143034999732],[-107.630811999941,39.143846999886],[-107.63051499984,39.145511000091],[-107.630103000112,39.146575000073],[-107.629253999642,39.147684000232],[-107.627845000203,39.149003999772],[-107.626244000246,39.149183999849],[-107.624557000075,39.15020399972],[-107.622729000337,39.150822000297],[-107.621278999993,39.151034999945],[-107.620129000122,39.152168999728],[-107.619835000394,39.153265999757],[-107.619948000372,39.153839999781],[-107.619108000123,39.154886000013],[-107.617945999659,39.155379999939],[-107.616944999751,39.155529000313],[-107.614675000147,39.154535000011],[-107.613947000051,39.154560000097],[-107.61271400034,39.155659999956],[-107.611055999583,39.156499000006],[-107.610406000203,39.157386999794],[-107.609766999795,39.158879000272],[-107.608693999917,39.159911999874],[-107.607460000381,39.161571000196],[-107.605324999598,39.162060000231],[-107.602727999756,39.1634869998],[-107.60102700024,39.164119999856],[-107.59949499988,39.164333999817],[-107.598056000304,39.164222000101],[-107.595856000122,39.164802999653],[-107.593876999873,39.164819999655],[-107.593055999891,39.165143999771],[-107.592815999691,39.165852999778],[-107.590998999824,39.167108999745],[-107.589939000365,39.167564999654],[-107.588960000199,39.168335000339],[-107.588456000409,39.169112000279],[-107.585935999661,39.17108700018],[-107.584734999737,39.171788999717],[-107.583625999874,39.173732999898],[-107.581280999927,39.174504999957],[-107.577025000402,39.174897000066],[-107.574256999957,39.175813999732],[-107.572991999561,39.176347000339],[-107.570989999746,39.177643000185],[-107.570490999978,39.178231000097],[-107.569830999654,39.180145999926],[-107.569177000076,39.180935000188],[-107.568438999934,39.181338999805],[-107.567422999958,39.181396999839],[-107.565914000062,39.180970999917],[-107.563893999805,39.180159999864],[-107.560820999762,39.178426000165],[-107.558117999615,39.178268999763],[-107.556929000285,39.178339999873],[-107.554643999714,39.178858999939],[-107.552150999629,39.179688000219],[-107.549890000246,39.180882000146],[-107.548951000263,39.181164000182],[-107.546356999896,39.181445999782],[-107.543364000219,39.181925000298],[-107.542350999717,39.182722000061],[-107.542369999984,39.183559999822],[-107.541712000208,39.184565000204],[-107.543396999831,39.18541099994],[-107.543808999559,39.186221999989],[-107.543776999772,39.186934999942],[-107.543180000096,39.188677000014],[-107.542876000322,39.190522000265],[-107.542903999911,39.192269000108],[-107.543515999656,39.193499000342],[-107.543454999557,39.194401000011],[-107.542333000174,39.195713999977],[-107.541575999765,39.196234999991],[-107.53758399983,39.197899000255],[-107.534821000307,39.198671000166],[-107.533349000221,39.198928000215],[-107.531165999758,39.19910199979],[-107.528443000417,39.199025999989],[-107.526429000008,39.198717999842],[-107.523304000087,39.197786000006],[-107.523310999759,39.198001999924],[-107.524767999777,39.198915999893],[-107.526070999808,39.200708000313],[-107.528347999983,39.20188399985],[-107.529015999804,39.202427999875],[-107.528838000428,39.202936000267],[-107.527505000259,39.203883999998],[-107.524489000117,39.204687999902],[-107.523673000158,39.205516999723],[-107.522117000406,39.206028000175],[-107.520677999932,39.206284000186],[-107.519271999969,39.207449999895],[-107.518300000373,39.208768000085],[-107.516641999617,39.210327000032],[-107.513832000237,39.213999999749],[-107.512776999903,39.214626999973],[-107.511795000262,39.215674999682],[-107.50983500028,39.216555000032],[-107.507296000164,39.216825999661],[-107.506403000211,39.216457999784],[-107.50478999966,39.217339000177],[-107.502406000254,39.217400000063],[-107.500606000105,39.217916000177],[-107.499508999938,39.217844999685],[-107.497555999628,39.217463000118],[-107.494548999707,39.218422999801],[-107.4933079996,39.22032300014],[-107.492818999879,39.221466000042],[-107.491586999992,39.222655999785],[-107.490581999887,39.223240000129],[-107.487753000241,39.225609000076],[-107.4868929999,39.226794999955],[-107.48581300035,39.229113000341],[-107.485650999968,39.22995299985],[-107.485767000319,39.231306999694],[-107.485035000025,39.232136999669],[-107.484901999956,39.233445000335],[-107.484393000143,39.235216999911],[-107.482876999676,39.235619999953],[-107.481699000216,39.234552000075],[-107.480508000338,39.233894999909],[-107.478740999801,39.233550999703],[-107.478097000269,39.232162999895],[-107.47804899969,39.231155000128],[-107.477436999945,39.230460000213],[-107.474701000186,39.229045999824],[-107.472256999606,39.229071999804],[-107.471316999798,39.229203000198],[-107.4690349996,39.228355999677],[-107.468231000234,39.228574000122],[-107.465716000408,39.228649000007],[-107.463486000089,39.228413999868],[-107.46147000003,39.229895000236],[-107.460419999719,39.230277000344],[-107.458592999806,39.229392999671],[-107.456939000145,39.229530999735],[-107.455805999993,39.229954999716],[-107.454422999596,39.230242999988],[-107.453283999596,39.230206999758],[-107.451075000091,39.230673000075],[-107.450838000265,39.231368999881],[-107.44978499958,39.232251000215],[-107.446395000243,39.2332619999],[-107.44510899993,39.233815999857],[-107.443747000348,39.234780999957],[-107.442841999801,39.236468000307],[-107.440371000356,39.236736000086],[-107.439515000213,39.236946000184],[-107.437801000278,39.237924000113],[-107.436729000225,39.238296999933],[-107.435811000158,39.239145999737],[-107.434222999722,39.239588999662],[-107.43187699995,39.239920000118],[-107.430260999924,39.240540999726],[-107.42973000037,39.24101400011],[-107.429199999742,39.242230000237],[-107.429753999761,39.243821],[-107.429774999677,39.244530000084],[-107.430543999781,39.246642999865],[-107.430610999728,39.248247999988],[-107.430415999735,39.248999000248],[-107.429403000131,39.250588999871],[-107.430019999899,39.251937000258],[-107.430103999565,39.252541000259],[-107.429762000157,39.253690000245],[-107.42988699983,39.255325999703],[-107.430521000215,39.256504999819],[-107.429583999881,39.257286000208],[-107.426914000244,39.257729999867],[-107.424380999977,39.257597000103],[-107.424401999893,39.256492000045],[-107.422535999622,39.255980000103],[-107.421947000341,39.255575000339],[-107.419681999862,39.255333999751],[-107.418146000202,39.255841999895],[-107.416175000349,39.255806999844],[-107.414822999914,39.255596000301],[-107.413447000087,39.254732000014],[-107.411501000349,39.254276999833],[-107.410147000264,39.25452600002],[-107.409316000235,39.254445999967],[-107.407920000317,39.253589999668],[-107.407169999582,39.253411999693],[-107.404130000049,39.253888999989],[-107.403278999929,39.253849999898],[-107.400297000123,39.252946000158],[-107.397916000191,39.253730000019],[-107.395957999858,39.254984999673],[-107.395401000365,39.255717000031],[-107.394485999772,39.256299000165],[-107.394498000366,39.257347999693],[-107.394161000082,39.257666000252],[-107.393699000125,39.25902600001],[-107.39170800018,39.260168000149],[-107.391425000323,39.260590999789],[-107.391679999693,39.262636999982],[-107.391464999608,39.263880999962],[-107.390817999702,39.26426699987],[-107.387122999869,39.265815000273],[-107.384403000003,39.267407999965],[-107.383518000446,39.267773000136],[-107.380943000346,39.26820299967],[-107.379174999984,39.269100999766],[-107.378293999727,39.27027200006],[-107.377478999592,39.272208000008],[-107.377727000187,39.273335000115],[-107.378375999743,39.274804000023],[-107.379835000308,39.275740000147],[-107.381535999824,39.275125999908],[-107.383284999919,39.275501999982],[-107.387157000204,39.277881000078],[-107.39017400017,39.278921999825],[-107.394073000219,39.279387999823],[-107.394171000128,39.280178000339],[-107.393797999859,39.280819000281],[-107.393957999693,39.281591999707],[-107.395652000435,39.282307000258],[-107.396961000314,39.283560000286],[-107.396754999551,39.285304000047],[-107.396338999625,39.286372999974],[-107.396429000036,39.288437000201],[-107.396147999829,39.289513000123],[-107.396511000052,39.29066300005],[-107.397593000151,39.291377000021],[-107.397684000387,39.291820000172],[-107.39689900039,39.293110999732],[-107.396654000167,39.29391200016],[-107.396954999568,39.294465000244],[-107.398512999867,39.295110000317],[-107.400150999634,39.294454999684],[-107.401764000186,39.293598999995],[-107.403834999598,39.292785999895],[-107.404894999955,39.292723000047],[-107.406776000295,39.293036999686],[-107.408558999827,39.294097999964],[-107.408983000149,39.294005000124],[-107.410240999975,39.292991000331],[-107.412606000013,39.291877000275],[-107.413888000128,39.292733999892],[-107.414986999945,39.293785999653],[-107.417111999784,39.294245999821],[-107.418576000372,39.294834999794],[-107.421167000366,39.296856000303],[-107.422923999959,39.297071000133],[-107.425180000218,39.297811999983],[-107.429583999881,39.29858700024],[-107.431168999945,39.29900499984],[-107.431873999577,39.298973000118],[-107.433494999625,39.298526999697],[-107.43473099971,39.298593999871],[-107.435252000117,39.299249999655],[-107.436810000416,39.299322000113],[-107.437479000063,39.299563999913],[-107.437879999921,39.301003999669],[-107.439137999746,39.301715999942],[-107.439733999598,39.302491000076],[-107.439358999679,39.303455000078],[-107.438038000104,39.305034999762],[-107.437664999836,39.306676000019],[-107.438563999636,39.308046000094],[-107.438799999637,39.309018999717],[-107.440232000439,39.308430000228],[-107.441958000069,39.308547999868],[-107.443617999578,39.308505999701],[-107.444909999739,39.308797999944],[-107.445277999985,39.308519999759],[-107.446791000078,39.306204000152],[-107.44720799983,39.305788000234],[-107.448555000242,39.305676000181],[-107.449654999884,39.304559000303],[-107.450937999824,39.304383000326],[-107.451666999745,39.304527999905],[-107.454497999939,39.306544999783],[-107.456456000271,39.306927000057],[-107.457027999833,39.30803300015],[-107.456936999597,39.309236000108],[-107.45776500015,39.309670000262],[-107.45922899984,39.309685999764],[-107.461018999943,39.312617999939],[-107.461748999689,39.313344000006],[-107.462691999871,39.313793000223],[-107.465056999909,39.314242000338],[-107.465056000084,39.314741999916],[-107.463732999961,39.316087999663],[-107.463239000217,39.31685200027],[-107.463378000134,39.317599999709],[-107.464127000147,39.318745000118],[-107.464117000101,39.320342999893],[-107.465159999841,39.321136999879],[-107.465957000433,39.322120000313],[-107.463414000119,39.324270000319],[-107.462487999656,39.325733000081],[-107.462346000264,39.326443999663],[-107.462697999718,39.326963999758],[-107.461890000155,39.327569999778],[-107.46004300015,39.328156000279],[-107.458388999591,39.328521000026],[-107.457661000393,39.328972999845],[-107.455457999838,39.329392999813],[-107.45347500029,39.32884300027],[-107.450818999998,39.330034000136],[-107.45030900036,39.332127999979],[-107.449998000016,39.332663999999],[-107.447709000145,39.334061000282],[-107.446873999919,39.334328000164],[-107.445510999613,39.335263000316],[-107.444091000304,39.337004999832],[-107.443413000437,39.338504999945],[-107.442905000449,39.339083000305],[-107.441569999732,39.339913000308],[-107.440384999701,39.340368999812],[-107.439668000374,39.340337000249],[-107.43853900042,39.341018999976],[-107.438270999733,39.342240000124],[-107.438873000331,39.343281999904],[-107.437474999865,39.345135999948],[-107.436761999837,39.346386000332],[-107.4355890004,39.346940000117],[-107.434017999682,39.346803999895],[-107.432271000135,39.347209999775],[-107.430513999644,39.348222000326],[-107.430166000388,39.349596999655],[-107.430402000389,39.353779999873],[-107.430317999825,39.354280999731],[-107.42913399962,39.355383000341],[-107.42880700028,39.356192999729],[-107.428777999967,39.357436000289],[-107.429075000068,39.358287000164],[-107.429105000206,39.359883999733],[-107.428649999921,39.360533999669],[-107.4284580003,39.362480000188],[-107.428858000333,39.363306999786],[-107.429817000408,39.364006000052],[-107.430948999837,39.366177999779],[-107.473367000192,39.366224999701],[-107.491627000175,39.36626300034],[-107.50060899958,39.366109999672],[-107.550707000031,39.366045999797],[-107.552343000148,39.366091999735],[-107.559568999785,39.366129999751],[-107.607256999992,39.366148999751],[-107.625613000234,39.366372999769],[-107.673918000209,39.366236999869],[-107.713337999966,39.366129999751],[-107.750616000166,39.366243999676],[-107.753512999583,39.366244999748],[-107.787603000112,39.366250000105],[-107.810931000281,39.36625300032],[-107.852495000143,39.36626300034],[-107.869975000151,39.366266999931],[-107.875621999572,39.36629699998],[-107.884137999719,39.366195000316],[-107.909782000421,39.366195999694],[-107.954085000415,39.366253999697],[-107.985184999843,39.366186999737],[-107.990410000388,39.366130999824],[-108.000627000051,39.366268000002],[-108.006870000222,39.366174000183],[-108.017599999897,39.366199999983],[-108.030714999701,39.366159999859],[-108.038313999607,39.366199999983],[-108.053554000148,39.366197999838],[-108.060157999994,39.366172000037],[-108.065808999612,39.366195000316],[-108.07184199972,39.366160999932],[-108.075953000379,39.366189999954],[-108.089872000448,39.366144000081],[-108.10601500009,39.366150999897],[-108.113874000286,39.366233999653],[-108.11948700027,39.366202000127],[-108.125633000356,39.366247999962],[-108.135713999577,39.366192000099],[-108.150966999639,39.36623799994],[-108.152735000001,39.366198999911],[-108.166085999807,39.366205999722],[-108.170168999979,39.366264999788],[-108.202236999703,39.366162000005],[-108.212231999608,39.366172000037],[-108.220149000429,39.366247999962],[-108.230445999561,39.36638599998],[-108.240878000208,39.366571000109],[-108.248745999727,39.366614000197],[-108.250637000112,39.366361000319],[-108.258359999866,39.366206999794],[-108.266299000428,39.366329000157],[-108.294950000153,39.366269000073],[-108.338747999634,39.366179999924],[-108.36773999984,39.366121999859],[-108.375643000417,39.366635000198],[-108.378852000004,39.36657400031],[-108.382802000106,39.366395999981],[-108.392005000342,39.366543000313],[-108.402353000425,39.366358000109],[-108.408243000418,39.366453999818],[-108.409606999651,39.365982999939],[-108.428537999828,39.366053000318],[-108.447318000393,39.366027999843],[-108.466016000044,39.365951000298],[-108.485430000096,39.365985000089],[-108.491785000419,39.366109000293],[-108.496990999799,39.366100000325],[-108.500647000173,39.366016000334],[-108.527053000408,39.366193000171],[-108.570171000372,39.366488000059],[-108.568828999982,39.362437999765],[-108.568730000248,39.360949000279],[-108.568922999693,39.360620000305],[-108.568760000385,39.359317999811],[-108.570087999633,39.356690000204],[-108.570041999602,39.356050000016],[-108.570612000413,39.355169000027],[-108.569745000399,39.354412999719],[-108.569510000223,39.353715999814],[-108.569803000126,39.353023999817],[-108.569242000434,39.352493000263],[-108.569068000357,39.351444999964],[-108.569700000193,39.350766000044],[-108.569711000064,39.350107000277],[-108.569273000396,39.349425999929],[-108.569259000152,39.348583999936],[-108.568630999615,39.348158000039],[-108.568283000359,39.347359999829],[-108.568933999564,39.347127000339],[-108.569451999598,39.346382999958],[-108.569321999902,39.345881000073],[-108.570354999596,39.345494000174],[-108.570121999968,39.345103999788],[-108.570388999931,39.344186000293],[-108.569926999974,39.343586999774],[-108.569986000424,39.342982999742],[-108.570501999909,39.3428409998],[-108.570443000358,39.341782999898],[-108.569326999924,39.341767000094],[-108.569752999897,39.34144199973],[-108.569043000242,39.340568999705],[-108.569423000184,39.339351000223],[-108.569276999696,39.338181000173],[-108.569825999692,39.337803999945],[-108.569981000401,39.336297999854],[-108.570654000245,39.336004999941],[-108.570265000083,39.334494000154],[-108.569701000018,39.334278999957],[-108.570215999679,39.33289099994],[-108.57011600012,39.331550999662],[-108.571235000028,39.330179999956],[-108.570336000228,39.329833999983],[-108.570385999558,39.328066000295],[-108.570127999816,39.327483000225],[-108.570193000113,39.32611199998],[-108.569360000435,39.325445000173],[-108.56793600003,39.323429000268],[-108.568433000147,39.322016000072],[-108.568736000096,39.319916000199],[-108.568103000434,39.317916999855],[-108.567397000079,39.317689999956],[-108.567453999981,39.316328999781],[-108.566597000013,39.315055000065],[-108.56722899985,39.314691999772],[-108.567316999713,39.314201000235],[-108.568245999651,39.314247999673],[-108.568244000001,39.313635000087],[-108.56597900042,39.313413000163],[-108.565842999978,39.313033000125],[-108.566945000168,39.312079000124],[-108.567920999961,39.311872999826],[-108.567776000196,39.311180999833],[-108.56829400023,39.31052399979],[-108.568389999591,39.309832999845],[-108.56937200013,39.309665000026],[-108.569256999604,39.308544999956],[-108.570527000024,39.30692299985],[-108.570764999675,39.306364999696],[-108.571436999695,39.306125000249],[-108.572252999654,39.305237999978],[-108.572565999649,39.303942999837],[-108.5735809998,39.303595000214],[-108.573528999922,39.302629000177],[-108.574031000062,39.301714000038],[-108.574879999634,39.300794000275],[-108.575482000231,39.300468000332],[-108.575083000023,39.299472000019],[-108.575360999858,39.299173000223],[-108.576426000238,39.299381999975],[-108.576899999891,39.299218000046],[-108.577017000066,39.298137000126],[-108.577879999882,39.298046000099],[-108.577890999752,39.297233000194],[-108.578366999953,39.296332000146],[-108.577335999909,39.294071000046],[-108.575950000037,39.291622000112],[-108.575315999652,39.290956999857],[-108.574749999937,39.28879700034],[-108.574770999854,39.287462999724],[-108.575050000411,39.286028999932],[-108.57542500033,39.285181000261],[-108.576849999662,39.284500000334],[-108.57745200026,39.283991999999],[-108.577744000338,39.282916999953],[-108.57755900039,39.281879000135],[-108.576991000127,39.281513999736],[-108.575473000011,39.281626000202],[-108.574041999933,39.281904999999],[-108.569998000119,39.281365000192],[-108.56851199979,39.280437000087],[-108.568678000369,39.279664999656],[-108.569666999683,39.278818999984],[-108.57078800014,39.278139999974],[-108.571993000262,39.277158999862],[-108.571719999552,39.276054000134],[-108.571888999606,39.275583000322],[-108.573010000063,39.274904000241],[-108.574592999578,39.272679000255],[-108.574071000245,39.272648999669],[-108.572588000289,39.272057000088],[-108.572013000353,39.271055000148],[-108.572384999899,39.269374999735],[-108.572158999943,39.268538999692],[-108.570171000372,39.269290999666],[-108.568823000134,39.269133999995],[-108.56786200041,39.26853700023],[-108.566444999677,39.26998999966],[-108.565822000061,39.268552000014],[-108.56405200005,39.269436999656],[-108.56319900028,39.270266999792],[-108.563157000447,39.271263000331],[-108.562555999674,39.272248000343],[-108.561734999692,39.27279600033],[-108.561565999637,39.273540999775],[-108.561791999593,39.27475599984],[-108.561014999992,39.275437999904],[-108.559022000397,39.276237000176],[-108.557021000407,39.276365000203],[-108.555448000039,39.275782999781],[-108.554194000411,39.276639000279],[-108.552682000142,39.277904000202],[-108.552518999936,39.279392000212],[-108.55187399968,39.280207999787],[-108.550574999847,39.280963999991],[-108.550103999669,39.281746000303],[-108.549937999987,39.282828000059],[-108.549357000204,39.283729000043],[-108.548414000023,39.283227000282],[-108.547446999552,39.284233000088],[-108.546996000364,39.283362999683],[-108.547289000267,39.282088000056],[-108.547798999905,39.280877000201],[-108.547918999555,39.279634999975],[-108.546820999563,39.278135000267],[-108.546157999764,39.276731000273],[-108.546279999963,39.275757999706],[-108.546955000356,39.273608000212],[-108.547942999845,39.272360000323],[-108.548367000167,39.271183999946],[-108.548699000428,39.269437999721],[-108.549687999742,39.268324999976],[-108.550645000167,39.268384999968],[-108.552068999674,39.267435999824],[-108.552583000408,39.266527000166],[-108.552487999974,39.265622999751],[-108.552743000242,39.265018000347],[-108.553698999943,39.26487600002],[-108.554346999674,39.264502999671],[-108.554642000125,39.263628999866],[-108.555806000239,39.262614999879],[-108.557276999602,39.26196699981],[-108.557525000197,39.260524000121],[-108.558280999882,39.257768999886],[-108.558102999607,39.257266999838],[-108.556990000445,39.258382999877],[-108.556084000073,39.258759000059],[-108.555258999893,39.258597000039],[-108.555032999937,39.257527000345],[-108.552590999906,39.256069000017],[-108.552026999841,39.25600599984],[-108.55073499968,39.256720999948],[-108.55003900027,39.256457999874],[-108.549337999938,39.255725000035],[-108.547947999868,39.255365999935],[-108.547080999854,39.255373999978],[-108.546176000206,39.255816000097],[-108.546669000126,39.257052999789],[-108.546542999729,39.257423000119],[-108.544248999836,39.257708999848],[-108.543739000198,39.258585000177],[-108.544398999623,39.259217000307],[-108.543276000415,39.259728000053],[-108.543292000309,39.260935999731],[-108.541001999715,39.261589999963],[-108.540360999658,39.262401000158],[-108.539410999804,39.262708999829],[-108.536979999643,39.262524999764],[-108.536410999556,39.262059999763],[-108.53689199978,39.258199999811],[-108.536627000364,39.257833000102],[-108.535760000351,39.257906000245],[-108.533515999788,39.259162999999],[-108.532345999826,39.259272000088],[-108.530739000021,39.259150000022],[-108.527819999964,39.258064000255],[-108.526815999683,39.2574670001],[-108.525891999768,39.25633399997],[-108.526046999579,39.254454999699],[-108.526636999583,39.252806999936],[-108.52925500024,39.24997899978],[-108.529314999616,39.249338000163],[-108.528851999833,39.249092999672],[-108.526527999803,39.249303000344],[-108.523361999873,39.250751000308],[-108.521976000001,39.250995999876],[-108.520627999764,39.250803999807],[-108.518215000045,39.249678000179],[-108.517573999988,39.249005999965],[-108.518076999953,39.248083000311],[-108.516094000404,39.247983999761],[-108.514812000289,39.247525999877],[-108.5142470004,39.246045999862],[-108.513315000089,39.245496999726],[-108.513040999554,39.244656999857],[-108.512202000028,39.244344999887],[-108.512063999936,39.243833000302],[-108.512628999826,39.242849000073],[-108.513621000411,39.241902999991],[-108.513833999948,39.241423000258],[-108.513269999883,39.240743999721],[-108.513544000418,39.238005000047],[-108.51426199957,39.237005000066],[-108.515956000312,39.236845000249],[-108.516733999738,39.23585299992],[-108.516306999941,39.235463999875],[-108.514612000273,39.235028999925],[-108.51397200004,39.234204999993],[-108.512490999733,39.23413599972],[-108.511713000307,39.233144999943],[-108.510584000353,39.233358000005],[-108.508814000341,39.232976999859],[-108.507394999959,39.23343500011],[-108.506266000005,39.232664000233],[-108.503640999675,39.233038000073],[-108.502649999813,39.23353400032],[-108.501032000138,39.233189999736],[-108.499385999975,39.233032999932],[-108.499195000179,39.231617999988],[-108.498450000364,39.230865000279],[-108.498587999558,39.230144999937],[-108.498009000323,39.229496999714],[-108.498055000354,39.228487000016],[-108.497683999735,39.227717999981],[-108.497656000146,39.226934000233],[-108.498142000393,39.22639799993],[-108.497831999873,39.224847999868],[-108.495303999628,39.225207000299],[-108.494630999783,39.224744999902],[-108.493909000433,39.223506000275],[-108.494516000156,39.222354999857],[-108.494577000255,39.220476000269],[-108.495215999764,39.219344999874],[-108.495220999787,39.218222000153],[-108.494217000405,39.2174109999],[-108.493029999826,39.217739999669],[-108.49130699967,39.217372999823],[-108.490393999626,39.216934000008],[-108.488514999835,39.216421000013],[-108.487965000014,39.216081000284],[-108.487472000094,39.214672999958],[-108.487200000108,39.212756000293],[-108.487620000232,39.21186000009],[-108.487068999688,39.209708000074],[-108.486282999866,39.208945999882],[-108.485892000053,39.20790299982],[-108.486135999552,39.206924999872],[-108.485681000166,39.206502999835],[-108.48391000033,39.207260000194],[-108.482602000275,39.207103000163],[-108.481442000359,39.206268000038],[-108.481086999633,39.20663899982],[-108.480443999926,39.206168999654],[-108.480409999591,39.204722000106],[-108.478770999999,39.203958000202],[-108.477888000092,39.203883999998],[-108.477271000324,39.202491999765],[-108.47646500041,39.201656999818],[-108.475790999842,39.201323999907],[-108.475730999568,39.200815999692],[-108.475152000333,39.200224000025],[-108.474527000169,39.200513999761],[-108.475154999808,39.197648000194],[-108.476518999938,39.192229000106],[-108.472085000138,39.192550999713],[-108.470089999995,39.191955000217],[-108.468819999576,39.191128000065],[-108.468427999938,39.189683000148],[-108.468821000299,39.187929999671],[-108.469321999716,39.187430000221],[-108.470391000294,39.187585999819],[-108.470901999757,39.187247000292],[-108.470801000373,39.186713000309],[-108.47008900017,39.18551499968],[-108.470074000101,39.184496999767],[-108.468746999781,39.181679999821],[-108.46805499967,39.180910999662],[-108.467277000243,39.180682000236],[-108.466929999913,39.179332000232],[-108.466968000446,39.178030000328],[-108.466153000312,39.176815000157],[-108.464733999929,39.175697000145],[-108.464470000339,39.174572000285],[-108.463666999899,39.173059000188],[-108.463508999716,39.171433000127],[-108.463640000135,39.170132000291],[-108.46398800029,39.169081999972],[-108.462702999802,39.168318999907],[-108.461557999954,39.166714999826],[-108.459792999965,39.164545000018],[-108.45982899995,39.163598999991],[-108.459064000044,39.160695000165],[-108.458132999559,39.160061999938],[-108.456308000194,39.159492000085],[-108.454949999911,39.158915000148],[-108.453990999836,39.157610999916],[-108.453491000244,39.155920000019],[-108.450489000346,39.153900000147],[-108.448197000102,39.15328000017],[-108.445876000445,39.152441000051],[-108.442302000086,39.150703000203],[-108.440282999654,39.149371999748],[-108.436894999967,39.147891999692],[-108.435073000077,39.147013999897],[-108.431594000153,39.145162000197],[-108.427914000388,39.142031999713],[-108.426714000288,39.141189000062],[-108.425388999617,39.140578999791],[-108.424667000267,39.139670999743],[-108.422284999612,39.138461000169],[-108.420887000044,39.137956000199],[-108.416382999923,39.135729000263],[-108.415628999888,39.135056000045],[-108.41248300005,39.133075000208],[-108.411822999726,39.13232900006],[-108.411484999617,39.131350000147],[-108.411807999657,39.12945100024],[-108.412050000405,39.128852999753],[-108.411742000433,39.12633799978],[-108.411104999676,39.124979999782],[-108.410081000202,39.124620000135],[-108.408898999646,39.124480000202],[-108.406701000012,39.124620000135],[-108.404346999844,39.125315999697],[-108.402212999785,39.126335999752],[-108.401590000169,39.126424000231],[-108.398230999895,39.127473000212],[-108.396330000363,39.127596999837],[-108.395355000394,39.127498000154],[-108.394086999625,39.127735999853],[-108.391710999715,39.127641000348],[-108.390195999972,39.127450000258],[-108.389479999571,39.127545000021],[-108.387062999654,39.127028999768],[-108.386451999734,39.126784999725],[-108.384367999903,39.126415000116],[-108.38272000009,39.125990000332],[-108.381266000446,39.126162999906],[-108.377924999716,39.125911000188],[-108.375641999694,39.125991999673],[-108.37452399961,39.126377000314],[-108.373124000393,39.126527000075],[-108.371633999865,39.126150999708],[-108.36930900001,39.125217000293],[-108.366240000165,39.124534000269],[-108.36457599956,39.124022999796],[-108.36271500021,39.123179999875],[-108.358133000271,39.121954000052],[-108.356201999703,39.121208999974],[-108.351601000396,39.119688000009],[-108.349032999968,39.119015999946],[-108.347731999586,39.118925999731],[-108.346594000309,39.119095000156],[-108.344949999796,39.119981999894],[-108.342942999958,39.120601999741],[-108.341660999843,39.120834999978],[-108.339016000321,39.120953000292],[-108.335774000223,39.12052199973],[-108.334051999892,39.11980799967],[-108.33149000021,39.119341999995],[-108.330444999922,39.11949099999],[-108.32789599976,39.120611999997],[-108.326321999567,39.121615999967],[-108.325108000122,39.122878000287],[-108.325124999841,39.123710999825],[-108.325700999601,39.124979999782],[-108.328359000441,39.127580999897],[-108.328653000169,39.129036999693],[-108.328624999681,39.130693999772],[-108.328253000136,39.132317000215],[-108.327111999588,39.133465999931],[-108.32243900031,39.135488000052],[-108.32251499958,39.135035000257],[-108.323724999725,39.132456999902],[-108.324130999606,39.131909000099],[-108.323250000247,39.131414999883],[-108.321065000134,39.131481000197],[-108.319295999947,39.131881999762],[-108.317216000314,39.131848999801],[-108.315890999643,39.131432000287],[-108.314277000165,39.131273000328],[-108.313226999854,39.131372000279],[-108.310824000181,39.131157999718],[-108.309710000295,39.131608000247],[-108.308651999588,39.131601999915],[-108.308018000101,39.131224000273],[-108.307468000281,39.131343999793],[-108.305918000377,39.130900000059],[-108.303852999914,39.131048000049],[-108.30243600008,39.1309709999],[-108.301752000365,39.130635999738],[-108.300046999752,39.130235000046],[-108.299383999953,39.12969100024],[-108.298721999979,39.129536999678],[-108.298538999681,39.129071000251],[-108.297572999934,39.129223999768],[-108.297050999702,39.128845999905],[-108.295092000443,39.128965999993],[-108.293866000404,39.128587000157],[-108.293562999557,39.128274000207],[-108.291836000102,39.127932999812],[-108.291378000342,39.127428000295],[-108.290278999627,39.127087999988],[-108.289496000178,39.127241000329],[-108.289151000396,39.126758000211],[-108.288009999848,39.126176000119],[-108.287150000406,39.126038999848],[-108.286895999963,39.125395999839],[-108.286135000254,39.125517000256],[-108.285495000022,39.124861999942],[-108.285319000295,39.123565999909],[-108.284234999648,39.121836000021],[-108.283636000322,39.12167100022],[-108.282960000104,39.120897000085],[-108.282375000123,39.119755000269],[-108.28019199966,39.118245000301],[-108.279671000151,39.117206999689],[-108.278938000032,39.116960000032],[-108.278789999894,39.116498999713],[-108.27756499968,39.115356000229],[-108.276579999666,39.113291999959],[-108.275714000376,39.112330999964],[-108.274981000257,39.112143999653],[-108.274474000094,39.111123000204],[-108.274883000348,39.110946999942],[-108.274474999919,39.11014600019],[-108.274608999813,39.109394000336],[-108.274243000115,39.108750999667],[-108.272538000401,39.108250999924],[-108.272497000393,39.107504999662],[-108.272052999979,39.106813000274],[-108.271376999761,39.106400999725],[-108.269990000064,39.104929000329],[-108.269081000218,39.104660000057],[-108.268413000397,39.103539000014],[-108.267334999598,39.102705000054],[-108.266152000115,39.102412999897],[-108.262961000072,39.101945000189],[-108.26179100011,39.101999000099],[-108.261006999937,39.103268999673],[-108.258415000118,39.103244000196],[-108.257346000438,39.102139999748],[-108.257445000172,39.100713000187],[-108.256173000103,39.097907000001],[-108.255356000318,39.097340999858],[-108.254799999751,39.096221000303],[-108.253562000017,39.094985000231],[-108.252520000102,39.094221000324],[-108.250878999962,39.093567000301],[-108.249545999793,39.092847000298],[-108.248959999987,39.091874999789],[-108.246670000292,39.091108000204],[-108.245916000256,39.09060300031],[-108.245005999687,39.089380000106],[-108.244844000204,39.088682000103],[-108.24379999974,39.087036000045],[-108.242222000247,39.086179999821],[-108.240143000439,39.084808999742],[-108.238881000416,39.08314100011],[-108.238148000297,39.08277299993],[-108.23702699984,39.081230999814],[-108.235034000246,39.08148400027],[-108.233788000116,39.081505999933],[-108.231597000155,39.081760000049],[-108.229976999931,39.081737999768],[-108.229231000291,39.081931000227],[-108.228083000071,39.08258400013],[-108.226076000232,39.082991000041],[-108.225456000091,39.083281999814],[-108.224216999634,39.084363999716],[-108.223399999849,39.084440999896],[-108.222573999844,39.083688999881],[-108.223183999939,39.082706000077],[-108.224013000318,39.080835999759],[-108.224225999855,39.079955000244],[-108.225174000059,39.078406999921],[-108.225491000251,39.077564999715],[-108.225562000397,39.076235000021],[-108.226363000288,39.074022999958],[-108.226965999812,39.071712999755],[-108.228575000165,39.068994000218],[-108.23018000032,39.067442000143],[-108.232897999638,39.065493999795],[-108.235522000142,39.064068999884],[-108.238257000077,39.063247999749],[-108.240391999961,39.063004000015],[-108.245410999743,39.062863999764],[-108.247492000099,39.062661000058],[-108.249187999593,39.061695000049],[-108.2503679996,39.060131000342],[-108.250336999638,39.059471000063],[-108.249702000327,39.057115000263],[-108.248907000284,39.055926000201],[-108.249478999846,39.055535],[-108.251834999663,39.055028999769],[-108.253259999894,39.054312999852],[-108.255141000233,39.053919999799],[-108.255666999765,39.053653999949],[-108.254752000071,39.052198999762],[-108.254458000343,39.051000999965],[-108.253678000368,39.049706999787],[-108.253695000087,39.048507999855],[-108.252023999809,39.0471929999],[-108.250664999701,39.046569000172],[-108.249094999706,39.046606999738],[-108.247989000217,39.046855999751],[-108.246382000412,39.046902999663],[-108.244989999793,39.046163999722],[-108.242965000412,39.045417999964],[-108.242455999701,39.044765000136],[-108.240883000231,39.043859999872],[-108.239235000418,39.0426910002],[-108.237595999928,39.042068000286],[-108.23506100001,39.041828999709],[-108.232859000178,39.041019999877],[-108.232166000242,39.040506000228],[-108.250636000287,39.040473000051],[-108.268378000237,39.040401999765],[-108.268481999994,39.010592000132],[-108.268475000321,39.000447999726],[-108.26841800042,38.999947000086],[-108.268542000268,38.991630999812],[-108.268531000397,38.98877500025],[-108.268599999994,38.975563999766],[-108.268528000024,38.97194299978],[-108.268599999994,38.969698999663],[-108.261718000315,38.969815000307],[-108.250894999855,38.969759000285],[-108.242234999768,38.970486999917],[-108.22393700015,38.970455000013],[-108.21256399987,38.970365000295],[-108.212757000213,38.964710999687],[-108.212732000099,38.963183999655],[-108.212927999918,38.956757000248],[-108.225417999558,38.956403999725],[-108.230756999905,38.956367999836],[-108.230258999963,38.928211000325],[-108.230135000114,38.917840999857],[-108.230283000252,38.910317000347],[-108.230419999622,38.90097900015],[-108.230403999728,38.877773000039],[-108.212014999873,38.88369900024],[-108.210423000137,38.884183999805],[-108.201315000336,38.887191000269],[-108.183097000186,38.893238999872],[-108.17698799991,38.895314999741],[-108.176151999858,38.897275000143],[-108.175330999876,38.89779700004],[-108.174208999594,38.898155999985],[-108.170523999806,38.898314000158],[-108.169525000447,38.89910300021],[-108.16861800025,38.900749999719],[-108.167419999801,38.901809000189],[-108.166310000113,38.902245000251],[-108.164997000036,38.902279999963],[-108.1632260002,38.902129999875],[-108.159420000038,38.901053000342],[-108.157537999873,38.900986999929],[-108.155485000004,38.901484000239],[-108.153187999738,38.901167999665],[-108.152478000083,38.901267999715],[-108.150694999653,38.902668000314],[-108.149093999696,38.905566000082],[-108.146952999963,38.907470999962],[-108.144773999698,38.907476000153],[-108.141762999579,38.906377000287],[-108.140723000212,38.906845999862],[-108.140323000178,38.908767000247],[-108.141811000158,38.911925000293],[-108.142710999783,38.912701999939],[-108.144202000135,38.914887000016],[-108.144833999972,38.916402000247],[-108.144397999954,38.918530000209],[-108.143277000396,38.91952499998],[-108.140616000081,38.920623000221],[-108.140282999996,38.921461000089],[-108.140498999906,38.922951000056],[-108.140922000403,38.924173000247],[-108.140481000362,38.925157999871],[-108.139085000444,38.925925000115],[-108.137741000405,38.926051999652],[-108.136629999994,38.925703000218],[-108.134945000372,38.924893000068],[-108.133393999745,38.923962000002],[-108.132597000052,38.922902000045],[-108.130657000161,38.922304999799],[-108.129538000252,38.922570000183],[-108.127414000238,38.923834000131],[-108.125578999929,38.924054000117],[-108.122971000217,38.92559199966],[-108.120792999776,38.927208999788],[-108.118945999771,38.92902399967],[-108.11753599961,38.931854999843],[-108.114491000054,38.934484999874],[-108.113268000389,38.935788000279],[-108.11078500035,38.937557000051],[-108.109608999642,38.938904000004],[-108.107970999874,38.941009999902],[-108.104414000133,38.945925000246],[-108.104000999681,38.946782999695],[-108.103076999766,38.947806999726],[-108.102270999852,38.949179999837],[-108.10102700027,38.950005999652],[-108.10007099967,38.95135599972],[-108.097640000408,38.953563999728],[-108.09546699999,38.954532000113],[-108.095365999708,38.95485900021],[-108.095832999688,38.956044000013],[-108.095564000074,38.956763000081],[-108.093449000281,38.957458999661],[-108.092978999928,38.958065999716],[-108.091465999834,38.959366999969],[-108.089771999991,38.96020500029],[-108.08876400041,38.962231999828],[-108.087304999845,38.963180000128],[-108.087525999778,38.964814000211],[-108.087202999738,38.96535400001],[-108.086820000321,38.96689599995],[-108.086859999606,38.967803999674],[-108.08857400044,38.970073999748],[-108.09037200004,38.971611999857],[-108.090695999905,38.972432000201],[-108.091100999961,38.974312999654],[-108.092048000341,38.976180000164],[-108.092891999889,38.977275000209],[-108.09413600037,38.978547999981],[-108.09478599975,38.979684000342],[-108.094662999726,38.980021000205],[-108.09344000006,38.980584000349],[-108.091059999953,38.980791999741],[-108.089816000372,38.981130999872],[-108.086919000056,38.982982000167],[-108.085652000009,38.985160000142],[-108.083547000262,38.986917999827],[-108.082881999915,38.987287000162],[-108.081738999717,38.989407999949],[-108.079711999787,38.991128000214],[-108.077918000385,38.992084999654],[-108.076164000267,38.992618000177],[-108.073841999886,38.994192000298],[-108.072989999941,38.995035000122],[-108.069962999929,38.996592000154],[-108.067269999827,38.999986999708],[-108.06626899992,39.00085100027],[-108.064505999581,39.004149999957],[-108.063111000386,39.004996999777],[-108.06142699969,39.00530300002],[-108.059651999656,39.006717999815],[-108.055972999715,39.010571999831],[-108.055595000322,39.011436999802],[-108.054538000338,39.013168000337],[-108.053779000279,39.014051999776],[-108.050360999556,39.015133000324],[-108.049497999741,39.014651000333],[-108.048707999721,39.013193999842],[-108.048537000016,39.012460000321],[-108.047801000423,39.011452000019],[-108.046796000317,39.01224399997],[-108.04573599996,39.012298999657],[-108.044457000218,39.01209800029],[-108.043569000288,39.012922999782],[-108.043320999693,39.013866000211],[-108.041918999927,39.014299000324],[-108.038296999888,39.015726999866],[-108.036119000346,39.017179999852],[-108.035884999994,39.017934000255],[-108.035802999978,39.020603000159],[-108.035074000057,39.021640000035],[-108.034178999557,39.023393000293],[-108.032950000043,39.024641000234],[-108.032528000269,39.025579999831],[-108.032004000387,39.027368000167],[-108.030127000245,39.02884000031],[-108.028085000247,39.029704000133],[-108.025753999646,39.029765000124],[-108.023029999582,39.030889],[-108.02170300016,39.032535999709],[-108.020705999552,39.033264999772],[-108.019364999885,39.033515999927],[-108.015930000342,39.036117999653],[-108.013116999692,39.037344000134],[-108.012277000341,39.038230999723],[-108.00948799998,39.03974399969],[-108.004278000403,39.041914999989],[-108.002300999804,39.043236000004],[-108.001391999958,39.044133000217],[-108.000637999922,39.045441000171],[-107.996692999843,39.047758000105],[-107.995167000229,39.048562999932],[-107.99101899976,39.050463000033],[-107.987204000275,39.052876000166],[-107.983825999735,39.058249999953],[-107.9821729999,39.059878000058],[-107.979914000166,39.060259999733],[-107.972614999837,39.06121199997],[-107.964300000429,39.059659000124],[-107.963106000178,39.05986000027],[-107.959228999871,39.060256000113],[-107.957186000047,39.060038000214],[-107.956842000091,39.059820999902],[-107.952675000254,39.059646999764],[-107.951220999711,39.059702000235],[-107.949500999928,39.060303999731],[-107.9468110002,39.060625000091],[-107.945226000136,39.060592999797],[-107.941793000243,39.060842000024],[-107.938885000056,39.061771000322],[-107.936874999845,39.062064999709],[-107.933201999753,39.062094000047],[-107.933065000384,39.062404000273],[-107.93013999958,39.062378000036],[-107.928558999714,39.062697000292],[-107.927329000376,39.06259299972],[-107.924880999599,39.063177000036],[-107.922938000233,39.0634239998],[-107.919296999928,39.063678000137],[-107.918107999699,39.064005000311],[-107.91669199969,39.063832999732],[-107.913403999562,39.062564000284],[-107.911672000083,39.062598000127],[-107.910512000167,39.062203999923],[-107.909547000244,39.061515999862],[-107.909044000279,39.060547000177],[-107.907414999834,39.060533000165],[-107.906810999587,39.060729000074],[-107.903530000029,39.062999000335],[-107.900663999676,39.065520999761],[-107.899707000149,39.065859999771],[-107.897295000255,39.06621799998],[-107.895608000084,39.0662240003],[-107.893140000113,39.06579800008],[-107.888178000233,39.066812999979],[-107.886929999555,39.067384999817],[-107.886215999702,39.068284999923],[-107.884653000278,39.069081000329],[-107.883089000131,39.069560999905],[-107.881744000267,39.070576000091],[-107.880170000074,39.071101999707],[-107.87562599977,39.070763999871],[-107.875045999812,39.071274000009],[-107.874814000008,39.072386999713],[-107.873252000409,39.073480000062],[-107.869981999824,39.074930000124],[-107.86905600026,39.074312999704],[-107.86756999993,39.074439000218],[-107.867071000163,39.074676999878],[-107.866475000311,39.076231999938],[-107.865230999831,39.07661399968],[-107.862618000095,39.078876000331],[-107.861854999839,39.077724000221],[-107.86144300011,39.077554000315],[-107.860874999848,39.078658000057],[-107.859499999846,39.079818000074],[-107.858555000015,39.080165000223],[-107.857205999953,39.079387999689],[-107.856404000237,39.077262999929],[-107.855327000162,39.076649999772],[-107.854214999926,39.077173000098],[-107.853359999608,39.078311000167],[-107.85210799963,39.078522000153],[-107.851228000097,39.078174000291],[-107.849935000111,39.078232000271],[-107.848902000416,39.077825000102],[-107.847343000292,39.078143000282],[-107.846719999778,39.077599000002],[-107.845898999795,39.077312999863],[-107.843168999884,39.076956000158],[-107.841793000057,39.076666000116],[-107.840561000171,39.076768000137],[-107.840009999627,39.077168000027],[-107.83847899999,39.076737000208],[-107.836821999956,39.075759999982],[-107.835534999818,39.075368000101],[-107.834610000079,39.074507000303],[-107.83392299999,39.074371000069],[-107.832126000215,39.073360000338],[-107.829735000237,39.07283300004],[-107.828156000021,39.071763000135],[-107.825837000013,39.07157600032],[-107.82243900028,39.070424000289],[-107.820400999582,39.070906000004],[-107.819332999727,39.070788000297],[-107.818975000425,39.06962500002],[-107.815950000062,39.068257000176],[-107.813461000176,39.067262999882],[-107.811895000378,39.066832000247],[-107.809049999941,39.066486999726],[-107.806711999667,39.065516000259],[-107.802129999728,39.064787999787],[-107.801333000035,39.063618000338],[-107.798705000231,39.06291599987],[-107.797452000428,39.062802000232],[-107.79374699965,39.061449000053],[-107.792277000112,39.060511000241],[-107.789876999914,39.057956000025],[-107.788943999778,39.056276000173],[-107.786878000389,39.056325000017],[-107.786341000089,39.056193999789],[-107.784280999649,39.054621999726],[-107.783379000374,39.053733000151],[-107.782359000199,39.053639999966],[-107.781702000248,39.05309799988],[-107.780097000093,39.052549999735],[-107.779452999663,39.052024999678],[-107.77720300015,39.048861999883],[-107.776215999588,39.047859000311],[-107.774582000019,39.047420000123],[-107.773967999725,39.047084000102],[-107.771689999726,39.044668999974],[-107.771084999653,39.043693000106],[-107.770400000113,39.043582999999],[-107.768948000119,39.043977999936],[-107.767214999917,39.043983000265],[-107.765490000111,39.043294000087],[-107.765059000116,39.04468300034],[-107.764071999554,39.045444999933],[-107.763942999682,39.046294999719],[-107.763043999882,39.047225999729],[-107.761499999826,39.047632000103],[-107.758691000272,39.04787899983],[-107.757821999711,39.049313999914],[-107.756751000381,39.049393000087],[-107.756076999813,39.049895000032],[-107.756400999678,39.052293000119],[-107.755609000008,39.053897999907],[-107.753880000004,39.054308000254],[-107.751653000058,39.054395999967],[-107.750597999724,39.053988999764],[-107.747390999787,39.055928999752],[-107.746250999962,39.057218000237],[-107.745563000049,39.057647999685],[-107.743890000121,39.057705999793],[-107.742485999808,39.059341999928],[-107.744880999983,39.0597269998],[-107.744115000252,39.060232000291],[-107.744676999769,39.060722999986],[-107.744398999934,39.062189000014],[-107.743945000373,39.062703999735],[-107.743392000179,39.062744000125],[-107.741880999735,39.064022999739],[-107.737988000433,39.06615999989],[-107.737004000244,39.065516000259],[-107.735023000345,39.066274999854],[-107.734261999738,39.064832999942],[-107.732968999753,39.063051999858],[-107.732216000441,39.063006999963],[-107.731387999887,39.065206999933],[-107.730755000225,39.065887999771],[-107.729149000245,39.066195999735],[-107.723055000038,39.065185000071],[-107.72162399996,39.065254999673]]]},"properties":{"geoid":"08077001800","county_fips":"08077","designated":true}},{"type":"Feature","geometry":{"type":"Polygon","coordinates":[[[-103.185952000367,40.618312999907],[-103.188464999645,40.61872200007],[-103.189687000384,40.619117999926],[-103.19904899973,40.622978999933],[-103.204218000198,40.625179000284],[-103.208447999784,40.619420999728],[-103.208328000133,40.618917999679],[-103.209421999927,40.617441999922],[-103.209766999709,40.617457999718],[-103.211234999597,40.61558999978],[-103.211365000191,40.621118000144],[-103.211530000048,40.62562099998],[-103.212827000231,40.624890999853],[-103.216881999916,40.62306199979],[-103.21833599956,40.622691000243],[-103.218324999689,40.622415000312],[-103.220096000424,40.622390000099],[-103.220211999877,40.621776999664],[-103.226892999715,40.618911000263],[-103.226862999578,40.617480999757],[-103.228906000299,40.617422999819],[-103.229834000412,40.61677000029],[-103.229811999772,40.617628000033],[-103.233991000203,40.615797999857],[-103.236391000402,40.614844000077],[-103.240281000229,40.613413000098],[-103.244093000239,40.611691000232],[-103.250504999566,40.609061000257],[-103.254415000383,40.607275000053],[-103.262133000114,40.604022000108],[-103.266219999585,40.60223700016],[-103.271917000133,40.600154999834],[-103.27797799983,40.598200000096],[-103.279008999875,40.597760000297],[-103.290210999553,40.594183000325],[-103.293850000209,40.592898000045],[-103.296846000259,40.591970000138],[-103.305691000294,40.588900000329],[-103.306538000216,40.588717999697],[-103.315744999751,40.585446999739],[-103.315733999881,40.580542999848],[-103.314880000286,40.565484999844],[-103.314968999974,40.564189999947],[-103.312465999844,40.563665000191],[-103.311270999767,40.563625999667],[-103.310824999704,40.563253000258],[-103.31091799959,40.562512000273],[-103.311393999791,40.562139000116],[-103.310955000298,40.561501999889],[-103.311617000272,40.560294000015],[-103.311048000185,40.559053000106],[-103.310401000279,40.558712000201],[-103.308837999957,40.558608000156],[-103.306750999753,40.558914999927],[-103.306153000251,40.559233999716],[-103.305383000322,40.560480000126],[-103.3060369999,40.562034000143],[-103.307591999827,40.563461999855],[-103.30706700012,40.564032999856],[-103.305554999852,40.564274000235],[-103.305395999843,40.566163000278],[-103.304697999884,40.566262000175],[-103.303696999976,40.565338999966],[-103.302127999806,40.564328999928],[-103.300327999657,40.562697999681],[-103.298918000394,40.561088999802],[-103.298485999676,40.560138999982],[-103.298658999928,40.558832000261],[-103.298386000117,40.556274000074],[-103.297760999953,40.555098000145],[-103.296616000105,40.554829000245],[-103.296026000101,40.555108999684],[-103.295701000411,40.556788999711],[-103.294672000016,40.5577449998],[-103.294360999671,40.559529000023],[-103.293791999584,40.560232000318],[-103.29161800024,40.56108199979],[-103.290890999968,40.561685999778],[-103.289946999962,40.563317000116],[-103.289039999766,40.563914999776],[-103.287657000267,40.564502000194],[-103.28646200019,40.564418999949],[-103.285950999829,40.564101000062],[-103.285599000375,40.563348999681],[-103.286167999564,40.561464999753],[-103.285606999873,40.560888999954],[-103.283677000027,40.561535999921],[-103.282115000428,40.561535999921],[-103.280423000234,40.561721999994],[-103.279911999873,40.562028999816],[-103.279919000444,40.562567000049],[-103.280660000061,40.563968000237],[-103.28049400038,40.564477999912],[-103.27893799973,40.565108999953],[-103.27864999985,40.565521000064],[-103.278512999582,40.566865999824],[-103.277267000351,40.567684000147],[-103.276093000191,40.567287999908],[-103.275438999714,40.566403999812],[-103.274337000423,40.565782999792],[-103.270917999875,40.564683999837],[-103.269889000378,40.564831999963],[-103.269974999694,40.565660999749],[-103.269246999598,40.566565999789],[-103.268259999934,40.566752999937],[-103.266180000301,40.566120000236],[-103.265114999921,40.565423000178],[-103.265043999776,40.564978000263],[-103.265513000304,40.563742999807],[-103.264843999759,40.562480000309],[-103.265268999906,40.561886999768],[-103.26671000003,40.560602999871],[-103.266653000129,40.559675000289],[-103.266264999791,40.559174999908],[-103.26481799982,40.558394999665],[-103.264278999869,40.557917000167],[-103.263286000358,40.557609000055],[-103.261177000412,40.557678999678],[-103.260521000286,40.557855000316],[-103.258979999705,40.558842000029],[-103.25825900018,40.559653999808],[-103.258417000364,40.560312999976],[-103.259553999816,40.561593000097],[-103.259250999867,40.561994000241],[-103.258393999899,40.562125000311],[-103.257752999842,40.562799999952],[-103.257808999918,40.563760999706],[-103.258982000253,40.564410000089],[-103.258830999742,40.564853999935],[-103.256777999873,40.565429999736],[-103.255929000302,40.565298000248],[-103.254935999892,40.564578000008],[-103.254914999975,40.563978999683],[-103.256023999838,40.563166999819],[-103.256349000426,40.562119000199],[-103.256062000371,40.561592000298],[-103.254745000096,40.560773000097],[-103.253880999557,40.560870999966],[-103.25244799983,40.561650000225],[-103.25112999973,40.561792000093],[-103.248516999994,40.56143299997],[-103.247600999577,40.560181999772],[-103.247463000383,40.55834800002],[-103.247137999795,40.557178000222],[-103.246266999583,40.556530999768],[-103.245288000316,40.55700900029],[-103.245115999888,40.557947999729],[-103.245304000209,40.559182999955],[-103.244729000274,40.560028999807],[-103.244736999771,40.561000999697],[-103.245629999724,40.561901000306],[-103.244802999894,40.563405999678],[-103.243479999771,40.564235999825],[-103.24364600035,40.564713000174],[-103.245322999577,40.564788999748],[-103.245273000247,40.565327000318],[-103.244581999961,40.565683999869],[-103.243516999581,40.565602999886],[-103.241996999814,40.564577000253],[-103.241420000229,40.563034000185],[-103.240260000313,40.562266000065],[-103.23983599999,40.562611999895],[-103.2406500003,40.563978999683],[-103.241197999573,40.56533999971],[-103.241465000435,40.566515000155],[-103.241817999714,40.566850000202],[-103.243351999724,40.567194999822],[-103.243785000268,40.567777000236],[-103.243345999876,40.568144999811],[-103.242171999716,40.56843699997],[-103.241107000235,40.568441999819],[-103.239565999654,40.567970999704],[-103.23872299993,40.56722500015],[-103.237677999641,40.56519900029],[-103.236525000296,40.564272000035],[-103.235444999847,40.5642279997],[-103.234258000167,40.564486999763],[-103.233422999941,40.564970000227],[-103.232796999952,40.566277000208],[-103.231847000098,40.56658000003],[-103.231868999839,40.567409000002],[-103.231120999651,40.568358999683],[-103.23113599972,40.568824999976],[-103.23180600009,40.570383999747],[-103.231740999792,40.570636999839],[-103.230135999637,40.571653000154],[-103.229957000435,40.572559],[-103.228394999938,40.573274000184],[-103.227531000298,40.573410999794],[-103.227077999663,40.573812000095],[-103.227293999573,40.574453999923],[-103.226870000149,40.575575000324],[-103.22514199997,40.576196000227],[-103.224630999609,40.576679000108],[-103.224372000041,40.577849000183],[-103.223638000097,40.578644999772],[-103.223956000114,40.579972999693],[-103.222487000402,40.580851999687],[-103.222257000248,40.581565999757],[-103.221170000126,40.581637999932],[-103.218794000217,40.582565999945],[-103.21741099982,40.583889999889],[-103.215532000028,40.584307999834],[-103.214861999659,40.584742000019],[-103.214127999715,40.58451699985],[-103.212904000224,40.584951000043],[-103.212449999765,40.585707999783],[-103.211874999829,40.587734000163],[-103.211652000247,40.589013999724],[-103.210931999648,40.589814999774],[-103.21155900036,40.590875000028],[-103.211544000292,40.591611000244],[-103.210766999792,40.592632000007],[-103.208894999673,40.593840000028],[-103.207605999885,40.595327999711],[-103.206353000082,40.596042000083],[-103.205178999922,40.59640999971],[-103.204012000333,40.597442999888],[-103.204112999717,40.597909000181],[-103.203305999979,40.598600999808],[-103.201685999755,40.599095999971],[-103.201253999935,40.599605999944],[-103.199899999849,40.60022099967],[-103.199243999723,40.600260000008],[-103.198098999876,40.600978999688],[-103.196846000073,40.601313999726],[-103.196183000274,40.601818999746],[-103.195938000052,40.602720000237],[-103.195548999889,40.602928000136],[-103.195375999637,40.603900000229],[-103.193813000213,40.604421999838],[-103.192076999638,40.606321999793],[-103.191233999914,40.606393000101],[-103.190311999649,40.607052000288],[-103.190491999574,40.608348000279],[-103.190224999611,40.609703999765],[-103.189612999866,40.610213999954],[-103.189037000105,40.611300999792],[-103.189007999793,40.61230099994],[-103.188158000397,40.613547000208],[-103.189764000377,40.612926999734],[-103.190419999604,40.612224000062],[-103.190930999966,40.61208099976],[-103.190433999848,40.613382000319],[-103.19024700025,40.614408999876],[-103.189728000392,40.614865000283],[-103.187999000388,40.615347999793],[-103.186183000345,40.616467999716],[-103.185117000141,40.617850999963],[-103.185952000367,40.618312999907]]]},"properties":{"geoid":"08075966300","county_fips":"08075","designated":true}},{"type":"Feature","geometry":{"type":"Polygon","coordinates":[[[-105.236279000369,38.422283000142],[-105.236549999633,38.423190000325],[-105.236609999907,38.424890000205],[-105.227250000211,38.424879999755],[-105.227290000394,38.428510000146],[-105.226100000341,38.428510000146],[-105.226110000386,38.432140000335],[-105.220340000044,38.432130000186],[-105.220370000181,38.435839999887],[-105.215100000329,38.43583000025],[-105.215103999629,38.438134999857],[-105.216830000158,38.43819999997],[-105.218161999603,38.437979000193],[-105.22202999969,38.438600000078],[-105.224249999963,38.438810000285],[-105.225961000423,38.43873000011],[-105.225964999723,38.439145999768],[-105.227288999671,38.438944999894],[-105.229086000345,38.438934999984],[-105.232140999946,38.439444999976],[-105.234998999904,38.439236999901],[-105.237005999742,38.4392009998],[-105.238439000368,38.438439000021],[-105.239410999964,38.43736000034],[-105.240233999596,38.436858000131],[-105.242615000426,38.436448999853],[-105.245023999947,38.43522199989],[-105.247441999689,38.43493500006],[-105.248533999833,38.434540000312],[-105.250355999724,38.433581000249],[-105.251522000386,38.433368999754],[-105.252965999984,38.433538999888],[-105.253726999693,38.43402699969],[-105.254663000201,38.434219999858],[-105.258647999565,38.433727000341],[-105.261983000447,38.433548999842],[-105.26584800016,38.432691999949],[-105.267542000004,38.431721999813],[-105.26877399989,38.431303999687],[-105.268802000378,38.430830999922],[-105.268258000405,38.430101000305],[-105.26720300007,38.429616999924],[-105.266981000313,38.42844599975],[-105.265934000374,38.427511999897],[-105.265619999657,38.426529000265],[-105.266542999746,38.42501299999],[-105.267402000262,38.4245070003],[-105.269141000312,38.424316000316],[-105.270302000053,38.421535999838],[-105.270861000094,38.420777999839],[-105.271852999781,38.420316999997],[-105.271071000157,38.420289999886],[-105.270254000372,38.42097600002],[-105.26958999985,38.42197000016],[-105.269331000282,38.423090999819],[-105.268793000157,38.423475000259],[-105.268149999551,38.423424999833],[-105.267033000191,38.423759999772],[-105.266131000018,38.424330999699],[-105.265341999822,38.425159999853],[-105.264376000075,38.427533000074],[-105.263692000359,38.428303000232],[-105.263740999865,38.42922299992],[-105.262866000354,38.430065999844],[-105.260000999825,38.430474999689],[-105.255476999613,38.431744000123],[-105.254847000324,38.431762999874],[-105.254913000446,38.430834999772],[-105.252557999555,38.428993000217],[-105.252267000201,38.427685999771],[-105.25140500021,38.427029999788],[-105.250478999747,38.427243999918],[-105.249297999915,38.424888000115],[-105.248676000124,38.424561000174],[-105.24902000008,38.422690000281],[-105.248450000168,38.421500000061],[-105.248670000276,38.420280000207],[-105.248569999818,38.417369999693],[-105.246490000185,38.417260000113],[-105.245969999603,38.416889999782],[-105.244678000341,38.415427000098],[-105.24163999956,38.417179999993],[-105.240669999614,38.417440000235],[-105.237510000431,38.417469999743],[-105.23736999979,38.418099999897],[-105.236690000273,38.419300000343],[-105.236029999949,38.420880000299],[-105.236279000369,38.422283000142]]]},"properties":{"geoid":"08043978800","county_fips":"08043","designated":true}},{"type":"Feature","geometry":{"type":"Polygon","coordinates":[[[-105.113740000211,38.437179999901],[-105.113449999782,38.437610000321],[-105.113330000132,38.44067000028],[-105.113000000419,38.446629999779],[-105.112619999579,38.454919999878],[-105.113390000406,38.46209999971],[-105.113819999678,38.468269999864],[-105.113960000319,38.468780000024],[-105.115989999723,38.473009999884],[-105.117070000172,38.473840000186],[-105.118630000121,38.473930000102],[-105.119939999825,38.474569999781],[-105.120539999875,38.475599999961],[-105.120420000224,38.476849999716],[-105.119850000312,38.477810000066],[-105.119959999917,38.479409999899],[-105.118709999589,38.481659999814],[-105.118020000026,38.482670000304],[-105.115530000314,38.484820000277],[-105.113099999978,38.486339999785],[-105.112029999575,38.487499999897],[-105.110560000037,38.489850000017],[-105.110190000142,38.491649999782],[-105.110430000341,38.496019999763],[-105.110079999638,38.497520000203],[-105.10945000035,38.499459999822],[-105.108990000042,38.500080000149],[-105.108529999735,38.501339999655],[-105.105609999853,38.50245999985],[-105.10511000026,38.503450000341],[-105.105690000219,38.504110000137],[-105.106369999736,38.504409999963],[-105.107359999773,38.504439999877],[-105.108790000026,38.505249999856],[-105.109070000408,38.506089999792],[-105.109729999834,38.506510000304],[-105.11084000042,38.50676000035],[-105.111580000212,38.507279999802],[-105.111340000012,38.508450000304],[-105.112099999895,38.510180000175],[-105.113489999965,38.51207999987],[-105.114140000244,38.51257999978],[-105.115029999823,38.512449999997],[-105.115969999632,38.511799999669],[-105.117080000217,38.512070000258],[-105.117260000142,38.512499999887],[-105.116589999773,38.513269999999],[-105.117029999989,38.513809999684],[-105.119050000246,38.513929999767],[-105.119270000354,38.514420000196],[-105.118030000071,38.515369999919],[-105.118030000071,38.517069999838],[-105.119379999958,38.517719999679],[-105.118850000229,38.518670000133],[-105.119099999576,38.519629999968],[-105.120600000149,38.519410000331],[-105.121000000182,38.519929999794],[-105.121939999991,38.519999999948],[-105.123520000031,38.519560000156],[-105.124922999622,38.519627999693],[-105.126593000074,38.51989100021],[-105.127346000285,38.520656000075],[-105.127619999921,38.521567999763],[-105.127490000225,38.522387999924],[-105.1263539997,38.523461999912],[-105.126423000195,38.523962000186],[-105.127224000086,38.525525999907],[-105.1255729999,38.527627000017],[-105.125829999818,38.528127000166],[-105.125699000297,38.529644000121],[-105.127323999645,38.530642999851],[-105.127737000097,38.532325000242],[-105.127184999728,38.532872000003],[-105.124683000321,38.532425999743],[-105.124385000395,38.533295000115],[-105.125476999641,38.534169000208],[-105.126140000338,38.53511999989],[-105.125710000168,38.535799999934],[-105.123940000156,38.535809999763],[-105.122439999583,38.535460000013],[-105.121790000203,38.535109999965],[-105.120909999771,38.53540999991],[-105.120630000286,38.536199999727],[-105.120590000103,38.537419999728],[-105.11983000022,38.537559999672],[-105.117700000358,38.536670000208],[-105.116660000093,38.536779999727],[-105.115999999769,38.537210000004],[-105.114839999852,38.537469999839],[-105.114480000002,38.537979999976],[-105.114730000248,38.538940000096],[-105.114419999728,38.539569999843],[-105.113330000132,38.539880000124],[-105.112269999775,38.541730000044],[-105.112980000327,38.542850000035],[-105.11263999967,38.54359000031],[-105.111820000411,38.544069999663],[-105.111010000299,38.544140000224],[-105.10973999988,38.544859999924],[-105.109630000275,38.546339999972],[-105.108990000042,38.546640000152],[-105.107860000263,38.546619999992],[-105.107209999985,38.546990000303],[-105.10563999999,38.546840000045],[-105.103320000157,38.549230000269],[-105.101330000038,38.550289999867],[-105.100069999664,38.550350000079],[-105.09868999964,38.550749999747],[-105.097699999603,38.552129999997],[-105.096610000007,38.552550000222],[-105.095290000257,38.552449999856],[-105.094359999596,38.552940000041],[-105.093310000183,38.553180000175],[-105.092560000345,38.554449999721],[-105.092649999859,38.554980000226],[-105.093470000016,38.555489999833],[-105.093710000216,38.556030000226],[-105.092809999692,38.557040000205],[-105.09338999965,38.558309999699],[-105.093439999879,38.559229999959],[-105.09238000042,38.559839999679],[-105.089639999565,38.559889999657],[-105.089190000201,38.56065999984],[-105.089869999719,38.561370000106],[-105.089339999989,38.562349999863],[-105.087430000236,38.562970000062],[-105.087020000157,38.564019999948],[-105.087660000389,38.56524999995],[-105.08952999996,38.56638999981],[-105.08988999981,38.566940000207],[-105.089639999565,38.567560000139],[-105.088440000364,38.568649999706],[-105.087051999944,38.568902999969],[-105.085060000174,38.570350000008],[-105.085290000328,38.57121000035],[-105.086589999986,38.571360000327],[-105.087159999899,38.570100000338],[-105.088180000073,38.569969999828],[-105.090519999997,38.56921999986],[-105.091679999913,38.570100000338],[-105.091889999976,38.570620000023],[-105.092700000087,38.571100000121],[-105.092970000424,38.571779999861],[-105.093819999821,38.572369999792],[-105.0942299999,38.573009999773],[-105.095579999787,38.573449999921],[-105.095799999895,38.574269999997],[-105.097189999965,38.574959999935],[-105.098260000368,38.574979999936],[-105.099060000434,38.575309999853],[-105.100049999572,38.576150000145],[-105.102190000378,38.576859999762],[-105.103340000249,38.577579999725],[-105.103740000282,38.578289999956],[-105.103019999683,38.579569999693],[-105.104189999645,38.580490000249],[-105.104330000286,38.580890000021],[-105.103069999912,38.581710000139],[-105.103659999916,38.583340000137],[-105.105250000003,38.583170000073],[-105.106019999931,38.583619999985],[-105.105369999653,38.584700000206],[-105.106159999674,38.585389999666],[-105.105670000127,38.586720000231],[-105.105829999961,38.587479999726],[-105.108620000147,38.589570000042],[-105.109159999922,38.589710000244],[-105.110739999963,38.589300000335],[-105.111220000362,38.590289999678],[-105.112330000049,38.590079999916],[-105.113249999766,38.590330000266],[-105.112770000265,38.59118000028],[-105.114360000352,38.591929999866],[-105.115219999794,38.592600000059],[-105.116720000367,38.593080000021],[-105.11673999956,38.593680000025],[-105.117989999888,38.594680000121],[-105.118430000104,38.595829999755],[-105.119250000262,38.596269999821],[-105.119460000324,38.59703000003],[-105.120519999783,38.597600000347],[-105.120749999937,38.598140000205],[-105.120279999584,38.598589999674],[-105.122289999795,38.59947999988],[-105.122879999799,38.600329999673],[-105.122889999844,38.601620000198],[-105.123950000202,38.602370000227],[-105.125150000301,38.60390999998],[-105.125839999864,38.604280000175],[-105.126229999851,38.605530000083],[-105.128060000137,38.606789999761],[-105.130109999633,38.60772000009],[-105.13152999984,38.609630000139],[-105.131149999899,38.610769999673],[-105.132339999952,38.611819999955],[-105.133800000343,38.612550000012],[-105.134410000438,38.61323999993],[-105.134279999843,38.614610000118],[-105.133079999744,38.615259999867],[-105.132590000198,38.61592999987],[-105.132040000377,38.61569000019],[-105.131620000252,38.616060000004],[-105.13152999984,38.617310000343],[-105.130519999712,38.617110000068],[-105.130000000028,38.618389999771],[-105.129139999688,38.6185700002],[-105.128579999821,38.61940999974],[-105.128549999684,38.620449999912],[-105.128179999788,38.62078],[-105.127250000025,38.620630000084],[-105.126609999793,38.620979999867],[-105.125120000164,38.621030000098],[-105.123730000094,38.621289999893],[-105.123520000031,38.621660000298],[-105.12400000043,38.622550000016],[-105.123309999969,38.6238399997],[-105.123730000094,38.624309999715],[-105.123710000002,38.625170000159],[-105.123099999907,38.625730000175],[-105.122869999753,38.626699999867],[-105.122079999733,38.627250000129],[-105.122119999916,38.627769999993],[-105.120780000074,38.628650000132],[-105.120489999646,38.630020000018],[-105.118919999651,38.630230000104],[-105.118519999618,38.631030000279],[-105.115110000189,38.632040000345],[-105.113940000227,38.632550000156],[-105.112869999824,38.632380000154],[-105.110149999959,38.633010000285],[-105.108519999689,38.633130000017],[-105.107979999914,38.633359999993],[-105.107290000351,38.634179999974],[-105.107349999727,38.635060000029],[-105.10798999996,38.635540000162],[-105.109079999556,38.635699999726],[-105.109729999834,38.636289999943],[-105.111350000058,38.636780000072],[-105.1114899998,38.637699999928],[-105.110659999597,38.639429999917],[-105.112400000369,38.641240000116],[-105.113200000435,38.641889999863],[-105.112390000324,38.642890000213],[-105.112560000203,38.644159999818],[-105.111350000058,38.645659999866],[-105.109660000412,38.646750000096],[-105.109723999986,38.647531000051],[-105.11587599992,38.647627000188],[-105.125496999732,38.647859999921],[-105.15169000043,38.647804000214],[-105.19048199965,38.647717000244],[-105.190546999947,38.646552999873],[-105.191177999959,38.645916000317],[-105.191885000138,38.644647000062],[-105.191367000105,38.644191000173],[-105.190772000078,38.642932999721],[-105.190609999696,38.641916999738],[-105.19098200014,38.640960999686],[-105.192158999775,38.641180999897],[-105.192718999641,38.64076299983],[-105.192487999663,38.639719000095],[-105.193250999919,38.638729999829],[-105.193425999821,38.637934000258],[-105.194119999582,38.637176000192],[-105.194988000319,38.636780000072],[-105.195709999669,38.635669999835],[-105.19586299983,38.634087999862],[-105.197032999792,38.633319000274],[-105.199288000225,38.63379700023],[-105.200772999831,38.633362999869],[-105.201466999592,38.633341000075],[-105.203084000341,38.633725000103],[-105.20513700021,38.634048999755],[-105.206342000332,38.634449999944],[-105.20891200041,38.633307000061],[-105.210823999814,38.633492999981],[-105.212330000235,38.634042000112],[-105.213079000247,38.63342100025],[-105.214185999562,38.633156999683],[-105.214438000355,38.63281700005],[-105.213918999598,38.631766999778],[-105.214779999764,38.630640999867],[-105.214458000447,38.63000899996],[-105.214710000342,38.629196000107],[-105.21468100003,38.628162999965],[-105.215430000042,38.626889000233],[-105.216543999928,38.626257000237],[-105.218077000113,38.626151999716],[-105.218888999874,38.625773000152],[-105.219392999665,38.625218000131],[-105.218755999805,38.623822000158],[-105.217298999788,38.622586999844],[-105.216675000347,38.621410999714],[-105.217283999719,38.620427999665],[-105.216465000285,38.619829000236],[-105.21700300041,38.619147999835],[-105.217576999622,38.61793399989],[-105.21767500043,38.617048999971],[-105.218318999962,38.616522000326],[-105.219263999793,38.616432999898],[-105.22043299993,38.615531999904],[-105.220453999847,38.614768999845],[-105.220991999972,38.613829000134],[-105.220942999568,38.61334599994],[-105.22024299996,38.612252000346],[-105.220591999939,38.61082399969],[-105.219723000276,38.60995599973],[-105.219421999977,38.609308000244],[-105.220408999641,38.608269999895],[-105.221108000323,38.606753000209],[-105.221177999745,38.606017000202],[-105.222115999903,38.604857000166],[-105.223865999823,38.605015999746],[-105.224712999745,38.604604000187],[-105.223571000271,38.603736000098],[-105.2226039998,38.60142399992],[-105.221686999558,38.600836000089],[-105.221839999719,38.599066999696],[-105.22167900006,38.598132999865],[-105.222217000186,38.597555999873],[-105.222623000067,38.59608400025],[-105.222895999878,38.595809000163],[-105.224310000237,38.595474000025],[-105.22463099973,38.594769999944],[-105.224861999708,38.593456999974],[-105.226100000341,38.591682999685],[-105.225369999696,38.589056999731],[-105.225481999849,38.588112000098],[-105.226467999688,38.586090000077],[-105.226461000016,38.58575500023],[-105.227452999702,38.583622999835],[-105.22923100011,38.582649999941],[-105.229846000228,38.581781999812],[-105.231497000414,38.58012700031],[-105.231965000219,38.579226000232],[-105.233889000217,38.578660000182],[-105.235040999737,38.577684999702],[-105.234320000212,38.577100000083],[-105.230760000097,38.575339999707],[-105.230479999715,38.574899999898],[-105.23044000043,38.571710000226],[-105.230570000126,38.565440000129],[-105.230089999727,38.564920000183],[-105.227749999803,38.564880000194],[-105.226979999874,38.564570000222],[-105.225949999654,38.562730000303],[-105.224330000329,38.561150000259],[-105.222370000347,38.560210000096],[-105.222039999735,38.559650000149],[-105.222110000056,38.557950000302],[-105.221309999989,38.555850000312],[-105.221580000326,38.550400000335],[-105.219689999766,38.549799999887],[-105.219050000431,38.549089999857],[-105.218859999562,38.548090000124],[-105.217810000149,38.543960000051],[-105.217820000195,38.542729999691],[-105.218580000078,38.541410000256],[-105.219230000356,38.539049999658],[-105.21967999972,38.538279999897],[-105.221469999823,38.53696999997],[-105.221819999627,38.536050000153],[-105.221479999869,38.535049999686],[-105.220479999786,38.534489999817],[-105.219980000194,38.533490000151],[-105.218420000244,38.53151000003],[-105.219180000128,38.530430000059],[-105.219190000173,38.530000000016],[-105.218200000136,38.529279999844],[-105.217810000149,38.528109999836],[-105.217959999937,38.526450000241],[-105.217660000361,38.525780000192],[-105.217790000058,38.524930000227],[-105.217129999733,38.522529999795],[-105.216509999592,38.521899999826],[-105.215609999967,38.521669999712],[-105.214989999826,38.521109999724],[-105.214100000246,38.519240000151],[-105.213550000426,38.517740000143],[-105.213340000363,38.51542999974],[-105.212969999569,38.514230000153],[-105.212379999565,38.513399999708],[-105.211999999624,38.512239999797],[-105.210679999874,38.510340000107],[-105.208620000332,38.508529999777],[-105.208610000286,38.507389999962],[-105.20817000007,38.506150000317],[-105.208929999954,38.505010000083],[-105.209689999837,38.503139999882],[-105.209600000323,38.502360000152],[-105.208420000316,38.500779999706],[-105.208440000407,38.499069999717],[-105.207679999626,38.495799999697],[-105.207099999668,38.494580000049],[-105.207230000262,38.493600000053],[-105.209329999987,38.491480000153],[-105.20980000034,38.490780000225],[-105.210200000373,38.489579999794],[-105.210849999753,38.488869999669],[-105.213259999997,38.487469999959],[-105.213710000259,38.486939999943],[-105.214179999714,38.485500000171],[-105.215030000009,38.484269999848],[-105.215719999572,38.483939999826],[-105.217260000328,38.483659999922],[-105.218040000303,38.483229999684],[-105.221330000081,38.480810000068],[-105.22253000018,38.477439999914],[-105.222580000409,38.47214999989],[-105.217870000424,38.472139999658],[-105.217899999662,38.464869999936],[-105.222550000272,38.464869999936],[-105.222570000363,38.455750000163],[-105.224700000225,38.455019999986],[-105.22734999977,38.455189999781],[-105.227399999999,38.447610000237],[-105.227450000228,38.44638000008],[-105.227139999708,38.445880000195],[-105.224700000225,38.446969999809],[-105.223224999766,38.447492000317],[-105.22132099986,38.447833999961],[-105.217499999629,38.447910000287],[-105.206850000321,38.447880000057],[-105.206080000392,38.447810000174],[-105.20224999994,38.44703000031],[-105.192280000149,38.447020000112],[-105.179819999747,38.44706000019],[-105.177010000368,38.447220000278],[-105.175349999961,38.447660000098],[-105.169900000184,38.449609999994],[-105.167400000427,38.450130000307],[-105.165970000174,38.450190000292],[-105.163190000033,38.449849999955],[-105.153970000079,38.447500000282],[-105.144869999776,38.445150000066],[-105.134853000129,38.44260299967],[-105.113740000211,38.437179999901]]]},"properties":{"geoid":"08043978300","county_fips":"08043","designated":true}},{"type":"Feature","geometry":{"type":"Polygon","coordinates":[[[-107.430948999837,39.366177999779],[-107.426746000015,39.366167999747],[-107.426747999665,39.368677000309],[-107.426883000282,39.37151699981],[-107.427233999912,39.374980999729],[-107.427474000111,39.395585999968],[-107.414837999982,39.405758999768],[-107.415372999735,39.405837000025],[-107.416787999919,39.405493999807],[-107.417643000237,39.405585000214],[-107.418321000104,39.406728999954],[-107.418143999654,39.407827000192],[-107.418586000418,39.408651000037],[-107.420030999841,39.409223000008],[-107.419558999838,39.4109840003],[-107.420707999884,39.411968000147],[-107.420795999747,39.413566999691],[-107.421179999887,39.414183999678],[-107.422979000211,39.415257000315],[-107.423687000216,39.415438999818],[-107.424719000085,39.416101000135],[-107.425338000402,39.416922999974],[-107.425603999642,39.418109999973],[-107.426104999957,39.418863999653],[-107.427698000417,39.420073999783],[-107.429910000295,39.421237000102],[-107.431560999582,39.421739000239],[-107.433538000181,39.423519999727],[-107.434512000325,39.423793000098],[-107.435190000192,39.42370099992],[-107.436162999612,39.422876000344],[-107.436900999754,39.423102999963],[-107.436812000066,39.424358999761],[-107.43719700003,39.426072000328],[-107.438110999899,39.426803000195],[-107.439320000219,39.426640999917],[-107.44097200023,39.425930000029],[-107.442270000239,39.425746000335],[-107.445250000395,39.42677099999],[-107.446636000268,39.426493999879],[-107.447432000136,39.426630000322],[-107.44796299969,39.427200999997],[-107.448612999968,39.428502999926],[-107.449262000422,39.428845000183],[-107.451386000436,39.428750000126],[-107.452448000443,39.429344000059],[-107.452772000308,39.429937999785],[-107.453745999553,39.430416999776],[-107.454779000146,39.430186000299],[-107.455575999839,39.43032199978],[-107.455841000153,39.431235999888],[-107.455193000423,39.432765999926],[-107.454307999968,39.43374800007],[-107.454278999656,39.434318999698],[-107.455990999941,39.43488899972],[-107.456108999942,39.435483000047],[-107.455224000385,39.436259000114],[-107.454899999622,39.436852000106],[-107.455590999908,39.436725000069],[-107.457539000195,39.437123999838],[-107.459747999699,39.437720000016],[-107.46228799964,39.438662999937],[-107.462622000449,39.439335999957],[-107.464149999713,39.440725000121],[-107.465025000122,39.441878999986],[-107.4658579998,39.442641999685],[-107.467053999701,39.444729999681],[-107.467861000339,39.446555999785],[-107.468237999907,39.447822000092],[-107.469927999553,39.449096999942],[-107.470711999725,39.450848000285],[-107.473075000114,39.452215999856],[-107.473851999716,39.452313999803],[-107.474754999714,39.453213000195],[-107.476077999837,39.454012999685],[-107.477026000041,39.454330999705],[-107.480956999877,39.456725999913],[-107.48232600003,39.456948000118],[-107.4828209996,39.457223999667],[-107.483853000368,39.458394999658],[-107.485460000173,39.458813999989],[-107.488287000168,39.459257000119],[-107.4898909996,39.460472999915],[-107.491072000331,39.462116999955],[-107.493285999859,39.462652000052],[-107.495179999719,39.464016999829],[-107.496129999573,39.464362999999],[-107.497517999993,39.465275999989],[-107.497702999941,39.466348000256],[-107.498631999879,39.467319999762],[-107.498779000192,39.467980000214],[-107.499436999968,39.469127999927],[-107.499307000271,39.469968999817],[-107.500227999813,39.470282999887],[-107.50167399996,39.47107900031],[-107.503104000213,39.471634999758],[-107.503830999586,39.472582999811],[-107.504439999856,39.472513000235],[-107.505044999928,39.471807000244],[-107.505087999586,39.470963999772],[-107.505578999856,39.470755000069],[-107.506701000137,39.471782000224],[-107.506662999604,39.472129999806],[-107.504638000223,39.473616000234],[-107.504411000442,39.474548999672],[-107.505271999709,39.475517000156],[-107.505205999587,39.477122999959],[-107.505473000449,39.479706999697],[-107.50762900025,39.483208999893],[-107.507897999864,39.484359000213],[-107.509021999795,39.485341999795],[-107.510094999672,39.487331999832],[-107.51027999962,39.48826499971],[-107.510199000328,39.489330000087],[-107.51041299969,39.490263000194],[-107.511112000372,39.491886999952],[-107.511000000219,39.493016999833],[-107.511245000441,39.493885000339],[-107.512165000158,39.494784000257],[-107.512774000428,39.494942000225],[-107.51469199968,39.495003999745],[-107.515679000242,39.494759000177],[-107.516388000072,39.493355999751],[-107.518418000374,39.492253999779],[-107.519225000113,39.491663000281],[-107.519973000301,39.490741000112],[-107.521277999982,39.490155000024],[-107.523108000268,39.490242999662],[-107.524238999872,39.490671999765],[-107.525423000078,39.491366000191],[-107.527952000148,39.491331999822],[-107.528911000222,39.4915670003],[-107.530739999785,39.491401999871],[-107.532333000245,39.492061000276],[-107.534775000276,39.491620000342],[-107.536782000114,39.491541999755],[-107.538203000147,39.491803000333],[-107.540465000253,39.49257300009],[-107.543011999866,39.493934999733],[-107.544422999853,39.49504299984],[-107.546626000408,39.497863999744],[-107.547660999752,39.498891999847],[-107.54930600009,39.500061000289],[-107.551423000431,39.500923000248],[-107.553641999982,39.504047000196],[-107.55412400003,39.504933999825],[-107.554112000335,39.505499000331],[-107.553255000367,39.506377999704],[-107.553334999835,39.507120000015],[-107.554319999849,39.509219999797],[-107.556027999936,39.510138999952],[-107.557741999872,39.509957999897],[-107.558614999733,39.510105999843],[-107.55953100015,39.511267000297],[-107.55979499974,39.512632999767],[-107.560275999964,39.513651000045],[-107.560352999957,39.515475999747],[-107.560917000022,39.516664999674],[-107.562127000167,39.517643999907],[-107.563201999694,39.518765999893],[-107.563482999902,39.519441999924],[-107.563241000052,39.517568000073],[-107.563554999872,39.516204999926],[-107.563501000343,39.515495999949],[-107.564103999868,39.51456200031],[-107.564327000349,39.513539000023],[-107.564114999738,39.512726000305],[-107.565421000143,39.51334700006],[-107.565926999583,39.513250000184],[-107.566254999646,39.512544000007],[-107.567566999898,39.513591999945],[-107.567848000106,39.514391000256],[-107.569976000317,39.515475999747],[-107.570969999654,39.516712000028],[-107.57090400043,39.517141000316],[-107.574549000035,39.517335000155],[-107.575553000316,39.518296999779],[-107.577468000093,39.521043999946],[-107.57881799998,39.521873000098],[-107.58074899965,39.521544999838],[-107.582004000001,39.522010999753],[-107.582706000158,39.521572999752],[-107.584004000166,39.521413000192],[-107.58509600031,39.522162000096],[-107.58645299987,39.522539999816],[-107.587323000256,39.523207000058],[-107.588826000304,39.52217700019],[-107.589895999809,39.521128000259],[-107.590941999922,39.520809999973],[-107.591576000307,39.520279000017],[-107.593102999746,39.520506000135],[-107.59383699969,39.521057999658],[-107.594137999989,39.522540999725],[-107.593903999637,39.524016000208],[-107.594518999756,39.524779000104],[-107.594497000014,39.525552999835],[-107.59481900023,39.526282000265],[-107.595593000357,39.527033999847],[-107.595911000374,39.52846899998],[-107.5991459999,39.530683000012],[-107.600905000041,39.531309000264],[-107.602566000273,39.532211000336],[-107.603855000061,39.532644000245],[-107.605291000161,39.532769000307],[-107.606466999971,39.531977999658],[-107.607792999569,39.532624999895],[-107.609913000283,39.532673000296],[-107.611089999918,39.533583999793],[-107.612209999651,39.534033999936],[-107.612799999655,39.534894999908],[-107.612048999993,39.536416000325],[-107.612121999788,39.538579000324],[-107.613300000146,39.540517000332],[-107.612449999851,39.540845999985],[-107.611889999984,39.541466999778],[-107.61079799984,39.541993999913],[-107.609615000357,39.542198000008],[-107.607558000291,39.542099999929],[-107.605625999897,39.542373999677],[-107.609656000365,39.54419800006],[-107.609211999951,39.544410000124],[-107.60763199991,39.545755999772],[-107.604378000117,39.546657000279],[-107.600074000013,39.547262999814],[-107.598969000348,39.547610000212],[-107.599222999893,39.547813000186],[-107.601084000141,39.548108000284],[-107.602117999661,39.548060999706],[-107.603444999982,39.547443000075],[-107.60595399996,39.546960999919],[-107.608197999625,39.547552999659],[-107.610206000186,39.547458999799],[-107.611977000023,39.54711500008],[-107.613695000156,39.547296000277],[-107.616624000259,39.54792599989],[-107.617918999894,39.547865000036],[-107.611424999654,39.549023999872],[-107.611527999586,39.55275899994],[-107.6115529997,39.556571000066],[-107.61282300012,39.55691899973],[-107.61417600038,39.556775999663],[-107.616213000355,39.556196999791],[-107.624994999743,39.556070000129],[-107.626303999622,39.556287999934],[-107.626626999662,39.557610000265],[-107.627146000419,39.557931999964],[-107.627542000255,39.559362000236],[-107.628307000161,39.560126000226],[-107.629190999892,39.561933000155],[-107.629738000239,39.563923999871],[-107.630236000181,39.564113999864],[-107.632591000174,39.564104999844],[-107.633200000444,39.565488999702],[-107.632874000031,39.565768999752],[-107.633305999851,39.566296000203],[-107.633227000208,39.568079999907],[-107.633566999967,39.568420999719],[-107.632188999592,39.570753000237],[-107.630635000389,39.571553999655],[-107.630599000404,39.573139999781],[-107.629718000147,39.574397999848],[-107.630320999671,39.57497399987],[-107.632823999802,39.575638999956],[-107.632597000021,39.57623699972],[-107.633546999875,39.577016999877],[-107.634213000047,39.577263999725],[-107.635140000335,39.578186000128],[-107.636716000178,39.578409000016],[-107.638603000365,39.578962999761],[-107.639596999702,39.578210999953],[-107.640518000142,39.579249000183],[-107.640637999793,39.579846999959],[-107.642497000391,39.580704000135],[-107.641637999875,39.58140599981],[-107.641560000057,39.581921999824],[-107.643595000383,39.582905999861],[-107.644780000414,39.582698000072],[-107.64765300044,39.58343399993],[-107.647645000044,39.58377999966],[-107.648801999587,39.583867999764],[-107.650374000131,39.584477000097],[-107.651532000397,39.585141999702],[-107.653128000331,39.585257999991],[-107.653716999612,39.585609999845],[-107.654617999961,39.58551600033],[-107.655221000383,39.584797000246],[-107.657015999611,39.585532999964],[-107.656839000059,39.586153999877],[-107.657668000437,39.586686000213],[-107.658937999959,39.587020999778],[-107.6600950004,39.586901000285],[-107.660988000353,39.587203000043],[-107.661725999596,39.587938999821],[-107.663181999789,39.590121000023],[-107.663899999839,39.59033399988],[-107.665160000213,39.590122000342],[-107.666422000236,39.589156999728],[-107.666818999896,39.58922999979],[-107.6677670001,39.587175999969],[-107.668773000031,39.584429000224],[-107.668906999925,39.582622000153],[-107.670030000032,39.582177999946],[-107.671111000305,39.582143999719],[-107.671270000314,39.581850999864],[-107.671160999636,39.575058999851],[-107.67168600024,39.573880000182],[-107.674262999991,39.572010999995],[-107.675961999857,39.57132700028],[-107.675863999948,39.567616000308],[-107.675887000413,39.564032000325],[-107.681143999846,39.5644859997],[-107.68160099978,39.564031000321],[-107.691308999631,39.563989000164],[-107.700193999849,39.563981000131],[-107.700237000405,39.549284999952],[-107.700142999796,39.546413999799],[-107.702120000395,39.546674999999],[-107.704487000083,39.546709999863],[-107.705662999893,39.546583000152],[-107.706379000293,39.546231000244],[-107.70587399978,39.546029000061],[-107.707704000066,39.545742000189],[-107.708832000195,39.545390999751],[-107.709751999912,39.544595000199],[-107.711097999601,39.542373000054],[-107.714123999789,39.539039000129],[-107.715766999579,39.537952999813],[-107.716038999565,39.53645299993],[-107.715555999691,39.53420800004],[-107.71467000031,39.533982999858],[-107.715143999963,39.53320899987],[-107.714569999852,39.532418000078],[-107.714087999804,39.532495000055],[-107.713896000183,39.531118000014],[-107.713654000334,39.530821000174],[-107.713199999874,39.528828999829],[-107.712327999838,39.528911000099],[-107.710952999836,39.528159999886],[-107.71110900037,39.527637999906],[-107.710109000288,39.527303000279],[-107.709549000421,39.526551000145],[-107.708506999607,39.526144999946],[-107.708357999644,39.5254980003],[-107.70779000028,39.524948999656],[-107.704933000147,39.523378999787],[-107.705025000208,39.522884999976],[-107.703502000069,39.522446999944],[-107.703585999735,39.521984999849],[-107.702820999829,39.52186500006],[-107.702728999767,39.521304999917],[-107.70220400006,39.521234000261],[-107.701070000083,39.51994899996],[-107.700481999729,39.520860000093],[-107.699596000348,39.519840000233],[-107.69821299995,39.519416999704],[-107.697709999985,39.519763000081],[-107.697078999973,39.519603999768],[-107.696490999619,39.51886800019],[-107.695974000309,39.518923000125],[-107.69623600025,39.517912999984],[-107.695427999787,39.51792399971],[-107.69500299964,39.518506000048],[-107.694180999833,39.518528000004],[-107.693868999663,39.517940999976],[-107.694896000408,39.51774299984],[-107.693415000102,39.517133999719],[-107.693429000345,39.516293999846],[-107.692861999908,39.516617999981],[-107.691962000282,39.516569000267],[-107.692138999834,39.515865999876],[-107.691210999722,39.515449000158],[-107.690983999941,39.514690999744],[-107.690210999639,39.514532000294],[-107.689829000048,39.513983000287],[-107.690225999708,39.513237000326],[-107.690027000414,39.512055999725],[-107.690537000052,39.510804999996],[-107.689537999794,39.510474999979],[-107.689445999733,39.509400000291],[-107.690153999738,39.508954999743],[-107.689764999575,39.507874000078],[-107.690784999749,39.50742300009],[-107.692159999751,39.506516999786],[-107.691677999702,39.50604499971],[-107.691756000418,39.505397999967],[-107.690954999629,39.504447999802],[-107.691295000286,39.503718000147],[-107.690402000333,39.50212599976],[-107.691132000079,39.500961999795],[-107.690670999947,39.500478999707],[-107.690677999619,39.49973600034],[-107.690259000218,39.498874000216],[-107.690272999563,39.497320999986],[-107.689813000154,39.496074999842],[-107.688706999766,39.495289999703],[-107.689408999923,39.494928000102],[-107.688218000045,39.492830999948],[-107.688643000192,39.49208399994],[-107.689251999564,39.491645000164],[-107.688054999838,39.49139799983],[-107.688346000091,39.491161999808],[-107.688125999983,39.490403999971],[-107.687474000055,39.489883000189],[-107.686596000171,39.490141000324],[-107.686355000147,39.489476999903],[-107.687140999969,39.488664000141],[-107.687019999595,39.488213999996],[-107.686333000405,39.487923000093],[-107.68662399976,39.487281000126],[-107.687325000092,39.487653999691],[-107.687274999863,39.48676499986],[-107.687679000094,39.485354000268],[-107.687268000191,39.484608000115],[-107.687991000264,39.484377000135],[-107.688479999985,39.484838000263],[-107.688932999722,39.484031000345],[-107.688798000003,39.482955000217],[-107.690038000285,39.481506000048],[-107.690008999973,39.480605999886],[-107.688988999798,39.48010100018],[-107.689767999948,39.480018000017],[-107.689307999641,39.479447999843],[-107.690101000034,39.479062999776],[-107.689023999959,39.478909999689],[-107.688776000261,39.478530999896],[-107.690128999623,39.477488000321],[-107.690115000278,39.477263000163],[-107.688883000392,39.477070999831],[-107.688279999969,39.47617599994],[-107.688854000079,39.475363000003],[-107.689598000069,39.474890999878],[-107.689704000374,39.474062000189],[-107.688860999752,39.473079999902],[-107.688265999725,39.472706999836],[-107.688124000333,39.471937999869],[-107.687529000307,39.471674999732],[-107.687804999593,39.470109999825],[-107.687294999955,39.469155000174],[-107.68745099959,39.46831500015],[-107.685893000189,39.467129999753],[-107.685241000261,39.465971000047],[-107.684093999865,39.465778999759],[-107.683633999558,39.464626000034],[-107.684066000276,39.464428999941],[-107.683576999656,39.463369000038],[-107.684185999927,39.46270000025],[-107.68373300019,39.462304000228],[-107.683951999575,39.461749999916],[-107.683215999981,39.461079999723],[-107.683860000412,39.460367000175],[-107.683094999607,39.459379000064],[-107.68276200042,39.457824999883],[-107.68295400004,39.457040000089],[-107.682181999563,39.456254999766],[-107.682478999664,39.455734000131],[-107.681692999842,39.453899999788],[-107.681962000354,39.452412000305],[-107.681353999908,39.451742999944],[-107.681360999581,39.451138999906],[-107.680922000088,39.450755000207],[-107.681177000356,39.448965000055],[-107.680547000169,39.446555000171],[-107.681091999967,39.4461980003],[-107.680036999633,39.445127999746],[-107.680058000448,39.444535000144],[-107.679350000443,39.443492000197],[-107.678720000256,39.443167999869],[-107.679045999771,39.441796000018],[-107.67855700005,39.441367999968],[-107.678940000364,39.441076999752],[-107.679087999604,39.440286000213],[-107.678578999791,39.439150000147],[-107.6784940003,39.437821000157],[-107.677064000047,39.436608000147],[-107.677170000353,39.436180000134],[-107.676462000348,39.436098000077],[-107.676412999944,39.435449999892],[-107.677106999705,39.435104000331],[-107.676626000379,39.433847000132],[-107.675506999573,39.43311100019],[-107.675118000309,39.432583999873],[-107.675294999861,39.430206999904],[-107.675883000215,39.429087999711],[-107.676484999914,39.42912600012],[-107.676612000136,39.427770000083],[-107.67624399989,39.427078999877],[-107.676859999833,39.426336999794],[-107.677129000345,39.424927000229],[-107.676740000182,39.42275300033],[-107.677221000406,39.421824999723],[-107.678629999844,39.4213149997],[-107.678418000132,39.420650999655],[-107.679012000334,39.419750000185],[-107.68049899959,39.419048000167],[-107.680315000366,39.418592000116],[-107.681900000429,39.417209000275],[-107.682728000085,39.41712099988],[-107.683712000274,39.415555999892],[-107.685559000278,39.415320000117],[-107.686826000325,39.414419999829],[-107.688254999854,39.413953999915],[-107.688629999773,39.413564000122],[-107.69015899976,39.412839000101],[-107.690639999984,39.412784000237],[-107.691588000189,39.411917000042],[-107.692118999743,39.411147999735],[-107.693492000094,39.410555000317],[-107.694800000149,39.408991000231],[-107.695472999993,39.408535000334],[-107.695876000399,39.407239999977],[-107.695883000072,39.405428000231],[-107.695103999922,39.404565999889],[-107.696314000067,39.402013999782],[-107.697007000003,39.401838000091],[-107.697423999755,39.400377999963],[-107.697381999922,39.399334999863],[-107.698118000414,39.398720000284],[-107.698612000159,39.397358000347],[-107.698357999715,39.396123000176],[-107.698464000021,39.39526700009],[-107.699290999851,39.39425700017],[-107.699856999565,39.393059999884],[-107.702508999659,39.391181999832],[-107.703287999809,39.391198999835],[-107.705127000316,39.390621999916],[-107.708677000385,39.387822000263],[-107.708988999656,39.38782699977],[-107.710545000306,39.386964999924],[-107.713373999951,39.386026000219],[-107.71585699999,39.385712000031],[-107.71659900033,39.385454000248],[-107.719138000446,39.385074999978],[-107.72084300016,39.384124999786],[-107.723282999643,39.383339000107],[-107.72333899972,39.38308599973],[-107.724902000042,39.381993000178],[-107.725291000205,39.381894000072],[-107.726195999853,39.380471999719],[-107.727185000065,39.379362999979],[-107.727544999915,39.377925000287],[-107.727904999765,39.377206000095],[-107.727990000154,39.376212000101],[-107.728533000302,39.374952999832],[-107.730689000103,39.373700000259],[-107.731176000175,39.372211999901],[-107.731586000254,39.372156999946],[-107.732419999757,39.371235000336],[-107.732327999695,39.370652999904],[-107.732927999745,39.369747000224],[-107.733890000193,39.369334999887],[-107.735721000304,39.368977000284],[-107.737827999701,39.368334000044],[-107.738641000186,39.367708000301],[-107.739744000201,39.367432999717],[-107.740904000117,39.367745000083],[-107.744270000063,39.368000999947],[-107.747381999566,39.367802000139],[-107.748824000413,39.36748799992],[-107.749842999864,39.367636000089],[-107.751528000385,39.367228000028],[-107.752278000222,39.366531000198],[-107.753512999583,39.366244999748],[-107.750616000166,39.366243999676],[-107.713337999966,39.366129999751],[-107.673918000209,39.366236999869],[-107.625613000234,39.366372999769],[-107.607256999992,39.366148999751],[-107.559568999785,39.366129999751],[-107.552343000148,39.366091999735],[-107.550707000031,39.366045999797],[-107.50060899958,39.366109999672],[-107.491627000175,39.36626300034],[-107.473367000192,39.366224999701],[-107.430948999837,39.366177999779]]]},"properties":{"geoid":"08045951901","county_fips":"08045","designated":true}},{"type":"Feature","geometry":{"type":"Polygon","coordinates":[[[-105.034350999803,39.827289999798],[-105.034631000185,39.814638000068],[-105.034694999759,39.812838000024],[-105.034697000307,39.804310000072],[-105.025202999819,39.803786000082],[-105.025233999781,39.812822000251],[-105.025053000031,39.819025000186],[-105.024992999756,39.822654999949],[-105.024798999588,39.827271999957],[-105.034350999803,39.827289999798]]]},"properties":{"geoid":"08001009606","county_fips":"08001","designated":true}},{"type":"Feature","geometry":{"type":"Polygon","coordinates":[[[-107.476532000297,39.82826700029],[-107.475610999857,39.827533000291],[-107.47512299996,39.82628800011],[-107.474896000179,39.824734999726],[-107.473906000142,39.823457000085],[-107.473802000385,39.821707999791],[-107.473450999858,39.821228999729],[-107.471988999818,39.820647999879],[-107.470871999559,39.819572999661],[-107.470285999753,39.818674999664],[-107.469073999958,39.817665000249],[-107.468464999688,39.816569000309],[-107.468622999872,39.815976999714],[-107.468226000212,39.814791999959],[-107.468536999658,39.814152000168],[-107.46791999989,39.812837000168],[-107.467785000171,39.812037999901],[-107.4666350003,39.81108100022],[-107.465968000303,39.809973999922],[-107.465220999941,39.809549999774],[-107.464425999897,39.807756999881],[-107.465015999901,39.807145999769],[-107.465723000081,39.806932999985],[-107.46317200027,39.806639999729],[-107.46200899998,39.806697000105],[-107.460801000384,39.806990000118],[-107.456986000001,39.807068000333],[-107.455609000349,39.807367999697],[-107.452470000184,39.809584999861],[-107.452057999557,39.810093999996],[-107.450321999881,39.810525000159],[-107.449625999572,39.810463999943],[-107.44892099994,39.809815999987],[-107.4465600001,39.808690000225],[-107.445060000425,39.80810999988],[-107.442307999874,39.808305000179],[-107.441325000408,39.808788000269],[-107.439547,39.809085999897],[-107.439134000447,39.808970999696],[-107.436574000415,39.809036000193],[-107.435576999807,39.809349000114],[-107.434430000309,39.808797000196],[-107.434210000201,39.807979999833],[-107.433239000431,39.806803999727],[-107.432427999596,39.806908999987],[-107.43252300003,39.807745000027],[-107.43185100001,39.807738999754],[-107.43071399966,39.808155999869],[-107.428153999628,39.807603000101],[-107.425928000405,39.807278999824],[-107.424621000176,39.807693000176],[-107.422047999725,39.80716499999],[-107.421475000338,39.806839999775],[-107.420011999575,39.805485000088],[-107.418867999552,39.803773000237],[-107.418768999818,39.802212000287],[-107.418999999796,39.801488000332],[-107.418875000123,39.799418000092],[-107.418362000112,39.797461999896],[-107.417956000231,39.795113999851],[-107.418240999738,39.793399999663],[-107.419318999639,39.791593000125],[-107.420084000443,39.789903000282],[-107.420652999632,39.787040999965],[-107.421617999555,39.784805999938],[-107.422802999585,39.782847000294],[-107.424258999778,39.780835000334],[-107.424276000395,39.779955999832],[-107.423968000423,39.779152999953],[-107.423419000427,39.776535999822],[-107.423723000201,39.775669000263],[-107.424616000153,39.775435000224],[-107.424461000342,39.774686999912],[-107.425597999794,39.774580000033],[-107.425653999871,39.773614999685],[-107.42517799967,39.772785000286],[-107.425826000298,39.771888999762],[-107.42582399975,39.770584999745],[-107.424694999796,39.770326000255],[-107.423744000117,39.769342000033],[-107.422287999925,39.768654999864],[-107.422316000412,39.768356999743],[-107.421113999765,39.76773799974],[-107.420483999578,39.7676850002],[-107.420070000199,39.767222999946],[-107.420031999666,39.766022999922],[-107.419024999911,39.766527999944],[-107.417140000271,39.766231000127],[-107.416751000109,39.76592899979],[-107.415376000108,39.765996999766],[-107.414490999653,39.766899000026],[-107.412396999776,39.76639899986],[-107.411892999986,39.76530099996],[-107.411241999883,39.764820999971],[-107.412426999913,39.762693999687],[-107.411863999673,39.761345999852],[-107.411420000158,39.759583999728],[-107.41141799961,39.75891999979],[-107.411005000056,39.757204999946],[-107.411301000332,39.756518000221],[-107.410026999715,39.755190999742],[-107.409492999787,39.753270000284],[-107.407121000076,39.750663999761],[-107.406654000096,39.749606000325],[-107.403868999933,39.747009999867],[-107.402772999591,39.746597999961],[-107.401024000394,39.745294000336],[-107.401082999945,39.744310000201],[-107.401705999561,39.743875999798],[-107.401943000286,39.743212999881],[-107.401527000359,39.742711000059],[-107.401201999771,39.740743999904],[-107.401438999597,39.739302999817],[-107.401291000358,39.738868000104],[-107.402001999837,39.738410999807],[-107.401319999772,39.737335999787],[-107.398297999782,39.734336999838],[-107.398416999608,39.732417999876],[-107.397084000338,39.72912399995],[-107.396018000133,39.728619999665],[-107.395455999718,39.726927000118],[-107.394330999962,39.725303000277],[-107.394449999787,39.7240680002],[-107.395013999852,39.722535000045],[-107.395073000301,39.721756999874],[-107.395695999917,39.721186000203],[-107.395726000055,39.720591000249],[-107.395014999677,39.719949999807],[-107.395193999777,39.718577999973],[-107.394541999849,39.718394999924],[-107.394187000022,39.717823000201],[-107.394038999884,39.716793000128],[-107.393177999718,39.716789999827],[-107.392924999998,39.715353000224],[-107.392402999766,39.714075999907],[-107.392519999942,39.712398000237],[-107.391558000393,39.709877000334],[-107.389231999814,39.708393000171],[-107.388950999606,39.708021000156],[-107.388868999591,39.705976999865],[-107.39013900001,39.704914999871],[-107.389721000434,39.704311000086],[-107.390943000274,39.703565000215],[-107.390873999779,39.702575999791],[-107.392171999788,39.70165699978],[-107.392690999646,39.700483999678],[-107.393305999765,39.700056999925],[-107.393572999728,39.699349000214],[-107.394946999905,39.698590999699],[-107.395105999913,39.698127999771],[-107.396384999655,39.697704999851],[-107.397875000183,39.696927000242],[-107.398207000444,39.696090999996],[-107.399069000434,39.695379999841],[-107.399266000078,39.694673000036],[-107.399102999871,39.691992000307],[-107.398859000372,39.691330000076],[-107.399456999874,39.690091999957],[-107.401134999824,39.68939999977],[-107.401539000055,39.687923000219],[-107.402246000234,39.687475999817],[-107.403872000306,39.687604999715],[-107.405370000331,39.687447000246],[-107.405967999833,39.687209999673],[-107.405922999627,39.685580000213],[-107.406100999902,39.685324000174],[-107.409014999936,39.684948000298],[-107.409727000139,39.684635999861],[-107.41027699996,39.684030000274],[-107.410189999921,39.683212000279],[-107.410973000269,39.682926000001],[-107.411407999564,39.682349000268],[-107.411127000255,39.681319000199],[-107.411195999852,39.678948000153],[-107.410897000101,39.67840499966],[-107.41166700003,39.677074000206],[-107.412687000204,39.676899000138],[-107.415068999961,39.67533599974],[-107.416294999999,39.674716000331],[-107.418499000379,39.67408499966],[-107.419670000166,39.673555999694],[-107.421158999971,39.673136999884],[-107.422471000223,39.671640999992],[-107.423416000054,39.671342000242],[-107.425237999944,39.669763999976],[-107.426832000229,39.669028000235],[-107.427825999565,39.669114999988],[-107.428817000325,39.668787999752],[-107.429136999993,39.668249999701],[-107.429808000187,39.668110000191],[-107.430218000266,39.667182000041],[-107.431732000185,39.66610499987],[-107.433226999837,39.664568999677],[-107.434769000243,39.663348000297],[-107.435888999976,39.662703000054],[-107.435802999762,39.661921000328],[-107.437083000228,39.660515999804],[-107.438304000243,39.659795999824],[-107.439470000007,39.657492000106],[-107.44140400005,39.65612699968],[-107.441626999633,39.655195000156],[-107.442379000019,39.654377000345],[-107.442613000371,39.653742000291],[-107.443620999951,39.652567000001],[-107.442969000023,39.651913999868],[-107.443104999567,39.651155000007],[-107.444128000114,39.650745999887],[-107.444446000131,39.649864999699],[-107.445607999697,39.649102000223],[-107.445792999645,39.648738000204],[-107.445949000179,39.64687000024],[-107.446480999559,39.645426000235],[-107.446367999581,39.643869999916],[-107.447826000321,39.640613999783],[-107.447704000122,39.63981499974],[-107.449045999613,39.639533999772],[-107.449689000219,39.63891700034],[-107.449383999722,39.637553999761],[-107.4489560001,39.636644000142],[-107.448824999681,39.635251000035],[-107.447877000375,39.634144000239],[-107.448145000163,39.631813999782],[-107.44773400026,39.630751000338],[-107.447946999797,39.629502999826],[-107.447606000213,39.628428999967],[-107.447688000229,39.627797000332],[-107.447340999899,39.626858000264],[-107.447355999968,39.624979999953],[-107.447725000039,39.624011999808],[-107.447064999715,39.622770999841],[-107.447412999869,39.621970000176],[-107.446929999995,39.620811999717],[-107.447007999813,39.620273999928],[-107.446623999674,39.619542999991],[-107.447036000301,39.61847300018],[-107.446864999698,39.617346999749],[-107.447944000322,39.615957999792],[-107.449037000291,39.615513000144],[-107.44977399971,39.614591000281],[-107.450824999846,39.613965000063],[-107.45231399965,39.611340999956],[-107.452321000221,39.610165999709],[-107.451887999678,39.609551000044],[-107.452334999567,39.608991000284],[-107.45212200003,39.608276999816],[-107.451213000183,39.60795900028],[-107.450850999785,39.607365999864],[-107.450191000359,39.607196000155],[-107.448941999856,39.606416999968],[-107.447771000069,39.605050000311],[-107.447586000122,39.604210000082],[-107.446371999779,39.6032659998],[-107.446230000387,39.602216999913],[-107.445888999905,39.601541999999],[-107.445888999905,39.600344999958],[-107.445527000405,39.599516000053],[-107.44666899988,39.598626999916],[-107.446782999682,39.59683700012],[-107.445994000385,39.595130000232],[-107.446334999969,39.593741000338],[-107.447108000271,39.593169999834],[-107.447683000206,39.591611000204],[-107.447696999551,39.590786999769],[-107.448072000368,39.589491999807],[-107.448561999915,39.588947999674],[-107.44824899992,39.588284000249],[-107.448766999954,39.587779000263],[-107.448590000402,39.587274000058],[-107.449121999781,39.586273999972],[-107.448802000114,39.58547300034],[-107.449418999882,39.584572000036],[-107.449546999929,39.5833430001],[-107.448619999641,39.583436000069],[-107.448674000068,39.58265699988],[-107.448191000194,39.581575000067],[-107.448269000012,39.580203000069],[-107.44860899977,39.57953800015],[-107.448247000271,39.578600000268],[-107.44855900044,39.576139999776],[-107.448360000248,39.575382000076],[-107.447664999764,39.574481999991],[-107.447613999711,39.573716999733],[-107.446729000154,39.573775999978],[-107.444094999604,39.573636000335],[-107.441443000408,39.574205999932],[-107.438254999839,39.574069000041],[-107.437350000191,39.573947999725],[-107.434258999707,39.572654999888],[-107.433093999767,39.57229700002],[-107.431019999982,39.571052000026],[-107.429284000306,39.570592999779],[-107.428104000298,39.569796999939],[-107.426908000397,39.568010000256],[-107.42571699962,39.566901999928],[-107.423897000278,39.566104999982],[-107.421635000172,39.565501000182],[-107.418003000087,39.565180000293],[-107.414167999612,39.564041999666],[-107.410909999621,39.563429999806],[-107.410141000416,39.563404000179],[-107.408880000217,39.562920000068],[-107.407828000256,39.562107000259],[-107.40771100008,39.561742999727],[-107.406598000019,39.561453000329],[-107.405330999973,39.56024799979],[-107.403020000361,39.558737999676],[-107.400395000032,39.557900999894],[-107.39886500022,39.557039999982],[-107.397541000272,39.556827000307],[-107.392755000119,39.558312999797],[-107.391058999727,39.558985000237],[-107.389353000188,39.559345999795],[-107.387633000405,39.55933899999],[-107.384577999905,39.560108999901],[-107.383828000068,39.560095999812],[-107.381829999552,39.560504999672],[-107.380001999814,39.560529000278],[-107.377731000385,39.560164999775],[-107.374058000293,39.559934000262],[-107.370293999963,39.561034000053],[-107.36863699993,39.56105899983],[-107.367882000069,39.560758999836],[-107.365260000113,39.559182999805],[-107.36393500034,39.558924999795],[-107.36186599968,39.559235000137],[-107.35990700042,39.560065000017],[-107.353850999848,39.560584999813],[-107.351449999824,39.560332999819],[-107.348397999698,39.559648999867],[-107.346897000198,39.559824000224],[-107.346083999713,39.55967200001],[-107.345329999677,39.559181999732],[-107.343787000345,39.559032999723],[-107.341864000172,39.559132000201],[-107.339278000201,39.558426999798],[-107.338005000307,39.557298000078],[-107.337405000257,39.556540000081],[-107.337127000423,39.554272999884],[-107.336857999911,39.553208999744],[-107.336175999846,39.551807000258],[-107.335437999704,39.551227999777],[-107.333691000157,39.55074500009],[-107.330550000341,39.549641999968],[-107.330455999732,39.549506999765],[-107.326308999986,39.548520999699],[-107.324689999587,39.548466999885],[-107.323517999975,39.548566999738],[-107.321862999592,39.549010000257],[-107.320675000086,39.549872999814],[-107.318196000245,39.551267999668],[-107.316632999923,39.552697000012],[-107.315252999898,39.554368999802],[-107.313370999734,39.558084999925],[-107.313041999846,39.558491999703],[-107.310856999732,39.56031500018],[-107.30996399978,39.560414000214],[-107.309012000276,39.559696000212],[-107.309106999812,39.558434999779],[-107.308734000442,39.557049000227],[-107.307775000367,39.556494999899],[-107.306217999892,39.556877000114],[-107.305949000279,39.557393999966],[-107.305621000216,39.559078000335],[-107.305285999581,39.559860999816],[-107.304590999996,39.560703999801],[-107.301521000326,39.561378000012],[-107.30055100038,39.560577000081],[-107.300235999838,39.559899000143],[-107.29941400003,39.559239999807],[-107.295196000139,39.557794999776],[-107.291839000414,39.556939999875],[-107.290667999729,39.557325000017],[-107.290272999719,39.557906999753],[-107.289471999828,39.559971999857],[-107.288982000281,39.560618000174],[-107.287695000143,39.561148999782],[-107.286709000304,39.561115999675],[-107.28333900016,39.560059000346],[-107.281717000287,39.559801000131],[-107.279897999871,39.560242000134],[-107.278285000218,39.561309999914],[-107.276969999593,39.562922000107],[-107.274470999661,39.565454000308],[-107.273528000378,39.565955000328],[-107.272100999599,39.566209999893],[-107.270850000345,39.565669999745],[-107.269440000183,39.564285000037],[-107.268955999586,39.563483999746],[-107.268158000068,39.563070000054],[-107.265945000366,39.562550000192],[-107.26301299989,39.562129000249],[-107.259774000165,39.562225999712],[-107.256809999902,39.561585000023],[-107.254956000225,39.560878000217],[-107.251882000357,39.560098999993],[-107.249401999793,39.559720999778],[-107.248590000031,39.559274000186],[-107.246754999722,39.557686999998],[-107.245311999948,39.55697899983],[-107.243735000281,39.55691700021],[-107.2419500002,39.557696000159],[-107.240241000288,39.559502999682],[-107.238857999891,39.560491999658],[-107.237539999791,39.562816000044],[-107.236544999731,39.564029000314],[-107.233461999642,39.566042000236],[-107.231060999619,39.566777999677],[-107.229068000024,39.568194999724],[-107.228504999785,39.56875600032],[-107.226261999945,39.569849999849],[-107.224265000152,39.570678000284],[-107.223347000086,39.572439999936],[-107.223212000366,39.574505999914],[-107.222437000415,39.575945000343],[-107.220326999746,39.576838999831],[-107.218118000241,39.57717700005],[-107.214964000008,39.576496000232],[-107.213144999592,39.576203999869],[-107.209694000156,39.576163999818],[-107.209121999695,39.575890999721],[-107.208115999765,39.575967999928],[-107.207020000321,39.576449000195],[-107.204471999984,39.578585999698],[-107.203168999953,39.580043999731],[-107.203121000272,39.580329000078],[-107.201766000362,39.581348000274],[-107.201069000228,39.581396999957],[-107.199689000204,39.582010999955],[-107.198530000113,39.582884999964],[-107.197833999804,39.585104999755],[-107.196478999894,39.586157999999],[-107.194903999876,39.586872000054],[-107.193584999951,39.587710999751],[-107.192560999579,39.587879999863],[-107.189604999711,39.58897299977],[-107.18868599982,39.589673000178],[-107.185632999868,39.591644999939],[-107.184802999665,39.591901000138],[-107.183574000151,39.591809999659],[-107.181014999944,39.591249999727],[-107.179648000339,39.591378999937],[-107.17767800031,39.593404999765],[-107.175767999658,39.594783000164],[-107.174560000062,39.596302000204],[-107.172538000155,39.598243000207],[-107.170460999997,39.599834999781],[-107.167638000199,39.600811000208],[-107.163380000125,39.601738999692],[-107.161188000339,39.601917000148],[-107.156137999697,39.604070000322],[-107.154595000364,39.606890000042],[-107.15447599964,39.607927999742],[-107.152826000177,39.608547000196],[-107.150317000199,39.60926600017],[-107.146824000031,39.609665000219],[-107.145548999589,39.610073000327],[-107.144546999857,39.610705999908],[-107.141897000311,39.612655000319],[-107.138308999709,39.61368700022],[-107.136574999682,39.613941999941],[-107.134532999684,39.614414999817],[-107.132591999968,39.615167999699],[-107.13094300033,39.616150000274],[-107.130163000356,39.617183999828],[-107.128574999919,39.617539999762],[-107.126323999683,39.618528000047],[-107.125607000356,39.619133999746],[-107.124691999764,39.620903000146],[-107.122392000023,39.623307999752],[-107.12112800035,39.624168999905],[-107.120431000216,39.62432300017],[-107.117436999815,39.623640999657],[-107.116018000331,39.623834000109],[-107.113865000005,39.624462999799],[-107.113571000277,39.634190999874],[-107.113502999607,39.640505999711],[-107.113449000078,39.680411000151],[-107.113428999987,39.697205000045],[-107.113572000102,39.731289000077],[-107.113533999569,39.751721000161],[-107.113550000361,39.782419999737],[-107.113524000421,39.805357999803],[-107.113546000163,39.851693999862],[-107.113547999813,39.866761000154],[-107.113639999874,39.875026999811],[-107.113658000316,39.899592999805],[-107.113596000391,39.900386000229],[-107.113671999661,39.919112000066],[-107.078338000449,39.91900499975],[-107.052502000127,39.918924000153],[-107.046029999627,39.918877999956],[-107.033967999609,39.918913000123],[-107.032170999833,39.939668999946],[-107.032647999859,39.963724999833],[-107.031771999625,39.963726999969],[-107.031970999817,39.98389399979],[-107.032050000358,40.002939000238],[-107.037358999669,40.003080999807],[-107.037307999616,40.026074999744],[-107.03724800024,40.053607000182],[-107.037295000095,40.056561999914],[-107.037362999867,40.091538000232],[-107.074193000353,40.091523000147],[-107.075050000321,40.091483000135],[-107.101835999598,40.091462999777],[-107.125607000356,40.091090000228],[-107.167002999989,40.09098299972],[-107.190607000342,40.09091899987],[-107.21877900039,40.090845999955],[-107.250610000288,40.09085799973],[-107.284664999758,40.090809000007],[-107.316992999773,40.090764999874],[-107.31702499956,40.059551999771],[-107.317062000268,40.028284999749],[-107.31709499988,40.003762000335],[-107.319247000381,40.003764999813],[-107.319305999933,39.99998100017],[-107.318983999717,39.955749999919],[-107.318860999694,39.93868700027],[-107.318751000089,39.914967999831],[-107.328961999905,39.915248999864],[-107.36303999984,39.916071999804],[-107.389040000193,39.916698999859],[-107.431665000238,39.917725000344],[-107.431600999765,39.874980000144],[-107.431748000078,39.854650999994],[-107.43176999982,39.828376999719],[-107.447518000349,39.828310999945],[-107.476532000297,39.82826700029]]]},"properties":{"geoid":"08045951600","county_fips":"08045","designated":true}},{"type":"Feature","geometry":{"type":"Polygon","coordinates":[[[-104.948160999906,39.830745999802],[-104.947888000094,39.832759999883],[-104.948484999771,39.835946999864],[-104.949426000302,39.836972999929],[-104.949485999678,39.837990999781],[-104.949111999585,39.838395999804],[-104.946717000307,39.839300999773],[-104.945349999804,39.840390999749],[-104.944261999857,39.841621999821],[-104.944213000352,39.842373999659],[-104.943033000344,39.843728999718],[-104.942008999972,39.844382999749],[-104.941500000159,39.84439600019],[-104.939992000088,39.845616000123],[-104.938808999707,39.846307000236],[-104.938161999802,39.84811999983],[-104.938000000319,39.849111000157],[-104.938079999786,39.85039399975],[-104.937899000036,39.851597000302],[-104.937993999572,39.853486000213],[-104.938299000069,39.854709999727],[-104.938008999641,39.856088999817],[-104.940824999766,39.856002000129],[-104.954138999762,39.856159000143],[-104.954368000091,39.852715999949],[-104.954327999908,39.852087000053],[-104.955654000404,39.851645000108],[-104.955088999616,39.849909999677],[-104.955069000423,39.848664000237],[-104.956032999623,39.84611899992],[-104.95887999971,39.842849000148],[-104.95902000035,39.842320000256],[-104.959118000259,39.838090999787],[-104.964527999854,39.838125999824],[-104.977882999858,39.838128000181],[-104.977883999683,39.836506999929],[-104.978053999562,39.836325000219],[-104.978116000384,39.834055000208],[-104.982752999676,39.834494999806],[-104.983580000405,39.834500000271],[-104.983135000166,39.827022999952],[-104.983172999801,39.818101999918],[-104.983243999946,39.817100000097],[-104.98329699965,39.807088999765],[-104.983371999993,39.805850000207],[-104.983771000201,39.804292999714],[-104.984392000167,39.8028350001],[-104.986532000074,39.798705999762],[-104.987775999656,39.795618000291],[-104.988835000188,39.791086000045],[-104.986385999586,39.79103699985],[-104.986356000347,39.791932000104],[-104.985181000362,39.791624999885],[-104.985199999731,39.79103999968],[-104.982669000011,39.791086000045],[-104.975949999639,39.791038000023],[-104.976056999769,39.792301000307],[-104.973234999797,39.792470000065],[-104.973244999842,39.794131000077],[-104.974838000302,39.794225999785],[-104.974846999624,39.795610000126],[-104.972212999973,39.795564000026],[-104.972207000125,39.796249999984],[-104.973243000193,39.796302000207],[-104.973142999735,39.798291999822],[-104.968715999607,39.798395999901],[-104.968765000011,39.793840000063],[-104.966635999974,39.793836999665],[-104.965496000149,39.795452000313],[-104.962526999863,39.797676000109],[-104.960783999616,39.799588999716],[-104.960176000069,39.80007100026],[-104.95981200002,39.80099100032],[-104.958854999595,39.802129000024],[-104.957580000051,39.803124000018],[-104.957240000293,39.803875000336],[-104.957457000028,39.805032000048],[-104.959411999987,39.808185999666],[-104.959477000285,39.809979999999],[-104.958767999557,39.812038999769],[-104.957588000447,39.812653000133],[-104.954604999918,39.812900000059],[-104.952112999658,39.813383000296],[-104.951311999767,39.814724999726],[-104.951348999577,39.815803000007],[-104.95107699959,39.816363000067],[-104.949908000351,39.817329000227],[-104.949760000213,39.81835200029],[-104.950481999563,39.819005999793],[-104.950652000341,39.819980000151],[-104.950489000134,39.820858999774],[-104.948903000246,39.822453999974],[-104.948842000146,39.82337600004],[-104.949658000106,39.824369999844],[-104.949638999839,39.825212999818],[-104.948834999575,39.825849000041],[-104.948766999803,39.827089000274],[-104.94846300003,39.828711000281],[-104.948494999817,39.829989000154],[-104.948160999906,39.830745999802]]]},"properties":{"geoid":"08001015000","county_fips":"08001","designated":true}},{"type":"Feature","geometry":{"type":"Polygon","coordinates":[[[-104.96886100027,39.790973999943],[-104.960638000026,39.790979000123],[-104.960253999886,39.79116200001],[-104.955624000267,39.794686000072],[-104.947887000269,39.794671000336],[-104.942865999939,39.794563999779],[-104.941634000053,39.794885999687],[-104.940534000411,39.794786000297],[-104.940835999637,39.791880000028],[-104.940534000411,39.791086000045],[-104.939881999585,39.790993999974],[-104.939249999748,39.792622000305],[-104.939730999972,39.792011000302],[-104.939295999779,39.793214999924],[-104.93773599983,39.794863999861],[-104.936248999675,39.796632000307],[-104.932887999752,39.800370999787],[-104.93218499977,39.801557999725],[-104.931676999782,39.802961000213],[-104.931681999805,39.808699000165],[-104.931507999728,39.808238999758],[-104.931547000086,39.810815999958],[-104.931517999773,39.818595999737],[-104.931202000304,39.820887999807],[-104.930697999616,39.822211000146],[-104.927880999666,39.826697999804],[-104.926401999907,39.829414999936],[-104.925799000383,39.83088399976],[-104.939120000052,39.830856999685],[-104.944933000052,39.830881000289],[-104.948160999906,39.830745999802],[-104.948494999817,39.829989000154],[-104.94846300003,39.828711000281],[-104.948766999803,39.827089000274],[-104.948834999575,39.825849000041],[-104.949638999839,39.825212999818],[-104.949658000106,39.824369999844],[-104.948842000146,39.82337600004],[-104.948903000246,39.822453999974],[-104.950489000134,39.820858999774],[-104.950652000341,39.819980000151],[-104.950481999563,39.819005999793],[-104.949760000213,39.81835200029],[-104.949908000351,39.817329000227],[-104.95107699959,39.816363000067],[-104.951348999577,39.815803000007],[-104.951311999767,39.814724999726],[-104.952112999658,39.813383000296],[-104.954604999918,39.812900000059],[-104.957588000447,39.812653000133],[-104.958767999557,39.812038999769],[-104.959477000285,39.809979999999],[-104.959411999987,39.808185999666],[-104.957457000028,39.805032000048],[-104.957240000293,39.803875000336],[-104.957580000051,39.803124000018],[-104.958854999595,39.802129000024],[-104.95981200002,39.80099100032],[-104.960176000069,39.80007100026],[-104.960783999616,39.799588999716],[-104.962526999863,39.797676000109],[-104.965496000149,39.795452000313],[-104.966635999974,39.793836999665],[-104.967758000255,39.791720999766],[-104.96886100027,39.790973999943]]]},"properties":{"geoid":"08001008901","county_fips":"08001","designated":true}},{"type":"Feature","geometry":{"type":"Polygon","coordinates":[[[-105.024798999588,39.827271999957],[-105.024839999595,39.828931999924],[-105.024781999869,39.836194999737],[-105.032549000004,39.838370000097],[-105.034287000229,39.839030999903],[-105.034299999749,39.834539000301],[-105.053266000087,39.834527000294],[-105.053261999889,39.827273000294],[-105.034350999803,39.827289999798],[-105.024798999588,39.827271999957]]]},"properties":{"geoid":"08001009604","county_fips":"08001","designated":true}},{"type":"Feature","geometry":{"type":"Polygon","coordinates":[[[-104.968361999605,39.856254000324],[-104.967276000207,39.85623399997],[-104.96661099986,39.857426999879],[-104.967703000004,39.85784299991],[-104.969524000069,39.860327999764],[-104.968546999553,39.860743000289],[-104.967889999602,39.861364000059],[-104.967617999615,39.86220100003],[-104.966945999595,39.862819000251],[-104.965374999775,39.863571000269],[-104.965352000209,39.866143000275],[-104.963414999793,39.866123000046],[-104.960982999807,39.866631000073],[-104.959879999793,39.866596000089],[-104.959600000308,39.867161999675],[-104.959577999669,39.868709999659],[-104.961232000228,39.868757000175],[-104.961823000057,39.869367000097],[-104.961817000209,39.870664999932],[-104.969685999552,39.870706000198],[-104.970369000341,39.870748000143],[-104.972905999909,39.871565000063],[-104.973700000127,39.871511000182],[-104.975506999949,39.870972999804],[-104.977698999735,39.870723999685],[-104.977825000131,39.856332999699],[-104.968361999605,39.856254000324]]]},"properties":{"geoid":"08001009202","county_fips":"08001","designated":true}},{"type":"Feature","geometry":{"type":"Polygon","coordinates":[[[-104.825460000263,39.740290000273],[-104.82545699989,39.746745000044],[-104.825658999557,39.748304999925],[-104.826697000173,39.750802000232],[-104.828302000328,39.750942999931],[-104.829058000013,39.751292999838],[-104.833039000077,39.75148299999],[-104.833049000123,39.754878999938],[-104.83570600024,39.754790999844],[-104.846932000207,39.75488900002],[-104.847091000215,39.740206999918],[-104.847013000398,39.740205999697],[-104.843254000091,39.740306999867],[-104.825460000263,39.740290000273]]]},"properties":{"geoid":"08001008100","county_fips":"08001","designated":true}},{"type":"Feature","geometry":{"type":"Polygon","coordinates":[[[-104.718528999994,39.740270000013],[-104.710667000323,39.74025500016],[-104.710632999988,39.740124000154],[-104.69473499967,39.740081000245],[-104.678304999973,39.739994999657],[-104.6783019996,39.740187999856],[-104.670114000414,39.740195000025],[-104.665038999658,39.740309000307],[-104.660270000121,39.74048200012],[-104.657794999579,39.740365999686],[-104.652802999562,39.739777999678],[-104.644151999695,39.739720000275],[-104.640723,39.739885999985],[-104.632423999588,39.739500999658],[-104.630421999772,39.739500000118],[-104.627962000198,39.739905999665],[-104.624643000107,39.740077000044],[-104.598809000333,39.73984499969],[-104.582488000416,39.739635999695],[-104.584002000335,39.743223999762],[-104.586066999899,39.744889000222],[-104.587673999704,39.74576099991],[-104.590551999754,39.749019999923],[-104.59081299987,39.749905000176],[-104.593172999885,39.751431999797],[-104.594434999909,39.752445999674],[-104.59570100013,39.753930000047],[-104.598560999738,39.756601000264],[-104.601766000026,39.759994000135],[-104.602467000358,39.761517000191],[-104.602906999675,39.763275000339],[-104.60389900026,39.76575999975],[-104.605891999855,39.769152999925],[-104.607733000011,39.775411000281],[-104.609144999823,39.777515999978],[-104.611873999909,39.778760000182],[-104.613315999858,39.77987199999],[-104.616101999846,39.781382000155],[-104.61726599996,39.782537000062],[-104.618326000317,39.782684000066],[-104.619935999597,39.782290999749],[-104.62090999974,39.782336999751],[-104.62307899996,39.783358000103],[-104.623595000344,39.784139999706],[-104.622966999807,39.785585999837],[-104.62313800041,39.788225000148],[-104.622126999558,39.789729000158],[-104.621884999709,39.791294999921],[-104.622381999826,39.79185000002],[-104.623242999992,39.79169699998],[-104.624264999816,39.790837000087],[-104.6249600003,39.790834999734],[-104.625748999597,39.791446999996],[-104.62689099997,39.793289000017],[-104.627010999621,39.794117999788],[-104.626225999623,39.79472899971],[-104.625161999966,39.79608899996],[-104.625065999707,39.796822999673],[-104.626069000163,39.797684000033],[-104.62810000029,39.798070000267],[-104.628765999564,39.798333999899],[-104.629213000351,39.798942000153],[-104.628734999602,39.800165000004],[-104.628770999587,39.800636000281],[-104.629660000239,39.801659000329],[-104.629917000157,39.802282000322],[-104.629016999634,39.80368799981],[-104.629147000228,39.803964999769],[-104.63095400005,39.804466000283],[-104.630888999753,39.804976000333],[-104.629774999867,39.806809000137],[-104.62985199986,39.808776999821],[-104.629462999698,39.810295000239],[-104.628600999707,39.811903000342],[-104.626605999565,39.813526999705],[-104.62546400009,39.815393999983],[-104.625199999601,39.81627400011],[-104.625322999625,39.818721000173],[-104.625022000224,39.820604999889],[-104.625365000356,39.822142000115],[-104.626377000134,39.82320399985],[-104.628400999691,39.824213999957],[-104.628590999661,39.824664000101],[-104.627639999983,39.826488999907],[-104.627624999914,39.826882999833],[-104.630220999931,39.826785000063],[-104.639645999924,39.82689800013],[-104.639672999689,39.822551999713],[-104.655510999732,39.822470000265],[-104.655454999655,39.814047999769],[-104.666196000099,39.81400499979],[-104.66627700029,39.822849999692],[-104.679952999786,39.822868999712],[-104.710735000095,39.823147999759],[-104.717096000266,39.823219000261],[-104.722047000276,39.823180000014],[-104.755423000054,39.823038999945],[-104.76246999959,39.822979999904],[-104.762900999586,39.81303799998],[-104.762903999959,39.811363000146],[-104.762651000239,39.803577000205],[-104.762655000437,39.801228999822],[-104.762833999638,39.799878000163],[-104.762606000033,39.798433000276],[-104.755547999728,39.798468999876],[-104.747809999905,39.798454000275],[-104.744583999701,39.798508000342],[-104.740673999782,39.798455000341],[-104.734398999824,39.798442000178],[-104.734419999741,39.789689000044],[-104.734525000221,39.783646000126],[-104.734601000389,39.769180999872],[-104.736655000083,39.769393000083],[-104.753398999599,39.769487000319],[-104.763125999717,39.769488999911],[-104.763225000349,39.771487999732],[-104.767627000363,39.771687000047],[-104.772165999746,39.771466000019],[-104.772210999951,39.762450000062],[-104.77229799999,39.761907999852],[-104.772272000051,39.758449999772],[-104.772451000151,39.745025999676],[-104.772470000417,39.740250999969],[-104.754126999695,39.740227999726],[-104.735644999954,39.74025399994],[-104.731955000143,39.740821999932],[-104.730525999715,39.740801000305],[-104.727737000253,39.740362000192],[-104.72563699963,39.740267000043],[-104.718528999994,39.740270000013]]]},"properties":{"geoid":"08001008353","county_fips":"08001","designated":true}},{"type":"Feature","geometry":{"type":"Polygon","coordinates":[[[-103.531770999589,37.990686000078],[-103.532168999972,37.98938799981],[-103.531939999643,37.988119000202],[-103.530065000049,37.988174999894],[-103.523325999586,37.986272000286],[-103.523309999693,37.982670000194],[-103.527997999937,37.98266899972],[-103.528009999632,37.975302000141],[-103.532548000088,37.975322000292],[-103.532532000195,37.973115999792],[-103.532615999861,37.968099999664],[-103.546421999951,37.968033999875],[-103.546370999898,37.975307000179],[-103.547541999685,37.975303000007],[-103.547489999806,37.978927999907],[-103.554393000301,37.978884999988],[-103.554362000339,37.986172999954],[-103.554832999618,37.987261999796],[-103.554290000368,37.987691000037],[-103.55311399966,37.988009000077],[-103.552593000152,37.988679000148],[-103.552131000194,37.990694999817],[-103.551306000014,37.991577999728],[-103.553794999901,37.992636999831],[-103.556764000187,37.994118000259],[-103.559699999963,37.994686999677],[-103.56247699973,37.994489999957],[-103.564403000275,37.99453499985],[-103.56801299972,37.99428199978],[-103.569343000414,37.994288000256],[-103.571869000111,37.994803999734],[-103.572668000352,37.995543000123],[-103.572107999587,37.997804999806],[-103.572794999676,37.999122999829],[-103.572394999643,38.000589000353],[-103.573536000191,38.001061000212],[-103.575900000404,38.001071999832],[-103.577072000016,38.001616000091],[-103.578852000073,38.005059000344],[-103.580470999574,38.00625000013],[-103.582394999571,38.006924999929],[-103.583562000059,38.007044999998],[-103.58430199985,38.007434000144],[-103.586455000177,38.008005999975],[-103.58714300009,38.008757999808],[-103.587739999766,38.009840999929],[-103.589109999745,38.011052000209],[-103.589288999845,38.011564999693],[-103.590808999611,38.011913999767],[-103.593926000035,38.012283000286],[-103.598354999813,38.012974000005],[-103.60126100035,38.013926999735],[-103.605254999935,38.015344000165],[-103.606983999939,38.016404000342],[-103.609708999827,38.018974000229],[-103.611482000212,38.021321000097],[-103.614238999887,38.023384000184],[-103.615674999988,38.025195999738],[-103.616408999932,38.02644900014],[-103.618134999563,38.028245999707],[-103.619250999996,38.029089000325],[-103.620636999868,38.029620999884],[-103.622181999749,38.030432000281],[-103.623802999798,38.031006999807],[-103.624426000312,38.030925000124],[-103.625273000234,38.030333000127],[-103.626483000379,38.028539000348],[-103.628053000374,38.027403000004],[-103.629965999602,38.026760999883],[-103.631538999971,38.025961999903],[-103.632811999865,38.024819999836],[-103.631329999733,38.023017000202],[-103.631719999721,38.022078000302],[-103.634172999623,38.022278999943],[-103.635422000126,38.022207999679],[-103.636349000413,38.021925999933],[-103.63770099995,38.022327000272],[-103.639038000317,38.021644999752],[-103.639804999873,38.020209000153],[-103.640989000078,38.018922999889],[-103.641194999943,38.018200999981],[-103.64232899992,38.017725000078],[-103.642564999921,38.017151000351],[-103.64223299966,38.016709000327],[-103.642562000447,38.016294000176],[-103.643519999798,38.016264999731],[-103.644453999759,38.015906000354],[-103.642815999991,38.014905999997],[-103.642749000044,38.014583000311],[-103.643600999989,38.013750999669],[-103.644587999653,38.014392999831],[-103.645697000414,38.014060000261],[-103.646309000159,38.013587999858],[-103.646742999629,38.010841000024],[-103.647683000336,38.009588999684],[-103.647525999977,38.008327000082],[-103.64817899973,38.008317000259],[-103.649451999624,38.007795999647],[-103.650326000208,38.007662999789],[-103.650938999778,38.007279000133],[-103.651002000426,38.006668999692],[-103.651543999851,38.00601100018],[-103.652501000276,38.00587100023],[-103.652297000061,38.005081999967],[-103.65274399995,38.004040000029],[-103.652372000405,38.003746000345],[-103.652276000145,38.002615000329],[-103.652810999897,38.002545000331],[-103.654955999828,38.002797000012],[-103.656351999746,38.002781999853],[-103.656566999831,38.002000999885],[-103.656217999851,38.000428000056],[-103.657325000064,37.999626999901],[-103.657165000231,37.998601000173],[-103.657469999829,37.998319000213],[-103.659659999965,37.997822999661],[-103.660414999826,37.998151000173],[-103.661169999686,37.998074999995],[-103.662086000103,37.997471999926],[-103.662009999935,37.996609999762],[-103.662276999899,37.996282000144],[-103.663147000285,37.996201999705],[-103.664070000375,37.994958000324],[-103.665871000349,37.994801999826],[-103.666237000047,37.995832000074],[-103.667313000297,37.99550000003],[-103.66771699963,37.994718000073],[-103.668372999756,37.994577000197],[-103.668770000314,37.995595000036],[-103.669356999945,37.995977000123],[-103.669039999753,37.996477999721],[-103.668400000419,37.996509000068],[-103.668386000175,37.997606999696],[-103.669386000258,37.99790500028],[-103.670099000285,37.99765900027],[-103.670147999791,37.99681299972],[-103.671356000286,37.996396000338],[-103.671356000286,37.995335999693],[-103.672271999805,37.995710000177],[-103.672973999961,37.996964999782],[-103.673286999956,37.996941999737],[-103.677253999776,37.994419999991],[-103.677093999943,37.993894000269],[-103.678421000264,37.993458999652],[-103.67905499975,37.992844999717],[-103.680108000435,37.992413999906],[-103.680863000295,37.991411000177],[-103.68232799981,37.991258000285],[-103.682931000233,37.99083099968],[-103.684907000108,37.990731999836],[-103.686311000422,37.991220000174],[-103.687339999919,37.99083099968],[-103.689155999961,37.990506999759],[-103.690217000143,37.988962000036],[-103.690827000239,37.989026000057],[-103.692254000119,37.987789999737],[-103.693245999805,37.987320999956],[-103.694923999756,37.985314999745],[-103.694611999586,37.984350000108],[-103.696092000068,37.98387999983],[-103.69648100023,37.983141000192],[-103.696548000177,37.982348999653],[-103.692963999773,37.982347999883],[-103.693004999781,37.980613000197],[-103.693003000131,37.973229999867],[-103.693064000231,37.96871100001],[-103.693027000421,37.95938199997],[-103.691278000325,37.960522999978],[-103.689941999784,37.960595999901],[-103.687211000047,37.961416000155],[-103.684524999619,37.961847000013],[-103.680443999995,37.962945999954],[-103.67741399961,37.964060000027],[-103.674010999854,37.96457100026],[-103.671882999642,37.964478999787],[-103.670540000326,37.964287999797],[-103.667832000156,37.96331999981],[-103.66400099988,37.962309000097],[-103.661362000205,37.961351000081],[-103.659172000069,37.961023000079],[-103.658211000344,37.961079999966],[-103.655975000177,37.960852000151],[-103.650435999813,37.958245999725],[-103.649260999828,37.957333999981],[-103.648230999608,37.955946000269],[-103.648131999874,37.953664999848],[-103.648794999673,37.950692999658],[-103.650573000081,37.948934000128],[-103.651724999601,37.947358999836],[-103.653533000146,37.945489999738],[-103.654104999708,37.944337999658],[-103.654715999628,37.943692999694],[-103.655485999557,37.942407999937],[-103.655745999848,37.941458000143],[-103.655432999854,37.940846999767],[-103.65413599967,37.939809999753],[-103.652122000159,37.939901000315],[-103.651389999865,37.939589000146],[-103.650917000037,37.938738000008],[-103.650100000253,37.938073999778],[-103.647803999811,37.936827000201],[-103.648612000273,37.936296999916],[-103.648673000373,37.935320000031],[-103.647941000079,37.934904000271],[-103.648245999677,37.934110999721],[-103.646475999665,37.933530999932],[-103.646026000302,37.933877999783],[-103.644271000359,37.934355000039],[-103.641661999923,37.935892000196],[-103.640508999679,37.93629999969],[-103.639578999917,37.937937000272],[-103.63934200009,37.938948000327],[-103.639434000152,37.940125999655],[-103.640211999578,37.940954000136],[-103.640670000236,37.941893000082],[-103.640716000267,37.942709000316],[-103.640081999882,37.943192999934],[-103.638784999699,37.94375799981],[-103.637572000079,37.943791999934],[-103.636473000262,37.944337999658],[-103.636023,37.944185000109],[-103.635749000364,37.943243000205],[-103.634878999977,37.943017999781],[-103.633802999727,37.944059000325],[-103.633688999924,37.944967000122],[-103.633826000191,37.94651999997],[-103.633261000302,37.946909000129],[-103.632369000174,37.946843999967],[-103.631041000028,37.945622999669],[-103.630599000162,37.945421000063],[-103.629178999955,37.945733999826],[-103.628805999686,37.946004999888],[-103.629118999681,37.947163999664],[-103.628698999556,37.947583999718],[-103.627348999669,37.947907999982],[-103.626654000083,37.948369999907],[-103.624955000217,37.948497000322],[-103.624826000345,37.951049000293],[-103.623806000171,37.951977000263],[-103.622632999836,37.952407000083],[-103.621166999598,37.952361999858],[-103.619297000027,37.950594000215],[-103.618229999997,37.950407000353],[-103.616733999622,37.950431999809],[-103.614814999647,37.949119999975],[-103.613990000365,37.947971999673],[-103.613221000261,37.946183000091],[-103.613059999704,37.944861999781],[-103.612504999861,37.944464999958],[-103.611755000023,37.94480500006],[-103.6110339996,37.946246999867],[-103.610687999993,37.948236999991],[-103.610199000272,37.950135000026],[-103.609477000023,37.950821999998],[-103.607655999958,37.951096000298],[-103.606993000159,37.952262999831],[-103.605837000441,37.952468999751],[-103.603062000324,37.951255000076],[-103.602280999626,37.95045400006],[-103.601962999609,37.948622000059],[-103.601442999925,37.948002999968],[-103.600150999764,37.947517999909],[-103.59812100036,37.949469000333],[-103.591154000291,37.954071000233],[-103.588901000406,37.955216999866],[-103.587918000042,37.956040999777],[-103.586703999699,37.956659000019],[-103.584708999556,37.958010000215],[-103.583957999894,37.958285000009],[-103.582715000137,37.958374000162],[-103.57993800037,37.956135999871],[-103.578693000065,37.955994000103],[-103.577077999864,37.956292999823],[-103.575919999597,37.954622000101],[-103.574851999742,37.95437100014],[-103.574559999664,37.953868000321],[-103.574590999627,37.952270999852],[-103.576061000062,37.950685999666],[-103.575972000374,37.949421999996],[-103.576897000114,37.948187999811],[-103.57709899978,37.947327999977],[-103.576296000239,37.946609999758],[-103.574727000069,37.946949999853],[-103.573670000085,37.946609999758],[-103.572449000069,37.947459000341],[-103.571758999608,37.947435999656],[-103.571377999841,37.947025000308],[-103.571814999684,37.945461999908],[-103.571782000072,37.944942000223],[-103.572307999604,37.944051999701],[-103.571988999762,37.942579000297],[-103.572937999791,37.94159500017],[-103.5729140004,37.941026999669],[-103.571237000274,37.9400809997],[-103.571434999743,37.938210999737],[-103.572941999989,37.936655000236],[-103.572684000246,37.936177000336],[-103.571748999562,37.936079999849],[-103.570740000157,37.935443999811],[-103.570429999637,37.934407999797],[-103.57054199979,37.933356999882],[-103.570369000436,37.932527000069],[-103.570654999768,37.931914000348],[-103.570546999813,37.930586000265],[-103.570899000166,37.929677999933],[-103.57210199974,37.927740999948],[-103.572581000314,37.925900999828],[-103.572594999659,37.924959000134],[-103.572233000159,37.924262999928],[-103.571237000274,37.923783999668],[-103.569890999687,37.923750000209],[-103.568232000003,37.924203000262],[-103.567969000238,37.924928999882],[-103.567103999874,37.925422000317],[-103.565887999881,37.92699999969],[-103.565427999574,37.928870000016],[-103.564821999676,37.929715000238],[-103.564239000244,37.931940000175],[-103.563492999706,37.932535000113],[-103.563028000274,37.935076999788],[-103.56216299991,37.93646900001],[-103.561505999959,37.936905999791],[-103.560228000042,37.937320999881],[-103.558842999995,37.937156999905],[-103.557476000389,37.935941000073],[-103.55649399985,37.934710999769],[-103.556236000107,37.933928999735],[-103.5555969997,37.933083999768],[-103.554963000213,37.932722000112],[-103.554018000382,37.932620999653],[-103.553825000038,37.933408000196],[-103.546727000448,37.934001999869],[-103.546690999565,37.938616999797],[-103.543824000284,37.938587000159],[-103.542033000356,37.938963000074],[-103.537765000237,37.93899500028],[-103.536534000176,37.939170000094],[-103.534770000012,37.940191000091],[-103.533421999774,37.941966000099],[-103.53309600026,37.942708000006],[-103.532577000401,37.941395000066],[-103.53331200017,37.939846000277],[-103.533056999901,37.937929000107],[-103.532591999571,37.93712100019],[-103.532273999554,37.934792000343],[-103.530881000009,37.933358000319],[-103.530415999679,37.933670999738],[-103.530179999677,37.93474199999],[-103.530443000341,37.935785999947],[-103.530178999852,37.936718999809],[-103.53007400027,37.938531999846],[-103.529635999704,37.939339999839],[-103.528768999691,37.939761999972],[-103.527000000402,37.939613000097],[-103.526231000298,37.939333000182],[-103.525205000276,37.938531000188],[-103.524407999685,37.937305000124],[-103.523547000418,37.937398000301],[-103.522825999994,37.938458000301],[-103.521056999807,37.938458000301],[-103.520286999878,37.937958000348],[-103.519073000434,37.938144000348],[-103.518614999776,37.93953300023],[-103.519369999636,37.940984000225],[-103.521922000171,37.941847000179],[-103.522836999865,37.942308999958],[-103.524779000304,37.942574000155],[-103.525756999747,37.942985999911],[-103.526013999665,37.943375999952],[-103.525866000425,37.946392000129],[-103.526740000111,37.946907999876],[-103.526926999709,37.947930000281],[-103.526364000368,37.94874799981],[-103.527917999571,37.949978999874],[-103.526877000379,37.950725999915],[-103.52761899982,37.951237000132],[-103.528007000158,37.952373999873],[-103.52797899967,37.953038999979],[-103.521503999696,37.956118999833],[-103.520450000085,37.956073999757],[-103.520635999858,37.95811199988],[-103.521558000123,37.958508000237],[-103.521461000038,37.959217000273],[-103.522445000228,37.960102000165],[-103.522958000239,37.960854000277],[-103.524012999675,37.960914999835],[-103.523487000143,37.962269999825],[-103.523887000176,37.963101000158],[-103.524857999947,37.96370000003],[-103.524871000365,37.964089999888],[-103.523954999948,37.964365000287],[-103.523747000434,37.964963999763],[-103.521928999843,37.964760000203],[-103.521533000008,37.964941000309],[-103.522031999776,37.966677000048],[-103.521226999687,37.967423000269],[-103.521927000194,37.968252999686],[-103.520968999944,37.969214000151],[-103.519956000341,37.968587999673],[-103.518895000159,37.967021999933],[-103.518167000062,37.966444999959],[-103.517106999705,37.964703000339],[-103.516885999772,37.963384000238],[-103.516120000041,37.96183199998],[-103.506951999966,37.961882000314],[-103.506541000062,37.962631999828],[-103.506852000407,37.963554999936],[-103.508191000423,37.964709999703],[-103.50779499969,37.965126999994],[-103.506782000086,37.965356999995],[-103.505699000163,37.966053999869],[-103.505483000253,37.967081000078],[-103.505156000015,37.967427000162],[-103.503781999838,37.967339000332],[-103.502881000388,37.966777999733],[-103.50163299971,37.965492000076],[-103.50105699995,37.965129000003],[-103.498710000353,37.964803999906],[-103.497813000203,37.967857000181],[-103.496912999679,37.969610000128],[-103.496968999755,37.970285000024],[-103.496442000399,37.971181000222],[-103.495825999558,37.973235000047],[-103.495777999877,37.97452600013],[-103.497347999872,37.976212000078],[-103.498056999702,37.978326000176],[-103.497593000095,37.978958999881],[-103.49795399977,37.979573999712],[-103.49805900025,37.980496000165],[-103.498968999921,37.981242999939],[-103.499170999587,37.982286999723],[-103.500018000407,37.982653999693],[-103.500887999895,37.983668000299],[-103.500852999735,37.984866000103],[-103.501747000411,37.986119000297],[-103.503286000444,37.987651999797],[-103.503997999748,37.989241999804],[-103.497870000104,37.991429999832],[-103.491660000444,37.993593000112],[-103.47507099984,37.999414000323],[-103.472485999693,38.000301999792],[-103.47107999973,38.000985999734],[-103.466492999768,38.003636999775],[-103.470478999855,38.006805999808],[-103.472583999603,38.008214000158],[-103.473171000132,38.008426000241],[-103.473517999563,38.009488000171],[-103.473603999777,38.012901999865],[-103.475541000193,38.012503999821],[-103.477270000197,38.010386000341],[-103.477764999766,38.009214999909],[-103.482242999948,38.006609000082],[-103.484109000219,38.006264000135],[-103.485567999886,38.006539999798],[-103.488317999889,38.007424000199],[-103.489775999731,38.007402000032],[-103.490760999745,38.007719000131],[-103.49143399959,38.008238999749],[-103.49310999989,38.008718000033],[-103.493913000329,38.008419000092],[-103.494003999667,38.005543000271],[-103.49381500042,38.004962000224],[-103.492314000022,38.003375999843],[-103.491965000042,38.002185000092],[-103.49264100026,38.001153000137],[-103.493268999899,38.000746000096],[-103.494248000065,38.000787999718],[-103.498660999949,38.000659000095],[-103.500512999977,38.000256999899],[-103.501457999808,37.99949200031],[-103.503560000081,37.99667400019],[-103.504438999789,37.994082000142],[-103.505329000267,37.992716000282],[-103.50586400002,37.992229999963],[-103.50658200007,37.992175000172],[-103.507351999999,37.992615999813],[-103.509307999783,37.994450000187],[-103.511168000207,37.995097000275],[-103.512316000427,37.995094999667],[-103.514493000145,37.9945529998],[-103.515374000402,37.993927999837],[-103.516911999712,37.992007000218],[-103.518962000106,37.990932999765],[-103.520806999562,37.99029500026],[-103.52397500004,37.989588999882],[-103.525524000118,37.989605000286],[-103.526289000024,37.989873000175],[-103.528591000314,37.989941000191],[-103.530244000149,37.990138999756],[-103.531770999589,37.990686000078]]]},"properties":{"geoid":"08089968300","county_fips":"08089","designated":true}},{"type":"Feature","geometry":{"type":"Polygon","coordinates":[[[-103.551306000014,37.991577999728],[-103.552131000194,37.990694999817],[-103.552593000152,37.988679000148],[-103.55311399966,37.988009000077],[-103.554290000368,37.987691000037],[-103.554832999618,37.987261999796],[-103.554362000339,37.986172999954],[-103.554393000301,37.978884999988],[-103.547489999806,37.978927999907],[-103.547541999685,37.975303000007],[-103.546370999898,37.975307000179],[-103.546421999951,37.968033999875],[-103.532615999861,37.968099999664],[-103.532532000195,37.973115999792],[-103.532548000088,37.975322000292],[-103.528009999632,37.975302000141],[-103.527997999937,37.98266899972],[-103.523309999693,37.982670000194],[-103.523325999586,37.986272000286],[-103.530065000049,37.988174999894],[-103.531939999643,37.988119000202],[-103.532168999972,37.98938799981],[-103.531770999589,37.990686000078],[-103.533072999795,37.991395999813],[-103.533711000378,37.992299000262],[-103.535023999557,37.993624000263],[-103.536180999998,37.994256999678],[-103.537130000027,37.994376000342],[-103.538945000245,37.994016999966],[-103.542141000311,37.993554000178],[-103.542728999767,37.993571000043],[-103.545570999832,37.992806000093],[-103.546391999814,37.992344000083],[-103.548973999587,37.991437999834],[-103.551306000014,37.991577999728]]]},"properties":{"geoid":"08089968600","county_fips":"08089","designated":true}},{"type":"Feature","geometry":{"type":"Polygon","coordinates":[[[-107.847606000058,37.21491200033],[-107.848710999722,37.216613999849],[-107.849275999612,37.217190999658],[-107.849366000023,37.217867999652],[-107.848083000084,37.218811000124],[-107.847527000415,37.219606999733],[-107.846380000019,37.220611999862],[-107.846180999827,37.221132999899],[-107.847377999554,37.222940000075],[-107.847967999557,37.221908000182],[-107.849094999862,37.221711000223],[-107.850611000328,37.221971999771],[-107.851509000304,37.221357000167],[-107.852476999701,37.22143700005],[-107.854259000307,37.223966000152],[-107.851864000131,37.226284000146],[-107.85023600041,37.22804500028],[-107.850127999556,37.228902000051],[-107.85130300044,37.227954000118],[-107.852387000188,37.227603999846],[-107.853643000364,37.226655000081],[-107.855113999726,37.225888999711],[-107.856080000372,37.225815000113],[-107.857200000105,37.229280000205],[-107.857246999961,37.230403000248],[-107.856713999859,37.231078999763],[-107.85708299993,37.232084999975],[-107.856078999649,37.232834000197],[-107.85363099977,37.23415199994],[-107.852641999558,37.234192000258],[-107.851365000364,37.235413000322],[-107.852333999586,37.234773000194],[-107.853692999694,37.23435500019],[-107.85694999986,37.232932000076],[-107.858951999675,37.232289999848],[-107.85958600006,37.232217999876],[-107.860910999833,37.233110000203],[-107.860647000242,37.233572999971],[-107.859379000371,37.234118000226],[-107.858669999643,37.234705999737],[-107.857368000335,37.236519999648],[-107.856640000239,37.237763000186],[-107.858827000002,37.236352000211],[-107.859643999786,37.235496999703],[-107.863199999703,37.235194000295],[-107.863875999921,37.23506000007],[-107.86451299978,37.235667999866],[-107.86301599958,37.238081999867],[-107.862112999582,37.239011999772],[-107.861376999988,37.240377000019],[-107.861211000307,37.243638000066],[-107.860796000205,37.244492999769],[-107.859478000105,37.246319999864],[-107.859433999724,37.248900000199],[-107.85911900008,37.249699000079],[-107.857650000367,37.251029000242],[-107.858278000006,37.251671999959],[-107.859074999699,37.251842999892],[-107.86240499966,37.252181999715],[-107.863415999613,37.252930000121],[-107.863803999951,37.254321999838],[-107.864330000381,37.255491000148],[-107.865426999649,37.255736000324],[-107.867219000301,37.255225000015],[-107.868478999776,37.254521999891],[-107.869632999845,37.2545880003],[-107.869951999687,37.255142000041],[-107.87010099965,37.256283999914],[-107.870740000057,37.257494000184],[-107.870905999739,37.258619000097],[-107.871366999871,37.259797000232],[-107.871575000284,37.261073999793],[-107.870720999791,37.263689999991],[-107.869837999884,37.263328000332],[-107.870499000033,37.264554999837],[-107.870325999781,37.265810999726],[-107.869888000113,37.266871999784],[-107.870463999873,37.267678000162],[-107.87099600015,37.269886999887],[-107.870838999792,37.27108899965],[-107.869735999777,37.272150999759],[-107.869611999928,37.272923000023],[-107.868966999673,37.273559999792],[-107.866526000365,37.275155999705],[-107.867696000327,37.274810000062],[-107.869000000183,37.275303999873],[-107.869308999979,37.273983999945],[-107.870798999609,37.273178999937],[-107.871662000322,37.273879000183],[-107.872987000095,37.27672299966],[-107.873139000431,37.277819999663],[-107.872947999737,37.278521000347],[-107.872442000297,37.279015000108],[-107.871238,37.279670000075],[-107.870555999934,37.280256000145],[-107.869739999975,37.28048399969],[-107.868319999767,37.280355999754],[-107.869117000359,37.283254000115],[-107.871200000365,37.282292000008],[-107.872275999717,37.281160000251],[-107.873629999802,37.280088000301],[-107.874583999854,37.279616999901],[-107.875856999749,37.27934600002],[-107.877236999773,37.27958399995],[-107.875990999643,37.280304999999],[-107.877533999874,37.281150999931],[-107.878635000239,37.280824999897],[-107.88068399991,37.279072999911],[-107.881615000395,37.279415000056],[-107.883463000225,37.277599999938],[-107.884419999752,37.275890000336],[-107.885321999925,37.275010000037],[-107.886767000247,37.273174000341],[-107.887111000203,37.273170000092],[-107.887139999617,37.275082999907],[-107.888367000379,37.275349999991],[-107.888349999762,37.271661999686],[-107.888851000078,37.271717999987],[-107.888981999599,37.273307999986],[-107.890868999786,37.273435999755],[-107.891191999827,37.273605000205],[-107.891303000155,37.277116000283],[-107.891545999829,37.277479000138],[-107.892929000226,37.278478999989],[-107.89424099958,37.279849999821],[-107.895885999918,37.281154999756],[-107.897592000356,37.282752000107],[-107.899097000054,37.283921000108],[-107.899934999755,37.285188000347],[-107.901471000313,37.287180000178],[-107.904418999784,37.289735999758],[-107.906346999979,37.290042000164],[-107.908982000355,37.290684999828],[-107.910506000319,37.290813000062],[-107.912021000062,37.291117999838],[-107.91704800024,37.290416999994],[-107.918563999809,37.289818000353],[-107.91950899964,37.289905999899],[-107.920508999722,37.289308000325],[-107.921109999597,37.289533999915],[-107.922825000255,37.291858000199],[-107.924025000355,37.291603000027],[-107.924425000388,37.292376999787],[-107.925054999676,37.292443999698],[-107.925683000213,37.291524999936],[-107.926054999759,37.291410000003],[-107.926854999825,37.292753999733],[-107.927844000037,37.294053999941],[-107.929735000423,37.294907999997],[-107.930035999823,37.294768999912],[-107.92913399965,37.292839999816],[-107.929993000165,37.291744999691],[-107.929794999799,37.291350000062],[-107.930331000274,37.290837000216],[-107.929460999888,37.289882000163],[-107.930034000173,37.289542999947],[-107.928875000082,37.288297999947],[-107.928511999859,37.287680000211],[-107.927280999797,37.287486000258],[-107.926226000361,37.287786999754],[-107.925411000227,37.287576000129],[-107.924651000343,37.286515000252],[-107.924372999611,37.285735000137],[-107.9248160002,37.284910999646],[-107.925310999769,37.284576000264],[-107.925971999918,37.283469000125],[-107.927327999653,37.282851999974],[-107.927391000301,37.280733999852],[-107.927122999614,37.280248999652],[-107.925542999573,37.279064000055],[-107.923621999948,37.278625000077],[-107.920707000089,37.279710999793],[-107.918961000367,37.278814000064],[-107.918891000047,37.27822700021],[-107.919380999593,37.277467000076],[-107.918644000175,37.276849000029],[-107.917434999854,37.277116000283],[-107.916925000217,37.276806000154],[-107.916157999762,37.275363999742],[-107.915792000064,37.275015000226],[-107.914893000264,37.274913999915],[-107.913555000073,37.275188000133],[-107.912866000335,37.274917000032],[-107.913226000185,37.274113000044],[-107.914692000423,37.273641000087],[-107.916637000336,37.273865000157],[-107.916299000228,37.273248999969],[-107.916562999818,37.27230000019],[-107.91640200016,37.270315999781],[-107.917920000276,37.269998000124],[-107.917632000396,37.269691999712],[-107.915792999889,37.269775000094],[-107.913197999697,37.270260999968],[-107.912508000134,37.270833999871],[-107.911841999962,37.270737000048],[-107.910907000177,37.272189999848],[-107.910432999626,37.272146000095],[-107.910406999686,37.2714259999],[-107.909948999927,37.270465999652],[-107.90888699992,37.269876000151],[-107.910573000266,37.269554999735],[-107.913206000093,37.268791000214],[-107.914371000032,37.268352999789],[-107.919144999592,37.266335000272],[-107.92083799961,37.266076000209],[-107.921470000345,37.265311000254],[-107.921408000421,37.264903999941],[-107.922087999938,37.264289999721],[-107.923373000426,37.262577000328],[-107.923524999864,37.261115999851],[-107.924081000431,37.260551000049],[-107.925263000089,37.258777999811],[-107.924596999917,37.257910000028],[-107.924487000312,37.256719000337],[-107.924150000028,37.255549000197],[-107.92311399996,37.254275000146],[-107.919040999835,37.253395999959],[-107.917351000189,37.252807999669],[-107.916389999566,37.253127000024],[-107.915833000072,37.253736000266],[-107.914140000054,37.253500000073],[-107.915664000018,37.252517000243],[-107.915987000058,37.251929999872],[-107.915273000206,37.250371000288],[-107.912183000444,37.248326000346],[-107.912072999941,37.247900000093],[-107.911385000028,37.247525000118],[-107.90966600007,37.247548000084],[-107.908361000389,37.246761999927],[-107.90738999972,37.245321999994],[-107.906680000065,37.244602000077],[-107.905445999631,37.244185999692],[-107.90435500021,37.243534999668],[-107.90307200027,37.241952000174],[-107.902363000441,37.242024999907],[-107.899040000152,37.242788999895],[-107.897712000006,37.243340999661],[-107.89126700017,37.243476999667],[-107.881777999704,37.238833000189],[-107.871494999918,37.233538000122],[-107.86868499964,37.234005000306],[-107.868662000074,37.231301000009],[-107.86845799986,37.230272999756],[-107.867783000365,37.229149999923],[-107.867027999607,37.228344999982],[-107.866785999757,37.227522000161],[-107.866948999964,37.225503999867],[-107.866847999682,37.224334000059],[-107.866204000149,37.22284700016],[-107.865520000434,37.222533999797],[-107.864051999648,37.222257999707],[-107.86172000012,37.222153000091],[-107.860229999592,37.221736000257],[-107.858535999749,37.220941000265],[-107.857317000281,37.22017399975],[-107.856465000337,37.219287999859],[-107.855963000196,37.218327999784],[-107.855686000187,37.216994000256],[-107.854896000166,37.214874000042],[-107.847606000058,37.21491200033]]]},"properties":{"geoid":"08067971100","county_fips":"08067","designated":true}},{"type":"Feature","geometry":{"type":"Polygon","coordinates":[[[-102.741676000292,38.096560000349],[-102.741846999996,38.125008000116],[-102.742125999655,38.143264000102],[-102.74236500003,38.157467999899],[-102.742433999627,38.172140000181],[-102.742415000259,38.186780000216],[-102.742297000258,38.201574000112],[-102.742406000038,38.215886000351],[-102.742385000122,38.235377000123],[-102.742189000303,38.239024999735],[-102.74189800005,38.249999999652],[-102.74232999987,38.266971000173],[-102.761337000216,38.266679000097],[-102.793014999952,38.267662000065],[-102.793937000217,38.267719000229],[-102.798776000074,38.267681999991],[-102.798991000159,38.267796000243],[-102.821664000026,38.266949999939],[-102.822043999968,38.266529000206],[-102.834480999905,38.266460999918],[-102.839084999585,38.266640999919],[-102.841348000415,38.267021000102],[-102.842320999835,38.26706600015],[-102.84910399978,38.267054000234],[-102.872214000389,38.266910999789],[-102.904154999891,38.266723000242],[-102.912444000258,38.266746000066],[-102.923045000061,38.266686000202],[-102.932413999978,38.266737999852],[-102.941064999845,38.266758000033],[-102.941160000279,38.266896000215],[-102.950073000087,38.266926000066],[-102.95839400024,38.266748000296],[-102.958661000204,38.26668999996],[-103.000478999611,38.266717000256],[-103.000478999611,38.26637299999],[-103.011461999904,38.266466999925],[-103.022985999797,38.266403000058],[-103.049060999596,38.266494000304],[-103.057401000016,38.266471999813],[-103.057728000254,38.266592999962],[-103.060978999674,38.266571000207],[-103.075869000412,38.26636400032],[-103.096912999834,38.266324999857],[-103.125478000243,38.266464999688],[-103.129575999585,38.266286000077],[-103.13109600025,38.266392000152],[-103.140048000415,38.265977000054],[-103.163108999722,38.265969999881],[-103.1635799999,38.266025999838],[-103.18030099985,38.265908999955],[-103.199714999902,38.26580100033],[-103.207018000429,38.265833000184],[-103.21641400011,38.265761000141],[-103.250143000066,38.265709999921],[-103.26389499973,38.26570499998],[-103.266942999659,38.265680000272],[-103.317944999933,38.265595999921],[-103.355572999937,38.265533000123],[-103.375489000129,38.265500000006],[-103.375489000129,38.265339999865],[-103.384493999998,38.265327000235],[-103.385043999819,38.265292999889],[-103.393666000271,38.265433999726],[-103.399937999856,38.265434999859],[-103.399986000435,38.265151000346],[-103.399876999756,38.250004000328],[-103.399599999747,38.241149000078],[-103.399398000081,38.212743000049],[-103.399234999874,38.188202000338],[-103.399008999918,38.156603999926],[-103.398896999765,38.141504000151],[-103.398817000298,38.133058999773],[-103.398778999764,38.125010000003],[-103.398972000108,38.121726999847],[-103.398649999893,38.116484000152],[-103.398579999573,38.114491000173],[-103.398664000137,38.106669000302],[-103.398763999696,38.106463000236],[-103.398743999604,38.101467000027],[-103.398856999582,38.098945000342],[-103.398671999634,38.084658000321],[-103.398475999816,38.083413000349],[-103.398653000266,38.08274499979],[-103.398583999771,38.06325099968],[-103.398813999924,38.062369999773],[-103.398566000227,38.061643999784],[-103.398551999984,38.055365000282],[-103.39871500019,38.055261000342],[-103.398601000387,38.052240000289],[-103.398546000136,38.046265999777],[-103.398665999786,38.03839299971],[-103.398675000007,38.022394999918],[-103.39882399997,38.013904000056],[-103.398738999581,38.01186699977],[-103.398798000031,38.009533000062],[-103.398873000374,38.000007999987],[-103.398844000062,37.994306000266],[-103.398941999971,37.989521999919],[-103.398334000424,37.981751000191],[-103.398372999884,37.979783000327],[-103.398234999791,37.968457000165],[-103.39810799957,37.960626999826],[-103.398235999616,37.959118000278],[-103.398755000373,37.947603000092],[-103.399120000246,37.940148999794],[-103.399249000118,37.933767999862],[-103.399781000395,37.8996160002],[-103.399818000205,37.895539999888],[-103.399874000282,37.875063000055],[-103.399835999749,37.866531999661],[-103.399833000274,37.851911000298],[-103.39985400019,37.822811999896],[-103.403682000094,37.822792000126],[-103.403611999773,37.799212000014],[-103.403496000321,37.759074],[-103.403434000396,37.750010999915],[-103.403651999956,37.734337999893],[-103.403795999896,37.701665000266],[-103.404078999754,37.696124999914],[-103.404385000075,37.686903999704],[-103.404063999685,37.676957999921],[-103.404153000272,37.674992999929],[-103.40391700027,37.673168000121],[-103.403963000301,37.662963000045],[-103.404426000083,37.658203000105],[-103.404402999619,37.643781999964],[-103.404339000045,37.643576000232],[-103.386770000348,37.643514999784],[-103.375493000327,37.643534999668],[-103.365983999769,37.643387999647],[-103.361554999992,37.643271999729],[-103.361260000439,37.643334999872],[-103.345448000335,37.643498000198],[-103.341803999656,37.643513000293],[-103.334957999961,37.643661000166],[-103.330936999714,37.643691000287],[-103.329021000113,37.6435929998],[-103.326908999794,37.643768000021],[-103.322922999707,37.643824999874],[-103.315522000168,37.643849000061],[-103.3081359998,37.643940000255],[-103.30149400032,37.643948000306],[-103.290578999799,37.643851000254],[-103.26759999961,37.644145000307],[-103.25882200042,37.643979999789],[-103.250010999821,37.643985000263],[-103.234218999809,37.644031000337],[-103.222041000338,37.644018999919],[-103.205491000092,37.644085999802],[-103.201754000425,37.644046000325],[-103.187492000225,37.643670000346],[-103.175173000288,37.643514999784],[-103.167261000389,37.643523999981],[-103.16323299957,37.643598999688],[-103.146674000002,37.6435919997],[-103.131487999887,37.643662000265],[-103.128091999804,37.643477000202],[-103.125484999916,37.643581000022],[-103.117640999788,37.643298999696],[-103.114734000325,37.643415000282],[-103.085875000188,37.643436000295],[-103.08137400044,37.643388999749],[-103.075938000009,37.643420000083],[-103.056385999865,37.643492000302],[-103.055386999607,37.643584999711],[-103.045496000357,37.643780999866],[-103.026068000061,37.643832999937],[-103.023948000245,37.6443579998],[-103.021203000265,37.643654000184],[-103.003242999858,37.643664999851],[-103.000481000159,37.643754000075],[-102.96580599965,37.643821000197],[-102.944518999654,37.643860999796],[-102.938930999785,37.643850000157],[-102.930360000284,37.643903000275],[-102.9255280001,37.643889000355],[-102.911172000189,37.643939000159],[-102.902974999884,37.644039999761],[-102.902496000208,37.643993000309],[-102.875369000448,37.643856000025],[-102.873887000317,37.643908000043],[-102.861063999692,37.644056999934],[-102.857931000272,37.644061999691],[-102.852406000152,37.644223999753],[-102.838648999567,37.644159000179],[-102.820556999814,37.643584000322],[-102.817604000319,37.643605000287],[-102.796391999769,37.643556999748],[-102.776821000257,37.643569000241],[-102.775181999766,37.643492999692],[-102.766106999577,37.643416999776],[-102.750475000297,37.643643999903],[-102.747614999791,37.643641999704],[-102.747682999563,37.674813000243],[-102.74774799986,37.68357699998],[-102.747664000194,37.687215999645],[-102.747745000385,37.701364000351],[-102.747799999738,37.725629999962],[-102.747743999662,37.732878999905],[-102.747809999784,37.751536999792],[-102.747791000416,37.756521999866],[-102.747839000097,37.76721300024],[-102.747834000074,37.774228000174],[-102.747860000013,37.799768000262],[-102.747833000249,37.803874000355],[-102.747988000059,37.823215999772],[-102.747707999677,37.823450999815],[-102.741030000212,37.823535000192],[-102.740463999599,37.82406400027],[-102.740453999553,37.83292399988],[-102.740345999598,37.851853000062],[-102.740357000367,37.863177000264],[-102.74041199972,37.868743000004],[-102.740651000095,37.883501000109],[-102.740709999646,37.898031999722],[-102.740803000431,37.925726000311],[-102.740903999815,37.954938000054],[-102.740960999716,37.982890999765],[-102.741047999755,37.9978990001],[-102.741308000046,38.00000699975],[-102.741361999574,38.012516999981],[-102.741410000153,38.042828000063],[-102.741494999644,38.078049999837],[-102.741499999667,38.085968000283],[-102.741625000238,38.096172000238],[-102.741676000292,38.096560000349]]]},"properties":{"geoid":"08011966700","county_fips":"08011","designated":true}},{"type":"Feature","geometry":{"type":"Polygon","coordinates":[[[-102.409929000402,39.044150999828],[-102.420372000021,39.044169000131],[-102.424214000168,39.044059000067],[-102.433971000423,39.043642000287],[-102.447299999589,39.042934999659],[-102.454456999629,39.042774999823],[-102.466553999807,39.042716000206],[-102.475202000199,39.042401000318],[-102.499326000236,39.041669000159],[-102.511784999914,39.041392999892],[-102.520751000323,39.041356000135],[-102.550662000421,39.040908999964],[-102.553734999566,39.040896999906],[-102.558077000204,39.040783000304],[-102.576851000023,39.040676000051],[-102.585588999928,39.040546999771],[-102.588037999632,39.040439999858],[-102.59910499959,39.040206999793],[-102.625475999665,39.039853000347],[-102.631743000125,39.039746999928],[-102.650528999639,39.039645000138],[-102.662838000428,39.039477000326],[-102.669203999724,39.039427000106],[-102.687311000444,39.039037999681],[-102.71576600035,39.038674999808],[-102.72411000007,39.040198999676],[-102.750480000319,39.039967999899],[-102.780183000005,39.039819999865],[-102.798786999944,39.039710000007],[-102.817178000347,39.03979500023],[-102.849184999971,39.039493000026],[-102.857943999793,39.039337000178],[-102.866977999974,39.039329999815],[-102.877665999816,39.039379000252],[-102.917934000218,39.039247000136],[-102.951524000256,39.039280000188],[-102.993329000143,39.039325999706],[-102.994932999575,39.039361999976],[-103.007455999726,39.039357000017],[-103.049160000228,39.039438999715],[-103.051372000106,39.039561000282],[-103.071200000434,39.039249999697],[-103.09438299994,39.038938999837],[-103.095058000332,39.038848000126],[-103.100753000332,39.038749999877],[-103.104941000085,39.038747000294],[-103.115628999927,39.038453000114],[-103.125352999671,39.03860100022],[-103.129518999684,39.038445999663],[-103.138797000262,39.038245999837],[-103.163025000056,39.037610000006],[-103.163003000315,39.028757000173],[-103.162987000421,39.00814899974],[-103.163085000331,38.999993999779],[-103.163174000019,38.96551900002],[-103.163252999662,38.935704999989],[-103.163355999594,38.927080000143],[-103.163401999625,38.903427000169],[-103.163460000249,38.874961000105],[-103.163744999756,38.864927000298],[-103.163731000411,38.849563999687],[-103.163655000243,38.849565999855],[-103.163635999976,38.845952999865],[-103.163707999946,38.836668999758],[-103.163835000168,38.835242999842],[-103.163815000077,38.81578699968],[-103.163803000381,38.791361999815],[-103.163784999939,38.749998000161],[-103.164061000124,38.725555999695],[-103.164099999584,38.705453000019],[-103.164159000033,38.690133000302],[-103.172474000339,38.690056999822],[-103.172563000028,38.651163000163],[-103.172612000431,38.628915999793],[-103.172942999969,38.612450000328],[-103.159075999779,38.612769999669],[-103.148341000081,38.612965999842],[-103.136417000155,38.613238999691],[-103.116110999976,38.613809999954],[-103.099052999742,38.614314000332],[-103.062228000177,38.615020000051],[-103.054240999934,38.615067999798],[-103.035968000431,38.615008999798],[-103.025637000066,38.614994000088],[-103.01200000003,38.614816000244],[-103.007362999839,38.614813999809],[-103.000451000022,38.61492399976],[-102.988000999666,38.615025999934],[-102.945239000253,38.615102000038],[-102.933456999719,38.615100999825],[-102.900407000354,38.614812000077],[-102.896797999835,38.614749999913],[-102.875478000228,38.614597000062],[-102.841437000103,38.614490999795],[-102.823259999961,38.614454000003],[-102.822597000162,38.614505000091],[-102.80660000011,38.614502000128],[-102.785946999601,38.614399999911],[-102.766282000378,38.614133000226],[-102.754544000224,38.614081999873],[-102.748942000111,38.614023999992],[-102.730978000404,38.613931999988],[-102.722013999645,38.613860999798],[-102.709029000435,38.613811000185],[-102.685890000412,38.613654000205],[-102.663038000445,38.613356000211],[-102.661434000114,38.613469999832],[-102.632974000186,38.613253999768],[-102.625470999642,38.613250999753],[-102.620497000066,38.612913999819],[-102.611609000373,38.613244000185],[-102.58690100018,38.613327000334],[-102.58404900007,38.613270000081],[-102.579010000197,38.613268000306],[-102.565594999918,38.613371999799],[-102.546522000348,38.61343900023],[-102.52969000007,38.613573000202],[-102.510967000305,38.613699000167],[-102.502215999981,38.613948999677],[-102.493066000347,38.614127999794],[-102.479081000156,38.614335000124],[-102.466014000032,38.614648000049],[-102.456244000257,38.61482600031],[-102.452648999982,38.614839999838],[-102.434984000026,38.614822000143],[-102.421435999678,38.615027000148],[-102.416991999831,38.615071999951],[-102.412532999916,38.615057999766],[-102.405712000336,38.615103000251],[-102.399306999784,38.615096999673],[-102.39078099959,38.615178000061],[-102.382850000322,38.615185999653],[-102.364488000232,38.615255999725],[-102.355462000447,38.615212999759],[-102.342889000067,38.615245000209],[-102.33066600039,38.615195000157],[-102.327837999671,38.615150999942],[-102.325672999649,38.61532500022],[-102.290685000044,38.614978999672],[-102.25438600001,38.615195999667],[-102.237948999742,38.61514500007],[-102.217539999631,38.615005999856],[-102.19963399965,38.615216999904],[-102.170690999848,38.615295999735],[-102.143913999893,38.615112000064],[-102.12532900022,38.614885999975],[-102.10623400001,38.615064999859],[-102.09699300014,38.61501700011],[-102.091303000163,38.615057999766],[-102.074323999572,38.615077000317],[-102.068833999612,38.615176000339],[-102.065534999613,38.61568799978],[-102.064028000266,38.615694999811],[-102.063829999899,38.615156000303],[-102.051534000427,38.615113999788],[-102.045082000019,38.615172000192],[-102.044791999591,38.615339999861],[-102.044988000308,38.625009000178],[-102.045114999631,38.629732000042],[-102.045108999784,38.654339999771],[-102.045132000248,38.65845299973],[-102.045206999693,38.658557000328],[-102.045075000347,38.669561000186],[-102.045102000111,38.674946000225],[-102.045159999837,38.675220999848],[-102.045155999639,38.688555000037],[-102.045211999716,38.697566999684],[-102.045210000066,38.704519999894],[-102.045395000014,38.742217000261],[-102.045302999952,38.750009000001],[-102.045374999922,38.754338999667],[-102.045287000059,38.755321999827],[-102.045355999656,38.770104999803],[-102.045384999968,38.78335199994],[-102.045333999914,38.799463000048],[-102.045445000243,38.812657999676],[-102.045472999832,38.81366600008],[-102.045395000014,38.825972000167],[-102.045409000257,38.842785000038],[-102.045350999633,38.856896999689],[-102.045576999589,38.873296000153],[-102.045457999763,38.875007000111],[-102.045600000053,38.88626099993],[-102.045759999887,38.91722199989],[-102.045867999842,38.938724999831],[-102.046041999919,38.973214000243],[-102.046046000117,38.981775999809],[-102.046282000119,39.00000399968],[-102.046424000409,39.016961000149],[-102.046397999571,39.017958999947],[-102.046570999824,39.047038000054],[-102.055362000331,39.047035999869],[-102.060641000403,39.047081999919],[-102.087311000229,39.046761000085],[-102.093489999927,39.046758999892],[-102.096511000091,39.046700000114],[-102.114852000265,39.046580999963],[-102.125284000014,39.046627000309],[-102.130479000421,39.046535000285],[-102.155451000205,39.046504000333],[-102.157967999681,39.046482999976],[-102.17730300009,39.046440000188],[-102.181832000325,39.046401999834],[-102.204300000153,39.046279000164],[-102.209602999617,39.04622099974],[-102.210519999859,39.046273000242],[-102.21752899976,39.04626700032],[-102.227230999763,39.046367999867],[-102.244218999677,39.046342000004],[-102.260393000179,39.046361999953],[-102.281802000373,39.04634799992],[-102.302095000134,39.046150000348],[-102.312074999971,39.046028999754],[-102.325767000259,39.045888000272],[-102.330046000249,39.04591599982],[-102.341187999653,39.045752000015],[-102.352437999909,39.045649000061],[-102.354002000057,39.045673999718],[-102.367731999979,39.045625000159],[-102.375468000152,39.044849000084],[-102.409929000402,39.044150999828]]]},"properties":{"geoid":"08017960600","county_fips":"08017","designated":true}},{"type":"Feature","geometry":{"type":"Polygon","coordinates":[[[-105.504084000083,40.26037399998],[-105.500481000311,40.260276999758],[-105.495321000063,40.259725999745],[-105.486178999927,40.259707999917],[-105.472197999934,40.259537999776],[-105.465394000072,40.259356999904],[-105.465738999854,40.261441000099],[-105.465589000066,40.264032000116],[-105.46621400023,40.265813000156],[-105.466273999606,40.266903999911],[-105.465849000357,40.269505000104],[-105.465223000368,40.270451000304],[-105.465388000224,40.271232000109],[-105.464951000381,40.271917999823],[-105.465108999667,40.272813999825],[-105.464373999898,40.274230999822],[-105.464137999896,40.275399999675],[-105.462901999812,40.275228000001],[-105.462460999771,40.274880000198],[-105.461039999739,40.27443200029],[-105.459955999991,40.274361000115],[-105.459535999866,40.274852999991],[-105.458704000013,40.274959000159],[-105.455978000299,40.274040999789],[-105.453987000355,40.27352799998],[-105.452485000132,40.273475999801],[-105.449691999573,40.272049999761],[-105.448868000116,40.272186000114],[-105.445352000382,40.270362999664],[-105.444516000331,40.27022100029],[-105.442019999873,40.270415000181],[-105.441853000366,40.271075000311],[-105.442207000369,40.271571000128],[-105.442816999566,40.273417999712],[-105.442716000182,40.274213999708],[-105.443254000307,40.275784000254],[-105.444594000148,40.277322999713],[-105.445304999628,40.279008999678],[-105.446375000031,40.279886999671],[-105.446678999804,40.28133800025],[-105.447606000092,40.282244999854],[-105.447955000072,40.283955000286],[-105.446847999859,40.286279000102],[-105.44693999992,40.2866439999],[-105.448160999936,40.287670000118],[-105.448714999955,40.288472000115],[-105.448971999873,40.289539000306],[-105.448853999872,40.290960000177],[-105.449328000423,40.291260000142],[-105.449874000046,40.292345000225],[-105.450529000347,40.292409999774],[-105.451782999975,40.29450900015],[-105.453339999551,40.294890999755],[-105.454110000379,40.295310000187],[-105.453096000052,40.296612999964],[-105.453040999801,40.297285000224],[-105.452593000087,40.297733999728],[-105.451085999841,40.298358999675],[-105.45071500012,40.298753999768],[-105.450583999701,40.299744999762],[-105.449867000374,40.299744999762],[-105.448673999947,40.298946999717],[-105.447319999862,40.299410000306],[-105.446678999804,40.300877999978],[-105.447166999701,40.302257999721],[-105.446648999667,40.30376999971],[-105.448238999754,40.305105000138],[-105.448237999929,40.305452999852],[-105.449350999989,40.306272000077],[-105.450772999847,40.306838000149],[-105.452020999626,40.306985000173],[-105.452690999996,40.30756899986],[-105.452482999584,40.308140000087],[-105.451849999922,40.308471000201],[-105.453358999818,40.309884999755],[-105.454837999576,40.310781000013],[-105.455735999552,40.311063999902],[-105.458859999649,40.312848999842],[-105.459771999868,40.313993000159],[-105.460084999862,40.315772999896],[-105.45987300015,40.316056000098],[-105.459323000329,40.318356000069],[-105.458421000156,40.319424000231],[-105.457266000262,40.321647000342],[-105.456901000389,40.32281400004],[-105.457329999836,40.323350999962],[-105.457845000396,40.324701000223],[-105.459097000373,40.32516600008],[-105.46070199963,40.326097000342],[-105.461973999699,40.326415000302],[-105.461387999894,40.326998999745],[-105.461572000017,40.327629999949],[-105.461147999694,40.327706000305],[-105.460032999984,40.328845000325],[-105.459402999797,40.329966],[-105.457548000295,40.331641000131],[-105.456702000198,40.332945000061],[-105.454592000427,40.334708999795],[-105.453881999875,40.335800000259],[-105.452844999982,40.336237000276],[-105.451187999948,40.336077999999],[-105.448090999616,40.33724099988],[-105.448432000098,40.337422000073],[-105.45017600017,40.339269999772],[-105.450992999955,40.340433999766],[-105.451810999564,40.340739999847],[-105.454517999909,40.340535000049],[-105.458043999689,40.3407729998],[-105.459213999651,40.34039399989],[-105.461382000046,40.337990000021],[-105.462459000121,40.3363810001],[-105.463394999732,40.335829999985],[-105.464546000325,40.33563600024],[-105.465442999578,40.335053999711],[-105.465866000075,40.335265000271],[-105.468578000443,40.33514600003],[-105.469682000283,40.335247000012],[-105.471304000157,40.335006000001],[-105.472187999888,40.335623999906],[-105.473753999686,40.334959999762],[-105.474029000045,40.335433000174],[-105.475276,40.335677999682],[-105.476358000099,40.337308000171],[-105.476505000412,40.337976999713],[-105.47802099998,40.339794999955],[-105.477506000319,40.340661000103],[-105.475564999705,40.341122000221],[-105.473399999683,40.342150000118],[-105.473189999621,40.342761999758],[-105.470443999816,40.343688999794],[-105.468368000381,40.345378999692],[-105.467810000164,40.346596000072],[-105.468078999778,40.348539000298],[-105.468010000181,40.349121999743],[-105.469697000352,40.350400000089],[-105.469110999647,40.350619000164],[-105.468179000235,40.350449000008],[-105.465639000295,40.350633999815],[-105.463972000215,40.351531999762],[-105.463464000227,40.35159100008],[-105.461868000293,40.350991000105],[-105.460865999662,40.351298999924],[-105.459648000019,40.351098999659],[-105.458600000256,40.35119399991],[-105.45651700025,40.352493000316],[-105.45582299959,40.352718000114],[-105.458103999963,40.353259000293],[-105.45684000029,40.353813999709],[-105.458442999897,40.353718000251],[-105.459012999809,40.354378000008],[-105.458471000384,40.356230999935],[-105.45712999982,40.356018999793],[-105.455201999624,40.356351000069],[-105.453537000093,40.355762000051],[-105.45320900003,40.356001999721],[-105.457041999956,40.357586000073],[-105.460252000267,40.359516000337],[-105.461711999759,40.360264000191],[-105.471300999784,40.363821000167],[-105.472373999661,40.364626000036],[-105.472691999679,40.365942999999],[-105.473165000405,40.366488000031],[-105.474758999791,40.366941999778],[-105.47663099991,40.366743000021],[-105.478262999829,40.366815000263],[-105.479145999736,40.367021000224],[-105.480495999623,40.367656000313],[-105.487835999961,40.372629999816],[-105.489908000096,40.373341000028],[-105.509450000194,40.375877999864],[-105.510342000322,40.376121999766],[-105.5115940003,40.376866000171],[-105.512861000346,40.377396000299],[-105.514776000123,40.377766000023],[-105.51601700023,40.37776500022],[-105.516578999746,40.377401000023],[-105.517174999598,40.377714000018],[-105.518066999726,40.377448999672],[-105.523585000173,40.376132000085],[-105.523553000386,40.372988999732],[-105.523856000335,40.372520999966],[-105.526280999749,40.372267999705],[-105.528240999732,40.371541000125],[-105.530249000293,40.369919000193],[-105.531507999944,40.369315000028],[-105.534733000323,40.36802700008],[-105.536694999955,40.3669120002],[-105.541255000152,40.364854999706],[-105.544184000255,40.364361000239],[-105.545550999861,40.363976000047],[-105.547525000087,40.363099999937],[-105.549191000342,40.363276999806],[-105.550205999595,40.363006000054],[-105.55002400002,40.363548999851],[-105.551819999971,40.364434000287],[-105.554000999886,40.365153999948],[-105.556726999599,40.36579099979],[-105.557053000013,40.365406000237],[-105.557008999632,40.359981999921],[-105.559291999654,40.360240000068],[-105.563154999718,40.359883000144],[-105.564045000196,40.360073999784],[-105.56528499958,40.361029000139],[-105.565194000241,40.359796999749],[-105.566693999916,40.359802000093],[-105.567110999668,40.359613999897],[-105.567431000233,40.354758999675],[-105.572510000289,40.354838000022],[-105.57276100036,40.350463999697],[-105.572095000188,40.348299000083],[-105.5732669998,40.347716999933],[-105.57387400042,40.346975000055],[-105.574873999605,40.346978999722],[-105.57557800031,40.346669000186],[-105.576616999852,40.345546999743],[-105.577462000124,40.345226999676],[-105.581260999715,40.344766999831],[-105.58328500017,40.344640000307],[-105.584538999798,40.34535400015],[-105.585928999868,40.34536499984],[-105.588170999882,40.344551999736],[-105.591670999723,40.343579000079],[-105.591719000302,40.343281999953],[-105.591966999999,40.332822000016],[-105.587482000144,40.332770000263],[-105.587417999672,40.3360679999],[-105.582264000171,40.335992999796],[-105.579058000058,40.332093999835],[-105.579603999681,40.331369999926],[-105.580450999603,40.329498000154],[-105.582106999812,40.326591000019],[-105.582321999897,40.325241999786],[-105.55854500019,40.325272000097],[-105.558550000213,40.321678000146],[-105.553554999822,40.321683999841],[-105.553534999731,40.312475999796],[-105.553424000301,40.307369000123],[-105.547514000216,40.307464999769],[-105.544019000399,40.307655999865],[-105.543888999804,40.301585000035],[-105.545549000211,40.300593000049],[-105.553396999638,40.300461999924],[-105.553245000201,40.293529999696],[-105.562208000237,40.293451999877],[-105.562180999574,40.287264000081],[-105.562223000305,40.286030000321],[-105.557053999838,40.286017000285],[-105.557001999959,40.283053000188],[-105.562302999773,40.283084999725],[-105.562070000145,40.275623000275],[-105.556279999711,40.275602999987],[-105.556300999627,40.271556000042],[-105.55648499975,40.26828799995],[-105.561912999786,40.268333000317],[-105.562050000053,40.261504000264],[-105.559584999557,40.261531000316],[-105.551585999619,40.26147799967],[-105.539455000004,40.261284000196],[-105.537788999749,40.261190999858],[-105.535354000289,40.261284000196],[-105.52724999987,40.260993000284],[-105.504084000083,40.26037399998]]]},"properties":{"geoid":"08069002802","county_fips":"08069","designated":true}},{"type":"Feature","geometry":{"type":"Polygon","coordinates":[[[-102.3972289998,40.439708999973],[-102.415744999876,40.4396209998],[-102.416258999712,40.439924000035],[-102.454659000193,40.439471999804],[-102.454654999995,40.439309],[-102.47379700006,40.439166000177],[-102.473729000288,40.434889000207],[-102.47371400022,40.428132000204],[-102.473352999646,40.395518000158],[-102.479609000236,40.395500000247],[-102.48624099967,40.39540500018],[-102.491725999607,40.395371000059],[-102.497263000321,40.395284000254],[-102.511599000141,40.395188999883],[-102.511523999798,40.382113999942],[-102.511677999784,40.372757000009],[-102.511534999669,40.362788999874],[-102.511255000185,40.351489999921],[-102.508932999804,40.351502999679],[-102.508897999644,40.351200999916],[-102.50890400039,40.335379999948],[-102.509128999623,40.323360999891],[-102.50922900008,40.312519000035],[-102.509382000241,40.279110000028],[-102.509556000318,40.267341000274],[-102.509721000175,40.249993999696],[-102.509525000356,40.243258000304],[-102.509357000127,40.235829000302],[-102.50922700043,40.2213359999],[-102.508448000281,40.221284000078],[-102.498013999984,40.221213999753],[-102.490247999674,40.221194999907],[-102.49041099988,40.204263999997],[-102.490680000392,40.200289999885],[-102.490611999722,40.196340999926],[-102.49043500017,40.191180999714],[-102.490437999644,40.187509000016],[-102.490349999781,40.179636999879],[-102.490574999912,40.166629999865],[-102.490706000331,40.163255000059],[-102.4907210004,40.159584000242],[-102.490866000165,40.153965999903],[-102.490990000014,40.14515999973],[-102.491117000235,40.14152799983],[-102.490338000085,40.141518999663],[-102.452409999608,40.141823999978],[-102.443162000064,40.141790999736],[-102.441735000184,40.140564000123],[-102.440723000406,40.140440999665],[-102.437307000231,40.141738000165],[-102.43603900036,40.141759999888],[-102.43529700002,40.14246500016],[-102.435101000202,40.149054999715],[-102.42156100025,40.148989999814],[-102.407708000303,40.148814999721],[-102.40651800025,40.148282999745],[-102.398197999921,40.141528999695],[-102.397920999911,40.140927000226],[-102.39804499976,40.137456999804],[-102.397896999622,40.136773999726],[-102.394681000362,40.134498999967],[-102.394094999658,40.134190999816],[-102.38881300011,40.134087999693],[-102.382470000381,40.134030999704],[-102.381876000179,40.133650000179],[-102.379456999714,40.127876999901],[-102.379508999592,40.121538999664],[-102.379388999942,40.116641999867],[-102.379185999552,40.104681000271],[-102.379300000253,40.100049000237],[-102.3794280003,40.099237999686],[-102.380488999584,40.097935000148],[-102.383109999715,40.098382999758],[-102.398471999557,40.100050000025],[-102.444607000386,40.105018999869],[-102.446990999793,40.105158000075],[-102.455421999551,40.105206999773],[-102.473026000306,40.105030000178],[-102.473265999608,40.090469000056],[-102.473269999806,40.079838999717],[-102.473203999683,40.068712999695],[-102.473058999918,40.051954000019],[-102.472972999705,40.036198999845],[-102.472951999788,40.027519000091],[-102.472889999864,40.017546000039],[-102.472851000404,40.006479999795],[-102.472808999673,40.004835999783],[-102.472398999594,40.004317999746],[-102.467958000121,40.001395000191],[-102.467697000005,40.00109400017],[-102.467728999792,39.99404199966],[-102.467707000051,39.987827000243],[-102.467707999876,39.974169999727],[-102.467746000409,39.958212999917],[-102.46773100034,39.947397999738],[-102.467764999777,39.945261000115],[-102.467764999777,39.937489000211],[-102.467809999983,39.934514999985],[-102.467760999579,39.930733999867],[-102.467772000348,39.920212000004],[-102.467748999884,39.918275999925],[-102.467456999805,39.911703999753],[-102.466989999825,39.899604000181],[-102.466481999837,39.88270999966],[-102.465861999696,39.864645000241],[-102.46570600006,39.858817999755],[-102.464921000063,39.834293999979],[-102.464849000093,39.832670999778],[-102.464454000083,39.819868000189],[-102.464300999922,39.812267000335],[-102.464085000012,39.799540000057],[-102.46398200008,39.795659999931],[-102.464074999966,39.78332999971],[-102.463963999638,39.774129000262],[-102.463868000277,39.769153999726],[-102.463935000224,39.762612999873],[-102.464227000302,39.755519000191],[-102.464178999723,39.754225999724],[-102.463689000177,39.751750999706],[-102.463581000222,39.750011000339],[-102.463444999779,39.744661000118],[-102.463212000151,39.730152000267],[-102.463033999875,39.720193000201],[-102.462992000043,39.719413000201],[-102.462838000057,39.707093000003],[-102.462504000146,39.691782999732],[-102.461996999983,39.672960999707],[-102.461464999705,39.657736999883],[-102.461316999567,39.654116999814],[-102.460954000242,39.643193000319],[-102.43950599969,39.643189000033],[-102.438226999948,39.616572000039],[-102.437667999906,39.605736999689],[-102.437060000359,39.592134000332],[-102.436769000106,39.586812000204],[-102.436358000202,39.576611999759],[-102.436049000406,39.575813000287],[-102.434567000274,39.574077000295],[-102.431131999833,39.571104999669],[-102.430398999714,39.570812000235],[-102.425969000111,39.570777000066],[-102.425651000094,39.570664000192],[-102.410557999865,39.570745000292],[-102.385415000377,39.570765999713],[-102.38214899999,39.570697999818],[-102.375473000175,39.570861999654],[-102.369831999704,39.570754000143],[-102.354082000422,39.570857000129],[-102.32656800015,39.571079000149],[-102.31355200008,39.571136999969],[-102.312505000141,39.571219000109],[-102.306021999771,39.571288000083],[-102.305083999613,39.571375000225],[-102.301175000417,39.571322000096],[-102.297079999652,39.571336000056],[-102.296163000308,39.571460999668],[-102.291314000406,39.571544000012],[-102.279743999583,39.571556000137],[-102.278472000412,39.571596999971],[-102.27351800003,39.571536000159],[-102.260331000255,39.571750000253],[-102.252524999762,39.571969999713],[-102.250460000198,39.572128999877],[-102.249159999641,39.571984000235],[-102.24717200007,39.572054000028],[-102.235457000381,39.572154999695],[-102.217892999808,39.572415000107],[-102.203458000254,39.572573000062],[-102.191068999997,39.572791999804],[-102.184501000137,39.572829000093],[-102.172875000137,39.572968000106],[-102.162824000154,39.573031999665],[-102.158219999576,39.57300700005],[-102.142867999779,39.573123999749],[-102.140748999788,39.573159000118],[-102.125447000221,39.573261999992],[-102.121514999662,39.573219000016],[-102.110350999619,39.573282000165],[-102.099752000364,39.573443999693],[-102.087998000317,39.573647000233],[-102.082090999707,39.57366800016],[-102.063326000109,39.573881999905],[-102.049806000248,39.57405800021],[-102.049925000074,39.590478999902],[-102.050043000075,39.593816999829],[-102.050245999566,39.611014999818],[-102.050289999947,39.624994000142],[-102.050269000031,39.625433999983],[-102.05029699962,39.640952999684],[-102.050422000192,39.646048000022],[-102.050244999741,39.646345000224],[-102.050094999953,39.654028999764],[-102.050508000405,39.660936000075],[-102.050535000169,39.670723000095],[-102.050593999721,39.675593999712],[-102.050745000232,39.70753899984],[-102.0506420003,39.719089999804],[-102.050951999921,39.749993000296],[-102.051023000066,39.764827999709],[-102.051127999648,39.790202999985],[-102.051296999702,39.828774000108],[-102.051362999825,39.84347099984],[-102.05151699981,39.847535999687],[-102.051665999773,39.847689000289],[-102.051568999689,39.84980500029],[-102.051356999977,39.874991000333],[-102.05150400029,39.907206999737],[-102.051473000328,39.908101000064],[-102.051602000199,39.943770999734],[-102.051753999637,39.984864999741],[-102.0517200002,39.985152999807],[-102.051768999706,39.99998999979],[-102.051741000116,40.000606000259],[-102.051791000345,40.039621000113],[-102.051818000109,40.060708000301],[-102.051858000292,40.088528999741],[-102.051825999607,40.111687000042],[-102.051838000201,40.12499099968],[-102.0519029996,40.134381000061],[-102.051972000095,40.148349000087],[-102.051766000231,40.148684000325],[-102.051712999629,40.154373999685],[-102.051782999949,40.159054000078],[-102.051721000025,40.162220000066],[-102.051910999996,40.162602000258],[-102.051653000253,40.178873000336],[-102.051868000338,40.185409000017],[-102.051833000178,40.191619000148],[-102.05197100027,40.201521999873],[-102.051880999859,40.2088649999],[-102.051706999781,40.212553000118],[-102.051905999973,40.215156000009],[-102.051932999737,40.217428000308],[-102.05161300007,40.223991999725],[-102.051777000101,40.227356000228],[-102.051495000069,40.229248000064],[-102.051572999887,40.230265999874],[-102.051541999925,40.235284999786],[-102.051726000048,40.242564999711],[-102.051679000192,40.249991999732],[-102.051598000001,40.282093000205],[-102.051380000441,40.322490999868],[-102.051309000296,40.338381000273],[-102.051586000306,40.349212999822],[-102.051798000018,40.360069000145],[-102.051555000344,40.374995000191],[-102.051444000016,40.393027000011],[-102.051629999788,40.411062000091],[-102.051530000229,40.418161999877],[-102.051464999932,40.440008000196],[-102.08056000007,40.439773000213],[-102.08993200036,40.439726000117],[-102.125458999916,40.439719999986],[-102.166704999761,40.439669000219],[-102.214962999881,40.43960999977],[-102.217685000294,40.439861000186],[-102.221695999597,40.439631000261],[-102.224099000169,40.439764000022],[-102.249561000397,40.439506000209],[-102.250467999695,40.43948499968],[-102.301181000265,40.439571999778],[-102.32128300023,40.439546000059],[-102.323255999733,40.439517000255],[-102.33972999981,40.439552999774],[-102.364191000131,40.43968699994],[-102.368559999635,40.439601000242],[-102.388432000344,40.439634999897],[-102.3972289998,40.439708999973]]]},"properties":{"geoid":"08125963100","county_fips":"08125","designated":true}},{"type":"Feature","geometry":{"type":"Polygon","coordinates":[[[-104.835434000253,39.983605999923],[-104.836117999968,39.983005000186],[-104.838083999798,39.981707999679],[-104.839770000144,39.981212999883],[-104.841182999781,39.981810999798],[-104.842386000253,39.98189499974],[-104.843145000311,39.981068999958],[-104.843060999747,39.980339999764],[-104.842089000152,39.978707999846],[-104.841975000349,39.978147000186],[-104.842760000347,39.977384999684],[-104.844792000299,39.976433999839],[-104.847466000134,39.975988000102],[-104.848785999884,39.97552200024],[-104.850539000177,39.974404999669],[-104.850966999799,39.973747000274],[-104.851159000318,39.972291000304],[-104.847403000385,39.972384999658],[-104.840231000277,39.97248999994],[-104.835967000355,39.972430000094],[-104.83443400017,39.971627999728],[-104.832809999748,39.972344999934],[-104.82962899975,39.972379000011],[-104.824003000246,39.972298999844],[-104.815851999972,39.972283999673],[-104.812517999813,39.972331999657],[-104.812578999912,39.986789000262],[-104.825598000356,39.986854000259],[-104.828579000337,39.986987000282],[-104.832417000286,39.987005000193],[-104.832411000439,39.98505699992],[-104.832728999558,39.984632000189],[-104.835261000001,39.983840999767],[-104.835434000253,39.983605999923]]]},"properties":{"geoid":"08001008606","county_fips":"08001","designated":true}},{"type":"Feature","geometry":{"type":"Polygon","coordinates":[[[-105.065932000353,40.394273999993],[-105.065790000063,40.395344000132],[-105.070588999737,40.395405999721],[-105.070537999683,40.398537999665],[-105.073184999754,40.398565999858],[-105.073116999982,40.40232900034],[-105.07548200002,40.402329999778],[-105.077861000302,40.40220799986],[-105.077898000112,40.399975000155],[-105.090244999637,40.399994999866],[-105.096953999963,40.399980000254],[-105.096773000213,40.394966000011],[-105.096855000229,40.390223000134],[-105.097061000093,40.387251999764],[-105.097055000246,40.383586999948],[-105.096900000435,40.382802999822],[-105.095700000336,40.380411999798],[-105.095388000166,40.379467999952],[-105.095359999679,40.378288000191],[-105.07809599958,40.378285000122],[-105.073269000318,40.378335000099],[-105.073366000402,40.38190800027],[-105.073356000356,40.385559999719],[-105.073261999746,40.390424999866],[-105.070691999669,40.390429999991],[-105.070674000125,40.391792000119],[-105.068520999799,40.391847999946],[-105.068489999837,40.392764999804],[-105.065745999682,40.392785999869],[-105.065932000353,40.394273999993]]]},"properties":{"geoid":"08069002007","county_fips":"08069","designated":true}},{"type":"Feature","geometry":{"type":"Polygon","coordinates":[[[-108.060742999975,38.74985599972],[-108.061139999635,38.750630999968],[-108.061229000222,38.752461999709],[-108.06213399987,38.752646000327],[-108.063157000417,38.751479000094],[-108.064038999601,38.751104999681],[-108.064622999757,38.75162600005],[-108.066961000031,38.751921999862],[-108.068048999977,38.750893999901],[-108.069725000278,38.750799999706],[-108.07520900039,38.751902000179],[-108.077377999711,38.752874000177],[-108.078444999741,38.753764999756],[-108.081573999861,38.755215999764],[-108.083687000004,38.756893000044],[-108.084847999745,38.75731499994],[-108.08629800009,38.757316000268],[-108.088931999742,38.755925000125],[-108.089917999581,38.75584500024],[-108.092321000152,38.757190000061],[-108.093243000417,38.757295999995],[-108.094363999975,38.756988999887],[-108.095682000075,38.756284999903],[-108.09875299957,38.752749000226],[-108.100412999977,38.750138000161],[-108.102191000384,38.749540000103],[-108.10502000003,38.750361000285],[-108.10684399957,38.751419999665],[-108.108139000104,38.752576999713],[-108.109638999779,38.754783999928],[-108.110932999589,38.755941000092],[-108.111417000186,38.756125999793],[-108.1129429998,38.755955000059],[-108.114662999583,38.755225000186],[-108.116290000378,38.753909999856],[-108.116333000036,38.752635999887],[-108.11589299982,38.75185299995],[-108.116046999806,38.751175999745],[-108.117046999888,38.750431999688],[-108.119790000219,38.747822999872],[-108.111339000369,38.742259999661],[-108.109457000204,38.740990000016],[-108.115757000276,38.740975000059],[-108.115703999674,38.735354999762],[-108.115696000176,38.726449999751],[-108.107026999868,38.726487999935],[-108.092860999927,38.726498999892],[-108.08317099962,38.726475999916],[-108.083174999818,38.71067399968],[-108.083162000297,38.69759299984],[-108.083482999789,38.697462999668],[-108.096169999972,38.697470000126],[-108.096503000058,38.697299000171],[-108.09631999976,38.689799000341],[-108.096045000298,38.676545000253],[-108.095840000259,38.668509],[-108.077338000427,38.668485000136],[-108.059608000173,38.668391999708],[-108.040425999925,38.668405999999],[-108.031604000354,38.668395000221],[-108.022920999802,38.668436999681],[-108.021743000343,38.668384999912],[-108.00402399996,38.668402000016],[-107.999113000133,38.668473999669],[-107.998888999827,38.668476000009],[-108.000268000026,38.670458000197],[-108.011749000262,38.686735],[-108.012744000321,38.687997999848],[-108.017430000017,38.692444000087],[-108.019641999895,38.694134999927],[-108.043789000396,38.707557999715],[-108.045159000375,38.708500000156],[-108.048045999747,38.710974],[-108.053633999616,38.716035999844],[-108.062665000322,38.723987999856],[-108.062666000147,38.72469599976],[-108.063949000087,38.725695999959],[-108.063862999874,38.726117999938],[-108.060534999562,38.726117999938],[-108.059371000346,38.725975000299],[-108.05939999976,38.726515000146],[-108.059957000152,38.72688300008],[-108.059935000411,38.730159000095],[-108.061410999797,38.730341000013],[-108.061368000139,38.73376500008],[-108.062639000383,38.733813000152],[-108.062724999699,38.737850999779],[-108.063826999889,38.738818000349],[-108.064395000151,38.739887999974],[-108.065278000058,38.742379000035],[-108.065385000188,38.743137000314],[-108.066225000437,38.74457900019],[-108.066869999794,38.746035000182],[-108.066606000204,38.746822999754],[-108.066930999894,38.746900999694],[-108.065498000166,38.747904999862],[-108.064307000288,38.748507999762],[-108.060742999975,38.74985599972]]]},"properties":{"geoid":"08029965100","county_fips":"08029","designated":true}},{"type":"Feature","geometry":{"type":"Polygon","coordinates":[[[-107.500606000105,39.217916000177],[-107.502406000254,39.217400000063],[-107.50478999966,39.217339000177],[-107.506403000211,39.216457999784],[-107.507296000164,39.216825999661],[-107.50983500028,39.216555000032],[-107.511795000262,39.215674999682],[-107.512776999903,39.214626999973],[-107.513832000237,39.213999999749],[-107.516641999617,39.210327000032],[-107.518300000373,39.208768000085],[-107.519271999969,39.207449999895],[-107.520677999932,39.206284000186],[-107.522117000406,39.206028000175],[-107.523673000158,39.205516999723],[-107.524489000117,39.204687999902],[-107.527505000259,39.203883999998],[-107.528838000428,39.202936000267],[-107.529015999804,39.202427999875],[-107.528347999983,39.20188399985],[-107.526070999808,39.200708000313],[-107.524767999777,39.198915999893],[-107.523310999759,39.198001999924],[-107.523304000087,39.197786000006],[-107.526429000008,39.198717999842],[-107.528443000417,39.199025999989],[-107.531165999758,39.19910199979],[-107.533349000221,39.198928000215],[-107.534821000307,39.198671000166],[-107.53758399983,39.197899000255],[-107.541575999765,39.196234999991],[-107.542333000174,39.195713999977],[-107.543454999557,39.194401000011],[-107.543515999656,39.193499000342],[-107.542903999911,39.192269000108],[-107.542876000322,39.190522000265],[-107.543180000096,39.188677000014],[-107.543776999772,39.186934999942],[-107.543808999559,39.186221999989],[-107.543396999831,39.18541099994],[-107.541712000208,39.184565000204],[-107.542369999984,39.183559999822],[-107.542350999717,39.182722000061],[-107.543364000219,39.181925000298],[-107.546356999896,39.181445999782],[-107.548951000263,39.181164000182],[-107.549890000246,39.180882000146],[-107.552150999629,39.179688000219],[-107.554643999714,39.178858999939],[-107.556929000285,39.178339999873],[-107.558117999615,39.178268999763],[-107.560820999762,39.178426000165],[-107.563893999805,39.180159999864],[-107.565914000062,39.180970999917],[-107.567422999958,39.181396999839],[-107.568438999934,39.181338999805],[-107.569177000076,39.180935000188],[-107.569830999654,39.180145999926],[-107.570490999978,39.178231000097],[-107.570989999746,39.177643000185],[-107.572991999561,39.176347000339],[-107.574256999957,39.175813999732],[-107.577025000402,39.174897000066],[-107.581280999927,39.174504999957],[-107.583625999874,39.173732999898],[-107.584734999737,39.171788999717],[-107.585935999661,39.17108700018],[-107.588456000409,39.169112000279],[-107.588960000199,39.168335000339],[-107.589939000365,39.167564999654],[-107.590998999824,39.167108999745],[-107.592815999691,39.165852999778],[-107.593055999891,39.165143999771],[-107.593876999873,39.164819999655],[-107.595856000122,39.164802999653],[-107.598056000304,39.164222000101],[-107.59949499988,39.164333999817],[-107.60102700024,39.164119999856],[-107.602727999756,39.1634869998],[-107.605324999598,39.162060000231],[-107.607460000381,39.161571000196],[-107.608693999917,39.159911999874],[-107.609766999795,39.158879000272],[-107.610406000203,39.157386999794],[-107.611055999583,39.156499000006],[-107.61271400034,39.155659999956],[-107.613947000051,39.154560000097],[-107.614675000147,39.154535000011],[-107.616944999751,39.155529000313],[-107.617945999659,39.155379999939],[-107.619108000123,39.154886000013],[-107.619948000372,39.153839999781],[-107.619835000394,39.153265999757],[-107.620129000122,39.152168999728],[-107.621278999993,39.151034999945],[-107.622729000337,39.150822000297],[-107.624557000075,39.15020399972],[-107.626244000246,39.149183999849],[-107.627845000203,39.149003999772],[-107.629253999642,39.147684000232],[-107.630103000112,39.146575000073],[-107.63051499984,39.145511000091],[-107.630811999941,39.143846999886],[-107.631637999947,39.143034999732],[-107.631800000328,39.141797000336],[-107.632415000446,39.14091899976],[-107.633067000375,39.140714999836],[-107.634726000058,39.14085699986],[-107.636118999603,39.141284999904],[-107.637892999813,39.142020000128],[-107.638529999672,39.141707999762],[-107.640045000314,39.14045800017],[-107.641401999874,39.138094000129],[-107.642509999911,39.137076999937],[-107.644536999841,39.135599000332],[-107.645649999902,39.134429999815],[-107.646018000148,39.133762999872],[-107.647780999588,39.131416999767],[-107.648200999713,39.131217999908],[-107.650719999737,39.131142999836],[-107.651313999939,39.130930999871],[-107.652883999934,39.128390999921],[-107.653625000449,39.126562999775],[-107.653679999802,39.125562],[-107.653385000249,39.1250909999],[-107.653760000168,39.124002000203],[-107.654875999703,39.123227999893],[-107.656603000057,39.122694000286],[-107.657663000415,39.121371999991],[-107.657815999677,39.12052199973],[-107.658449000237,39.119822999874],[-107.661733999992,39.11767499982],[-107.6626739998,39.116238999712],[-107.662366999654,39.114822999679],[-107.66109399976,39.113284999958],[-107.659818000391,39.112547999805],[-107.660308999762,39.111770999853],[-107.661723000122,39.11094599971],[-107.664603999646,39.109446999863],[-107.66761399994,39.108910000276],[-107.669857999604,39.10862400023],[-107.671439000368,39.107633],[-107.672780000034,39.105466999886],[-107.673168000372,39.104413000338],[-107.673789000338,39.101885999826],[-107.673840000392,39.101092000092],[-107.676345000172,39.100385000333],[-107.677498000416,39.100304999678],[-107.679378999857,39.100505000099],[-107.680814999958,39.100255999694],[-107.680989000035,39.099043999818],[-107.682226999769,39.095727999877],[-107.68294499982,39.092702000319],[-107.685293999964,39.090917999909],[-107.686022999886,39.090045000156],[-107.686883000226,39.088629000304],[-107.687576999987,39.08803699975],[-107.689556000236,39.087170999701],[-107.690851999697,39.087212999913],[-107.692841999816,39.087573000308],[-107.693760999708,39.087406999905],[-107.694111000411,39.086885999891],[-107.694113999885,39.085138000131],[-107.695693999926,39.085038000163],[-107.697034999593,39.084746000056],[-107.700007000252,39.083856999808],[-107.703876000163,39.08499300034],[-107.707780000234,39.08369500011],[-107.7091209999,39.083086999703],[-107.710209999672,39.082241999736],[-107.710090000021,39.081226999987],[-107.710842000407,39.08125400021],[-107.712580999558,39.080780999717],[-107.713266999821,39.080278999711],[-107.713046999713,39.079068000264],[-107.714952000342,39.075986999727],[-107.716012999626,39.075026000294],[-107.716272999917,39.074281000036],[-107.717565000078,39.073899000218],[-107.718683999986,39.071737999949],[-107.719918000421,39.070483999883],[-107.720789999558,39.070004000308],[-107.721392999981,39.068863999916],[-107.722123999552,39.068622000336],[-107.722214999789,39.068007000153],[-107.721767000075,39.06747699988],[-107.722197000245,39.066620000016],[-107.72162399996,39.065254999673],[-107.718979000437,39.064005999814],[-107.716647000011,39.062305999921],[-107.715870000409,39.061250000028],[-107.714449000377,39.060572999693],[-107.713154999668,39.059734999799],[-107.712135000392,39.059358000012],[-107.709799999593,39.05926500026],[-107.706818999611,39.059492000046],[-107.704144999776,39.05919599987],[-107.701711000141,39.058615999818],[-107.700209999743,39.058786000002],[-107.697893000283,39.060016999695],[-107.69474800027,39.061356999806],[-107.693578000308,39.061438999774],[-107.691891000137,39.060573999942],[-107.690342999883,39.060298000304],[-107.688524000366,39.058123999835],[-107.68704499971,39.057171000213],[-107.686555000163,39.056409000168],[-107.685597999738,39.055855000101],[-107.684939000137,39.054632000273],[-107.683990000108,39.053294999853],[-107.682452999725,39.051839000268],[-107.681512999917,39.050615000261],[-107.680869000385,39.047753000043],[-107.677065999697,39.046714000078],[-107.674852999995,39.045669000206],[-107.672332000321,39.044345000295],[-107.670731000364,39.043229000027],[-107.66894499956,39.042922000144],[-107.664576999881,39.040514000311],[-107.66380000028,39.039799000312],[-107.662573000416,39.039338000031],[-107.662009000352,39.03789800027],[-107.661872999909,39.036087999913],[-107.660776999567,39.031874999779],[-107.658153999786,39.028539000047],[-107.658693999561,39.02634599972],[-107.65788000015,39.023991999885],[-107.657225999673,39.021129000033],[-107.657254000161,39.019474000066],[-107.657885999997,39.018224000041],[-107.660319999633,39.016615000119],[-107.662406000012,39.015842999774],[-107.664901999571,39.015259999843],[-107.669306999958,39.013830999731],[-107.671056000054,39.012571000245],[-107.671292000055,39.011813000323],[-107.671218000435,39.008761000252],[-107.671774999929,39.007795000278],[-107.672211999772,39.004389999847],[-107.671974999945,39.003239999955],[-107.67246500039,39.002927999753],[-107.672447999773,39.002403000301],[-107.671666999974,39.001001000311],[-107.671692000088,39.000597999923],[-107.672564000124,38.999664000158],[-107.671234000329,38.999373999664],[-107.670471999897,38.998368999879],[-107.67157900011,38.997327999766],[-107.672065000357,38.996467000149],[-107.672323999925,38.99528299983],[-107.672327000298,38.993793000119],[-107.672906000431,38.992455999917],[-107.674515999711,38.990847000305],[-107.6753209998,38.989784000254],[-107.67541500041,38.988873999822],[-107.676293000294,38.986957999831],[-107.677647000379,38.984904999709],[-107.678306999804,38.984131999704],[-107.679792000309,38.983279999676],[-107.680226999604,38.981718000229],[-107.680547000169,38.981291000264],[-107.681917000148,38.980640000192],[-107.682836999865,38.978706999913],[-107.684879999688,38.975970999744],[-107.685675999556,38.974222999949],[-107.684174000231,38.973415999815],[-107.6840100002,38.97273100021],[-107.683248999593,38.972239000147],[-107.682312999983,38.971095000222],[-107.681088999594,38.970690999834],[-107.679990999602,38.968514999995],[-107.679085999954,38.967781000053],[-107.676681999558,38.964073000206],[-107.674533000328,38.962177999889],[-107.673401999825,38.961500000255],[-107.669860000152,38.961328000262],[-107.668860999894,38.961374999753],[-107.666957999813,38.960784999716],[-107.665075999649,38.959744000125],[-107.664531999676,38.958775999683],[-107.663719000089,38.958566000001],[-107.663248999736,38.957861000158],[-107.713501000173,38.958437000117],[-107.730746000005,38.958668000084],[-107.729349000262,38.942080999886],[-107.729161999766,38.94114800005],[-107.727684999657,38.93820000011],[-107.725872999813,38.936782999778],[-107.725573000237,38.935993000093],[-107.722444999942,38.934804999987],[-107.720983999727,38.93443800002],[-107.71867599959,38.931860999688],[-107.717914000057,38.931234999864],[-107.718161999754,38.929606999899],[-107.7170939999,38.927433999974],[-107.717068999785,38.925240999925],[-107.717661000337,38.922952000155],[-107.717539999963,38.921279000252],[-107.716015999999,38.920773999802],[-107.713702999839,38.920341000031],[-107.71282599978,38.919862000129],[-107.712209000012,38.919223000072],[-107.711946000246,38.918490000007],[-107.711828000246,38.916406999809],[-107.711973999835,38.915538999836],[-107.711533999619,38.914509000136],[-107.711210999579,38.911696000219],[-107.710214999694,38.909134000208],[-107.71018600028,38.907327999799],[-107.710388999772,38.904809999693],[-107.710038000142,38.903871999904],[-107.70921899981,38.902476000131],[-107.70769599967,38.900466999846],[-107.706876000411,38.8985439998],[-107.705030000231,38.896622999656],[-107.703975999722,38.894336000034],[-107.703712000131,38.893445999903],[-107.704414000288,38.892434000308],[-107.704237999663,38.890632000335],[-107.70493999982,38.888935000137],[-107.704617999604,38.888068999663],[-107.704707000191,38.886058000318],[-107.704354000014,38.884614999987],[-107.70447100019,38.883355999979],[-107.704001999661,38.881844000054],[-107.70341699968,38.880682000268],[-107.703415999855,38.879448000137],[-107.703708999758,38.878756000136],[-107.705815000229,38.877406000237],[-107.706430000347,38.876539999798],[-107.706348000331,38.874010000052],[-107.707108000214,38.872865999958],[-107.707108000214,38.872042000202],[-107.706755999862,38.871284000084],[-107.706727000448,38.870258000321],[-107.707370000155,38.868859999781],[-107.708130000038,38.867879000247],[-107.708452000254,38.867011000153],[-107.708187999765,38.865043999787],[-107.706724000075,38.863667999816],[-107.707076000427,38.862894000195],[-107.707076000427,38.862024000275],[-107.707748000447,38.860877999793],[-107.708448999881,38.860464999899],[-107.708918000409,38.859738000073],[-107.709383999666,38.857930000022],[-107.709823000057,38.857334000115],[-107.709940000233,38.856350000023],[-107.710321,38.855597000127],[-107.710347999764,38.853717999702],[-107.710144000448,38.851979999846],[-107.710346999939,38.851452000184],[-107.710228999938,38.849738999819],[-107.710023999899,38.849099999803],[-107.710638000192,38.847337000021],[-107.710491999704,38.846146999846],[-107.710870999821,38.84534999969],[-107.710753999645,38.843587000031],[-107.710139000425,38.842304000007],[-107.707857000227,38.840221000141],[-107.705925999659,38.837663000326],[-107.705632999756,38.836795000175],[-107.702737000163,38.834669000336],[-107.702152000182,38.833754000027],[-107.700835999732,38.832609000277],[-107.699577999906,38.832129000021],[-107.698202999905,38.83128200007],[-107.697237999982,38.830913000328],[-107.696390000235,38.830320000109],[-107.694549000079,38.829592000083],[-107.693846000097,38.82849099981],[-107.692616999685,38.826961000103],[-107.692500000408,38.826251999793],[-107.6916819999,38.825540999977],[-107.691651999763,38.824902000303],[-107.691096999919,38.824329000078],[-107.690073000445,38.822383999766],[-107.690161000309,38.821858999914],[-107.689634000054,38.820601000154],[-107.690364999625,38.81945799983],[-107.69068699984,38.818152999817],[-107.68828900019,38.818519000094],[-107.687529000307,38.819204000066],[-107.68523399969,38.820828999755],[-107.684253999699,38.821287999959],[-107.682968000284,38.820623999895],[-107.6819149996,38.820531000045],[-107.680424000146,38.821767999826],[-107.678114000359,38.821929000118],[-107.676563999557,38.823186000107],[-107.675685999673,38.823344999787],[-107.674838999751,38.823139000067],[-107.673991000004,38.822590999684],[-107.672616999828,38.822482999985],[-107.674823999682,38.821355999764],[-107.67564200019,38.820534999913],[-107.676024999607,38.819635000122],[-107.676718000441,38.816275999946],[-107.676946999871,38.815829000032],[-107.679121999939,38.813870000135],[-107.679594999767,38.813787000132],[-107.684037999789,38.813823999783],[-107.684805000243,38.813535999762],[-107.686213999681,38.812450000028],[-107.686977999762,38.811563000244],[-107.687311999673,38.810419999762],[-107.687407999933,38.807836000148],[-107.687595000429,38.806498999651],[-107.68511200039,38.806470000312],[-107.680199000015,38.806244999873],[-107.67896499958,38.804670000008],[-107.676915999909,38.803828999796],[-107.673364000191,38.803815999799],[-107.671403000383,38.803455999767],[-107.668732999848,38.802038999795],[-107.666700000071,38.801310999764],[-107.662195000125,38.801102999889],[-107.660552000335,38.80067599999],[-107.657306999864,38.800736999733],[-107.655265999691,38.800214999815],[-107.652457000137,38.800041000159],[-107.650624000376,38.799243999731],[-107.648691000158,38.798742999687],[-107.647629000151,38.798054999703],[-107.645581000305,38.797222999853],[-107.642478000124,38.796932999684],[-107.638049000346,38.795947999872],[-107.632097000429,38.801018999996],[-107.631143000377,38.802364999792],[-107.630000000179,38.807228999835],[-107.630123000203,38.80789799968],[-107.631324000127,38.810254000018],[-107.631401999945,38.810886999976],[-107.631153000423,38.816743999758],[-107.630776999781,38.8170550003],[-107.627179999856,38.817099999775],[-107.626372000293,38.81676199977],[-107.623422000273,38.81690500021],[-107.622790000436,38.816743000263],[-107.621968999556,38.817121999757],[-107.621869999821,38.818268999776],[-107.621720000034,38.824385000124],[-107.612603000012,38.824552999997],[-107.603009999789,38.824268000241],[-107.603178000018,38.820930000308],[-107.602788000031,38.820642000327],[-107.599622999926,38.820541000064],[-107.59960200001,38.821095999666],[-107.598143000343,38.819772000176],[-107.595129999676,38.817919999854],[-107.593726000261,38.81663600029],[-107.591971000317,38.815517000223],[-107.587730999787,38.814146999757],[-107.586473999786,38.813945000265],[-107.582672999647,38.813646000208],[-107.581444000134,38.813052000117],[-107.580332999723,38.811747000317],[-107.578899999995,38.811035999864],[-107.577905999761,38.811085000041],[-107.576620000346,38.810510000068],[-107.573871000168,38.808268000012],[-107.571472999619,38.807564000005],[-107.571209999854,38.807196000176],[-107.570917999776,38.805802000007],[-107.570567000146,38.805278000079],[-107.568402999949,38.80394700003],[-107.567000000359,38.803378999729],[-107.566386000065,38.802778999886],[-107.56626899989,38.801339999803],[-107.565859999636,38.800678000132],[-107.564982999577,38.799968000253],[-107.563842999752,38.797748999731],[-107.562731000414,38.796056999685],[-107.561007000434,38.793883000052],[-107.558375000431,38.79214299992],[-107.557089999943,38.791482000089],[-107.554021000098,38.789328999835],[-107.553319999766,38.788667999817],[-107.552441999882,38.7873860001],[-107.551742000274,38.786837999845],[-107.550980999667,38.786745999916],[-107.546947999724,38.786928999742],[-107.546275999705,38.78708799983],[-107.544697000387,38.787888000052],[-107.542884999644,38.788138999752],[-107.5410729998,38.787862999743],[-107.539758000073,38.788140000349],[-107.538383999897,38.788232999775],[-107.535373999603,38.787154000251],[-107.533833999745,38.787790999869],[-107.532714000011,38.789793000028],[-107.531148000214,38.79051600007],[-107.530271000155,38.791693000277],[-107.528510000364,38.792943000129],[-107.524823999853,38.794302000162],[-107.524482000445,38.795425999882],[-107.524778999647,38.796533000339],[-107.52460100027,38.79722599986],[-107.523062000237,38.798484000107],[-107.519850000277,38.799521999954],[-107.518236999726,38.799696999912],[-107.515607000272,38.79831600035],[-107.512063000051,38.796950999801],[-107.510869999624,38.796913999788],[-107.509522000285,38.796650000276],[-107.508421999745,38.79674100025],[-107.507963000161,38.797340999825],[-107.507189999859,38.798965999823],[-107.505583999879,38.800454999753],[-107.504853000308,38.800372000221],[-107.50231800039,38.799286999776],[-107.500611000128,38.799205999767],[-107.500637999892,38.812450000028],[-107.500621999998,38.826859999706],[-107.50057199977,38.840508000123],[-107.500591000036,38.841074999741],[-107.500623999648,38.869794999913],[-107.500553000401,38.899116000281],[-107.500638999717,38.913431000139],[-107.500616000151,38.926935000267],[-107.500632000044,38.956390999671],[-107.500616000151,38.980632000317],[-107.50060699993,39.010158999659],[-107.5006179998,39.028074000231],[-107.500615000326,39.064983000251],[-107.500637999892,39.085424999826],[-107.500679999725,39.12169399997],[-107.500601000082,39.140462999934],[-107.500586000013,39.155142999942],[-107.500637000067,39.169307999968],[-107.500623999648,39.192377999699],[-107.500606000105,39.217916000177]]]},"properties":{"geoid":"08029964600","county_fips":"08029","designated":true}},{"type":"Feature","geometry":{"type":"Polygon","coordinates":[[[-105.485516000128,37.577899000228],[-105.488340999576,37.576914000029],[-105.489696000384,37.57581799988],[-105.49066799998,37.575461999801],[-105.492782999773,37.572949000026],[-105.493763999589,37.572600999656],[-105.494227000269,37.572172999705],[-105.494960000388,37.570893999738],[-105.49606000003,37.570060000297],[-105.49694600031,37.567423000018],[-105.497305000335,37.566859999871],[-105.496700000263,37.565853999784],[-105.496200999597,37.564288999652],[-105.496310000275,37.563851999774],[-105.500566999626,37.560140999855],[-105.535961999836,37.530558000291],[-105.542405999848,37.525318000018],[-105.549085999861,37.519706000353],[-105.554092000123,37.51560000008],[-105.561018000183,37.509734000283],[-105.569016000297,37.503135999863],[-105.57287900036,37.499896999811],[-105.575490000446,37.49791899983],[-105.583788000135,37.491122999693],[-105.587987999584,37.487283000235],[-105.595046999714,37.481826999895],[-105.597019000291,37.480174999691],[-105.602325000128,37.47503099998],[-105.604654000181,37.473112000172],[-105.621633999699,37.459443000027],[-105.622030000432,37.459211999753],[-105.623722999553,37.45758500035],[-105.625569999557,37.456024000154],[-105.636583999813,37.446363999719],[-105.636588999835,37.446305999985],[-105.669628000228,37.418706000254],[-105.690059000081,37.401637999988],[-105.721952999727,37.375008000308],[-105.728294999632,37.36968999972],[-105.733960000392,37.364874999916],[-105.743339000355,37.356797999881],[-105.75005000033,37.351154000279],[-105.74976599975,37.350683000071],[-105.749778000344,37.349334000194],[-105.749326000432,37.349036000007],[-105.747526000283,37.349503000075],[-105.747358999879,37.348753000211],[-105.748003000309,37.34802399969],[-105.750073999722,37.346752000093],[-105.752529999997,37.345559000006],[-105.753227999955,37.344501999851],[-105.753191000146,37.343657000344],[-105.752567999631,37.342255000324],[-105.752230000421,37.341951000008],[-105.750672999946,37.341459999691],[-105.750215000187,37.340939999777],[-105.749434000387,37.339048999876],[-105.749564999909,37.337652999767],[-105.750714999779,37.335966999729],[-105.750898000077,37.334593999991],[-105.750590000106,37.333601000244],[-105.749923999934,37.333081000203],[-105.748959000011,37.332770000006],[-105.747962000301,37.331669999905],[-105.746826999601,37.331028999973],[-105.747594000055,37.329648999801],[-105.747352000206,37.328751999812],[-105.747587000383,37.327040999923],[-105.746316000138,37.324882000256],[-105.745849000158,37.323860999991],[-105.743361999921,37.321943000302],[-105.741832000109,37.321311000057],[-105.740243999672,37.321113999987],[-105.738934999793,37.320686999945],[-105.738270000344,37.320039000252],[-105.738217999567,37.318856999943],[-105.739043999573,37.318156000017],[-105.741610000351,37.31746300006],[-105.742216000248,37.317037000187],[-105.742473999991,37.315894000119],[-105.741473000084,37.315075999801],[-105.741102000363,37.314506999745],[-105.740231999977,37.31418500014],[-105.738193000351,37.314238000254],[-105.737563000165,37.314026999807],[-105.737126000322,37.313274000048],[-105.73792399984,37.311695000048],[-105.737902000098,37.310954999793],[-105.737326000338,37.310100000176],[-105.736534999594,37.309567000168],[-105.736220999775,37.308657999742],[-105.736565999557,37.308084000275],[-105.737928000038,37.307697999994],[-105.738409000261,37.306760000263],[-105.736282999699,37.307163999781],[-105.733863000308,37.307152999777],[-105.732949000439,37.307399000069],[-105.730439999562,37.308907999891],[-105.730025000359,37.309540999687],[-105.72748100022,37.314238000254],[-105.726967000384,37.314670000195],[-105.724220999681,37.315687999664],[-105.72182499968,37.315688999876],[-105.711059000021,37.315799999711],[-105.7046960002,37.315833999705],[-105.690988999843,37.315963999709],[-105.685020000207,37.315977000268],[-105.673063999596,37.316074999853],[-105.668490999878,37.3161549999],[-105.658204999719,37.316219999652],[-105.630289999588,37.316506999953],[-105.606845999967,37.316699999875],[-105.596924999681,37.316757999917],[-105.596907000138,37.306570999733],[-105.596841000016,37.301731000133],[-105.596825999947,37.29224900007],[-105.596846000038,37.287282000343],[-105.590930000106,37.28726100011],[-105.563646999812,37.287203000185],[-105.552652999649,37.287199999842],[-105.515730000175,37.287104000259],[-105.506254000128,37.287096999689],[-105.488119999643,37.287053999951],[-105.481823999769,37.287005000203],[-105.467800999943,37.287002999731],[-105.455050000187,37.286916000243],[-105.440208000028,37.286892000268],[-105.433405999816,37.286856000291],[-105.433292999838,37.282292999949],[-105.433136000378,37.279341000119],[-105.432973999996,37.27359300024],[-105.432686999941,37.266982000032],[-105.43238999984,37.257878000121],[-105.432038000386,37.254704999907],[-105.430978000028,37.248926999853],[-105.426222999837,37.248920000023],[-105.42622799986,37.24250299988],[-105.419870000062,37.24215800015],[-105.409492999666,37.241647000005],[-105.401404000215,37.24120299972],[-105.394270999566,37.242273000235],[-105.393119999871,37.242324999762],[-105.389922000154,37.242105000033],[-105.388563000046,37.242259999812],[-105.382939000192,37.244285000277],[-105.379814000271,37.245630999874],[-105.377548999791,37.246346999727],[-105.373578999598,37.247739999903],[-105.370482000163,37.248924999799],[-105.367184999814,37.250334000357],[-105.365321000091,37.251259999973],[-105.362862000342,37.25223299993],[-105.355906999969,37.253589000214],[-105.351566999879,37.25410900016],[-105.345590999672,37.253803999857],[-105.342197999962,37.253329000326],[-105.341003999711,37.252960000038],[-105.340059999705,37.252377000182],[-105.338971999758,37.252299000199],[-105.337041000088,37.252658999997],[-105.334922000097,37.252668999769],[-105.333864000288,37.253110999771],[-105.332875999901,37.253117999927],[-105.333778000074,37.252432999808],[-105.335570999652,37.252150000236],[-105.336916000415,37.251619999731],[-105.337763000337,37.251664000036],[-105.338041000171,37.251325999664],[-105.337871000292,37.250363999877],[-105.338415000265,37.248724000233],[-105.33835300034,37.2479810001],[-105.337764000161,37.247130000128],[-105.336816999782,37.246220000102],[-105.336698999781,37.244360999801],[-105.336901000346,37.243627000072],[-105.336480000397,37.240061999901],[-105.33595700034,37.239473000177],[-105.333947000129,37.23632600018],[-105.333191000444,37.235491999751],[-105.331635999619,37.23487200027],[-105.330070999647,37.233454999863],[-105.32940000035,37.233070999906],[-105.328138000327,37.232932000076],[-105.327051000205,37.232444999783],[-105.325769999915,37.23254099968],[-105.324608000349,37.233149999643],[-105.323351000348,37.233361000166],[-105.322013000157,37.233815000282],[-105.319356999865,37.234218000311],[-105.318320999798,37.234777000337],[-105.316022999706,37.235153999794],[-105.314439000366,37.235871000324],[-105.313116000243,37.236161999665],[-105.311459000209,37.237301000227],[-105.311408000156,37.238757999902],[-105.310269000156,37.240528999719],[-105.309484999983,37.241111999705],[-105.307184000417,37.240725000084],[-105.306262999977,37.240712999886],[-105.30451800008,37.241024000334],[-105.30355800018,37.240866999891],[-105.302941000412,37.240245999778],[-105.301547000144,37.240268000036],[-105.300208000128,37.240872000202],[-105.300249000136,37.240357999856],[-105.300839000139,37.239514000326],[-105.302439000272,37.238439000221],[-105.303313999783,37.237294000033],[-105.302897999856,37.237057999837],[-105.301677999665,37.237236000235],[-105.300942000072,37.236718000087],[-105.299931000118,37.236689999804],[-105.299593000009,37.237070999728],[-105.2987789997,37.23720599978],[-105.297991000227,37.236825999652],[-105.296914000152,37.238007000263],[-105.296951999786,37.239880999657],[-105.296287000338,37.240262999686],[-105.296002999757,37.239591999955],[-105.295059999576,37.23916700019],[-105.29478599994,37.238746999911],[-105.295268999813,37.238213000293],[-105.294525999649,37.237622000072],[-105.294484999641,37.237069999902],[-105.295092000261,37.235854000141],[-105.294827999773,37.235161000187],[-105.293257999777,37.23520500009],[-105.292769999881,37.234710999741],[-105.292209000189,37.233175000177],[-105.290096999871,37.232830999833],[-105.288894000297,37.231776000349],[-105.288316999813,37.230874000174],[-105.287183999661,37.230630999809],[-105.286634999665,37.229551000001],[-105.285616000214,37.229231000054],[-105.284541999613,37.228014999743],[-105.283212999643,37.227878999736],[-105.28234599963,37.228458999741],[-105.28149299986,37.228513000094],[-105.280886000138,37.229782999685],[-105.280831999711,37.228392000111],[-105.279830999803,37.228089000044],[-105.278448000304,37.228333999902],[-105.276565000315,37.228405000065],[-105.275756999853,37.228912000114],[-105.274256000353,37.229060000312],[-105.27396699975,37.228092999826],[-105.273273999813,37.226929999856],[-105.272071000239,37.227690999912],[-105.270610000024,37.22810200005],[-105.269440000062,37.228095999663],[-105.267897999656,37.229225999686],[-105.266910999992,37.230564999875],[-105.265222999996,37.231249000029],[-105.264658000107,37.232321000004],[-105.263232999877,37.232670999838],[-105.261910999579,37.232498000256],[-105.259368000164,37.232821000291],[-105.257038000285,37.23399100002],[-105.256777999994,37.234444999918],[-105.255712999614,37.235091999654],[-105.255345000267,37.235036000015],[-105.253521999653,37.23598199991],[-105.252682000302,37.235978999672],[-105.249164999845,37.237674999765],[-105.248584999887,37.238245999781],[-105.247716000224,37.238654000181],[-105.246182000214,37.238644999786],[-105.245602000256,37.238463999715],[-105.244701999732,37.239234000258],[-105.243121999691,37.239863999663],[-105.241946999706,37.240713999665],[-105.24003199993,37.241530999912],[-105.238316000345,37.241586999733],[-105.237347000224,37.242206000008],[-105.234599999696,37.243525000115],[-105.23432600006,37.243934000281],[-105.233470999742,37.244005000055],[-105.232219999589,37.244466999685],[-105.231860999564,37.244970999821],[-105.229671000326,37.246218999681],[-105.228657,37.246184999689],[-105.227740999583,37.246607999811],[-105.227000999791,37.247260999845],[-105.226016999602,37.247371000131],[-105.224337999827,37.248848000203],[-105.224040999726,37.249404999668],[-105.222804999641,37.250871999905],[-105.222042000283,37.251507000308],[-105.221301999593,37.252657000043],[-105.220035000445,37.253272999935],[-105.21967600042,37.253915999807],[-105.218233999573,37.254855999718],[-105.217585999843,37.255663999867],[-105.216784999952,37.25597599968],[-105.216044000335,37.256882999735],[-105.21507600004,37.25756999997],[-105.214579999747,37.258425000316],[-105.213710000259,37.258533000234],[-105.213403999937,37.25909000031],[-105.211763999622,37.259947000323],[-105.209490999645,37.260219000202],[-105.207148000246,37.262426999755],[-105.206744000015,37.262598999786],[-105.206080000392,37.263764999772],[-105.204973000179,37.264623999847],[-105.204805999774,37.265093000059],[-105.203730000422,37.26624799977],[-105.201989999649,37.267508999991],[-105.200013999773,37.268249000165],[-105.199105999752,37.268770999946],[-105.196976999715,37.269304000219],[-105.195298999765,37.270901999754],[-105.194512999943,37.271071000173],[-105.192346000271,37.272718999949],[-105.191963999781,37.273502000031],[-105.191392000219,37.275355000158],[-105.190834999827,37.276556999829],[-105.189622000207,37.27799900026],[-105.186996999878,37.279363999663],[-105.18627299998,37.280034999707],[-105.185929000023,37.280737999699],[-105.185753000296,37.28193099967],[-105.18606600029,37.282797999963],[-105.186837000044,37.28377700013],[-105.185944000092,37.284639000334],[-105.184852999772,37.285059999835],[-105.18314399986,37.284886999746],[-105.180701999829,37.285162999918],[-105.17982499977,37.285157999688],[-105.17833699979,37.286025999861],[-105.176682000305,37.286367999859],[-105.173430999987,37.286700000193],[-105.172820999891,37.287086000323],[-105.170578000052,37.287493000077],[-105.168086999616,37.2886160002],[-105.164669999617,37.289107999749],[-105.165418999629,37.290738999897],[-105.165479999729,37.2919099998],[-105.165158000412,37.292792000064],[-105.165336999614,37.295227999721],[-105.164190000116,37.298198000317],[-105.163949000092,37.299167999892],[-105.163393000423,37.299945999962],[-105.16374800025,37.301807999964],[-105.164769000249,37.304430999831],[-105.164730999716,37.307238999831],[-105.164938000304,37.30852099996],[-105.166400000344,37.312626000033],[-105.166919000203,37.313792000231],[-105.166472000314,37.315304000276],[-105.165438999721,37.316779999971],[-105.165457999987,37.317521999701],[-105.1658489998,37.319012000337],[-105.166693000247,37.321209000317],[-105.166892000438,37.322683999664],[-105.166692000422,37.323734999777],[-105.166051000364,37.3250059998],[-105.165314999872,37.325988000182],[-105.163523000119,37.3273890002],[-105.163127000284,37.328060999793],[-105.163096000322,37.328908999869],[-105.163939000046,37.330968000205],[-105.164777999572,37.331882000102],[-105.165605000301,37.333529999965],[-105.166775000263,37.33424800016],[-105.167277000403,37.334841999673],[-105.167949000423,37.337031000232],[-105.166802999852,37.339145000285],[-105.165688999966,37.341508999666],[-105.164050000374,37.343021999663],[-105.164245000368,37.344150000245],[-105.164115999598,37.345216000154],[-105.165868999891,37.347318000134],[-105.166343000442,37.348984999694],[-105.166423999735,37.349888000119],[-105.166001000136,37.351674000156],[-105.165980000219,37.352512999659],[-105.166360999986,37.353058999834],[-105.167827000224,37.354025000303],[-105.168047000332,37.354692999899],[-105.167457000328,37.356956999904],[-105.166976000104,37.358146999869],[-105.168668000298,37.360241000002],[-105.168905999949,37.36151399984],[-105.168146999891,37.363117000218],[-105.167180000319,37.364253999832],[-105.166457000245,37.365598000148],[-105.165749000241,37.369822999949],[-105.166757999646,37.372252999952],[-105.168412000205,37.373669000138],[-105.168979999569,37.375012000137],[-105.168879000185,37.375638000333],[-105.166895999738,37.378987999975],[-105.16545200014,37.380818000335],[-105.16531700042,37.381174000225],[-105.16602600025,37.38324600028],[-105.1671669999,37.385836000315],[-105.166997999845,37.387845000146],[-105.166417999887,37.388770000136],[-105.164245000368,37.389809000323],[-105.162649000433,37.390301999686],[-105.162425000127,37.391464999756],[-105.161433000441,37.393209000342],[-105.15850900036,37.397109000217],[-105.157269000078,37.398436000029],[-105.156212000094,37.399230000326],[-105.155169000354,37.399636000223],[-105.153093999845,37.399858999717],[-105.151323999834,37.400192000153],[-105.148692999656,37.400388999702],[-105.146322999595,37.400415000133],[-105.144997999822,37.400235000096],[-105.142515999608,37.400946000258],[-105.141194000209,37.40095199971],[-105.138567000229,37.400690999922],[-105.137624000048,37.401079000005],[-105.13266899984,37.403606000303],[-105.131922000376,37.40550699995],[-105.131256000204,37.406812000118],[-105.129863999586,37.408809000254],[-105.129719999646,37.409253999957],[-105.130368000274,37.41066599988],[-105.130585000009,37.411655000332],[-105.132652000122,37.411544999856],[-105.134627000173,37.411991999715],[-105.135956000144,37.412461999957],[-105.137126999931,37.413101999764],[-105.138315000334,37.414233999813],[-105.139415999801,37.415584999841],[-105.140526000387,37.418128999975],[-105.140698999741,37.419480999918],[-105.140567000395,37.420700000071],[-105.140695000441,37.421810999709],[-105.141522000272,37.423655999904],[-105.140913000001,37.427919000187],[-105.1410350002,37.42864299972],[-105.141486000287,37.429064999916],[-105.142214000383,37.429170999835],[-105.144885999669,37.428964999909],[-105.145033999807,37.429407000044],[-105.144082000304,37.431085999811],[-105.143950999884,37.431740000109],[-105.144534000215,37.433514999823],[-105.14520700006,37.434547999821],[-105.146460999687,37.436002000107],[-105.14638299987,37.437429000249],[-105.145905999844,37.438586999899],[-105.146823999911,37.441092000091],[-105.147264999952,37.441570999921],[-105.148486999792,37.442219000183],[-105.149562000218,37.443181999875],[-105.150060999985,37.444071999649],[-105.150987000448,37.447061000038],[-105.151245000191,37.448653999732],[-105.152189000197,37.451554000072],[-105.153743000299,37.452738999961],[-105.154432999862,37.453554000163],[-105.155152999562,37.455674000118],[-105.15618500033,37.457090000036],[-105.157715999967,37.457459999824],[-105.15918499968,37.457113999816],[-105.160830999843,37.455799000064],[-105.162531000433,37.454764999846],[-105.163164000094,37.454581000076],[-105.164507000309,37.454598999802],[-105.165745000043,37.454932000017],[-105.168033999913,37.456027999937],[-105.169581000342,37.456140999962],[-105.171426999623,37.455362999717],[-105.174323000114,37.455904000143],[-105.175370000053,37.456288000356],[-105.175414000434,37.457142000025],[-105.174498999841,37.458643000089],[-105.173467999797,37.46109599969],[-105.173522000223,37.461909999692],[-105.174545999697,37.464655999683],[-105.175000999982,37.465288000332],[-105.175970000102,37.470259000324],[-105.17668499978,37.472612999665],[-105.176499000007,37.474814999976],[-105.17668300013,37.475593999798],[-105.178900999855,37.477222999797],[-105.180470000025,37.478680999722],[-105.182020999754,37.478994999893],[-105.182043000393,37.479704000318],[-105.180102999604,37.481579000134],[-105.177555999991,37.482727000096],[-105.176425000387,37.483407999698],[-105.174816000034,37.485101999996],[-105.174508999887,37.486080999772],[-105.174492999994,37.486975999719],[-105.175715999659,37.489526000127],[-105.176394000425,37.49017199966],[-105.177464999754,37.490821000065],[-105.177665999596,37.491390999997],[-105.176230000393,37.493123999704],[-105.175861000322,37.494078999813],[-105.174318999916,37.495810999922],[-105.174303000023,37.496344000313],[-105.172912000128,37.498196999855],[-105.172482999782,37.499219999762],[-105.173261000107,37.50017299982],[-105.173332000252,37.501415000062],[-105.174282999931,37.502514000032],[-105.173384999956,37.505794999921],[-105.174123999923,37.509299000069],[-105.173949999845,37.509788000221],[-105.172986999573,37.510673999803],[-105.17223799956,37.512106000163],[-105.171320000391,37.513245999939],[-105.171583000157,37.514622999746],[-105.172514999569,37.515607],[-105.172211999621,37.516574999685],[-105.171532999928,37.51750200015],[-105.171558000043,37.518121999774],[-105.172111000237,37.519030999668],[-105.173652999744,37.51946600016],[-105.174333999985,37.519890000097],[-105.173988000379,37.521044999807],[-105.173637999676,37.522998000196],[-105.173990999853,37.524237999851],[-105.1746560002,37.525169000228],[-105.175600000206,37.525467999775],[-105.176380000181,37.526144000187],[-105.176746999704,37.527598000241],[-105.177547999595,37.529727000236],[-105.17707999979,37.530314000018],[-105.177396999982,37.53291199995],[-105.177714000175,37.534104000134],[-105.179840999663,37.536125999645],[-105.181014999823,37.536950000294],[-105.182152999998,37.537509000215],[-105.18299800027,37.538198000267],[-105.183666000092,37.539649000181],[-105.183788000291,37.540895999799],[-105.182669000382,37.54179000003],[-105.182097999747,37.542580000338],[-105.182450000099,37.543970000257],[-105.182953000064,37.544650999674],[-105.182917000079,37.546431999913],[-105.18267699988,37.546781000003],[-105.180162000054,37.54639499985],[-105.178351999859,37.546318999703],[-105.179090000001,37.547782999933],[-105.179339000421,37.548676000243],[-105.180335000306,37.549891999722],[-105.182609000108,37.55212799991],[-105.183885000375,37.552637999963],[-105.183432999565,37.553834999702],[-105.184016999721,37.555840999824],[-105.188885999715,37.559478000343],[-105.190537999726,37.561309999815],[-105.191885999963,37.562356000036],[-105.193061999773,37.563890000174],[-105.194809000219,37.564654999961],[-105.193722000097,37.56551599984],[-105.19333399976,37.566381000019],[-105.193510000385,37.566920999841],[-105.195159999848,37.568106000268],[-105.195420999964,37.569177000239],[-105.198297000363,37.571815000005],[-105.200772000007,37.573615999869],[-105.201615999555,37.574022999679],[-105.202952999922,37.574064000134],[-105.204424000183,37.574410999756],[-105.205314999587,37.574261000212],[-105.20763100012,37.575240000198],[-105.208406999897,37.576067000073],[-105.210072000327,37.576550000022],[-105.211680999781,37.577660999932],[-105.213860000047,37.577883000148],[-105.214188999935,37.578414000338],[-105.21426000008,37.57972800013],[-105.216044000335,37.581185999695],[-105.217415000139,37.581629999802],[-105.218333000206,37.582438999663],[-105.218432999765,37.583496000052],[-105.217157000396,37.584857999883],[-105.213051999585,37.585727000318],[-105.211900000065,37.586088999982],[-105.210901999632,37.58678800019],[-105.208546999639,37.588696000346],[-105.207034000444,37.589503000062],[-105.205707000123,37.590808999807],[-105.204162000242,37.593445999744],[-105.203769999707,37.594448999909],[-105.202312999689,37.594788000254],[-105.200321999745,37.594104999885],[-105.19875199975,37.594064999845],[-105.197765000086,37.593585999887],[-105.196694999683,37.592753999932],[-105.194902000105,37.592674999876],[-105.193965999596,37.592229000001],[-105.193236999675,37.59216800012],[-105.193031999636,37.593289999723],[-105.193328999737,37.594990999845],[-105.193363000072,37.598062999886],[-105.194154999742,37.59963099975],[-105.194095000366,37.601035000195],[-105.195280000397,37.601011999665],[-105.195241999864,37.601423999654],[-105.196306000419,37.602724999738],[-105.196349999901,37.603175999704],[-105.195409000268,37.604672999856],[-105.194831999785,37.607362000201],[-105.19564500027,37.608938999893],[-105.195313999834,37.609440999994],[-105.192860000107,37.610478000218],[-105.192617000433,37.611851000207],[-105.19187199972,37.612515999838],[-105.190924000414,37.6130210001],[-105.189739000383,37.614446999886],[-105.188569000421,37.61513900002],[-105.186596999845,37.61573800013],[-105.184441000044,37.615983999849],[-105.187549000247,37.619668999744],[-105.189279000076,37.619328999928],[-105.192162999973,37.619266000065],[-105.194492999851,37.619663999768],[-105.19824799996,37.619462000332],[-105.201506999775,37.619193999852],[-105.205496000236,37.620627000099],[-105.208401000049,37.621995999689],[-105.209766000005,37.622345000033],[-105.212119000348,37.623531999764],[-105.213953999758,37.625753000052],[-105.214231999593,37.626323999973],[-105.215793000265,37.626380999691],[-105.219508000191,37.624238000081],[-105.220027999874,37.62341200009],[-105.220027000049,37.621919999842],[-105.220346999717,37.621483000278],[-105.221216000278,37.621171000091],[-105.226144999648,37.620369000119],[-105.228933000184,37.620530999897],[-105.229743000296,37.620397000281],[-105.232166000061,37.620601000131],[-105.234295000098,37.620620999779],[-105.235978000071,37.620772999917],[-105.236594000014,37.621664999842],[-105.238117999978,37.622147000186],[-105.239645000315,37.622992999725],[-105.24156599994,37.623724000121],[-105.242595000335,37.626067999803],[-105.243361999891,37.62922899969],[-105.244327999638,37.629333000245],[-105.245818000166,37.629956000233],[-105.248763999987,37.629586999975],[-105.250559000113,37.629806999808],[-105.252199000429,37.630259000162],[-105.253311999591,37.631186000191],[-105.254212000114,37.632324000091],[-105.254464999834,37.633276000257],[-105.254362999727,37.635230000258],[-105.253643999852,37.636738999814],[-105.25368499986,37.637127000127],[-105.254464000009,37.638062999993],[-105.254777000004,37.639548000197],[-105.255303000434,37.64025799976],[-105.258146000323,37.640546999814],[-105.259229000246,37.639568999881],[-105.260148999963,37.639204999781],[-105.261465000413,37.639003000097],[-105.263509000061,37.639114000188],[-105.265936999849,37.638249000195],[-105.266938999581,37.638353000219],[-105.267362999904,37.638747999663],[-105.267110000184,37.639871000299],[-105.268304000435,37.640611999703],[-105.270175999656,37.640764000218],[-105.270813000414,37.641071000004],[-105.2718660002,37.640779000153],[-105.272959000169,37.641004999671],[-105.274941999718,37.6435939999],[-105.275993999679,37.645223999873],[-105.27867599991,37.646351999663],[-105.279949999629,37.646374999682],[-105.281519999624,37.645380999866],[-105.283347000435,37.645256000229],[-105.284919999905,37.645886000212],[-105.285546999719,37.646879000327],[-105.286397999839,37.649226000199],[-105.286570000266,37.650178000015],[-105.287004999561,37.650952999772],[-105.287602000136,37.651186000326],[-105.288532999723,37.650524000284],[-105.289696999838,37.650441999692],[-105.290819999944,37.65154700006],[-105.291912999913,37.652070000192],[-105.294108999897,37.652826999848],[-105.295181999775,37.653528000101],[-105.295586999831,37.654416000353],[-105.295405000256,37.655175000162],[-105.295406000081,37.656796999777],[-105.296206000147,37.657878000254],[-105.296863999923,37.658297000197],[-105.297622999981,37.658143000196],[-105.29870500008,37.656640999661],[-105.300424999863,37.654862999898],[-105.301800999689,37.653602999663],[-105.303196999607,37.653085000232],[-105.30726499971,37.653426999888],[-105.308458999961,37.653822000255],[-105.309116999737,37.653433999661],[-105.30968300035,37.652020000172],[-105.309844000008,37.650527000304],[-105.31079600041,37.650589999983],[-105.312302999758,37.649862000031],[-105.313356000442,37.649715999746],[-105.314408000404,37.648778000121],[-105.315774000184,37.648155000044],[-105.317817999832,37.648862999792],[-105.318344000262,37.648806000249],[-105.320084000137,37.647560999653],[-105.321651999584,37.646719999828],[-105.322289000341,37.646177999905],[-105.324291999982,37.645295999766],[-105.326355999721,37.644776999923],[-105.327498999919,37.644340000318],[-105.329541999742,37.642981000102],[-105.330634999711,37.642842999975],[-105.331586000288,37.643010999786],[-105.334944999663,37.64326499971],[-105.337150999693,37.642641000225],[-105.341572999798,37.64240900001],[-105.345447999557,37.642023999903],[-105.346297999852,37.641715999661],[-105.346954999803,37.641165999864],[-105.34793399997,37.638461000063],[-105.348559999958,37.637758000227],[-105.349288999879,37.637733000027],[-105.350360999932,37.638142999678],[-105.352021000339,37.638196999772],[-105.354509000401,37.63724100002],[-105.354588000044,37.636190999851],[-105.356773999982,37.636720999908],[-105.359677999971,37.636418000005],[-105.361114999896,37.63666599997],[-105.364040999626,37.638454000302],[-105.364536999919,37.63855000012],[-105.365840999775,37.638241000241],[-105.368240000149,37.638576000212],[-105.370304999713,37.63939600004],[-105.370809000402,37.638249000195],[-105.372852000225,37.636752999658],[-105.373751000025,37.635791000016],[-105.374731999841,37.635313000071],[-105.376010999583,37.635027000223],[-105.37689000019,37.634452000113],[-105.378409999957,37.631691999826],[-105.379175999688,37.630650000274],[-105.380044000424,37.629946000242],[-105.380728999964,37.628879999652],[-105.380796999737,37.627953000029],[-105.383468000097,37.627776999951],[-105.384571000112,37.627605000006],[-105.386551000185,37.626438000076],[-105.387408000153,37.625306999984],[-105.387490000169,37.624857000101],[-105.388902999805,37.623187999752],[-105.389836999766,37.621792999792],[-105.389669000434,37.621166000216],[-105.391364999928,37.618355000006],[-105.393426000193,37.617095000301],[-105.394376999872,37.617458000091],[-105.396150000256,37.61677599982],[-105.398034000071,37.615291999751],[-105.399857999611,37.614237999889],[-105.40031200007,37.613414999897],[-105.401075000327,37.614339000012],[-105.403256000242,37.615657000045],[-105.408399999697,37.618000000324],[-105.410851999774,37.616983000306],[-105.41253800012,37.616446999722],[-105.414910999656,37.615882999826],[-105.416997000036,37.617412999673],[-105.420905000305,37.616718999853],[-105.42350700017,37.616780000241],[-105.428510000058,37.613905000083],[-105.430561000277,37.613750000054],[-105.431583000101,37.613386000156],[-105.434691000304,37.613421999881],[-105.4360210001,37.613577999675],[-105.438340999932,37.613288000263],[-105.439950000285,37.612187999915],[-105.441095000133,37.612217000123],[-105.442279000339,37.611851000207],[-105.443137999956,37.611077999983],[-105.44504400041,37.607875000255],[-105.445738999996,37.605902999676],[-105.445887000134,37.604287000057],[-105.447518000229,37.603266999884],[-105.448171999807,37.602409000073],[-105.447849999591,37.600252000299],[-105.451301999751,37.598466999872],[-105.451568999715,37.597519000246],[-105.45245400017,37.596196999687],[-105.455224000264,37.593915000038],[-105.454527999955,37.593248999892],[-105.455100000415,37.592714999951],[-105.454483999574,37.592031999774],[-105.454943999882,37.591103999779],[-105.45449199997,37.590482999757],[-105.46026800016,37.586729999869],[-105.461250999626,37.586809999981],[-105.463321000112,37.585951999754],[-105.464477999655,37.584608999902],[-105.466118999795,37.584686000328],[-105.467275000412,37.584424000225],[-105.469854999637,37.58187100017],[-105.471447000272,37.581263000102],[-105.475941000347,37.580629000349],[-105.478842999788,37.579876999807],[-105.480954000281,37.578654999725],[-105.485516000128,37.577899000228]]]},"properties":{"geoid":"08023972600","county_fips":"08023","designated":true}},{"type":"Feature","geometry":{"type":"Polygon","coordinates":[[[-105.01552799958,39.877264999903],[-105.015516999709,39.88524700021],[-105.025020000419,39.885213999747],[-105.02511599978,39.872170999728],[-105.025015000396,39.870815000199],[-105.015521999732,39.870822000181],[-105.01552799958,39.877264999903]]]},"properties":{"geoid":"08001009321","county_fips":"08001","designated":true}},{"type":"Feature","geometry":{"type":"Polygon","coordinates":[[[-105.076703000036,40.596159000156],[-105.076709999708,40.59518600007],[-105.074758000122,40.594854999955],[-105.073657999582,40.594468000147],[-105.072932999859,40.59320300007],[-105.072109000401,40.592429000235],[-105.071351000168,40.591143000314],[-105.068492000385,40.591679999742],[-105.067811999969,40.590546999865],[-105.071187999961,40.587507999733],[-105.069519000232,40.585879999919],[-105.063092999763,40.581494000187],[-105.052477999716,40.581414999926],[-105.041082999695,40.580834000292],[-105.036769000443,40.58086299977],[-105.029620999726,40.581296999793],[-105.026378999628,40.581394000125],[-105.015036000384,40.581275999956],[-105.008496999937,40.58118099983],[-105.001415000241,40.581186000091],[-105.001488000036,40.595641000028],[-105.019994999891,40.59598899979],[-105.03890900035,40.596273000135],[-105.048524000315,40.596103000059],[-105.057661000428,40.596000000111],[-105.062651999722,40.595965999856],[-105.070503000421,40.595855999912],[-105.072018000165,40.596124000016],[-105.076703000036,40.596159000156]]]},"properties":{"geoid":"08069001306","county_fips":"08069","designated":true}},{"type":"Feature","geometry":{"type":"Polygon","coordinates":[[[-105.057661000428,40.596000000111],[-105.057431000274,40.613642999745],[-105.058190000333,40.612214000089],[-105.060317999646,40.611919000211],[-105.062335000428,40.612034000318],[-105.06293299993,40.611448000026],[-105.064861000125,40.610768999848],[-105.066293000028,40.611344000117],[-105.067139000125,40.611185999787],[-105.067936999643,40.6106369998],[-105.068807999854,40.610611000205],[-105.070984999572,40.611421000327],[-105.072624000062,40.612854999834],[-105.073127000027,40.613963000161],[-105.075005999819,40.61411099969],[-105.076425000201,40.613359000232],[-105.076492000148,40.610611000205],[-105.076703000036,40.596159000156],[-105.072018000165,40.596124000016],[-105.070503000421,40.595855999912],[-105.062651999722,40.595965999856],[-105.057661000428,40.596000000111]]]},"properties":{"geoid":"08069001305","county_fips":"08069","designated":true}},{"type":"Feature","geometry":{"type":"Polygon","coordinates":[[[-105.930453000352,37.489815000346],[-105.930477999568,37.487580999678],[-105.930418000192,37.480311999751],[-105.930225999673,37.46678199994],[-105.930227000396,37.464832000283],[-105.929837000409,37.447912999757],[-105.929324000398,37.446697000223],[-105.928791000296,37.446055000348],[-105.928290999805,37.444906999888],[-105.928264000041,37.443830999668],[-105.92831400027,37.435718000292],[-105.928426000423,37.42993200013],[-105.905725000068,37.429751999679],[-105.893708000255,37.429592999909],[-105.889272999731,37.429479999732],[-105.888838000436,37.428270999802],[-105.888025999776,37.427753999931],[-105.887984999768,37.427205000173],[-105.886793000065,37.426753999876],[-105.886201000411,37.427034000268],[-105.884458999989,37.424830000143],[-105.883846000419,37.424850999732],[-105.883226000278,37.424307000332],[-105.882433999709,37.424130999973],[-105.880237999725,37.422634999842],[-105.878260000199,37.422540999671],[-105.876999999826,37.422777000091],[-105.875655999786,37.423456999777],[-105.8747820001,37.423193000011],[-105.87202600025,37.42346300028],[-105.871033999664,37.423343000122],[-105.87092400006,37.423909000155],[-105.869986999726,37.423679000222],[-105.868189000125,37.4242669998],[-105.868087000018,37.424822000094],[-105.86647500019,37.425421999949],[-105.865861999722,37.425939000229],[-105.863353999568,37.425270000079],[-105.862623999822,37.425512000083],[-105.861176999851,37.424908000217],[-105.860288000096,37.425204999862],[-105.85981299972,37.424936000351],[-105.859255000402,37.425326000067],[-105.858717000276,37.425199999679],[-105.859020000225,37.424688999694],[-105.858097000135,37.424870999844],[-105.857256000061,37.423865000049],[-105.855629999989,37.423690000278],[-105.855802000417,37.423218000169],[-105.855036999613,37.4230199998],[-105.853486999709,37.42354300004],[-105.852777999879,37.423180000182],[-105.851710000025,37.423070999718],[-105.850766000018,37.422708999925],[-105.848677999989,37.422873999884],[-105.846348999936,37.422133000032],[-105.845969999819,37.421496000318],[-105.845267999662,37.421007000214],[-105.844178999891,37.420704999842],[-105.843228000212,37.420803999942],[-105.84070699964,37.420332000191],[-105.839784000449,37.420541000339],[-105.841479000117,37.421514000156],[-105.842849999921,37.423655999904],[-105.843711999911,37.424062000129],[-105.844400999649,37.424715999725],[-105.84466299959,37.426139000347],[-105.84578700042,37.426583999816],[-105.846290000385,37.427056000107],[-105.847234000391,37.427418000284],[-105.847364999912,37.428264000259],[-105.846938000115,37.429001000269],[-105.847621000005,37.430868999734],[-105.846753999992,37.43158900032],[-105.84669899974,37.433066999958],[-105.848450000384,37.434208999819],[-105.848539999897,37.435631999749],[-105.849209000442,37.436154000299],[-105.850401000145,37.436207999927],[-105.850710999767,37.437434000329],[-105.850457000222,37.437868000305],[-105.849063999779,37.438659999906],[-105.849355000032,37.439296999798],[-105.851228999801,37.439043000202],[-105.853302999586,37.43955899986],[-105.85414399966,37.44019100005],[-105.853896999788,37.441201999958],[-105.853055999714,37.441493000092],[-105.852773999681,37.442186000332],[-105.852864000093,37.442866999827],[-105.854167000124,37.443537000265],[-105.853849999932,37.444152000208],[-105.852905999926,37.443827999876],[-105.852920999994,37.445120000263],[-105.85347199964,37.445680000241],[-105.854277999554,37.445734000127],[-105.854312999714,37.446470999995],[-105.855009999848,37.447179000201],[-105.854871999756,37.447547000047],[-105.854010999591,37.447729000248],[-105.853562999877,37.448398999937],[-105.853577000121,37.44908599981],[-105.854101999827,37.450954000029],[-105.854571000356,37.451228999874],[-105.854398999928,37.451739999807],[-105.854813000205,37.452343999944],[-105.853840999711,37.453019999934],[-105.853670000007,37.453700999938],[-105.854234999897,37.454119000153],[-105.853160000369,37.454647000239],[-105.851149000333,37.456509999692],[-105.850955999989,37.457377999736],[-105.852438000121,37.458146999908],[-105.853217000271,37.458014999995],[-105.855091999864,37.458590999718],[-105.85566500015,37.459540999798],[-105.854844999992,37.46050299999],[-105.85381899997,37.462020000323],[-105.854854000213,37.463832999809],[-105.855846999724,37.466666000008],[-105.859707000313,37.466614999851],[-105.862383999623,37.466681000089],[-105.870169000199,37.466599000131],[-105.875183999783,37.466827999728],[-105.87601700036,37.466987000234],[-105.884419999631,37.47048199982],[-105.90211200025,37.47799100027],[-105.914920999732,37.483442000008],[-105.92549700032,37.487729999666],[-105.930453000352,37.489815000346]]]},"properties":{"geoid":"08003960300","county_fips":"08003","designated":true}},{"type":"Feature","geometry":{"type":"Polygon","coordinates":[[[-105.820950000355,37.464015999972],[-105.820875000012,37.473558000012],[-105.820933999563,37.488057000264],[-105.841264999857,37.488045000352],[-105.856096000145,37.487958000044],[-105.865073000425,37.48778800006],[-105.870124999818,37.488386000238],[-105.870129999841,37.48327799971],[-105.870061000244,37.482989999984],[-105.867308999693,37.480247999744],[-105.86651399965,37.47934099987],[-105.866517999848,37.476620999987],[-105.866102999746,37.475409999953],[-105.868683999695,37.475587999911],[-105.869625000226,37.475373999822],[-105.871796000096,37.475655000286],[-105.873731999789,37.476095000076],[-105.87420999964,37.476015999678],[-105.875509000371,37.476327999935],[-105.876177000193,37.477146000274],[-105.876400999601,37.478032000071],[-105.878351000436,37.48038699998],[-105.878411999637,37.480839000068],[-105.880615000192,37.482649999828],[-105.881682000222,37.482931000021],[-105.882305999662,37.48353200021],[-105.883781000121,37.484498000019],[-105.884227000185,37.485867999875],[-105.884909000251,37.486751000116],[-105.886681999737,37.487791000226],[-105.887546000276,37.489205999801],[-105.888905000383,37.489784000171],[-105.890314999647,37.490594999908],[-105.891169999964,37.491969999853],[-105.89060400025,37.493267000147],[-105.890159000011,37.495031999909],[-105.889780999719,37.495503000292],[-105.888616999605,37.495982000123],[-105.887600999629,37.497907000077],[-105.887569999667,37.49861400009],[-105.88804000002,37.499123999796],[-105.889200999761,37.499657999956],[-105.890350999632,37.499700999775],[-105.891036999895,37.499212999731],[-105.891293999813,37.498214999769],[-105.892990000205,37.497378999787],[-105.894082000349,37.497182000338],[-105.895854999835,37.496253999866],[-105.897158999692,37.496237000134],[-105.898045999796,37.496589999649],[-105.898726000212,37.497760000278],[-105.898136000208,37.499441999879],[-105.898675000158,37.500446999749],[-105.89937999979,37.500924000179],[-105.900972000425,37.500525000086],[-105.901629000376,37.499421999748],[-105.902836999973,37.498639999899],[-105.904679999779,37.498599000004],[-105.905176000072,37.499338000279],[-105.904093999973,37.500481000143],[-105.903379000296,37.501804000283],[-105.903503000144,37.502468000118],[-105.904847000184,37.503220999896],[-105.90593699978,37.503427999691],[-105.908301999818,37.50280700001],[-105.908907999716,37.503262999953],[-105.90936100035,37.504249999822],[-105.910075000203,37.505149000125],[-105.909788000148,37.505736999971],[-105.908501999835,37.506332000251],[-105.908545000391,37.507033000091],[-105.909133999671,37.508256000111],[-105.909532000055,37.508633999929],[-105.909855000095,37.510363999981],[-105.911328000006,37.510896999812],[-105.91296099975,37.5103660002],[-105.914221000124,37.50879699965],[-105.915725999821,37.508178000012],[-105.916925999921,37.508276999795],[-105.918177000073,37.509246000258],[-105.918618000114,37.510134000085],[-105.917678000306,37.51106399998],[-105.917367999786,37.512840999687],[-105.916814999593,37.514068000269],[-105.916962999731,37.51503800006],[-105.917506999704,37.51564299998],[-105.918768999727,37.515774000317],[-105.9193129997,37.515317000157],[-105.919604999778,37.514319999977],[-105.919413999983,37.513125000166],[-105.91980399997,37.512011000108],[-105.921774999823,37.511158000072],[-105.922543000102,37.511180999849],[-105.92323199984,37.511661000025],[-105.923334999772,37.512593000292],[-105.92276300021,37.513143000045],[-105.922621999745,37.513759],[-105.922875000363,37.514694999926],[-105.923611999782,37.51525699968],[-105.925277000212,37.515164000164],[-105.925719999902,37.514746999736],[-105.9270420002,37.514355000166],[-105.926983999576,37.513385999761],[-105.927575000303,37.512612000022],[-105.928587000081,37.512706000303],[-105.929110999963,37.511971999893],[-105.930389999705,37.511774999756],[-105.931616999568,37.511931000193],[-105.932937000216,37.511394000237],[-105.934852999818,37.511247999655],[-105.935499999723,37.511625999998],[-105.936278999873,37.512656999663],[-105.937249999643,37.512308999927],[-105.9396890002,37.511144000111],[-105.939026000401,37.510873000201],[-105.936381999805,37.510505999723],[-105.935576999716,37.510209000299],[-105.933938999949,37.509064000177],[-105.932876000117,37.508720999667],[-105.930605999615,37.507072000036],[-105.930631999554,37.502455999672],[-105.930145000381,37.50157399967],[-105.930264000206,37.490987000224],[-105.930453000352,37.489815000346],[-105.92549700032,37.487729999666],[-105.914920999732,37.483442000008],[-105.90211200025,37.47799100027],[-105.884419999631,37.47048199982],[-105.87601700036,37.466987000234],[-105.875183999783,37.466827999728],[-105.870169000199,37.466599000131],[-105.862383999623,37.466681000089],[-105.859707000313,37.466614999851],[-105.855846999724,37.466666000008],[-105.853146000125,37.466639000139],[-105.848443999638,37.466626000014],[-105.846441999822,37.466501999968],[-105.839942999559,37.465855999705],[-105.820950000355,37.464015999972]]]},"properties":{"geoid":"08003960200","county_fips":"08003","designated":true}},{"type":"Feature","geometry":{"type":"Polygon","coordinates":[[[-105.058206000226,39.856439000044],[-105.054656999982,39.85639000023],[-105.055081000304,39.857061000048],[-105.053338999882,39.85597800003],[-105.053288999653,39.856764000135],[-105.054876000265,39.859708000137],[-105.056668000018,39.863590999863],[-105.059695999855,39.863524000337],[-105.068356999767,39.863750999857],[-105.073575999566,39.863725999905],[-105.0820020002,39.863615000059],[-105.083607000355,39.863039999765],[-105.082486999723,39.861666999762],[-105.081920000184,39.860553999664],[-105.081655999695,39.859441999999],[-105.081685999832,39.856440999867],[-105.07202999986,39.856562999981],[-105.064554999803,39.856547999956],[-105.058206000226,39.856439000044]]]},"properties":{"geoid":"08059009831","county_fips":"08059","designated":true}},{"type":"Feature","geometry":{"type":"Polygon","coordinates":[[[-103.780333999678,40.254008999871],[-103.788551999899,40.254002000071],[-103.792926000324,40.25396499984],[-103.810828999932,40.254018999781],[-103.829759000285,40.253948000116],[-103.829765999957,40.246653999991],[-103.820350000185,40.24671500015],[-103.815590999796,40.24680500007],[-103.810854000046,40.247024000222],[-103.810840999627,40.24655400023],[-103.807960999928,40.246589000334],[-103.804061000055,40.246532000194],[-103.797477000301,40.246757000036],[-103.792702000018,40.246754999977],[-103.783584999996,40.246827000017],[-103.778664000124,40.246789999977],[-103.77821600041,40.24831999985],[-103.777827000248,40.248807000255],[-103.777756999927,40.254013000246],[-103.780333999678,40.254008999871]]]},"properties":{"geoid":"08087000500","county_fips":"08087","designated":true}},{"type":"Feature","geometry":{"type":"Polygon","coordinates":[[[-103.659854999959,40.258515000338],[-103.661200999648,40.248221999824],[-103.66125400025,40.247490000303],[-103.660984999738,40.229673000194],[-103.660141000189,40.228983000312],[-103.659071999611,40.228604999919],[-103.658132999628,40.227807999674],[-103.657483000248,40.227656999747],[-103.654927000414,40.228021999734],[-103.652259000427,40.227587999804],[-103.651436999721,40.226972999777],[-103.650055000047,40.227214999734],[-103.649388999875,40.227057000013],[-103.646729000284,40.225978999706],[-103.645757999615,40.226193000058],[-103.644204000412,40.227210999832],[-103.643662000088,40.22851199994],[-103.643115999567,40.229042000036],[-103.639299000433,40.230248999685],[-103.637366000214,40.230687000092],[-103.635899999976,40.230537000337],[-103.634982999734,40.23102099998],[-103.634468000074,40.230937999779],[-103.633360000036,40.230191000258],[-103.632626999917,40.229933000313],[-103.631214000281,40.230035999737],[-103.630195999756,40.229562000007],[-103.628592000324,40.227580000045],[-103.627627000402,40.227271999677],[-103.624180000265,40.227655999778],[-103.622922000439,40.228040999723],[-103.622908000196,40.219515000124],[-103.622096000434,40.218776000268],[-103.61574100011,40.218761000139],[-103.614503000376,40.218710999914],[-103.607045000038,40.218742999706],[-103.605264999981,40.218428000265],[-103.605115000193,40.219571000285],[-103.603967999797,40.220250999917],[-103.603842000298,40.227450999681],[-103.604155000293,40.247022999853],[-103.60397299982,40.248248999692],[-103.604234999761,40.248241999981],[-103.603279000059,40.251212000173],[-103.602105999724,40.254260000174],[-103.600346999583,40.254049999766],[-103.599760999777,40.255832000256],[-103.599929999831,40.257015999908],[-103.600707000331,40.258618000156],[-103.602066000439,40.259024000142],[-103.60340600028,40.261314000123],[-103.603044999707,40.269352999917],[-103.603026000339,40.276568999879],[-103.621719999792,40.276297000082],[-103.640076999859,40.276109000248],[-103.640719999567,40.276116999756],[-103.659489000261,40.275893000158],[-103.659437000382,40.263221999805],[-103.65946900017,40.261479999979],[-103.659854999959,40.258515000338]]]},"properties":{"geoid":"08087000700","county_fips":"08087","designated":true}},{"type":"Feature","geometry":{"type":"Polygon","coordinates":[[[-102.603279999823,38.08849399989],[-102.60326200028,38.085400000285],[-102.604219999632,38.0853940002],[-102.604198999715,38.079472000024],[-102.604140999989,38.078467999714],[-102.603521999673,38.078101000016],[-102.605691999717,38.077617999889],[-102.607540000445,38.075807999707],[-102.608245999902,38.07532599991],[-102.608867999693,38.074280999988],[-102.610552000389,38.072339000078],[-102.611462999885,38.070970999937],[-102.614065999574,38.070997999987],[-102.612069999607,38.068511000299],[-102.60949600023,38.062663999772],[-102.608775999631,38.060848000189],[-102.608769999783,38.056099999811],[-102.613367999616,38.056183999954],[-102.616617000284,38.056185000132],[-102.617070999845,38.063455999808],[-102.622411000018,38.063381000242],[-102.631182000433,38.063468000043],[-102.631400999818,38.063702000335],[-102.631495000428,38.072611999892],[-102.631447999674,38.077960999938],[-102.631471000138,38.084898000127],[-102.631467999765,38.085477999942],[-102.632621999834,38.085309999654],[-102.632653999621,38.088437999791],[-102.632424000365,38.089162999969],[-102.631522000192,38.089209999855],[-102.631507999948,38.094807000218],[-102.631544999758,38.101724000001],[-102.634539999983,38.102833999849],[-102.635966000038,38.103109000103],[-102.640689000442,38.10370499985],[-102.643693999815,38.104310000311],[-102.644315999606,38.1047599999],[-102.644492000231,38.105604999784],[-102.647114000188,38.1047330003],[-102.650249000155,38.104204000228],[-102.653499999575,38.104161000297],[-102.65431100041,38.104282999838],[-102.655508999961,38.104897999822],[-102.656844999605,38.106337000005],[-102.657637999998,38.107796000167],[-102.658898000372,38.108507000328],[-102.659857000447,38.108418000046],[-102.661887999676,38.106786000346],[-102.662138999746,38.105700999999],[-102.661059000196,38.10364700033],[-102.66061700033,38.102479999914],[-102.660500999979,38.101402999959],[-102.660953999715,38.100285999728],[-102.661908999592,38.099881999957],[-102.663886000191,38.100193999892],[-102.6659039999,38.10008300019],[-102.666876000394,38.100187000031],[-102.66803799996,38.100637000271],[-102.668663999949,38.100624000203],[-102.670073000285,38.100018000038],[-102.671019999766,38.098790999893],[-102.671119000399,38.097896999828],[-102.670599999642,38.095606999971],[-102.670921000032,38.094171999897],[-102.671736999992,38.09363700031],[-102.67280800022,38.093728000252],[-102.674117999924,38.094179000335],[-102.676852999858,38.094283000094],[-102.677569000259,38.094412999938],[-102.678878999963,38.095893999715],[-102.679694999922,38.09744699968],[-102.680378999638,38.098020999849],[-102.681803999868,38.098302000277],[-102.683788999965,38.097950000222],[-102.686516000401,38.096912000031],[-102.687965999847,38.095854999799],[-102.689144000205,38.094001999766],[-102.69066800017,38.093363000135],[-102.692695000099,38.093109000175],[-102.693938999681,38.093363000135],[-102.694968000076,38.094165999824],[-102.695479000437,38.095066000285],[-102.696088999634,38.098204000324],[-102.698320999603,38.100310999701],[-102.69933499993,38.100956999872],[-102.701459999769,38.101967999949],[-102.702869000105,38.102177000027],[-102.703906999823,38.102549000294],[-102.707391999595,38.102594999804],[-102.711345999895,38.102450999674],[-102.715243000293,38.102529000221],[-102.717055000138,38.102484000214],[-102.719369999947,38.102758000123],[-102.720975999927,38.102653000159],[-102.72376299974,38.101526999687],[-102.725540000323,38.101267999897],[-102.728472999726,38.100485999984],[-102.730261000179,38.099755999687],[-102.734264999809,38.098613999889],[-102.736702999643,38.09729099967],[-102.739512000095,38.097186000332],[-102.741676000292,38.096560000349],[-102.741625000238,38.096172000238],[-102.741499999667,38.085968000283],[-102.741494999644,38.078049999837],[-102.741410000153,38.042828000063],[-102.741361999574,38.012516999981],[-102.741308000046,38.00000699975],[-102.741047999755,37.9978990001],[-102.740960999716,37.982890999765],[-102.740903999815,37.954938000054],[-102.740803000431,37.925726000311],[-102.740709999646,37.898031999722],[-102.740651000095,37.883501000109],[-102.74041199972,37.868743000004],[-102.740357000367,37.863177000264],[-102.740345999598,37.851853000062],[-102.740453999553,37.83292399988],[-102.740463999599,37.82406400027],[-102.741030000212,37.823535000192],[-102.747707999677,37.823450999815],[-102.747988000059,37.823215999772],[-102.747833000249,37.803874000355],[-102.747860000013,37.799768000262],[-102.747834000074,37.774228000174],[-102.747839000097,37.76721300024],[-102.747791000416,37.756521999866],[-102.747809999784,37.751536999792],[-102.747743999662,37.732878999905],[-102.747799999738,37.725629999962],[-102.747745000385,37.701364000351],[-102.747664000194,37.687215999645],[-102.74774799986,37.68357699998],[-102.747682999563,37.674813000243],[-102.747614999791,37.643641999704],[-102.712665999644,37.643590000211],[-102.694479000355,37.643595],[-102.670710000145,37.643634000332],[-102.658450999585,37.643679999912],[-102.649290999905,37.643662000265],[-102.639573000009,37.643674000031],[-102.633155999761,37.643601999988],[-102.625472000365,37.643620999749],[-102.620517000157,37.643485999693],[-102.612840000434,37.643539000071],[-102.595179999603,37.643572999931],[-102.58066700023,37.643622999948],[-102.564847999555,37.643778999671],[-102.559546999741,37.643608999975],[-102.548926999671,37.643713000321],[-102.539998999795,37.64373400025],[-102.529075999777,37.643749999684],[-102.500469000434,37.643828000164],[-102.499286999878,37.643857000121],[-102.474166000131,37.643752999977],[-102.461664999722,37.643670000346],[-102.437687000173,37.643824999874],[-102.419402000076,37.643911999714],[-102.415602999586,37.643986999741],[-102.405744000123,37.644017999824],[-102.401224999933,37.644096000023],[-102.396218999672,37.644116999844],[-102.383137000378,37.644102999964],[-102.374007999762,37.644133999999],[-102.36488900009,37.644300000266],[-102.363172999607,37.644369000075],[-102.355922999681,37.644302999826],[-102.355030999553,37.644166000114],[-102.328676000271,37.644217999915],[-102.317656000168,37.644128000154],[-102.300997000142,37.644104000057],[-102.300594999561,37.644035000002],[-102.292183000069,37.644033999908],[-102.273952000398,37.64396100012],[-102.261517999936,37.644177999798],[-102.255720000004,37.644151000151],[-102.255822999936,37.65072499993],[-102.25580000037,37.656246000066],[-102.255854999723,37.6589830002],[-102.255898000279,37.676876000085],[-102.256003999686,37.696688999775],[-102.25598100012,37.710735999756],[-102.255997999838,37.718658999714],[-102.255967999701,37.729715000225],[-102.256008999709,37.733289999993],[-102.255990000341,37.737833999658],[-102.255879000013,37.738662000099],[-102.254293000124,37.743855000135],[-102.254095999582,37.744829999656],[-102.253968000434,37.747581000105],[-102.254199000413,37.748828000117],[-102.255617000072,37.751394000235],[-102.255974000447,37.752552999677],[-102.255954000356,37.760226000233],[-102.25599399964,37.774884999916],[-102.255986999968,37.78145099991],[-102.255931999716,37.788744999735],[-102.255708000308,37.795744999653],[-102.255700999737,37.797397999918],[-102.255916999647,37.798567000269],[-102.256087000425,37.820528000327],[-102.256140999953,37.824199999805],[-102.262384999949,37.824172999735],[-102.26282799964,37.824513999871],[-102.262812999571,37.826199999834],[-102.26289600031,37.842830999838],[-102.262948000189,37.848537000287],[-102.263061999991,37.854695999885],[-102.263130999588,37.862815999865],[-102.263241999916,37.870998999653],[-102.263266000206,37.875409000078],[-102.263506000405,37.895703999815],[-102.26361799966,37.90863300001],[-102.264067999922,37.938440000056],[-102.264227999755,37.944225999936],[-102.264339000083,37.952776000327],[-102.264496000442,37.95934900006],[-102.264587999605,37.96595399989],[-102.264682000215,37.969615999789],[-102.264867999988,37.983808999902],[-102.265135999777,37.998739000045],[-102.2792239999,37.998759000179],[-102.280104000332,38.000531999998],[-102.280273000386,38.002513999703],[-102.279707999598,38.004093999944],[-102.278633999896,38.00579299995],[-102.279068000264,38.006799000212],[-102.278869000072,38.007645000226],[-102.279095000028,38.008265000164],[-102.280069000172,38.009341999831],[-102.28026699964,38.009933000162],[-102.280040999684,38.010773000274],[-102.280199999693,38.012264999734],[-102.279146999907,38.012934999761],[-102.277898000302,38.012798999837],[-102.277259999719,38.013247999773],[-102.276836000295,38.013971999732],[-102.276894000021,38.014922999866],[-102.275108999941,38.016054999707],[-102.274702000235,38.01698700031],[-102.273208000408,38.018394999736],[-102.272806999652,38.019607000205],[-102.272170999617,38.020321999986],[-102.2707139996,38.021244999874],[-102.270239999947,38.021867000012],[-102.270034000083,38.02304700002],[-102.270116999924,38.02453499982],[-102.269408999919,38.025960000136],[-102.269599999715,38.026730000297],[-102.27078399992,38.02768300018],[-102.270886000028,38.029010000143],[-102.270065000045,38.03019299993],[-102.268981000297,38.031442999647],[-102.267592999876,38.032750999873],[-102.267346000004,38.033518999852],[-102.265615000351,38.035115999849],[-102.264956999676,38.036123999718],[-102.265449999596,38.036402000333],[-102.265693999993,38.037244999776],[-102.266884000047,38.038166000001],[-102.267298000324,38.039074999977],[-102.266870999628,38.039353000002],[-102.266937999575,38.041477000091],[-102.266314000135,38.042108999833],[-102.265345999839,38.04356500025],[-102.262887999914,38.044774999654],[-102.261671000096,38.046371000076],[-102.260931000305,38.04833899987],[-102.260567000257,38.050560000348],[-102.258786000374,38.050297000061],[-102.257450999658,38.050309999883],[-102.256151999824,38.050643999776],[-102.255225000435,38.051118000346],[-102.253903000137,38.052206999704],[-102.252010999926,38.05294799974],[-102.229857999743,38.055722999927],[-102.23060400028,38.057451000144],[-102.234423999788,38.060963999908],[-102.236890999933,38.063846999781],[-102.238318999638,38.064626000345],[-102.242884999684,38.066819000053],[-102.24465399987,38.067460999783],[-102.245986000214,38.067636000208],[-102.247526999897,38.068422000108],[-102.251081999989,38.06938799982],[-102.254529000126,38.072278999795],[-102.256275999673,38.073157000055],[-102.257248999991,38.073274000004],[-102.257716999796,38.07392599972],[-102.259239000111,38.074502999802],[-102.260544999617,38.074174000264],[-102.261353999904,38.074179999856],[-102.262667999806,38.074531999817],[-102.264509999788,38.077470999678],[-102.265623999673,38.078240999825],[-102.268274000117,38.079427999823],[-102.268238000132,38.079880000304],[-102.270317999765,38.081579999713],[-102.272061999837,38.082207999654],[-102.273271999982,38.08183899998],[-102.27423799973,38.083208000289],[-102.276130999765,38.084002000225],[-102.276948000448,38.084608000262],[-102.281306000081,38.08674100003],[-102.282043000398,38.086902999895],[-102.283435000118,38.086835000057],[-102.285225000221,38.087094000091],[-102.286871000384,38.087582000003],[-102.287935000041,38.088068999743],[-102.288987999827,38.088206000336],[-102.289761000129,38.088933999885],[-102.292230999749,38.090237000183],[-102.29291000034,38.091502000162],[-102.292722999844,38.092593999847],[-102.292871999807,38.094219000097],[-102.293623000367,38.095148999873],[-102.293799999919,38.095710000181],[-102.293416999605,38.097064999872],[-102.292511000132,38.098518000259],[-102.291901999861,38.099207999655],[-102.29156799995,38.10032199997],[-102.281564999649,38.100350000067],[-102.265603999582,38.100622999925],[-102.265688000146,38.115183000124],[-102.265854999652,38.129461000077],[-102.26596599998,38.157797999689],[-102.264594000352,38.15766499975],[-102.263933000203,38.157356999667],[-102.262123999833,38.156061000252],[-102.261396999562,38.15568199974],[-102.260316000186,38.15560599992],[-102.25819600037,38.155939999857],[-102.2557280004,38.155688999933],[-102.253996000023,38.155056000332],[-102.25263799974,38.154837000142],[-102.248771000377,38.155079999684],[-102.241698000003,38.154007000192],[-102.239215999789,38.153377999751],[-102.235398999756,38.152804999783],[-102.234480999689,38.152835000075],[-102.231987999604,38.153518999693],[-102.227193999953,38.154587000198],[-102.226677999569,38.154515000219],[-102.226182000175,38.153708999939],[-102.226192000221,38.152726999957],[-102.226748999714,38.150905000235],[-102.226480000101,38.149059000297],[-102.226599999752,38.147911000091],[-102.225497999562,38.145539999825],[-102.221999000444,38.141270000202],[-102.220118000105,38.140050000231],[-102.218473999591,38.139648999903],[-102.214584999589,38.139343999993],[-102.210581999783,38.138220000182],[-102.210581999783,38.144182000292],[-102.210735999769,38.165033000336],[-102.210867000189,38.175770000167],[-102.210902000349,38.183437000269],[-102.210913000219,38.209636000201],[-102.210881000432,38.222149999713],[-102.210917000417,38.246143000009],[-102.210796999868,38.267562999748],[-102.211067000205,38.268169000064],[-102.212809999554,38.268229000114],[-102.216604000021,38.268147000081],[-102.229169999829,38.268276999695],[-102.248906999921,38.268223000252],[-102.25046699987,38.268171000255],[-102.305303999721,38.267967000286],[-102.319565999921,38.267958000108],[-102.322536999857,38.268069999733],[-102.360543999978,38.268098999709],[-102.388321999841,38.26799899989],[-102.400065999842,38.267943000044],[-102.406154000202,38.267947999831],[-102.416411000048,38.267904999822],[-102.432480999895,38.267867999679],[-102.43425599993,38.267914000006],[-102.467675000264,38.267637000325],[-102.468001999603,38.267811000337],[-102.474125000123,38.267805999836],[-102.479749999803,38.267930000174],[-102.479584000121,38.266951000051],[-102.480031999835,38.265615999712],[-102.480771999627,38.264607000047],[-102.480831000076,38.263353000091],[-102.481868999794,38.261976000117],[-102.483940999929,38.259825000308],[-102.484041000387,38.259343999908],[-102.483675999615,38.258493999712],[-102.483047000152,38.258217000085],[-102.48169600044,38.256016000023],[-102.482293999941,38.254854999782],[-102.482931999626,38.254369000325],[-102.483764000377,38.252759000077],[-102.485037000271,38.25157799988],[-102.485587000092,38.250268999652],[-102.486740000336,38.249663999927],[-102.487100000186,38.249085999898],[-102.486884000276,38.24748800005],[-102.4863479998,38.246385000092],[-102.485633999948,38.245811000293],[-102.485490999833,38.244938000167],[-102.48492299957,38.244334999951],[-102.48559100029,38.242369000342],[-102.485429999733,38.240784999843],[-102.48474199982,38.239599999982],[-102.485249999808,38.237785999926],[-102.485002000111,38.236979000176],[-102.485177000013,38.235336000279],[-102.484062000303,38.233878999854],[-102.484149000342,38.233048999888],[-102.483016000189,38.232234000004],[-102.482438999706,38.230835000303],[-102.48295300044,38.230333999654],[-102.483242000145,38.229508999767],[-102.485392999923,38.228408999943],[-102.485515999947,38.227837999897],[-102.483885999678,38.226397999671],[-102.483526999652,38.225706999762],[-102.484310999825,38.224770999748],[-102.486100000103,38.223936000294],[-102.486152999807,38.223198999914],[-102.485531000016,38.221185000175],[-102.485676999606,38.220915999837],[-102.484891999608,38.220049999707],[-102.484219999588,38.219662999827],[-102.482943000395,38.219393000153],[-102.482159000222,38.218944999779],[-102.481301000429,38.217190000193],[-102.480308999844,38.213898000061],[-102.480988000435,38.212905999966],[-102.481815000265,38.212188999751],[-102.482478000064,38.21083500021],[-102.482413999592,38.210477999882],[-102.482957999565,38.209068999736],[-102.48266700021,38.20789399989],[-102.483274999757,38.206490000324],[-102.483572999683,38.206219999774],[-102.485612000207,38.205245000311],[-102.486333999557,38.204577999982],[-102.486352999823,38.204132000006],[-102.485747999751,38.202913999898],[-102.485650999666,38.20167200035],[-102.486687999559,38.199650000095],[-102.485850999683,38.198117999763],[-102.485106999693,38.197924999833],[-102.484366000077,38.196836000301],[-102.48335199975,38.196079999906],[-102.482965000136,38.195371999848],[-102.482113000191,38.195071999877],[-102.481766999686,38.194203999929],[-102.479717000191,38.192839999784],[-102.479461000098,38.19154900014],[-102.479004999988,38.190895000247],[-102.479194000134,38.189519000255],[-102.479938000124,38.188665999972],[-102.48188600041,38.188072999939],[-102.483093000182,38.186633000108],[-102.484705999835,38.185647000196],[-102.484807999942,38.185075000182],[-102.484551999849,38.1838760003],[-102.484207999893,38.183420999864],[-102.482823999671,38.18234800017],[-102.482421999988,38.181304000204],[-102.482971999809,38.179633999891],[-102.482745000028,38.178583999678],[-102.482353000391,38.178205999653],[-102.480893,38.177566999659],[-102.480200000064,38.176997000343],[-102.479261000081,38.175794999716],[-102.47811299986,38.174753999684],[-102.477697999759,38.174034000224],[-102.477722999873,38.173451000296],[-102.478271000044,38.172812000272],[-102.479343000097,38.17262599965],[-102.480384000187,38.173156999668],[-102.480984000237,38.173116000077],[-102.481458999715,38.171925999783],[-102.481447000019,38.171079999856],[-102.482148000351,38.170384000083],[-102.483334000207,38.169791000261],[-102.484375000297,38.16964000033],[-102.485130000158,38.168758000325],[-102.484965000301,38.167889999698],[-102.484171999908,38.166672000164],[-102.484674000048,38.165537000158],[-102.48573500023,38.164291999979],[-102.485715000139,38.163153999971],[-102.484986000218,38.162249000219],[-102.483545000094,38.161330999972],[-102.482822000021,38.160316999851],[-102.482797999731,38.159580000296],[-102.483724000194,38.158143000217],[-102.484627000192,38.156343000084],[-102.48580899985,38.155849999953],[-102.486582000152,38.155758999709],[-102.488156000345,38.156231000036],[-102.48911899972,38.155793999925],[-102.489429000239,38.155265000339],[-102.489127000115,38.154738000227],[-102.487753999764,38.154240000008],[-102.487496999846,38.153617999849],[-102.488877999695,38.151666999922],[-102.488881999893,38.151233000179],[-102.487959999628,38.149669999877],[-102.487476999754,38.148182000229],[-102.487895000229,38.147288999649],[-102.487810999665,38.146079999741],[-102.486469000174,38.145420000008],[-102.485514000297,38.144134999742],[-102.48417899958,38.143440999996],[-102.483478000147,38.141661999837],[-102.483078000114,38.140163000134],[-102.483229999551,38.138853000343],[-102.484795000422,38.137685000289],[-102.485248999983,38.136929999974],[-102.486825999651,38.135491999683],[-102.487136000171,38.133852000181],[-102.486894000322,38.132984000241],[-102.48748500015,38.131700999711],[-102.487764999635,38.130008000108],[-102.488214000071,38.128927000167],[-102.487327999792,38.127337999873],[-102.487465000059,38.12620199976],[-102.488729999557,38.125075999767],[-102.490153999962,38.124208000053],[-102.490188000298,38.123473000245],[-102.48894700019,38.122896000137],[-102.488045999842,38.122818000137],[-102.485778999713,38.121980999968],[-102.481486000377,38.120914999883],[-102.480560999739,38.120471000202],[-102.479894999568,38.119305000021],[-102.47986299978,38.117489999976],[-102.48117199966,38.116113000234],[-102.482637000073,38.115913999712],[-102.484118000379,38.114993999995],[-102.484140000121,38.112263999875],[-102.483607999843,38.111591000128],[-102.484921999745,38.11050599976],[-102.485435999581,38.109507000245],[-102.488547000157,38.106844000201],[-102.489892000022,38.105410999965],[-102.491456999994,38.104752000255],[-102.492517000351,38.103764999792],[-102.49322799983,38.102005999879],[-102.494205000347,38.100883000155],[-102.494955000184,38.098416999673],[-102.494755000168,38.096956999934],[-102.494981999948,38.095587999759],[-102.496399999608,38.094408999903],[-102.497875999891,38.093863999768],[-102.499137999915,38.093917999921],[-102.499585999629,38.094490999875],[-102.4998900003,38.095706000217],[-102.50101800043,38.096660000343],[-102.502509999709,38.096775999825],[-102.503252999873,38.097369999685],[-102.503194000322,38.098761000006],[-102.503596000005,38.09912499973],[-102.505777999745,38.099074000078],[-102.507002000134,38.098331000044],[-102.507295000037,38.09789600022],[-102.507777999911,38.096076000228],[-102.508201000408,38.09530300022],[-102.510474000385,38.093544999881],[-102.510985999673,38.093344999716],[-102.512236999826,38.093369999944],[-102.514113000143,38.093144000039],[-102.514653999743,38.093427000175],[-102.515971000018,38.0946940001],[-102.517258000156,38.095370000315],[-102.518474999974,38.09624399981],[-102.519819000013,38.096681000232],[-102.520327000001,38.097148000017],[-102.522404999984,38.097306999886],[-102.522850000223,38.098680999777],[-102.52345799977,38.099134999879],[-102.525052000055,38.098841000147],[-102.527458999926,38.099334000163],[-102.529244999831,38.099507999666],[-102.530586000396,38.09921900009],[-102.531963000047,38.098038000218],[-102.533004000138,38.097844000102],[-102.534340999606,38.098398000191],[-102.535641000163,38.099648000192],[-102.536216999923,38.100433000015],[-102.536083999853,38.101404000226],[-102.534646000103,38.102997000343],[-102.534242999697,38.104097999991],[-102.534774999974,38.106317000262],[-102.535548000276,38.107761000253],[-102.535847000027,38.109144000097],[-102.536854999607,38.109999999682],[-102.53877600013,38.110690000204],[-102.540594999647,38.111173999651],[-102.54159100043,38.111175999917],[-102.543773999995,38.109373999921],[-102.54412200015,38.108233000067],[-102.545598000434,38.106676999737],[-102.547607999746,38.105777000197],[-102.548622000073,38.105674000039],[-102.549382999781,38.105130000015],[-102.553792000366,38.105492000105],[-102.55589399974,38.106065999989],[-102.556749999883,38.106593000325],[-102.55728200016,38.107358000295],[-102.557812999715,38.108651999998],[-102.55923899977,38.109005000259],[-102.561737999702,38.110417999937],[-102.563901000074,38.110911999723],[-102.565570999629,38.111722999824],[-102.566774000101,38.111888999937],[-102.56801299966,38.111460999745],[-102.569202999713,38.111309999917],[-102.57046800011,38.110885000276],[-102.571838000089,38.110917999835],[-102.572813999882,38.112173999811],[-102.574584999718,38.112279000228],[-102.575655000121,38.112185999826],[-102.577486000232,38.112274000346],[-102.57859599992,38.111875000334],[-102.579012999671,38.111365000031],[-102.579123000174,38.110106999985],[-102.579436000169,38.109122000095],[-102.579026999915,38.1080449998],[-102.57881199983,38.106371999894],[-102.578973000387,38.105588999971],[-102.579532000428,38.105013999657],[-102.580364000282,38.10483099998],[-102.582659999825,38.105658999744],[-102.583932999719,38.10576700025],[-102.58722599987,38.106944000258],[-102.588001999647,38.106936000145],[-102.589568000342,38.106585999662],[-102.59022199992,38.106855999678],[-102.594053000197,38.106790999896],[-102.595330000289,38.106215999853],[-102.597457999602,38.105709999747],[-102.60024399959,38.105644000151],[-102.60026600023,38.103334000054],[-102.600142000381,38.096507999987],[-102.604084999912,38.096525000001],[-102.60409099976,38.096249000082],[-102.609141000402,38.096232000004],[-102.609124999611,38.094361999826],[-102.606106999819,38.094414999956],[-102.606089000276,38.092628999957],[-102.60415000021,38.092633000089],[-102.60411500005,38.08946399993],[-102.60247200026,38.089425999841],[-102.602512000443,38.088503000344],[-102.603279999823,38.08849399989]]]},"properties":{"geoid":"08099000700","county_fips":"08099","designated":true}},{"type":"Feature","geometry":{"type":"Polygon","coordinates":[[[-105.086104999564,39.792982999788],[-105.086128999854,39.797502000322],[-105.090838999839,39.796431000152],[-105.099504999774,39.794247999815],[-105.101956999851,39.793706000107],[-105.104915000267,39.793348000006],[-105.109275000448,39.79291799999],[-105.11537200013,39.791635000152],[-105.118533000037,39.791023999666],[-105.12873700018,39.788865999897],[-105.137961000332,39.786747000313],[-105.13805000002,39.78530999997],[-105.137876999768,39.779906999994],[-105.129989999983,39.782816000195],[-105.126891,39.783708000251],[-105.123073999968,39.784256999868],[-105.121027999771,39.78430600006],[-105.10888899976,39.784355000217],[-105.107439000314,39.784319999714],[-105.102719000283,39.783841999662],[-105.096162000293,39.783819000168],[-105.093248000259,39.783854999823],[-105.089786000053,39.784112999906],[-105.08610200009,39.785012000162],[-105.086104999564,39.792982999788]]]},"properties":{"geoid":"08059010402","county_fips":"08059","designated":true}},{"type":"Feature","geometry":{"type":"Polygon","coordinates":[[[-102.631471000138,38.084898000127],[-102.62265600024,38.084907000317],[-102.613621000234,38.085315999747],[-102.613670999564,38.088439000235],[-102.603279999823,38.08849399989],[-102.602512000443,38.088503000344],[-102.60247200026,38.089425999841],[-102.60411500005,38.08946399993],[-102.60415000021,38.092633000089],[-102.606089000276,38.092628999957],[-102.606106999819,38.094414999956],[-102.609124999611,38.094361999826],[-102.609141000402,38.096232000004],[-102.60409099976,38.096249000082],[-102.604084999912,38.096525000001],[-102.600142000381,38.096507999987],[-102.60026600023,38.103334000054],[-102.60024399959,38.105644000151],[-102.603336999725,38.105671000122],[-102.605144000445,38.10653599976],[-102.606453000324,38.106546000308],[-102.607547000118,38.106211999757],[-102.609096000197,38.105973000159],[-102.610118000021,38.105590000181],[-102.61167600032,38.105678000165],[-102.612323000225,38.106101000008],[-102.613940999901,38.105921000134],[-102.615195000427,38.106095999704],[-102.618085000172,38.105615999962],[-102.619402000447,38.105838000058],[-102.622093,38.106564000303],[-102.62369899998,38.106900999819],[-102.625458999946,38.107551999891],[-102.627924000442,38.107725000142],[-102.629644000225,38.10728800003],[-102.63082099986,38.107235000047],[-102.632796999736,38.107596000128],[-102.633973000444,38.10722999982],[-102.635304999889,38.107164000184],[-102.636710000028,38.107343999823],[-102.639058000348,38.107107000064],[-102.640471999809,38.107175000127],[-102.642116000322,38.106074000197],[-102.644492000231,38.105604999784],[-102.644315999606,38.1047599999],[-102.643693999815,38.104310000311],[-102.640689000442,38.10370499985],[-102.635966000038,38.103109000103],[-102.634539999983,38.102833999849],[-102.631544999758,38.101724000001],[-102.631507999948,38.094807000218],[-102.631522000192,38.089209999855],[-102.632424000365,38.089162999969],[-102.632653999621,38.088437999791],[-102.632621999834,38.085309999654],[-102.631467999765,38.085477999942],[-102.631471000138,38.084898000127]]]},"properties":{"geoid":"08099000200","county_fips":"08099","designated":true}},{"type":"Feature","geometry":{"type":"Polygon","coordinates":[[[-102.631471000138,38.084898000127],[-102.631447999674,38.077960999938],[-102.631495000428,38.072611999892],[-102.631400999818,38.063702000335],[-102.631182000433,38.063468000043],[-102.622411000018,38.063381000242],[-102.617070999845,38.063455999808],[-102.616617000284,38.056185000132],[-102.613367999616,38.056183999954],[-102.608769999783,38.056099999811],[-102.608775999631,38.060848000189],[-102.60949600023,38.062663999772],[-102.612069999607,38.068511000299],[-102.614065999574,38.070997999987],[-102.611462999885,38.070970999937],[-102.610552000389,38.072339000078],[-102.608867999693,38.074280999988],[-102.608245999902,38.07532599991],[-102.607540000445,38.075807999707],[-102.605691999717,38.077617999889],[-102.603521999673,38.078101000016],[-102.604140999989,38.078467999714],[-102.604198999715,38.079472000024],[-102.604219999632,38.0853940002],[-102.60326200028,38.085400000285],[-102.603279999823,38.08849399989],[-102.613670999564,38.088439000235],[-102.613621000234,38.085315999747],[-102.62265600024,38.084907000317],[-102.631471000138,38.084898000127]]]},"properties":{"geoid":"08099000300","county_fips":"08099","designated":true}},{"type":"Feature","geometry":{"type":"Polygon","coordinates":[[[-105.159764999638,39.74998899998],[-105.159572000192,39.752399999725],[-105.159870000118,39.753558999843],[-105.160511000176,39.753334000208],[-105.161072999692,39.753657999726],[-105.162553000174,39.753845000192],[-105.164267999934,39.754399999832],[-105.164723000219,39.754718999809],[-105.166801000202,39.754707999691],[-105.167427000191,39.754428000253],[-105.169669000205,39.75403300017],[-105.170373999837,39.753676000192],[-105.171440999867,39.753895999979],[-105.172131000328,39.753616000003],[-105.173035000151,39.753747999936],[-105.175247999854,39.754445999827],[-105.175781999781,39.754430000283],[-105.176842000138,39.755116000111],[-105.178485999753,39.755435000225],[-105.179234999766,39.75575900022],[-105.180449999934,39.754178000236],[-105.181040999763,39.75373400028],[-105.182419999962,39.753265000126],[-105.183841999819,39.75148700022],[-105.184350999632,39.743938999993],[-105.184282000035,39.741136000267],[-105.184297000104,39.735366999681],[-105.187622000042,39.736169000143],[-105.192952000168,39.737536000273],[-105.193922000114,39.737701000151],[-105.193809000136,39.732741000018],[-105.193825999854,39.726617000285],[-105.19430299988,39.725057999736],[-105.183435999938,39.72524900012],[-105.165442999919,39.725287000184],[-105.165443999744,39.733574999752],[-105.165699999837,39.733987999771],[-105.166841000385,39.734083999904],[-105.159369999628,39.740019000201],[-105.161390999709,39.742031000129],[-105.162229000309,39.74330100026],[-105.161338999831,39.74380999973],[-105.160921000255,39.744604000147],[-105.159940000438,39.745303000281],[-105.160101000097,39.746251000086],[-105.159859000248,39.747339000019],[-105.160655000116,39.748936999723],[-105.159764999638,39.74998899998]]]},"properties":{"geoid":"08059010100","county_fips":"08059","designated":true}},{"type":"Feature","geometry":{"type":"Polygon","coordinates":[[[-107.037362999867,40.091538000232],[-107.037415999571,40.111015999675],[-107.037633000204,40.125037999985],[-107.037685999907,40.165617000075],[-107.038400999585,40.165645000112],[-107.038249999972,40.173275000001],[-107.037991000404,40.202844000142],[-107.03778899984,40.210406000251],[-107.037927999757,40.22537200018],[-107.04038800023,40.225456999659],[-107.047149000434,40.2252190003],[-107.056034999579,40.225174000068],[-107.05972299974,40.225304999975],[-107.076551999645,40.225347000111],[-107.096087999896,40.226061999811],[-107.096061999956,40.225135999849],[-107.124147999791,40.225165000018],[-107.125607000356,40.225185000128],[-107.133160000231,40.225094000267],[-107.149880000356,40.225005000301],[-107.187552999667,40.224727000253],[-107.247153000105,40.224284000307],[-107.250610000288,40.224200000062],[-107.265907999657,40.224126999944],[-107.267788000172,40.224154999839],[-107.313051000067,40.223902999682],[-107.31349700013,40.223884999929],[-107.334179999878,40.223655000072],[-107.352541000144,40.223463999958],[-107.369412999706,40.223345999658],[-107.375613000219,40.2233810001],[-107.387134999564,40.223367000337],[-107.400189999993,40.223412999743],[-107.414884000013,40.223634000168],[-107.439386000342,40.223379000036],[-107.439372000098,40.220453999704],[-107.447187999738,40.22038499997],[-107.448708000403,40.220566999873],[-107.450319000406,40.220406000195],[-107.495618000285,40.219990999674],[-107.500615000326,40.220507000238],[-107.506667999627,40.220507000238],[-107.52502399987,40.22116700016],[-107.561866000051,40.222164999706],[-107.583711000263,40.222531999882],[-107.6033400004,40.223116000028],[-107.608570999894,40.223397999955],[-107.612094000199,40.22365099996],[-107.634044999818,40.224131000028],[-107.644175000341,40.224238000121],[-107.653940999918,40.224275000139],[-107.653986999949,40.223452000274],[-107.661533999976,40.223408000271],[-107.668059000178,40.223470000142],[-107.668759999612,40.223395999892],[-107.679398000124,40.223585000139],[-107.719386000143,40.22360500003],[-107.745404999865,40.223432999684],[-107.750623999663,40.223769999755],[-107.753608999843,40.223862000047],[-107.76454500028,40.223700999969],[-107.764543999557,40.222615000095],[-107.780535999586,40.222507000137],[-107.788546000293,40.222705999855],[-107.808176000255,40.222750999669],[-107.809619000028,40.222576999812],[-107.839776000174,40.222441999933],[-107.841558999706,40.222542000326],[-107.860253999882,40.222350999818],[-107.875629000143,40.222392999728],[-107.896049000125,40.222284000054],[-107.919994999887,40.222131000059],[-107.94239900014,40.222090000037],[-107.965419000338,40.222265999871],[-107.991290999746,40.222391000321],[-107.995095000259,40.222207999781],[-108.000633999724,40.222304000328],[-108.011919999966,40.222076000007],[-108.063752000444,40.221866999953],[-108.113178999802,40.221669999942],[-108.125562000211,40.221704999878],[-108.159661000062,40.221673000114],[-108.196277000288,40.221728999863],[-108.216503000101,40.221762000343],[-108.217390000206,40.221259999935],[-108.216965999883,40.221130999882],[-108.216642999843,40.218939999996],[-108.217011999914,40.21784599972],[-108.21684100021,40.217441999926],[-108.218380000243,40.217739999936],[-108.220110000071,40.218700000175],[-108.221459999958,40.220100000293],[-108.222740000424,40.220389999665],[-108.224220000007,40.219519999883],[-108.224939999707,40.21814999998],[-108.226270000401,40.216199999795],[-108.226769999993,40.215270000248],[-108.227519999831,40.214759999857],[-108.227729999893,40.213690000094],[-108.227420000272,40.213279999817],[-108.226800000131,40.211360000234],[-108.226769999993,40.209529999835],[-108.227020000239,40.207950000322],[-108.227590000151,40.205579999914],[-108.22924999966,40.20328000006],[-108.229639999647,40.201990000214],[-108.231039999763,40.200750000314],[-108.231560000345,40.199529999826],[-108.231320000145,40.194679999933],[-108.231279999962,40.192589999687],[-108.231960000378,40.190809999948],[-108.233049999974,40.190770000019],[-108.236149999781,40.189310000175],[-108.237129999772,40.187499999767],[-108.241069999829,40.183069999752],[-108.241310000028,40.182539999718],[-108.241130000103,40.181419999661],[-108.241320000074,40.177960000296],[-108.240109999929,40.175699999724],[-108.238390000146,40.174500000205],[-108.237850000371,40.173140000083],[-108.23806999958,40.171829999996],[-108.239180000166,40.169970000192],[-108.239499999834,40.169779999952],[-108.242330000202,40.168970000006],[-108.24308000004,40.168339999772],[-108.243950000426,40.166829999738],[-108.245199999856,40.165419999976],[-108.248709999742,40.164500000048],[-108.250129999949,40.164639999677],[-108.25091999997,40.164960000197],[-108.252039999703,40.16584999974],[-108.253629999789,40.16593000013],[-108.255559999635,40.164910000108],[-108.257009999979,40.164789999744],[-108.258030000153,40.163300000208],[-108.257769999862,40.16285000012],[-108.25823000017,40.162110000187],[-108.258000000016,40.161699999693],[-108.25727000027,40.161649999949],[-108.256080000217,40.161139999906],[-108.255549999589,40.159469999745],[-108.255670000138,40.157839999845],[-108.256199999867,40.15659000034],[-108.2561200004,40.155300000238],[-108.255660000092,40.154360000089],[-108.255070000088,40.151899999841],[-108.253940000309,40.150889999858],[-108.253490000047,40.149670000076],[-108.25170999999,40.148509999893],[-108.250689999816,40.147399999788],[-108.249469999625,40.147189999787],[-108.248519999771,40.147359999674],[-108.247139999747,40.146879999908],[-108.247000000005,40.145150000233],[-108.245880000271,40.143940000033],[-108.243029999811,40.143800000298],[-108.241239999708,40.143419999761],[-108.240289999854,40.143499999798],[-108.239570000154,40.142950000133],[-108.240509999962,40.142340000003],[-108.241029999646,40.141550000307],[-108.239669999713,40.141209999871],[-108.238929999921,40.140249999998],[-108.238879999692,40.139079999947],[-108.236959999893,40.138210000126],[-108.23620000001,40.138120000196],[-108.236420000118,40.136999999941],[-108.235660000235,40.135560000252],[-108.234050000056,40.132959999667],[-108.232449999924,40.13112],[-108.231550000299,40.129759999763],[-108.231239999779,40.127830000185],[-108.23157000039,40.126419999793],[-108.230859999838,40.125880000213],[-108.229950000167,40.125919999922],[-108.227139999889,40.125070000013],[-108.223779999791,40.124640000309],[-108.223179999741,40.124350000203],[-108.222049999962,40.123009999852],[-108.221849999946,40.122329999968],[-108.221449999913,40.119270000128],[-108.221639999884,40.117290000068],[-108.220989999605,40.115669999665],[-108.220239999768,40.114829999911],[-108.218960000201,40.11393000029],[-108.218000000301,40.113569999717],[-108.218079999769,40.11266999991],[-108.219259999776,40.111359999883],[-108.219390000371,40.109950000059],[-108.219980000375,40.107219999717],[-108.221059999925,40.106130000044],[-108.221320000216,40.104750000208],[-108.221069999971,40.101980000029],[-108.220259999859,40.100820000033],[-108.220429999739,40.099570000065],[-108.220730000212,40.099010000068],[-108.220750000304,40.097469999849],[-108.220180000392,40.096630000032],[-108.22088,40.095259999878],[-108.224349999703,40.095699999724],[-108.225850000277,40.087190000084],[-108.226289999594,40.086109999733],[-108.226990000101,40.085139999697],[-108.227960000047,40.084309999788],[-108.229899999938,40.083360000218],[-108.232510000199,40.08252000014],[-108.233599999795,40.081979999772],[-108.234019999919,40.081380000296],[-108.239889999821,40.069710000174],[-108.2402999999,40.069050000324],[-108.241429999679,40.06794000003],[-108.242789999612,40.067160000001],[-108.24693999973,40.065480000225],[-108.249319999837,40.063729999742],[-108.251540000111,40.061489999972],[-108.251879999869,40.060830000235],[-108.251750000173,40.059460000166],[-108.250010000298,40.055939999989],[-108.249279999654,40.054170000318],[-108.24943000034,40.053070000285],[-108.250170000132,40.052389999986],[-108.252720000118,40.051730000125],[-108.253279999985,40.051450000253],[-108.256440000067,40.048849999954],[-108.257509999571,40.047729999879],[-108.258070000336,40.046530000107],[-108.258299999592,40.045370000145],[-108.258739999808,40.04146999977],[-108.259109999704,40.040690000021],[-108.260640000414,40.041129999689],[-108.261430000435,40.041149999701],[-108.263419999656,40.041870000325],[-108.265609999792,40.041980000151],[-108.267480000261,40.042599999671],[-108.268919999662,40.043219999741],[-108.270010000156,40.043310000082],[-108.271259999586,40.044619999837],[-108.272750000113,40.045379999874],[-108.273910000029,40.046469999977],[-108.275960000424,40.0474700003],[-108.276819999866,40.04810000011],[-108.278529999603,40.048879999666],[-108.279250000202,40.048910000052],[-108.280480000438,40.048469999707],[-108.2830899998,40.048220000199],[-108.284869999858,40.048330000096],[-108.287759999603,40.049220000294],[-108.289110000388,40.049810000008],[-108.290660000292,40.049849999745],[-108.292410000212,40.049289999909],[-108.293319999883,40.049590000001],[-108.294220000407,40.050220000158],[-108.295859999824,40.050959999773],[-108.296350000268,40.052110000075],[-108.297300000122,40.05334999969],[-108.297900000172,40.055340000065],[-108.299520000396,40.05670000033],[-108.301169999858,40.05595999978],[-108.302210000124,40.054990000019],[-108.304970000173,40.053219999741],[-108.30771000013,40.052359999756],[-108.308130000254,40.05212000019],[-108.309290000171,40.05066000021],[-108.311510000444,40.049030000091],[-108.312509999629,40.048170000187],[-108.313220000181,40.047829999824],[-108.314749999993,40.047629999788],[-108.317000000404,40.046800000041],[-108.319680000087,40.044779999825],[-108.32122999999,40.043499999722],[-108.322579999877,40.043499999722],[-108.325079999635,40.044300000109],[-108.325820000325,40.044739999863],[-108.326689999813,40.04488999977],[-108.329009999646,40.044709999704],[-108.329880000032,40.045470000113],[-108.333470000284,40.046459999721],[-108.338210000407,40.046130000074],[-108.34004999984,40.045490000227],[-108.34215999961,40.044949999916],[-108.343989999896,40.04407000028],[-108.345070000345,40.043939999825],[-108.346559999974,40.044059999672],[-108.348210000335,40.043919999944],[-108.349899999981,40.043390000284],[-108.354290000299,40.042180000257],[-108.355840000203,40.041249999669],[-108.35798000011,40.039210000182],[-108.35965999971,40.038180000151],[-108.360999999552,40.037189999982],[-108.362259999925,40.036770000258],[-108.363569999629,40.035690000289],[-108.364440000016,40.034319999716],[-108.365700000389,40.031559999855],[-108.36625000021,40.030980000181],[-108.366589999969,40.029629999869],[-108.367959999948,40.028840000107],[-108.370059999672,40.028710000193],[-108.371350000183,40.028179999936],[-108.372219999671,40.02759000014],[-108.373789999666,40.02712999979],[-108.375589999815,40.027339999736],[-108.377050000205,40.026669999778],[-108.377699999585,40.025189999719],[-108.378660000383,40.024940000151],[-108.37965000042,40.025130000072],[-108.381370000203,40.0248700003],[-108.383859999915,40.022689999959],[-108.384490000102,40.022540000059],[-108.385819999898,40.021800000177],[-108.389020000162,40.02075000021],[-108.390509999791,40.020559999786],[-108.391679999753,40.019920000043],[-108.394479999985,40.02003000019],[-108.3961200003,40.021180000047],[-108.397490000279,40.020940000104],[-108.399450000261,40.019140000109],[-108.401210000227,40.018630000226],[-108.402360000098,40.018639999748],[-108.403659999756,40.018200000142],[-108.405229999751,40.016640000194],[-108.407589999767,40.015010000025],[-108.409729999674,40.014359999681],[-108.411790000114,40.01400999979],[-108.414720000042,40.01261999988],[-108.417809999803,40.01202999969],[-108.41860999987,40.012149999955],[-108.41939999989,40.012660000104],[-108.420929999702,40.012680000208],[-108.422329999818,40.012290000227],[-108.423459999597,40.012460000122],[-108.425029999592,40.013349999947],[-108.425380000295,40.014180000217],[-108.426049999766,40.0145199998],[-108.427459999928,40.014459999714],[-108.428569999615,40.014639999816],[-108.429599999835,40.014149999687],[-108.43005699977,40.013123000071],[-108.430749999706,40.01256999991],[-108.433180000042,40.012149999955],[-108.436819999624,40.01039000015],[-108.438179999557,40.010250000109],[-108.440070000117,40.011100000114],[-108.441470000233,40.011459999678],[-108.44509999977,40.011569999701],[-108.445820000368,40.011360000066],[-108.449439999859,40.009889999668],[-108.451500000299,40.009670000222],[-108.452579999849,40.009739999841],[-108.454679999574,40.010559999961],[-108.45571999984,40.010539999924],[-108.459679999987,40.009350000263],[-108.460849999949,40.009180000191],[-108.462589999824,40.009240000103],[-108.463315000445,40.010263000051],[-108.466643999683,40.012035999984],[-108.468415000418,40.014705999803],[-108.469149000362,40.015302000258],[-108.47419099971,40.017297000296],[-108.480444999751,40.019093000281],[-108.481521999827,40.019691999725],[-108.496718999812,40.023947999967],[-108.500077000261,40.024496999954],[-108.500519999952,40.025480000024],[-108.500350000072,40.026569999753],[-108.501229999606,40.026919999885],[-108.503059999892,40.025619999778],[-108.503659999942,40.025470000129],[-108.505419999908,40.025470000129],[-108.505880000215,40.02565999995],[-108.506470000219,40.026569999753],[-108.506090000277,40.028029999725],[-108.507050000177,40.028320000339],[-108.508139999773,40.027499999687],[-108.50884000028,40.027240000006],[-108.512449999726,40.026680000185],[-108.513059999821,40.026770000343],[-108.513599999596,40.027579999866],[-108.515029999849,40.027999999781],[-108.51632000036,40.026129999693],[-108.517050000106,40.025960000145],[-108.517890000355,40.026450000081],[-108.518699999569,40.026030000253],[-108.518680000375,40.025390000228],[-108.52027999961,40.024950000124],[-108.524340000215,40.026349999734],[-108.527530000434,40.027529999851],[-108.529169999851,40.028550000329],[-108.531149999925,40.030219999904],[-108.536130000247,40.032860000251],[-108.539539999675,40.033750000186],[-108.541280000448,40.034479999801],[-108.542960000048,40.035479999914],[-108.545429999668,40.037129999885],[-108.54770000017,40.038309999898],[-108.549139999571,40.039369999798],[-108.549880000261,40.039689999969],[-108.551339999753,40.039509999929],[-108.552369999973,40.038699999714],[-108.552070000397,40.036539999787],[-108.553020000251,40.036050000116],[-108.551119999645,40.034880000093],[-108.549819999986,40.034360000288],[-108.548690000207,40.033589999763],[-108.548530000374,40.032970000169],[-108.54901999992,40.032459999805],[-108.549599999878,40.031240000052],[-108.549529999558,40.029639999842],[-108.549759999712,40.028640000084],[-108.553939999968,40.024210000241],[-108.553780000134,40.022729999784],[-108.554709999897,40.021530000314],[-108.554889999822,40.020380000164],[-108.554240000442,40.018870000039],[-108.554309999864,40.016729999837],[-108.559510000294,40.011299999953],[-108.560120000389,40.010240000046],[-108.561179999848,40.007820000195],[-108.559989999795,40.005060000274],[-108.560139999582,40.00432000007],[-108.563790000109,40.000510000068],[-108.564709999826,39.99850999982],[-108.566109999941,39.998060000035],[-108.567180000344,39.997219999981],[-108.567639999754,39.996440000068],[-108.567639999754,39.99571000016],[-108.566350000141,39.992560000185],[-108.566530000066,39.991290000311],[-108.566289999866,39.990100000292],[-108.566659999762,39.989269999758],[-108.567760000302,39.988309999673],[-108.568389999591,39.986580000192],[-108.56851000014,39.985629999698],[-108.57097999976,39.983710000053],[-108.571599999901,39.981420000234],[-108.572220000042,39.980330000139],[-108.572890000412,39.978589999705],[-108.573590000021,39.978099999669],[-108.57496,39.97674999966],[-108.574600000149,39.976239999752],[-108.574990000137,39.974999999908],[-108.576649999645,39.972960000242],[-108.579399999648,39.971220000095],[-108.580979999689,39.96957000025],[-108.581730000425,39.969160000061],[-108.583640000178,39.9677299997],[-108.585590000115,39.965430000279],[-108.586899999819,39.964199999774],[-108.588679999877,39.962909999921],[-108.593129999571,39.960900000065],[-108.595620000181,39.960490000207],[-108.595749999877,39.959449999903],[-108.596960000022,39.959050000289],[-108.598039999573,39.958170000061],[-108.599069999793,39.957979999699],[-108.601480000037,39.958449999922],[-108.604219999994,39.956959999677],[-108.606400000085,39.956930000175],[-108.607549999955,39.957630000042],[-108.608420000341,39.957470000213],[-108.609859999742,39.956739999811],[-108.612419999774,39.957080000307],[-108.614809999927,39.956950000074],[-108.617440000279,39.956559999958],[-108.619010000274,39.955680000052],[-108.619360000078,39.954819999673],[-108.619560000095,39.953539999934],[-108.621609999591,39.95185999999],[-108.621069999816,39.949429999678],[-108.619350000033,39.948159999816],[-108.618770000075,39.947050000268],[-108.617899999688,39.946839999909],[-108.618850000441,39.94543000019],[-108.618299999721,39.944309999662],[-108.618919999862,39.943410000143],[-108.617869999551,39.940350000284],[-108.617939999871,39.939559999921],[-108.617610000158,39.93868999985],[-108.617620000204,39.937509999702],[-108.618190000116,39.936830000146],[-108.617499999655,39.935629999683],[-108.617640000296,39.934669999729],[-108.618939999954,39.933779999705],[-108.62017000019,39.932269999828],[-108.620980000302,39.931869999699],[-108.621109999999,39.931209999749],[-108.620469999766,39.930259999857],[-108.620550000132,39.929520000298],[-108.621099999953,39.928630000127],[-108.620370000207,39.926039999723],[-108.620689999874,39.924830000056],[-108.620439999629,39.923780000136],[-108.62288000001,39.922239999876],[-108.623629999848,39.921530000312],[-108.624429999914,39.920159999888],[-108.624530000371,39.918819999993],[-108.625939999634,39.91802000006],[-108.625339999585,39.916949999871],[-108.624429999914,39.916539999798],[-108.622799999644,39.916199999708],[-108.622140000219,39.914800000073],[-108.618850000441,39.913810000337],[-108.61746000037,39.913519999931],[-108.61671999968,39.913140000108],[-108.616379999922,39.911849999957],[-108.616440000196,39.911140000159],[-108.617709999717,39.909229999695],[-108.618210000208,39.907690000225],[-108.617450000325,39.905849999962],[-108.616319999647,39.905039999835],[-108.61624000018,39.904060000058],[-108.61588000033,39.903209999946],[-108.616109999585,39.902779999756],[-108.617689999626,39.901480000096],[-108.617899999688,39.900869999827],[-108.616610000076,39.899380000019],[-108.616549999801,39.898220000291],[-108.616210000043,39.897900000167],[-108.614039999998,39.89776999984],[-108.613209999794,39.896790000149],[-108.613199999749,39.896229999843],[-108.613799999798,39.894850000208],[-108.612910000219,39.892119999955],[-108.612809999761,39.891120000282],[-108.613130000327,39.889909999865],[-108.614310000335,39.889259999942],[-108.614070000135,39.888279999881],[-108.614009999861,39.886819999916],[-108.614349999619,39.884980000338],[-108.614199999831,39.883529999708],[-108.613839999981,39.88245999988],[-108.613670000102,39.880650000343],[-108.614090000226,39.879490000042],[-108.616919999697,39.877010000138],[-108.616519999664,39.876259999834],[-108.617000000063,39.875450000194],[-108.618000000146,39.874830000022],[-108.617250000308,39.87378999967],[-108.615470000251,39.873119999716],[-108.615169999777,39.872819999971],[-108.616620000121,39.870550000079],[-108.616379999922,39.868700000264],[-108.616800000046,39.867520000034],[-108.616159999814,39.866549999924],[-108.61532999961,39.863640000052],[-108.614290000243,39.861420000021],[-108.614379999756,39.860389999695],[-108.613860000073,39.858240000293],[-108.612599999699,39.857579999813],[-108.612490000094,39.856839999896],[-108.611679999982,39.855400000095],[-108.612059999924,39.85478000008],[-108.611669999937,39.853879999748],[-108.612659999973,39.8509799997],[-108.612130000244,39.850210000289],[-108.611239999766,39.849959999985],[-108.609289999829,39.84980000025],[-108.607030000271,39.848419999989],[-108.605179999894,39.847509999993],[-108.603359999653,39.845960000263],[-108.601760000419,39.845019999818],[-108.599669999842,39.845280000231],[-108.598469999743,39.845000000329],[-108.597360000056,39.844130000024],[-108.595990000077,39.842689999816],[-108.595139999782,39.842080000015],[-108.595139999782,39.840759999907],[-108.595440000256,39.839409999997],[-108.593280000257,39.837480000332],[-108.59281999995,39.836750000238],[-108.592929999554,39.836160000095],[-108.59229000022,39.835010000286],[-108.591910000279,39.833899999788],[-108.591890000187,39.833019999809],[-108.590629999813,39.831969999803],[-108.590750000362,39.829490000006],[-108.590239999826,39.828060000296],[-108.590140000267,39.827180000008],[-108.590280000009,39.825670000076],[-108.591179999634,39.824860000034],[-108.591809999821,39.822630000207],[-108.591460000017,39.821820000204],[-108.590370000421,39.820210000092],[-108.589110000047,39.819410000218],[-108.587000000277,39.818399999876],[-108.585600000161,39.817339999997],[-108.584630000215,39.817300000072],[-108.582139999605,39.818050000311],[-108.582100000321,39.817100000097],[-108.580579999656,39.815750000228],[-108.577800000414,39.814549999779],[-108.576529999995,39.812880000187],[-108.575719999883,39.812030000267],[-108.574210000162,39.810889999743],[-108.57347000037,39.809079999741],[-108.572149999722,39.808190000052],[-108.57050000026,39.80599999995],[-108.568579999562,39.804139999749],[-108.56779000044,39.802630000112],[-108.566170000216,39.800380000125],[-108.564780000146,39.799740000051],[-108.564020000263,39.799179999844],[-108.562499999598,39.797699999878],[-108.561650000201,39.79732000013],[-108.56191999964,39.795900000142],[-108.563050000317,39.794479999825],[-108.564240000371,39.790859999996],[-108.564180000096,39.789260000133],[-108.564669999643,39.78737000009],[-108.56445999958,39.786560000153],[-108.564450000433,39.784980000087],[-108.563390000076,39.783110000076],[-108.562109999611,39.781659999829],[-108.561009999969,39.781109999884],[-108.559910000327,39.780830000106],[-108.559439999974,39.779400000091],[-108.557940000299,39.777959999866],[-108.556999999592,39.777470000206],[-108.552970000022,39.776659999711],[-108.551260000285,39.776180000213],[-108.549700000336,39.775970000286],[-108.548110000249,39.775369999726],[-108.545940000205,39.774740000275],[-108.544020000405,39.77386000021],[-108.540850000278,39.773149999953],[-108.539870000286,39.772750000112],[-108.538310000337,39.77169000003],[-108.537060000009,39.770649999928],[-108.53585999991,39.770069999844],[-108.533950000156,39.769440000217],[-108.532580000178,39.768380000262],[-108.531580000095,39.766760000209],[-108.529199999988,39.764439999665],[-108.526759999606,39.760600000296],[-108.525649999919,39.757999999953],[-108.525110000144,39.757179999888],[-108.523150000161,39.755300000065],[-108.52157000012,39.753220000066],[-108.520729999871,39.751489999702],[-108.520479999626,39.75039000021],[-108.519620000184,39.749090000205],[-108.519600000092,39.747500000138],[-108.52027999961,39.746549999993],[-108.521030000345,39.745939999988],[-108.520430000296,39.745589999823],[-108.518129999656,39.74508999966],[-108.516860000135,39.744500000272],[-108.515956000312,39.741967000066],[-108.515860999877,39.740788999824],[-108.516014000038,39.739121999984],[-108.515082999552,39.736955000104],[-108.513992999956,39.735516999722],[-108.512930000125,39.732960000008],[-108.513039999729,39.731989999853],[-108.512550000183,39.730929999673],[-108.512069999784,39.730479999712],[-108.509420000238,39.729179999907],[-108.510380000138,39.72749000013],[-108.51190999995,39.725580000011],[-108.513550000266,39.724449999706],[-108.515039999895,39.722740000246],[-108.516450000056,39.721609999694],[-108.517700000384,39.721379999668],[-108.519280000425,39.720859999695],[-108.520159999959,39.720309999854],[-108.521149999996,39.719369999809],[-108.522210000353,39.718779999977],[-108.523390000361,39.716899999956],[-108.523780000348,39.715200000165],[-108.526110000226,39.714930000168],[-108.529129999668,39.715140000334],[-108.53108999965,39.715430000072],[-108.532210000282,39.715110000053],[-108.533350000107,39.715099999726],[-108.538310000337,39.715799999754],[-108.539630000087,39.715530000032],[-108.54266999962,39.715209999786],[-108.544679999831,39.715399999917],[-108.545629999685,39.715070000119],[-108.546859999921,39.713849999974],[-108.547201000403,39.713069000181],[-108.548116000097,39.713313999782],[-108.54879300014,39.713128999741],[-108.550174999814,39.712166999958],[-108.550466999892,39.711615999954],[-108.550954999788,39.709418000018],[-108.551005999842,39.70838700022],[-108.550457999671,39.70664600003],[-108.550505000425,39.704835999949],[-108.55205299978,39.702339000014],[-108.553489999706,39.700595999754],[-108.554016000136,39.69970299994],[-108.55433099978,39.698420000102],[-108.554885999624,39.697526000322],[-108.558368999746,39.692828999956],[-108.559749999595,39.691958000101],[-108.56116300013,39.691934000108],[-108.561662999722,39.69168199968],[-108.563046999944,39.691564999859],[-108.563482999962,39.690717999688],[-108.56469999978,39.689514999964],[-108.56409999973,39.688800000099],[-108.563719999789,39.687870000121],[-108.562169999885,39.686110000345],[-108.560850000135,39.685140000079],[-108.558588999854,39.685520999835],[-108.557519000349,39.685531999933],[-108.55624899993,39.68612399991],[-108.555499000092,39.68671399973],[-108.554707000422,39.687779000015],[-108.554721999592,39.693640000014],[-108.536978999818,39.693885999686],[-108.528568000151,39.693957999678],[-108.517288999582,39.694162000282],[-108.500648999823,39.694029000085],[-108.495091999916,39.693964000192],[-108.459857000438,39.694086999906],[-108.437886999654,39.694165999691],[-108.431580999734,39.694147000075],[-108.422041000113,39.694221999694],[-108.395912999713,39.69424399988],[-108.387047999586,39.694301000016],[-108.375644000242,39.694207999698],[-108.350623999879,39.694152999882],[-108.328195000409,39.694330000164],[-108.311311000253,39.694714000236],[-108.308761000266,39.694627000239],[-108.292556999627,39.69425799987],[-108.280037999674,39.6943590003],[-108.272812999862,39.694365000088],[-108.26225600044,39.694179999696],[-108.26148099959,39.694201999896],[-108.254937000019,39.694040999718],[-108.250639999587,39.694075999789],[-108.246763000178,39.693978999747],[-108.236585999799,39.693954999766],[-108.217912000438,39.693855000329],[-108.217895999646,39.695136999823],[-108.205043999607,39.695152999999],[-108.178738999655,39.695147999772],[-108.170528000004,39.695106000337],[-108.169959999742,39.695151000323],[-108.164157999612,39.695075000146],[-108.126310000398,39.695275000177],[-108.126308999675,39.695080999872],[-108.120970000226,39.695152999999],[-108.107540999704,39.695102000291],[-108.090893000447,39.695169999663],[-108.069864000195,39.695211000258],[-108.068787000119,39.695176000072],[-108.060274000345,39.695340000218],[-108.051160999623,39.695230999764],[-108.032688000102,39.694544000212],[-108.013376999983,39.695223999868],[-108.002926999793,39.694863000046],[-108.000628999701,39.694426000209],[-107.984130000407,39.694295000222],[-107.978232999843,39.694299000315],[-107.969043999851,39.694373999769],[-107.944785000095,39.694282999942],[-107.938546000123,39.694463999974],[-107.938571000237,39.7016109998],[-107.938772000079,39.705313000307],[-107.9387200002,39.712951999991],[-107.938515999986,39.732125999741],[-107.938681999667,39.74997500025],[-107.93857999956,39.791728999692],[-107.938501999742,39.824996000038],[-107.912563000386,39.824974000188],[-107.87562599977,39.82495300001],[-107.871673000193,39.824816000238],[-107.838770000243,39.82490300012],[-107.787205999554,39.82504700023],[-107.750622000013,39.82714600025],[-107.727907000313,39.828264000014],[-107.694229000411,39.830106999876],[-107.691148999797,39.829998999671],[-107.679798000157,39.829924999764],[-107.663950000068,39.82978500004],[-107.625617000432,39.829572000045],[-107.613045999702,39.829368999687],[-107.60915500005,39.829341999707],[-107.564184000234,39.828461000344],[-107.54470200041,39.828083000173],[-107.500611999953,39.828307999671],[-107.476532000297,39.82826700029],[-107.447518000349,39.828310999945],[-107.43176999982,39.828376999719],[-107.431748000078,39.854650999994],[-107.431600999765,39.874980000144],[-107.431665000238,39.917725000344],[-107.389040000193,39.916698999859],[-107.36303999984,39.916071999804],[-107.328961999905,39.915248999864],[-107.318751000089,39.914967999831],[-107.318860999694,39.93868700027],[-107.318983999717,39.955749999919],[-107.319305999933,39.99998100017],[-107.319247000381,40.003764999813],[-107.31709499988,40.003762000335],[-107.317062000268,40.028284999749],[-107.31702499956,40.059551999771],[-107.316992999773,40.090764999874],[-107.284664999758,40.090809000007],[-107.250610000288,40.09085799973],[-107.21877900039,40.090845999955],[-107.190607000342,40.09091899987],[-107.167002999989,40.09098299972],[-107.125607000356,40.091090000228],[-107.101835999598,40.091462999777],[-107.075050000321,40.091483000135],[-107.074193000353,40.091523000147],[-107.037362999867,40.091538000232]]]},"properties":{"geoid":"08103951100","county_fips":"08103","designated":true}},{"type":"Feature","geometry":{"type":"Polygon","coordinates":[[[-105.053251999843,39.727771999994],[-105.053226999729,39.733109999761],[-105.054398000414,39.73310199993],[-105.054417999607,39.733720000044],[-105.054980000022,39.733896000065],[-105.054968000327,39.733099999972],[-105.055539000064,39.733098000014],[-105.055566999653,39.734977000257],[-105.053227999554,39.734965000144],[-105.053205999813,39.740359999754],[-105.071936999974,39.740312000275],[-105.076672000073,39.740328000335],[-105.081324000332,39.740284999863],[-105.081480999793,39.731193000196],[-105.081525000174,39.725491999804],[-105.058817999971,39.725593000118],[-105.053252999668,39.725799999689],[-105.053251999843,39.727771999994]]]},"properties":{"geoid":"08059011550","county_fips":"08059","designated":true}},{"type":"Feature","geometry":{"type":"Polygon","coordinates":[[[-105.109709999743,39.727227999707],[-105.109609000359,39.733148999961],[-105.109539000038,39.740212000333],[-105.128256999781,39.740159999864],[-105.128353999865,39.738683000228],[-105.128465000193,39.727864999984],[-105.128693999624,39.726852999843],[-105.130574999964,39.725282000068],[-105.122208999604,39.725345999733],[-105.109708999918,39.725374999961],[-105.109709999743,39.727227999707]]]},"properties":{"geoid":"08059010902","county_fips":"08059","designated":true}},{"type":"Feature","geometry":{"type":"Polygon","coordinates":[[[-106.038413000118,37.748352999822],[-106.038485000088,37.73319599973],[-106.038571000302,37.724293999778],[-106.038633000226,37.711862999665],[-106.038697999625,37.703986999958],[-106.038868000403,37.675849000141],[-106.038931999977,37.669819000005],[-106.039002000297,37.655414999856],[-106.039089000336,37.645485999939],[-106.039164999605,37.617838000012],[-106.03918600042,37.600466000297],[-106.039230999728,37.588011000029],[-106.039217000382,37.583671000092],[-106.039299000398,37.576985999874],[-106.024253000025,37.576140000321],[-106.023581000005,37.575979000274],[-106.019572000352,37.574417000244],[-105.986936000366,37.574395000351],[-105.976056000005,37.574361000179],[-105.95947800017,37.574341999804],[-105.946934000103,37.574361999786],[-105.928705000082,37.574424000338],[-105.90519100014,37.574632000091],[-105.86900599991,37.574996000217],[-105.861518000333,37.575097000219],[-105.858906000422,37.551411999839],[-105.858231999854,37.545067000331],[-105.858071000196,37.537335000094],[-105.857800000034,37.517581000137],[-105.854413000172,37.515870999928],[-105.849617999798,37.513355999821],[-105.84814800026,37.512438999977],[-105.846906000328,37.51117499997],[-105.843814000018,37.506819000284],[-105.84065700031,37.502539999909],[-105.814331000441,37.502689999843],[-105.795497000348,37.502777000094],[-105.792141000447,37.502767999975],[-105.7847640003,37.502828999656],[-105.784948000423,37.48829700023],[-105.799660999812,37.488209000165],[-105.807364000372,37.488137000101],[-105.804878999785,37.482005000251],[-105.80399000003,37.479918000127],[-105.801984000017,37.477533000333],[-105.800694000405,37.476615000182],[-105.798576000238,37.476491999804],[-105.798627000292,37.473409000278],[-105.803159999827,37.473362000014],[-105.803076000161,37.465705000315],[-105.802986999575,37.462279999874],[-105.820950000355,37.464015999972],[-105.839942999559,37.465855999705],[-105.846441999822,37.466501999968],[-105.848443999638,37.466626000014],[-105.853146000125,37.466639000139],[-105.851114000173,37.465092999685],[-105.849921999571,37.464851999693],[-105.849045000411,37.465342999965],[-105.846969000077,37.466052999768],[-105.845918999766,37.465567999859],[-105.845457999633,37.464349000323],[-105.845598000274,37.463626000091],[-105.846693999718,37.462628999974],[-105.847152000375,37.46155000032],[-105.846773000259,37.46103700027],[-105.844308999588,37.460248999657],[-105.843182000182,37.460478999872],[-105.842259999917,37.461215999927],[-105.841438000109,37.46150100034],[-105.840607999906,37.461142999823],[-105.840710999838,37.460463999973],[-105.841223000024,37.460066999971],[-105.842962000074,37.459324000234],[-105.844459000274,37.45818400023],[-105.844558000008,37.457141000272],[-105.843864000247,37.456225999987],[-105.844292999694,37.45544599965],[-105.848283999804,37.454905000189],[-105.848625000286,37.454417999703],[-105.848026999886,37.453230999707],[-105.846488999678,37.452448000066],[-105.844033000301,37.452155000114],[-105.842884000256,37.45165700004],[-105.841335000177,37.451849999709],[-105.840424999608,37.451653999849],[-105.838892000321,37.451673999931],[-105.837128000157,37.450800000273],[-105.836771999607,37.450259999857],[-105.836738999995,37.449167999718],[-105.837195000104,37.447966000296],[-105.837118000111,37.447120999673],[-105.836595000055,37.446092000234],[-105.835851000065,37.445350999844],[-105.834531000315,37.44473900024],[-105.832325000285,37.444573000055],[-105.831738999581,37.444089999764],[-105.830920999972,37.444327999853],[-105.830232000234,37.44488899997],[-105.829232000151,37.446301999682],[-105.828831000293,37.446512999862],[-105.826919999816,37.446273999695],[-105.824849000404,37.445001999705],[-105.82441599986,37.444184999905],[-105.824416999685,37.442961000152],[-105.825722000265,37.442005000154],[-105.82620299959,37.44024600031],[-105.826142000389,37.439545000032],[-105.824872999795,37.438864000261],[-105.824313999753,37.43813399969],[-105.823419000151,37.438056999852],[-105.822758000002,37.438291999858],[-105.821152000022,37.439830000287],[-105.819530999973,37.440389999916],[-105.818882000418,37.440100999733],[-105.818253000056,37.439278999956],[-105.817743000418,37.438068999943],[-105.817008999576,37.437438999696],[-105.816012999691,37.437228000318],[-105.815191999708,37.436440999974],[-105.814728000101,37.434853000145],[-105.814143999945,37.434327000278],[-105.81172100018,37.434148999816],[-105.810466999654,37.435001999672],[-105.807679000017,37.435452000166],[-105.806256000335,37.436077999885],[-105.804714999754,37.437129999843],[-105.804353000254,37.437598999933],[-105.8034030004,37.438044999759],[-105.802558000128,37.437917000075],[-105.801144999593,37.436829000335],[-105.800901000094,37.436147000067],[-105.800951000323,37.43416299994],[-105.800604999818,37.433506999989],[-105.799660999812,37.432754999653],[-105.796232999941,37.432006999962],[-105.793693999826,37.430583000201],[-105.791934999685,37.430722000038],[-105.790171000419,37.429861999808],[-105.787824999749,37.429298000086],[-105.786747999673,37.428435000208],[-105.786452000296,37.427035999864],[-105.786068000156,37.426314000101],[-105.785146999716,37.425606000092],[-105.784242000068,37.425392000356],[-105.782660000377,37.425319999714],[-105.782114999681,37.42496700031],[-105.78162400031,37.423842999986],[-105.781600999845,37.423226999882],[-105.780585999694,37.421744000319],[-105.780043000444,37.421452999737],[-105.780676000106,37.421007999736],[-105.781083999636,37.419939000111],[-105.781085000359,37.419035000066],[-105.780599999938,37.417855000054],[-105.780851999833,37.416866999705],[-105.780652999641,37.415621999807],[-105.781319999638,37.415232000207],[-105.782863999694,37.414878000019],[-105.783604000384,37.414111999908],[-105.783332000397,37.412980000156],[-105.781518000004,37.412160999729],[-105.781427999593,37.411271999759],[-105.782976999671,37.409347000004],[-105.782015000122,37.40775699978],[-105.782298999804,37.406928999805],[-105.781728999892,37.407023000306],[-105.781465000301,37.406598999907],[-105.782108999833,37.40569399968],[-105.782123000077,37.405238000328],[-105.781372000415,37.404232999865],[-105.779967000276,37.403127999936],[-105.778701999879,37.401879999999],[-105.778486999794,37.400346999646],[-105.779320000371,37.398979999653],[-105.780697999847,37.397808999776],[-105.78066600006,37.39591199981],[-105.780984000077,37.395624999655],[-105.782672999898,37.394949999996],[-105.783149999924,37.394535000102],[-105.784435000412,37.394100000291],[-105.784724000117,37.393430999799],[-105.783678000003,37.392589999822],[-105.781804000235,37.391505999878],[-105.781497000088,37.390472999948],[-105.781958000221,37.388545999813],[-105.781316000338,37.386900999887],[-105.780291000141,37.386332000063],[-105.77899899998,37.386009000036],[-105.778542999871,37.385577999978],[-105.778341000204,37.384357000044],[-105.779174999707,37.383523999807],[-105.779510000341,37.382873999743],[-105.77860399997,37.38250300025],[-105.777894000316,37.382821000233],[-105.77638700007,37.384189000148],[-105.775591000201,37.384302000132],[-105.775111999627,37.3839649997],[-105.77488999987,37.382522000213],[-105.775104999955,37.380762999969],[-105.774575000225,37.379831999991],[-105.773180000132,37.379604999867],[-105.771769000146,37.379907999664],[-105.770456999894,37.38053699987],[-105.769461999834,37.380533999684],[-105.768748999806,37.379817000346],[-105.768607000414,37.378909999915],[-105.769389000039,37.377932000243],[-105.770718999834,37.377134000215],[-105.772569000212,37.376682999708],[-105.773276000392,37.375958999813],[-105.773327000445,37.375356000316],[-105.772924999864,37.37461500021],[-105.772051000178,37.37385499991],[-105.770998000392,37.371592000152],[-105.770550999605,37.370249999804],[-105.770185999732,37.369825999849],[-105.767911000105,37.369389999969],[-105.767630999723,37.368793999885],[-105.767988999923,37.368231999903],[-105.767156000245,37.367799000022],[-105.765808999833,37.367856999879],[-105.764900999811,37.367503000078],[-105.764032999973,37.366529999992],[-105.763843999827,37.365072999721],[-105.764547999634,37.362801999698],[-105.764288000241,37.361926000208],[-105.763514999939,37.361495000268],[-105.763443999794,37.360694000051],[-105.764027000125,37.360186999875],[-105.765582999877,37.360710999887],[-105.766329000415,37.360431999729],[-105.766216000437,37.359370999815],[-105.764936999796,37.358672000198],[-105.763872000315,37.358523999863],[-105.762851000316,37.358684000154],[-105.761979000279,37.358545000184],[-105.761309999735,37.357974000145],[-105.760691000317,37.356757000062],[-105.759311000292,37.35668699992],[-105.754725999981,37.356872000001],[-105.750574000212,37.356977000288],[-105.746106000076,37.356799999923],[-105.743339000355,37.356797999881],[-105.733960000392,37.364874999916],[-105.728294999632,37.36968999972],[-105.721952999727,37.375008000308],[-105.690059000081,37.401637999988],[-105.669628000228,37.418706000254],[-105.636588999835,37.446305999985],[-105.636583999813,37.446363999719],[-105.625569999557,37.456024000154],[-105.623722999553,37.45758500035],[-105.622030000432,37.459211999753],[-105.621633999699,37.459443000027],[-105.604654000181,37.473112000172],[-105.602325000128,37.47503099998],[-105.597019000291,37.480174999691],[-105.595046999714,37.481826999895],[-105.587987999584,37.487283000235],[-105.583788000135,37.491122999693],[-105.575490000446,37.49791899983],[-105.57287900036,37.499896999811],[-105.569016000297,37.503135999863],[-105.561018000183,37.509734000283],[-105.554092000123,37.51560000008],[-105.549085999861,37.519706000353],[-105.542405999848,37.525318000018],[-105.535961999836,37.530558000291],[-105.500566999626,37.560140999855],[-105.496310000275,37.563851999774],[-105.496200999597,37.564288999652],[-105.496700000263,37.565853999784],[-105.497305000335,37.566859999871],[-105.49694600031,37.567423000018],[-105.49606000003,37.570060000297],[-105.494960000388,37.570893999738],[-105.494227000269,37.572172999705],[-105.493763999589,37.572600999656],[-105.492782999773,37.572949000026],[-105.49066799998,37.575461999801],[-105.489696000384,37.57581799988],[-105.488340999576,37.576914000029],[-105.485516000128,37.577899000228],[-105.485948999773,37.579279000228],[-105.486799000068,37.58003099969],[-105.489766999631,37.581996000325],[-105.490574000268,37.582619999879],[-105.492155000134,37.582680999754],[-105.493284000088,37.584222999948],[-105.494683000379,37.58554199986],[-105.494387000103,37.587982999775],[-105.494135000208,37.589076999987],[-105.494230999569,37.591075999977],[-105.494591000317,37.592351999691],[-105.495634999883,37.592446999891],[-105.500913000131,37.596096999868],[-105.501545999792,37.596835000014],[-105.50175500003,37.597570999944],[-105.5012860004,37.598602999846],[-105.493273000217,37.600918999649],[-105.493493000325,37.604448999999],[-105.493041000414,37.60528700027],[-105.494830999619,37.608498999887],[-105.495874000257,37.611763999834],[-105.495471999676,37.612222999698],[-105.497923999753,37.613067999929],[-105.498601999621,37.61413700034],[-105.498291999999,37.615716000353],[-105.497298999589,37.616749000178],[-105.496386000443,37.619185000265],[-105.495768999777,37.619574999862],[-105.492607000046,37.623066999857],[-105.491513000252,37.62500300015],[-105.492197999792,37.626374000214],[-105.492116999601,37.628552000061],[-105.4925359999,37.629605999763],[-105.4920560004,37.630793000221],[-105.491837000117,37.633817000178],[-105.492387999762,37.63478299993],[-105.49167399991,37.635906000029],[-105.490873999844,37.637883999853],[-105.490350999787,37.638667999918],[-105.490206999847,37.640385999701],[-105.488368000238,37.643294999991],[-105.487815999869,37.644522000103],[-105.487141000375,37.647323000281],[-105.48685799962,37.649662000201],[-105.48697599962,37.653483000185],[-105.485402000326,37.654730000262],[-105.483628000116,37.65647000032],[-105.482691999607,37.657536999675],[-105.481451000399,37.658525000259],[-105.481540999912,37.660604999831],[-105.481119999962,37.66170300002],[-105.478600999938,37.664323999764],[-105.47735099961,37.665746999946],[-105.47727699999,37.667158000344],[-105.478568000326,37.668476000108],[-105.478786999711,37.672101999756],[-105.478518999922,37.673344999723],[-105.476898999699,37.675849999807],[-105.476651000002,37.679163999802],[-105.476888999653,37.68042100034],[-105.477389000143,37.681201999739],[-105.477722000229,37.683305000048],[-105.477707000161,37.68461099997],[-105.478756999574,37.686139000165],[-105.480899000029,37.687180000129],[-105.480779000379,37.689897000282],[-105.480868999892,37.691855999764],[-105.481374000406,37.693754999834],[-105.480503000194,37.6953739997],[-105.48016599991,37.696637999862],[-105.48047600043,37.698075999861],[-105.479062000071,37.700155000306],[-105.478255000332,37.702377],[-105.477921000421,37.704162999942],[-105.478071000209,37.705778000061],[-105.477512999992,37.707531999994],[-105.477302000105,37.707685999833],[-105.474492999652,37.707601000013],[-105.473555000392,37.707982999889],[-105.472127999614,37.709468000079],[-105.471115999836,37.711248000317],[-105.470612000046,37.711378999774],[-105.469145999808,37.711159999906],[-105.467975000021,37.711259999815],[-105.466593000346,37.711845000207],[-105.464792000373,37.713411999793],[-105.463926000184,37.713801000036],[-105.463260000012,37.715997999814],[-105.462445999703,37.71698200004],[-105.461649999834,37.717418999717],[-105.459631000301,37.717925999822],[-105.458979000373,37.718805000081],[-105.457313000118,37.719059999779],[-105.457155999759,37.719864000067],[-105.456343000172,37.721008999775],[-105.455109999563,37.723152000324],[-105.454245000098,37.723951000194],[-105.454138999793,37.724964000179],[-105.454365999573,37.726064999673],[-105.454126000272,37.726580999647],[-105.453615999736,37.729812999949],[-105.453204000007,37.730402000183],[-105.453584999774,37.731984000114],[-105.455103999715,37.733600999763],[-105.455276999968,37.735148000171],[-105.455047999639,37.73658699983],[-105.454002000424,37.738200000269],[-105.453922999883,37.738773000312],[-105.452763999791,37.740404999849],[-105.452726999981,37.741276000216],[-105.453654000269,37.74235199965],[-105.453657999569,37.743432999946],[-105.454260999991,37.744462999699],[-105.455195999777,37.745209000316],[-105.456688999779,37.745994999751],[-105.45734200043,37.747023999949],[-105.456964000138,37.748645999781],[-105.457081000314,37.749935999812],[-105.456486000288,37.750764999908],[-105.457255000392,37.751463999948],[-105.497979000005,37.751002999835],[-105.500565999801,37.751178000275],[-105.514046000377,37.751272999792],[-105.533378000413,37.751466000081],[-105.596295000393,37.75209500013],[-105.617269000393,37.752305999979],[-105.625568999732,37.751887999923],[-105.643560999927,37.751747999811],[-105.666755000201,37.751633000333],[-105.707500999556,37.751427999677],[-105.736825000023,37.751284999909],[-105.750573000387,37.750922000295],[-105.790267999605,37.75063499987],[-105.795847000152,37.750567000239],[-105.80932699983,37.750451000266],[-105.819444999759,37.750296999837],[-105.846462999739,37.74995000032],[-105.854700000227,37.749820999649],[-105.872480999636,37.749598000138],[-105.876061999667,37.749584000274],[-105.891056999986,37.749358999859],[-105.910081000051,37.749135000279],[-105.927915999886,37.748849000127],[-105.940366000242,37.748808000204],[-105.942800999703,37.748827000015],[-105.962538999619,37.74878600008],[-105.992582999786,37.748685999691],[-106.005688000443,37.748576000243],[-106.01959099972,37.748417000346],[-106.029125000392,37.748371000352],[-106.038413000118,37.748352999822]]]},"properties":{"geoid":"08003960000","county_fips":"08003","designated":true}},{"type":"Feature","geometry":{"type":"Polygon","coordinates":[[[-104.607845000165,38.254933999879],[-104.606567000247,38.254405000004],[-104.604330000256,38.253216999759],[-104.603064000034,38.252570000279],[-104.601837999996,38.252459000347],[-104.600262000153,38.25166499977],[-104.599016000023,38.251501999931],[-104.597005999812,38.251776999825],[-104.592301999674,38.252851999685],[-104.589960999925,38.253887999783],[-104.589139000118,38.253928999746],[-104.588781999742,38.254354000277],[-104.590361999783,38.255443999936],[-104.591372999736,38.25704799987],[-104.592794999594,38.258883000083],[-104.594446999604,38.260646000331],[-104.596272999693,38.262293999701],[-104.597695000448,38.262903000043],[-104.597883999696,38.264155999858],[-104.59915300029,38.266616999945],[-104.600206000076,38.267600000046],[-104.600421999986,38.268215000201],[-104.60026999965,38.270494999648],[-104.600305999635,38.272263999717],[-104.600697000346,38.274297000248],[-104.601366999817,38.275022000295],[-104.60162499956,38.27568699997],[-104.602992000064,38.277273999859],[-104.60361300003,38.278948999926],[-104.603119000286,38.280711999719],[-104.604904000366,38.280823000204],[-104.61027700015,38.280782999826],[-104.610204000355,38.276171000006],[-104.614907999594,38.276096999661],[-104.621247000024,38.276146999655],[-104.622099999794,38.276013000075],[-104.62229999981,38.277060000345],[-104.624967999798,38.277109999675],[-104.629486999987,38.276676999863],[-104.629904999564,38.276562000173],[-104.628720000431,38.275769999943],[-104.625257000401,38.273994999857],[-104.623670999614,38.272577999965],[-104.623018999686,38.270373000293],[-104.622464999667,38.269967000302],[-104.62407400002,38.268743999676],[-104.622945999891,38.267839999711],[-104.622608999607,38.266693999717],[-104.619221999744,38.262910999974],[-104.614314000291,38.258735000063],[-104.611474999701,38.256670000225],[-104.609928999995,38.255848999713],[-104.607845000165,38.254933999879]]]},"properties":{"geoid":"08101003500","county_fips":"08101","designated":true}},{"type":"Feature","geometry":{"type":"Polygon","coordinates":[[[-102.425651000094,39.570664000192],[-102.425263999581,39.570166000011],[-102.425299999566,39.566711999955],[-102.425298999741,39.557110999728],[-102.425584999972,39.545644999841],[-102.425964000088,39.518909999942],[-102.426309999695,39.504549000161],[-102.426481000297,39.491368999876],[-102.426771999652,39.477845999761],[-102.426800999964,39.475358999733],[-102.426830000277,39.460791000249],[-102.426800000139,39.457839999991],[-102.42691800014,39.448447999707],[-102.426929999836,39.443124000119],[-102.42684799982,39.426040999696],[-102.426851000193,39.419926999773],[-102.4270140004,39.402732000287],[-102.427411999885,39.392813999958],[-102.427645000411,39.387778000283],[-102.427671000351,39.376177999733],[-102.427643999688,39.367698999845],[-102.427632999818,39.343593000066],[-102.427592999635,39.331553000103],[-102.427607999703,39.323091000205],[-102.428053999767,39.323217000078],[-102.431274999948,39.325141000334],[-102.432959999571,39.326261000192],[-102.43394399976,39.325907999912],[-102.435346000424,39.325698000201],[-102.437030000222,39.324713000077],[-102.437913000129,39.323491000287],[-102.438030000305,39.321595000261],[-102.437292999988,39.31845799999],[-102.437410999989,39.316235000194],[-102.437969000205,39.314875000321],[-102.439118000251,39.313420999835],[-102.440265999573,39.3116109998],[-102.441268000204,39.310708999768],[-102.443564999572,39.310270000305],[-102.444419000065,39.309957000298],[-102.445096000108,39.309211000158],[-102.445567000286,39.306925000301],[-102.445686000111,39.305339000089],[-102.446009000152,39.303731999952],[-102.446303999704,39.303257000251],[-102.44712800006,39.302989000337],[-102.448864999561,39.304150999679],[-102.449777999605,39.304248999872],[-102.451015000413,39.303302999811],[-102.454254000137,39.301843999981],[-102.455077999595,39.301326000065],[-102.45519499977,39.300738000099],[-102.453370000406,39.29961300011],[-102.451869000007,39.297985999788],[-102.451104000101,39.29669699979],[-102.450803999627,39.294904999827],[-102.450865999552,39.294411999693],[-102.451934000305,39.292803000208],[-102.453348999591,39.291814000305],[-102.45340800004,39.29103499974],[-102.452705000059,39.28887700012],[-102.452676999571,39.288053000237],[-102.453204999651,39.286448999755],[-102.449866000367,39.28642400001],[-102.427909000002,39.286349000026],[-102.427717000382,39.271423000212],[-102.427504999771,39.256512000178],[-102.426909999744,39.228102000028],[-102.426727000345,39.214047000304],[-102.426616000016,39.198293999854],[-102.426636000108,39.191760999863],[-102.426650000352,39.173428999789],[-102.426569999986,39.1667680001],[-102.426586999704,39.151509999997],[-102.426797999591,39.135499000169],[-102.426985999912,39.128371000222],[-102.42816400027,39.128366000297],[-102.428290999594,39.100326000059],[-102.428299999814,39.08317699966],[-102.428266000378,39.081470000227],[-102.428324999929,39.072113999792],[-102.427729000077,39.072169999701],[-102.425965999738,39.07157799981],[-102.423969999771,39.071718000213],[-102.422706999922,39.071216999988],[-102.422619000059,39.070006999958],[-102.422353999745,39.069298000075],[-102.421737999802,39.068910999827],[-102.420094000187,39.068546999903],[-102.41968199956,39.068135999798],[-102.419505000008,39.067177999934],[-102.418331999673,39.06669899966],[-102.417155999863,39.065351999934],[-102.416011000015,39.064689999955],[-102.416011000015,39.0642339999],[-102.416686000408,39.062885999653],[-102.416391999782,39.062064999709],[-102.414776999581,39.061289999847],[-102.414542000302,39.060603999747],[-102.414071999949,39.060331000287],[-102.413338000005,39.06062899969],[-102.412808000276,39.061545999964],[-102.411015999625,39.062280999874],[-102.410192000167,39.063056000018],[-102.409816000424,39.062573999706],[-102.409929000402,39.044150999828],[-102.375468000152,39.044849000084],[-102.367731999979,39.045625000159],[-102.354002000057,39.045673999718],[-102.352437999909,39.045649000061],[-102.341187999653,39.045752000015],[-102.330046000249,39.04591599982],[-102.325767000259,39.045888000272],[-102.312074999971,39.046028999754],[-102.302095000134,39.046150000348],[-102.281802000373,39.04634799992],[-102.260393000179,39.046361999953],[-102.244218999677,39.046342000004],[-102.227230999763,39.046367999867],[-102.21752899976,39.04626700032],[-102.210519999859,39.046273000242],[-102.209602999617,39.04622099974],[-102.204300000153,39.046279000164],[-102.181832000325,39.046401999834],[-102.17730300009,39.046440000188],[-102.157967999681,39.046482999976],[-102.155451000205,39.046504000333],[-102.130479000421,39.046535000285],[-102.125284000014,39.046627000309],[-102.114852000265,39.046580999963],[-102.096511000091,39.046700000114],[-102.093489999927,39.046758999892],[-102.087311000229,39.046761000085],[-102.060641000403,39.047081999919],[-102.055362000331,39.047035999869],[-102.046570999824,39.047038000054],[-102.046740999703,39.07562700018],[-102.047011999865,39.121246999776],[-102.047104999751,39.125001999813],[-102.047190999965,39.136858999835],[-102.047250000414,39.137020000145],[-102.047277000178,39.14772300009],[-102.047305999592,39.148280000229],[-102.047617999762,39.198665999666],[-102.047841000243,39.234582000266],[-102.04801699997,39.243047000223],[-102.048073999872,39.249994000057],[-102.047900999619,39.253122000024],[-102.04822000036,39.274139000022],[-102.048529999981,39.302915999893],[-102.048560000118,39.314214999849],[-102.048673000096,39.326957000185],[-102.048661000401,39.331258999883],[-102.048723000325,39.333125000185],[-102.048883999983,39.351010000314],[-102.048930000014,39.359794000312],[-102.049052000213,39.373990999841],[-102.049203999651,39.374988000049],[-102.04915799962,39.40347499991],[-102.049031000297,39.403708999755],[-102.049079999802,39.409680999857],[-102.049078999977,39.41805700015],[-102.049371000055,39.418296999761],[-102.049364000382,39.423333000073],[-102.049454999721,39.443239000179],[-102.049505999774,39.465342999795],[-102.049593999638,39.467034999901],[-102.049591999988,39.471252999996],[-102.049340999918,39.471462000284],[-102.049406000215,39.478819999889],[-102.049674999829,39.495598999757],[-102.049769000438,39.500298000136],[-102.049565000224,39.506191000079],[-102.049673000179,39.536578999768],[-102.049551999805,39.538895000253],[-102.049755000195,39.562349999792],[-102.049806000248,39.57405800021],[-102.063326000109,39.573881999905],[-102.082090999707,39.57366800016],[-102.087998000317,39.573647000233],[-102.099752000364,39.573443999693],[-102.110350999619,39.573282000165],[-102.121514999662,39.573219000016],[-102.125447000221,39.573261999992],[-102.140748999788,39.573159000118],[-102.142867999779,39.573123999749],[-102.158219999576,39.57300700005],[-102.162824000154,39.573031999665],[-102.172875000137,39.572968000106],[-102.184501000137,39.572829000093],[-102.191068999997,39.572791999804],[-102.203458000254,39.572573000062],[-102.217892999808,39.572415000107],[-102.235457000381,39.572154999695],[-102.24717200007,39.572054000028],[-102.249159999641,39.571984000235],[-102.250460000198,39.572128999877],[-102.252524999762,39.571969999713],[-102.260331000255,39.571750000253],[-102.27351800003,39.571536000159],[-102.278472000412,39.571596999971],[-102.279743999583,39.571556000137],[-102.291314000406,39.571544000012],[-102.296163000308,39.571460999668],[-102.297079999652,39.571336000056],[-102.301175000417,39.571322000096],[-102.305083999613,39.571375000225],[-102.306021999771,39.571288000083],[-102.312505000141,39.571219000109],[-102.31355200008,39.571136999969],[-102.32656800015,39.571079000149],[-102.354082000422,39.570857000129],[-102.369831999704,39.570754000143],[-102.375473000175,39.570861999654],[-102.38214899999,39.570697999818],[-102.385415000377,39.570765999713],[-102.410557999865,39.570745000292],[-102.425651000094,39.570664000192]]]},"properties":{"geoid":"08063962100","county_fips":"08063","designated":true}},{"type":"Feature","geometry":{"type":"Polygon","coordinates":[[[-104.566035000255,38.231679999925],[-104.568028999674,38.232115000274],[-104.570947999732,38.232307999868],[-104.574556000425,38.233345999679],[-104.577766999662,38.234461000257],[-104.579556999765,38.235185999894],[-104.581982000078,38.2360200002],[-104.584419999911,38.237360000072],[-104.585522999926,38.237478999687],[-104.585969999815,38.236878000041],[-104.586866000141,38.236255999728],[-104.587776999637,38.236008000096],[-104.58921799976,38.234749999719],[-104.589476000401,38.234090999847],[-104.588165999799,38.233530000031],[-104.587754999895,38.233140000274],[-104.587956999562,38.232366000129],[-104.589482000249,38.232091000186],[-104.590575000218,38.23160700002],[-104.591349000345,38.23182700011],[-104.592183999673,38.231316000271],[-104.592421000398,38.230794000015],[-104.594502999681,38.229914000098],[-104.595352999976,38.229886000324],[-104.597352000316,38.230385999915],[-104.598048999552,38.230346999899],[-104.598925999611,38.229622000006],[-104.598034000382,38.228467999721],[-104.598354000049,38.227495999664],[-104.59920299962,38.226858000225],[-104.600504999827,38.226818999729],[-104.601403999627,38.227016999749],[-104.602413999756,38.226687000122],[-104.602628999841,38.225549000174],[-104.601234999573,38.224082999899],[-104.601540999895,38.222862999826],[-104.601262000235,38.222351999819],[-104.601330999832,38.220765000017],[-104.60119100009,38.219374999763],[-104.601420000419,38.217919000101],[-104.601810000406,38.218066999944],[-104.603327999625,38.217621000046],[-104.605063000375,38.218115000191],[-104.606239000184,38.217608999729],[-104.606573000095,38.217125999984],[-104.606732000104,38.215406000102],[-104.607470000246,38.214548999766],[-104.607907999914,38.213630999883],[-104.608513999811,38.213257000218],[-104.609786999705,38.21176200015],[-104.610349999945,38.209629999737],[-104.61074599978,38.209173999763],[-104.612371000027,38.20874700012],[-104.613249999736,38.197219000089],[-104.613761999922,38.190018999753],[-104.614013999817,38.184584999676],[-104.614606000369,38.175438999849],[-104.615568999743,38.161484999906],[-104.615906000027,38.156194000291],[-104.616214999824,38.154753999865],[-104.617900000345,38.14935099999],[-104.617108999601,38.149193000001],[-104.615161000213,38.149737999863],[-104.613881999572,38.150419999665],[-104.613624999654,38.15104099996],[-104.613854999808,38.152270999741],[-104.613772999792,38.153573000244],[-104.613355000216,38.154078999966],[-104.611651000327,38.154622999807],[-104.610614000434,38.154569000033],[-104.609661000207,38.154212000088],[-104.607636999752,38.155064999649],[-104.606357000185,38.15598800009],[-104.605731000196,38.156159000267],[-104.604172999897,38.157180999842],[-104.603165000316,38.158219999706],[-104.602539000328,38.159181000319],[-104.601494999864,38.159786000238],[-104.600738000354,38.161489999949],[-104.600237000038,38.162122000063],[-104.599994000364,38.163208999871],[-104.598985000061,38.163825000154],[-104.598373000315,38.164611000198],[-104.598046999902,38.165842000026],[-104.597113999767,38.166139000049],[-104.595840999872,38.165930000133],[-104.594094000325,38.165151000175],[-104.593223000114,38.165259000256],[-104.592577000034,38.166386999774],[-104.592550000269,38.167392000313],[-104.593023999922,38.168618000239],[-104.593649999911,38.169556999954],[-104.593705000163,38.170269999651],[-104.592976000242,38.17133199978],[-104.591960000266,38.171748999807],[-104.590380000225,38.171430999763],[-104.588939999926,38.171606999794],[-104.587179000135,38.171520000197],[-104.585933000005,38.172108000056],[-104.58550200001,38.173366000049],[-104.585912999914,38.174091000344],[-104.588349000097,38.175349000004],[-104.588036000103,38.175793999763],[-104.586873999638,38.176091000194],[-104.583748999717,38.176245000019],[-104.583296999805,38.176442999922],[-104.582572999907,38.177471000035],[-104.582372000065,38.179261999807],[-104.582567000059,38.1797619998],[-104.583408999958,38.180123999803],[-104.585301999993,38.179491999707],[-104.586436999795,38.179624000176],[-104.587918999927,38.18039799994],[-104.58842799974,38.181035000058],[-104.588296000394,38.181854000199],[-104.588782999567,38.183244000269],[-104.588554000137,38.1836669997],[-104.586339999711,38.183891999899],[-104.585296000146,38.183787999972],[-104.582901999795,38.182750000018],[-104.580812999941,38.183151999767],[-104.580020000446,38.183701000088],[-104.579588999552,38.184464999856],[-104.579588999552,38.185173999854],[-104.57866999966,38.187211999882],[-104.57887300005,38.188300000215],[-104.576171999553,38.189788999902],[-104.573554999619,38.190893999795],[-104.570436000444,38.191855000314],[-104.56924600039,38.19232800034],[-104.568355000087,38.192432000077],[-104.566496000387,38.19130600002],[-104.56543799968,38.191037000092],[-104.563454000306,38.190871999724],[-104.562123999613,38.19097099999],[-104.561768999785,38.191646999749],[-104.561839000106,38.192964999929],[-104.561573999792,38.193865999992],[-104.560891999726,38.194278000349],[-104.559903000413,38.193997999833],[-104.560202999988,38.193299999965],[-104.559742999681,38.192773000183],[-104.556853999761,38.192899000161],[-104.554682000066,38.193877000282],[-104.552676999878,38.195337999965],[-104.551708999582,38.196574000123],[-104.551492999672,38.197392999936],[-104.549536000063,38.200347999809],[-104.548868000241,38.200738000287],[-104.547335999881,38.200545999856],[-104.546555999906,38.200638999885],[-104.545442000021,38.201122000334],[-104.544934000032,38.201676999753],[-104.545609000425,38.202254000051],[-104.546325999752,38.202276000213],[-104.547872000356,38.20302899966],[-104.547689999883,38.20385899977],[-104.546812999824,38.205292999839],[-104.545483000028,38.206567000264],[-104.544410000151,38.207204000232],[-104.543107999944,38.207396000045],[-104.541876000058,38.207291999798],[-104.540643000347,38.20687399968],[-104.541666999821,38.205880000061],[-104.541590999653,38.205000999752],[-104.540594999768,38.204989000178],[-104.538478000325,38.206242000149],[-104.537105999798,38.206603999848],[-104.535324000091,38.2076529997],[-104.5348849997,38.208327999674],[-104.534166999649,38.21011900025],[-104.531820000053,38.211212000136],[-104.529807000367,38.21154099991],[-104.527383999704,38.211623000285],[-104.526171999909,38.211879999838],[-104.525371000018,38.212342000039],[-104.524151999652,38.212715000018],[-104.523553000326,38.213186999909],[-104.522501000364,38.214515999791],[-104.52125400041,38.215049000316],[-104.520384000023,38.215174999859],[-104.517647000439,38.215201000119],[-104.515857000336,38.21535399972],[-104.515078000186,38.214426000232],[-104.513761999736,38.215013000205],[-104.513148000341,38.216002000194],[-104.512443999636,38.216550999904],[-104.512235000297,38.217666000334],[-104.513110999633,38.218705000259],[-104.513047999884,38.219111000113],[-104.510261999896,38.219675999862],[-104.507115000233,38.219405000175],[-104.506160000356,38.220233999819],[-104.506027000287,38.221146000167],[-104.50528800032,38.222062999789],[-104.50237500011,38.224214999997],[-104.499148000081,38.226742000046],[-104.506624999788,38.226830999938],[-104.508286999845,38.226789000257],[-104.511121000411,38.226891000248],[-104.524750000052,38.227022000234],[-104.543165999671,38.227169999909],[-104.543174000067,38.226945000061],[-104.545247000027,38.227366999727],[-104.54786599961,38.228421999826],[-104.548701999661,38.228542999823],[-104.550227000349,38.228428000152],[-104.552233000362,38.229350999968],[-104.553758000151,38.229346000349],[-104.554795999869,38.229549000152],[-104.556836000217,38.230653999906],[-104.559448000128,38.23123600001],[-104.562227000443,38.231554999927],[-104.566035000255,38.231679999925]]]},"properties":{"geoid":"08101003106","county_fips":"08101","designated":true}},{"type":"Feature","geometry":{"type":"Polygon","coordinates":[[[-104.63904500005,38.235004999742],[-104.639112999822,38.240442000044],[-104.634520000013,38.24048599985],[-104.634653000082,38.251358000292],[-104.643846000272,38.251282999736],[-104.643785000172,38.244037999891],[-104.647588999786,38.243971000147],[-104.64859600044,38.243756999877],[-104.650481999904,38.242753000141],[-104.649433000316,38.241967999939],[-104.64834700002,38.241962999776],[-104.648326999928,38.239762999701],[-104.650758999914,38.239729999874],[-104.650712999883,38.236652999885],[-104.644467000238,38.236833000348],[-104.643662000149,38.236779999936],[-104.64357699976,38.230440999864],[-104.643591999829,38.224755999944],[-104.643703000157,38.224261999723],[-104.643733000294,38.219913000253],[-104.641557000401,38.218909000184],[-104.640014999995,38.218587000346],[-104.638891999889,38.218596000286],[-104.639123999693,38.218726000319],[-104.639112999822,38.227826999799],[-104.638977000278,38.22959599996],[-104.63904500005,38.235004999742]]]},"properties":{"geoid":"08101002600","county_fips":"08101","designated":true}},{"type":"Feature","geometry":{"type":"Polygon","coordinates":[[[-102.051464999932,40.440008000196],[-102.051499000267,40.449852999684],[-102.051484000198,40.455030000294],[-102.051509000313,40.465508000182],[-102.051381000266,40.481298999848],[-102.051274000136,40.486269999887],[-102.05155399962,40.500023000221],[-102.051512999612,40.519959999686],[-102.051459999909,40.520109999797],[-102.051509000313,40.532023999795],[-102.051486999673,40.534615999872],[-102.051630999613,40.537716999957],[-102.051517999635,40.539172999809],[-102.051524000381,40.554519999673],[-102.051490000046,40.55815499981],[-102.051529000404,40.567153999875],[-102.051493000419,40.572906999785],[-102.051510999963,40.58310599982],[-102.051489000221,40.599025000097],[-102.051515999986,40.61250100022],[-102.051479000176,40.616153999746],[-102.051475999803,40.626379000304],[-102.051499000267,40.639483000333],[-102.05147099978,40.668543999862],[-102.051438999993,40.672824000188],[-102.05148199965,40.685396000108],[-102.051444000016,40.699844999811],[-102.051464999932,40.711493],[-102.051444000016,40.717418999924],[-102.051416000426,40.749585999876],[-102.063393999881,40.749826999851],[-102.068261000225,40.74977500023],[-102.100919999778,40.749545000265],[-102.134137000445,40.749301999844],[-102.150844000152,40.749187000164],[-102.168536999697,40.749034000186],[-102.170201000302,40.749037000016],[-102.190805000407,40.748895999718],[-102.223418999753,40.748981999945],[-102.229608000396,40.748986000174],[-102.244781000092,40.748919999761],[-102.262037999619,40.74892100016],[-102.276928000357,40.74897999983],[-102.286908000194,40.749108999966],[-102.302422000372,40.749103000313],[-102.336020999733,40.749246000279],[-102.35594699997,40.749303999949],[-102.382261999968,40.749353999835],[-102.382535999605,40.748243999777],[-102.382458999612,40.745160000177],[-102.381928999882,40.733134000249],[-102.38192200021,40.729799000292],[-102.381703999752,40.72578999995],[-102.381114999573,40.713068000313],[-102.380707999867,40.705520999719],[-102.37590400017,40.705506999982],[-102.376570000342,40.687187999847],[-102.37728300037,40.672759000048],[-102.377500999929,40.666997999816],[-102.377717999664,40.665516999812],[-102.377623999953,40.663859999735],[-102.377819999772,40.658249999792],[-102.37819499969,40.643786000285],[-102.378475999898,40.633887999756],[-102.378885999977,40.618503000206],[-102.378957000122,40.614878999963],[-102.37899800013,40.608594999962],[-102.378993999932,40.600273000115],[-102.394801999838,40.60029200032],[-102.396298000213,40.600365999918],[-102.398207000142,40.600695000237],[-102.398267000416,40.580109999914],[-102.398347999709,40.556547999684],[-102.39835699993,40.541924999826],[-102.398288000333,40.527466999776],[-102.398259999845,40.527122000285],[-102.398130999974,40.512768999841],[-102.397954000422,40.498192999877],[-102.3978270002,40.491578999921],[-102.397607000092,40.473151000045],[-102.397600000419,40.468969000042],[-102.397428999817,40.454326000302],[-102.397279000029,40.44557600011],[-102.3972289998,40.439708999973],[-102.388432000344,40.439634999897],[-102.368559999635,40.439601000242],[-102.364191000131,40.43968699994],[-102.33972999981,40.439552999774],[-102.323255999733,40.439517000255],[-102.32128300023,40.439546000059],[-102.301181000265,40.439571999778],[-102.250467999695,40.43948499968],[-102.249561000397,40.439506000209],[-102.224099000169,40.439764000022],[-102.221695999597,40.439631000261],[-102.217685000294,40.439861000186],[-102.214962999881,40.43960999977],[-102.166704999761,40.439669000219],[-102.125458999916,40.439719999986],[-102.08993200036,40.439726000117],[-102.08056000007,40.439773000213],[-102.051464999932,40.440008000196]]]},"properties":{"geoid":"08095967600","county_fips":"08095","designated":true}},{"type":"Feature","geometry":{"type":"Polygon","coordinates":[[[-104.604330000256,38.253216999759],[-104.606567000247,38.254405000004],[-104.607845000165,38.254933999879],[-104.608763000231,38.25391199973],[-104.60981199982,38.253724999992],[-104.611304999822,38.254167999848],[-104.613551999859,38.254208000071],[-104.61494000028,38.254976999806],[-104.622293000138,38.249085000245],[-104.623529000222,38.249824999666],[-104.623739000284,38.249645999973],[-104.623325999832,38.249318999689],[-104.623232999946,38.245991999648],[-104.611545999846,38.246073999995],[-104.611642000106,38.244111000016],[-104.598446999935,38.24415900001],[-104.597208000376,38.24438200008],[-104.595342000105,38.245052999834],[-104.594783999888,38.246367999722],[-104.593651999561,38.247088000049],[-104.598118000047,38.248475999782],[-104.604326000058,38.251390000158],[-104.604330000256,38.253216999759]]]},"properties":{"geoid":"08101002000","county_fips":"08101","designated":true}},{"type":"Feature","geometry":{"type":"Polygon","coordinates":[[[-104.623739000284,38.249645999973],[-104.623529000222,38.249824999666],[-104.622293000138,38.249085000245],[-104.61494000028,38.254976999806],[-104.622441000276,38.26076000034],[-104.629882999822,38.254740000104],[-104.630208000411,38.254816999767],[-104.630231999802,38.25172300011],[-104.627947999954,38.251618999736],[-104.62753700005,38.251211999711],[-104.625740000275,38.251139999993],[-104.625576000243,38.250295000066],[-104.625003999783,38.250612999982],[-104.623739000284,38.249645999973]]]},"properties":{"geoid":"08101001900","county_fips":"08101","designated":true}},{"type":"Feature","geometry":{"type":"Polygon","coordinates":[[[-104.607845000165,38.254933999879],[-104.609928999995,38.255848999713],[-104.611474999701,38.256670000225],[-104.614314000291,38.258735000063],[-104.619221999744,38.262910999974],[-104.622608999607,38.266693999717],[-104.622945999891,38.267839999711],[-104.62407400002,38.268743999676],[-104.625633000144,38.269812999858],[-104.628816999617,38.27074400016],[-104.630492000093,38.271678999999],[-104.63319699989,38.272756000258],[-104.633453999808,38.269523000077],[-104.633636000281,38.269389000263],[-104.622441000276,38.26076000034],[-104.61494000028,38.254976999806],[-104.613551999859,38.254208000071],[-104.611304999822,38.254167999848],[-104.60981199982,38.253724999992],[-104.608763000231,38.25391199973],[-104.607845000165,38.254933999879]]]},"properties":{"geoid":"08101001400","county_fips":"08101","designated":true}},{"type":"Feature","geometry":{"type":"Polygon","coordinates":[[[-104.638891999889,38.218596000286],[-104.62507099973,38.218705000259],[-104.623708000322,38.218508000273],[-104.622653999813,38.218105000113],[-104.621507000315,38.217341999758],[-104.618866000092,38.218964999704],[-104.618716000305,38.218810999863],[-104.616003999936,38.221058999747],[-104.615422000329,38.221671999913],[-104.61587400024,38.222154999828],[-104.618188000225,38.222136000098],[-104.618377000371,38.236968000049],[-104.618549999725,38.238450999678],[-104.618888999659,38.238644999892],[-104.623017999861,38.23858200001],[-104.622950000089,38.235202000213],[-104.625238000134,38.235172999808],[-104.625239999784,38.235026999882],[-104.630170999702,38.23498599984],[-104.631011999776,38.235061000278],[-104.63904500005,38.235004999742],[-104.638977000278,38.22959599996],[-104.639112999822,38.227826999799],[-104.639123999693,38.218726000319],[-104.638891999889,38.218596000286]]]},"properties":{"geoid":"08101002300","county_fips":"08101","designated":true}},{"type":"Feature","geometry":{"type":"Polygon","coordinates":[[[-107.860844999711,37.775517000292],[-107.861390000407,37.776859000203],[-107.864250000015,37.779126999954],[-107.867400000051,37.779708000048],[-107.870497000383,37.78145099991],[-107.870032999878,37.78342999982],[-107.870008999588,37.784302000218],[-107.873187000112,37.786238999685],[-107.874396000432,37.786516999808],[-107.875621999572,37.786155000182],[-107.877644000377,37.786162999801],[-107.880671000389,37.785978000233],[-107.882499999952,37.785097999998],[-107.884632000362,37.785090000264],[-107.88625699971,37.785454000061],[-107.887230999854,37.786643000184],[-107.889929999803,37.788632000115],[-107.890263999714,37.78978000029],[-107.890872999984,37.790919999854],[-107.890617999716,37.792414999953],[-107.889010000086,37.7953169998],[-107.888744999772,37.796148999998],[-107.889049000444,37.797071000275],[-107.888976999576,37.798080999808],[-107.89030700027,37.799051000106],[-107.891605000278,37.801597999805],[-107.892508000277,37.802656999773],[-107.896449000158,37.803578999735],[-107.898245999934,37.804410999857],[-107.9001239999,37.805558999717],[-107.901698999918,37.806043999909],[-107.903434999595,37.80635899988],[-107.904847000305,37.807458999793],[-107.905525999997,37.810141999704],[-107.906239999849,37.811028000257],[-107.908352999993,37.81080200017],[-107.909650000176,37.811145000272],[-107.91080699972,37.812406000104],[-107.913610000324,37.814110999945],[-107.915042000227,37.815581999837],[-107.915619999637,37.81654400033],[-107.918087999608,37.818686000293],[-107.917742000001,37.819575000064],[-107.918086999783,37.820173000242],[-107.919214999912,37.820715000333],[-107.919630999838,37.821652999831],[-107.921347000322,37.823713999866],[-107.924508000228,37.823560000185],[-107.925910999819,37.823349000039],[-107.927699000272,37.823624000184],[-107.930086999877,37.82334100019],[-107.931640999978,37.823575000034],[-107.933866000275,37.823493999817],[-107.937645999599,37.82266800001],[-107.938673000344,37.823008000196],[-107.939546000205,37.824356999651],[-107.940532000044,37.825213999947],[-107.942736000424,37.826295999925],[-107.94325399956,37.827063999707],[-107.94473800024,37.828081999898],[-107.946740000055,37.828413000232],[-107.947248000043,37.828816999956],[-107.947217000081,37.83010199965],[-107.946719000138,37.830675999676],[-107.946780000238,37.831346999806],[-107.947359000371,37.832122999838],[-107.948182000003,37.833820000312],[-107.949798000029,37.834788999728],[-107.950762999952,37.835759000241],[-107.951373000047,37.835685999849],[-107.953780999743,37.834933000083],[-107.954919999743,37.834448000248],[-107.957957999626,37.834697000063],[-107.959004999565,37.834518999722],[-107.961891999835,37.832796000349],[-107.963344999654,37.832851999905],[-107.963943999879,37.832488000257],[-107.96589499964,37.831823999813],[-107.967591999857,37.831782999786],[-107.971392999996,37.832428000283],[-107.972033000229,37.832630000072],[-107.973343999758,37.833591000062],[-107.974594999911,37.835199000001],[-107.975306000288,37.835868999801],[-107.976027999638,37.837469000013],[-107.977298999883,37.839221999933],[-107.977635000342,37.840329999789],[-107.97982100028,37.843012000015],[-107.980817000165,37.843616999924],[-107.982596000397,37.84413299986],[-107.982921000087,37.84456099979],[-107.98417200024,37.845036999971],[-107.984364999686,37.845618999692],[-107.985594999922,37.847121000301],[-107.986379000095,37.848673000109],[-107.986663999602,37.849625999797],[-107.987140999628,37.850014000093],[-107.987477000087,37.850958999781],[-107.987395999896,37.851872999757],[-107.987966999633,37.854604000226],[-107.98920799974,37.856640000279],[-107.989472000229,37.856753000085],[-107.992135000194,37.856412000019],[-107.993203000048,37.856581000155],[-107.995460000132,37.856595000321],[-107.997553000183,37.855963000008],[-107.998985999911,37.855832999885],[-108.000623999678,37.856291999935],[-108.001206000185,37.856804999655],[-108.002679000095,37.857093999991],[-108.004008999891,37.856213999669],[-108.005918999645,37.855825000012],[-108.007288999623,37.855065999667],[-108.008660000325,37.85519300019],[-108.010317000359,37.855949999793],[-108.011242999923,37.856909000103],[-108.012115999784,37.85715000025],[-108.012949000361,37.857045000085],[-108.015294000308,37.856139000236],[-108.016553999783,37.856025000128],[-108.018908999776,37.855515000177],[-108.020879999629,37.855513000023],[-108.023947999649,37.855937000286],[-108.02569400027,37.855226000033],[-108.026455999803,37.85519300019],[-108.030865000387,37.855495000051],[-108.031838999632,37.854630999799],[-108.033138000364,37.854145000305],[-108.034771999933,37.853150999948],[-108.035837000313,37.852181999889],[-108.036933999582,37.852230000069],[-108.039584000026,37.851838999705],[-108.041227999641,37.851289000185],[-108.043258999768,37.85107699976],[-108.045402999874,37.851138999733],[-108.046966000196,37.850992000101],[-108.047676999676,37.85072500025],[-108.048397000274,37.849836999985],[-108.051113999767,37.847122999974],[-108.051589999968,37.846203000192],[-108.052949000076,37.845427000013],[-108.055456000404,37.844658000334],[-108.05585200024,37.844221999835],[-108.054914999906,37.842844000238],[-108.054689999775,37.842214999872],[-108.055298000221,37.84162500025],[-108.056922999569,37.841388999647],[-108.058475999846,37.840999999807],[-108.058901999818,37.841095999796],[-108.05981900006,37.842628000063],[-108.059872999588,37.844199999731],[-108.060342000117,37.844877000193],[-108.061733000012,37.844996000194],[-108.06420500018,37.84672699992],[-108.06487899985,37.848380000113],[-108.065622000015,37.849217999888],[-108.065816000183,37.850000000096],[-108.066478999982,37.851048000029],[-108.067678000256,37.851482000337],[-108.068936999907,37.851327000318],[-108.070073000432,37.850454000269],[-108.071845999918,37.847935000139],[-108.072088999593,37.847764999863],[-108.074434000438,37.847188999776],[-108.075611000073,37.846743999708],[-108.078977999844,37.844504999901],[-108.081029000063,37.844251000122],[-108.081658000425,37.843976000241],[-108.0823770003,37.843039999823],[-108.083604999988,37.842505000193],[-108.084576999583,37.841617000254],[-108.085043999564,37.841494999675],[-108.086101000446,37.841775999747],[-108.087247999944,37.841644999882],[-108.087735000015,37.84119199966],[-108.090526000026,37.839993999693],[-108.091388999841,37.840057000049],[-108.093300000318,37.840836999665],[-108.095005999858,37.840849999707],[-108.09621299963,37.840284000234],[-108.095708999839,37.84173599984],[-108.095030999972,37.84241500002],[-108.095472999838,37.844865999885],[-108.09606500039,37.845889999709],[-108.097246000223,37.846992999868],[-108.098274999719,37.848410999822],[-108.100054999777,37.849400000154],[-108.101619999749,37.84959099997],[-108.104101999963,37.851152000087],[-108.105952000341,37.851591999856],[-108.106725999569,37.852478000027],[-108.10823199999,37.853644999721],[-108.109157999555,37.854014999813],[-108.111699000219,37.854671999893],[-108.112522999676,37.855235000052],[-108.114917999852,37.854359999989],[-108.115862999683,37.854163999993],[-108.117374000127,37.853444000135],[-108.119730999769,37.853351000226],[-108.12095099996,37.853840999679],[-108.122217000181,37.852540000241],[-108.123495000098,37.851956999694],[-108.125050000025,37.852066999922],[-108.124711999916,37.851075000195],[-108.12465400019,37.848591000319],[-108.125352000149,37.847638000022],[-108.126630999891,37.845342999731],[-108.128435000237,37.843977999999],[-108.131107000422,37.842956999906],[-108.132268000164,37.841547000074],[-108.134844999914,37.839814999784],[-108.136616999576,37.838378000348],[-108.137429000236,37.837890000221],[-108.137667999712,37.837072999911],[-108.139622999671,37.835530000333],[-108.140077000131,37.834874000326],[-108.140134000033,37.832814000186],[-108.140609000409,37.832286999762],[-108.141526999577,37.832453999781],[-108.14202100022,37.83304300001],[-108.142463999911,37.834276999734],[-108.143644999744,37.835534999946],[-108.143706999668,37.836409000293],[-108.144488000366,37.838316999888],[-108.145901000002,37.837890999827],[-108.147240999843,37.838852999694],[-108.148972000395,37.837360000324],[-108.149404000215,37.836413000219],[-108.149799000226,37.834642999789],[-108.150174000144,37.834325999872],[-108.152052000111,37.835019999807],[-108.153141999707,37.835103000142],[-108.156415999592,37.834272000037],[-108.158857999623,37.833921000144],[-108.16037400009,37.833808999774],[-108.162222999744,37.834729000206],[-108.163853999838,37.834923000068],[-108.164687000415,37.834603999922],[-108.166204999633,37.833312999741],[-108.167101999784,37.831928000021],[-108.167932999812,37.831374000089],[-108.169142000132,37.831109999967],[-108.170203000314,37.831306999919],[-108.172968000386,37.832133000233],[-108.174905999728,37.832592000238],[-108.175658000114,37.832370000333],[-108.178347999842,37.831178000014],[-108.179573000056,37.830171000337],[-108.182138999936,37.827291000138],[-108.183170999806,37.826478999753],[-108.185602999791,37.826184000043],[-108.188825999622,37.825594999697],[-108.19021800024,37.825239999858],[-108.19239099976,37.824413999724],[-108.195728000292,37.824082000108],[-108.199081999644,37.824186999668],[-108.200977000227,37.823377000214],[-108.205455000409,37.821778999883],[-108.209093000342,37.820935999987],[-108.210163999671,37.821125000046],[-108.21051299965,37.821486000203],[-108.21032299968,37.822043999859],[-108.209534000382,37.822622000086],[-108.209622000246,37.823485000182],[-108.210731999934,37.824835999709],[-108.210941999996,37.825762999733],[-108.210998000072,37.829049000013],[-108.211735000389,37.830982999828],[-108.212353999807,37.832038000326],[-108.213640999945,37.83247500016],[-108.214642999678,37.833131999886],[-108.214914999664,37.834002999927],[-108.215682000118,37.834491000227],[-108.217252999938,37.834846000257],[-108.218425000449,37.834905000036],[-108.218530999855,37.835558000143],[-108.218078000119,37.836165999781],[-108.217063999793,37.836753000217],[-108.217566999758,37.837316000274],[-108.218528000381,37.837754999986],[-108.219505999824,37.837765999935],[-108.220038000101,37.838174999668],[-108.222183999857,37.839076000255],[-108.221955000426,37.839731000204],[-108.222608000179,37.839954000239],[-108.222876999793,37.840550000011],[-108.223644000247,37.840932999866],[-108.223527000071,37.841628000337],[-108.224040000082,37.842069999994],[-108.22579599985,37.842455999813],[-108.22700500017,37.843474999976],[-108.226564999954,37.844535000303],[-108.226522000296,37.845528999772],[-108.227074999592,37.847132999754],[-108.227151999585,37.847987999724],[-108.227884999704,37.849220000212],[-108.228683999945,37.852365000052],[-108.229483000186,37.854218000159],[-108.22989200044,37.8557420003],[-108.230023999786,37.857169999926],[-108.229862000303,37.858584999799],[-108.229564000377,37.859587000113],[-108.229586000118,37.861040999779],[-108.229934000273,37.861337999805],[-108.231598999804,37.861741000053],[-108.231910000149,37.862457999773],[-108.231778999729,37.863975999987],[-108.231950000332,37.865065999742],[-108.23266300036,37.866337999978],[-108.232863000376,37.867120000128],[-108.23506100001,37.869312999704],[-108.235577000394,37.87149799966],[-108.2359840001,37.872617999801],[-108.237616999844,37.875569000243],[-108.237836999952,37.876392000338],[-108.239261000357,37.876396000222],[-108.242814999726,37.877800999786],[-108.245251999734,37.878655000221],[-108.247933999965,37.879380000013],[-108.249488000067,37.882312000188],[-108.24974599981,37.883690999778],[-108.250362999578,37.88457199993],[-108.252684000133,37.885362999974],[-108.254243000258,37.886476000146],[-108.255445999832,37.887897000137],[-108.256332000112,37.888349000137],[-108.257391999571,37.889680999862],[-108.257731000403,37.891045000106],[-108.256537000151,37.893557000126],[-108.256497999793,37.894607000027],[-108.306696999628,37.894120999771],[-108.336589000358,37.893838000223],[-108.347876000424,37.893983999903],[-108.357443999635,37.893637999948],[-108.365163000089,37.893870000216],[-108.367529999777,37.893663000278],[-108.374286999784,37.893476999776],[-108.375640999869,37.893634999851],[-108.390677000196,37.893562000056],[-108.390898999954,37.893507999656],[-108.437655999675,37.89389900011],[-108.45486700007,37.894194999982],[-108.500644999625,37.894259000354],[-108.523202999865,37.894393999903],[-108.554180000167,37.894580999762],[-108.587167999608,37.894778999804],[-108.617081000254,37.895106000308],[-108.62422400005,37.895333999929],[-108.625650000105,37.895223999777],[-108.659059000393,37.895263000185],[-108.670234000306,37.895241999968],[-108.701797000415,37.895290999993],[-108.726161999578,37.895329999656],[-108.746287999832,37.895388999944],[-108.750653999861,37.895312000196],[-108.772239999607,37.895370000253],[-108.800312000096,37.895451000207],[-108.816710000006,37.895538000112],[-108.817016000328,37.894825000088],[-108.818124000366,37.893753000261],[-108.818399999652,37.892477000118],[-108.818089000206,37.891460999831],[-108.818773999746,37.890390000247],[-108.818704000324,37.88947800008],[-108.817727999632,37.888721999978],[-108.817699000218,37.888088000151],[-108.818599999668,37.887463000164],[-108.820207000372,37.88669699985],[-108.820528999689,37.886040999933],[-108.820515000343,37.885082000143],[-108.819890000179,37.884131000264],[-108.820122999808,37.881758000173],[-108.820522000016,37.88085100024],[-108.821348000021,37.880920000237],[-108.853729999564,37.880942000017],[-108.863177000198,37.881003999685],[-108.865589000092,37.88098799973],[-108.883325000193,37.881034000122],[-108.892392999811,37.881002999953],[-108.8973349996,37.881044000265],[-108.900835000339,37.881005000125],[-108.925433999853,37.881079000047],[-108.931645000237,37.881042000095],[-108.958162999726,37.88102900005],[-108.960615999628,37.881057000308],[-108.965722000347,37.881003999685],[-108.97910300029,37.881060000208],[-108.989638999796,37.881044999996],[-108.995269000396,37.881063000108],[-109.000663999922,37.881207999868],[-109.006085000285,37.881126999842],[-109.014407000263,37.881100999779],[-109.030797999602,37.881113000082],[-109.031715999669,37.881149000269],[-109.041512000282,37.881166999647],[-109.04162500026,37.875161999795],[-109.041847000018,37.873247000317],[-109.041775999872,37.858625999822],[-109.041923000186,37.842117999662],[-109.042009000399,37.842068000184],[-109.041754000131,37.835825999915],[-109.041461000228,37.800104999799],[-109.04174499991,37.777572000303],[-109.04209399989,37.749871999891],[-109.04163600013,37.740210000113],[-109.041682000161,37.725701000298],[-109.041759999979,37.713182000225],[-109.042043999661,37.70898300025],[-109.042011000049,37.687700999717],[-109.042267999967,37.666128000195],[-109.042072999973,37.624991000215],[-109.041888000025,37.620756000109],[-109.041882000178,37.616486999824],[-109.041789000291,37.609654999889],[-109.041918000163,37.569051999925],[-109.041810000208,37.546692999793],[-109.041866000284,37.530576999721],[-109.041919999812,37.530525000257],[-109.04313699963,37.499992000317],[-109.043488000158,37.484683999779],[-109.04113599964,37.487262000349],[-109.039764000011,37.488158999791],[-109.039119999581,37.488825999906],[-109.029268999615,37.49992399978],[-109.024945000318,37.504544999776],[-109.008494999631,37.525196999872],[-109.007265000293,37.526560000082],[-109.000663999922,37.534217000336],[-108.98035100007,37.557893999852],[-108.97593900001,37.562988999656],[-108.966202999672,37.574392000106],[-108.945592999719,37.598485999784],[-108.929029999953,37.617859000138],[-108.92285000043,37.624989000226],[-108.917080999913,37.631902000103],[-108.875660000165,37.632201999875],[-108.857125999648,37.631935000052],[-108.837393999579,37.631845999897],[-108.83001700033,37.631867999882],[-108.810338999789,37.63188300019],[-108.808296999791,37.631922000268],[-108.797271999665,37.631936000309],[-108.788918999724,37.631850999765],[-108.773829999694,37.631786000037],[-108.758077000039,37.631800000104],[-108.751187999788,37.631704999651],[-108.743618000195,37.63167299986],[-108.738687000277,37.631737000139],[-108.737046999962,37.631639000245],[-108.725764000093,37.631596999947],[-108.701264000313,37.631554000074],[-108.693202999552,37.631511000176],[-108.666059999898,37.631582999842],[-108.6660559997,37.633195000072],[-108.661534000036,37.633027999649],[-108.646497999709,37.632693000275],[-108.625650000105,37.632609999671],[-108.60990099975,37.632719000283],[-108.564415000273,37.632638000202],[-108.526819999881,37.632569000169],[-108.500647000173,37.632526999684],[-108.483429000106,37.632467999912],[-108.474511000275,37.632521999862],[-108.457660999555,37.632498000285],[-108.444549999949,37.632834000071],[-108.439533999642,37.632808000103],[-108.424005000293,37.632666000012],[-108.41719200021,37.632481000312],[-108.410425000158,37.631933000249],[-108.408292999748,37.631886000252],[-108.391761999769,37.632069999755],[-108.380345000006,37.632055000195],[-108.375640999869,37.632106999936],[-108.363533999644,37.63193000019],[-108.338142999561,37.632114000295],[-108.335641999979,37.632150000201],[-108.30925699966,37.632296999693],[-108.303940999778,37.632389000059],[-108.265767000151,37.6327289999],[-108.250634999564,37.632846999695],[-108.226796999758,37.633246000199],[-108.203259000425,37.633735999871],[-108.194483999811,37.633969999885],[-108.179172000198,37.634626999813],[-108.161142000369,37.635264999865],[-108.140438999631,37.636827000319],[-108.140361999638,37.636850999921],[-108.125631999633,37.638105000194],[-108.107995999989,37.638752999777],[-108.103577000257,37.638756999726],[-108.091156000213,37.638863000079],[-108.074804000334,37.638940999999],[-108.066433999776,37.638956999754],[-108.062641999858,37.63906100021],[-108.058218000103,37.639093999825],[-108.048973999859,37.6390489997],[-108.036529000425,37.639127000137],[-108.007425999891,37.639266999658],[-108.000625000402,37.639378000066],[-107.970085999767,37.639586999808],[-107.968974000429,37.640232999691],[-107.968071000431,37.640431999871],[-107.967247000076,37.641022999961],[-107.965160999696,37.641519999748],[-107.963389000035,37.641314000146],[-107.9621549996,37.641447000334],[-107.960060999724,37.642637999887],[-107.95943200026,37.643735999735],[-107.958996000242,37.645221999716],[-107.95858100014,37.647281000312],[-107.957422000049,37.648252000165],[-107.957078000092,37.648893999975],[-107.957403999607,37.650236999949],[-107.958310999804,37.651081999775],[-107.96102700037,37.657015000275],[-107.961680000123,37.658093999902],[-107.96132600012,37.659628000052],[-107.96132799977,37.66096000009],[-107.961552999901,37.661748999788],[-107.963552000242,37.663655999831],[-107.964468999585,37.664363999697],[-107.964693999716,37.665339999916],[-107.964471000133,37.66585700009],[-107.964411999684,37.667633000109],[-107.965861000203,37.669509000345],[-107.965486000285,37.670599000347],[-107.965802999579,37.671517999752],[-107.9670689998,37.673452000177],[-107.968843999835,37.675554000097],[-107.969416000295,37.677134000076],[-107.969419999595,37.679232000298],[-107.971520000218,37.68105000024],[-107.971979999627,37.6818559997],[-107.973020999718,37.682579999714],[-107.975060000241,37.683648000088],[-107.972373999812,37.686196000191],[-107.971763999717,37.686940000065],[-107.970308000423,37.6876700001],[-107.970685999816,37.688500000108],[-107.970422000226,37.689161999856],[-107.970881999635,37.689959999959],[-107.970313000446,37.691204000169],[-107.969306999617,37.69250599972],[-107.969032999981,37.693499000351],[-107.969104999951,37.694216999674],[-107.968874999797,37.696484999912],[-107.96770400001,37.697125000331],[-107.96710399996,37.697674999964],[-107.965575999798,37.69836500017],[-107.964354999782,37.699263999842],[-107.963644000303,37.700540000309],[-107.96270699997,37.701082999941],[-107.960905000171,37.701546999666],[-107.959479999941,37.702697000343],[-107.958104999939,37.703184000101],[-107.957586999905,37.70467799968],[-107.95697699981,37.705325000294],[-107.955570999846,37.705706999819],[-107.954308999823,37.706476999851],[-107.952628000398,37.706787999919],[-107.950619999837,37.706389000171],[-107.949632000348,37.706414999958],[-107.949183999736,37.70682000003],[-107.94749200044,37.706348000188],[-107.94528999971,37.706425000311],[-107.94386299983,37.706041000284],[-107.943342000322,37.704653999971],[-107.941903999673,37.703722000263],[-107.941435000043,37.702730000103],[-107.939885999964,37.7028950001],[-107.938724000398,37.702606999698],[-107.937206000281,37.70256199969],[-107.936309999956,37.703071999843],[-107.935852000196,37.703880000195],[-107.935242000101,37.704366000007],[-107.934743000334,37.705245999778],[-107.932410999907,37.70624400018],[-107.931281999953,37.708038000295],[-107.929855999898,37.709154000105],[-107.928115000199,37.709973000037],[-107.926474000059,37.710363999679],[-107.922948000279,37.710452000324],[-107.921805000081,37.710156000128],[-107.916967000049,37.711036999988],[-107.916611000397,37.711521999877],[-107.914889000066,37.712260999903],[-107.910974999949,37.712558999981],[-107.91051700019,37.713125000336],[-107.910252999701,37.714481000097],[-107.910610000076,37.715181999924],[-107.910651999909,37.715996999979],[-107.910132000225,37.716207999685],[-107.908918999707,37.716201999982],[-107.907014999801,37.717666999814],[-107.905690000028,37.717855999659],[-107.903417999876,37.718393000097],[-107.903010000346,37.718764999659],[-107.901349000114,37.719002000354],[-107.900349999856,37.718503000338],[-107.899473999622,37.718770999866],[-107.899026999733,37.719223999867],[-107.89673299984,37.719172000034],[-107.895244999861,37.718639999976],[-107.894988999768,37.717875000309],[-107.894234999732,37.717536000104],[-107.889395999876,37.718440999848],[-107.888692000069,37.718079000282],[-107.887183999998,37.718121999783],[-107.885512999721,37.717850999899],[-107.884044999833,37.718031000297],[-107.88272000006,37.718379999819],[-107.881587999733,37.718414000214],[-107.88039600003,37.717560999719],[-107.878989000241,37.71698200004],[-107.877948999975,37.716025000329],[-107.87719499994,37.716308999719],[-107.874643000304,37.719402000194],[-107.873710000168,37.720082999789],[-107.872966000179,37.722416000169],[-107.87374100013,37.723259999709],[-107.875621999572,37.725786999664],[-107.875621999572,37.727131999921],[-107.874543999671,37.728878999772],[-107.874632000433,37.730853999756],[-107.875145000444,37.73217399999],[-107.874948999727,37.734303999704],[-107.874986000436,37.736005999847],[-107.875183000079,37.737029000236],[-107.875621999572,37.737583000256],[-107.875621999572,37.738850999651],[-107.874168999753,37.74051600029],[-107.87295100011,37.741640999949],[-107.871688000262,37.743549000265],[-107.870235000442,37.744480000304],[-107.869669999655,37.74566000027],[-107.867364000066,37.746545999751],[-107.866091999996,37.746848000212],[-107.86603599992,37.748017000247],[-107.865121000226,37.749994999956],[-107.864561000359,37.750551999769],[-107.864831999623,37.751295999956],[-107.864614999888,37.752611999866],[-107.864277999604,37.753362000182],[-107.861911999741,37.756023999847],[-107.862572000065,37.756227999841],[-107.863099000319,37.756827000078],[-107.862781000302,37.757681999929],[-107.863284000267,37.759200000278],[-107.863199999703,37.760193999759],[-107.865707000032,37.761709999837],[-107.867097999927,37.761891000071],[-107.870480999591,37.762761999669],[-107.870437000109,37.76347300026],[-107.869753000394,37.765038999733],[-107.86863899961,37.766935999805],[-107.868191999721,37.767322999674],[-107.866105000415,37.767990000263],[-107.864891999897,37.769093000018],[-107.865403000258,37.771057999803],[-107.86521800031,37.77170400017],[-107.863152000023,37.772661000236],[-107.863151000198,37.772968000198],[-107.862273000314,37.773693999989],[-107.860844999711,37.775517000292]]]},"properties":{"geoid":"08033000100","county_fips":"08033","designated":true}},{"type":"Feature","geometry":{"type":"Polygon","coordinates":[[[-105.80932699983,37.750451000266],[-105.810865000038,37.75216199972],[-105.811332000018,37.753018000259],[-105.812439000231,37.753928999841],[-105.819683000309,37.753900000295],[-105.820247000373,37.75401999996],[-105.821328999574,37.754725999948],[-105.821756000269,37.7553270003],[-105.827726999555,37.764715999903],[-105.836670000398,37.778461000127],[-105.837369000181,37.778861000338],[-105.840768999564,37.77888000024],[-105.841486999615,37.779106999712],[-105.841585000422,37.77953400005],[-105.841766000172,37.793392999657],[-105.85520900004,37.814411999911],[-105.855717000028,37.815043000126],[-105.875574999595,37.823130999934],[-105.881960999881,37.825546000146],[-105.891909999756,37.829373999805],[-105.892098999902,37.829362000301],[-105.892160999826,37.83663199973],[-105.912826000031,37.836255000146],[-105.914185999963,37.836209000178],[-105.928689000188,37.835971000008],[-105.935110999561,37.835926999838],[-105.947442000091,37.835885999963],[-105.96325500002,37.835897999825],[-105.99308999995,37.835823999936],[-106.036870999712,37.835724000217],[-106.036870999712,37.835773000104],[-106.05538299959,37.835593999883],[-106.072404000014,37.835460999692],[-106.085699999569,37.835408999968],[-106.092275999825,37.835359000199],[-106.110745000046,37.83528000014],[-106.1285930003,37.834828000206],[-106.13864099991,37.834949000106],[-106.147516999907,37.835101999788],[-106.146971000284,37.849884000119],[-106.14670599997,37.856141999732],[-106.146314000333,37.864180999769],[-106.145946999912,37.882049999648],[-106.14577200001,37.893356000233],[-106.145402000114,37.907630999852],[-106.145120000082,37.922621000183],[-106.164170000085,37.922751999942],[-106.182414000175,37.923079000156],[-106.182411999626,37.923621999685],[-106.18288000033,37.923805000243],[-106.184354000066,37.925384999978],[-106.186261000345,37.92707899992],[-106.187069999733,37.927993999783],[-106.188054999747,37.928693000187],[-106.188749000407,37.924372000047],[-106.189350000281,37.922040999745],[-106.1899040003,37.921223999774],[-106.194154999803,37.917313999951],[-106.195622999691,37.915722000114],[-106.197734000184,37.912168000244],[-106.198925000062,37.910498000108],[-106.199617000174,37.909909000034],[-106.20238499972,37.908299000292],[-106.204211999633,37.906833999667],[-106.206166999592,37.90489400013],[-106.207206999858,37.903481999833],[-106.207469999624,37.902686000219],[-106.207503000134,37.901414999798],[-106.207283000026,37.897695000159],[-106.207047000025,37.891762999928],[-106.20666200006,37.886935999694],[-106.206701000418,37.885121999927],[-106.206970000032,37.883886000253],[-106.207631000181,37.882366000292],[-106.209585000315,37.879579000269],[-106.210104000174,37.87870399994],[-106.211968999722,37.877752000175],[-106.214845000121,37.875628999861],[-106.216548000186,37.875139999707],[-106.217517000307,37.87408900034],[-106.220186999943,37.873415000307],[-106.221053000132,37.872907999664],[-106.222023000077,37.872847999957],[-106.223302999644,37.872076000267],[-106.225650000139,37.871485999919],[-106.226861000109,37.870648999996],[-106.228155999745,37.870096999951],[-106.229770999946,37.870019000112],[-106.230690999662,37.869528999707],[-106.23375200001,37.868610000031],[-106.235102999722,37.867958000335],[-106.235677999657,37.868138999815],[-106.237319999622,37.867871999666],[-106.238795000081,37.867336000177],[-106.240278999862,37.86659400011],[-106.241145999876,37.865969999915],[-106.242229999624,37.865928999723],[-106.243816000411,37.865201000331],[-106.244531000088,37.865227000331],[-106.246799999867,37.864523000017],[-106.249630000236,37.863524000049],[-106.250585999938,37.862758999677],[-106.251652999968,37.862633000114],[-106.255250999717,37.861349999781],[-106.256199999746,37.860717999811],[-106.258162000277,37.860313000328],[-106.258882999802,37.85995000005],[-106.260484999584,37.857610999998],[-106.261981999784,37.856491000139],[-106.264699000175,37.856140000304],[-106.265938999559,37.855793999874],[-106.267741000256,37.854646999804],[-106.268364999697,37.854741000294],[-106.270610000085,37.854478000199],[-106.27154499987,37.855022000251],[-106.27193999988,37.854834999954],[-106.272985999994,37.855060999961],[-106.2733319996,37.8546869998],[-106.274656000446,37.854456999701],[-106.275126999726,37.854000999866],[-106.276160000319,37.853809000026],[-106.278501000068,37.854332000224],[-106.279831999689,37.8544969998],[-106.280372000362,37.854782999704],[-106.281321000391,37.854371000299],[-106.281334999737,37.854788000139],[-106.282000000084,37.854831999695],[-106.282277000093,37.855255000248],[-106.285062000256,37.855233999971],[-106.285790000352,37.854602000048],[-106.286324000279,37.854564000185],[-106.28758499958,37.853988000015],[-106.288520000263,37.854152000265],[-106.290280000229,37.853481999866],[-106.291221999687,37.853444000135],[-106.291755999615,37.853702999966],[-106.293626999909,37.853554000273],[-106.294375000096,37.854213999781],[-106.295878000144,37.854900999946],[-106.297588999706,37.85517500014],[-106.298171000213,37.855489000296],[-106.298808999897,37.855291000304],[-106.299557000085,37.855505000115],[-106.299681999758,37.856181000268],[-106.300214999861,37.856752000024],[-106.301919999575,37.85667],[-106.302044000322,37.857203000303],[-106.303976999642,37.857890000274],[-106.304427999729,37.858186000189],[-106.305779000339,37.85750000019],[-106.306464999704,37.857720000254],[-106.307124000203,37.85729999982],[-106.311692999723,37.859036000211],[-106.315814000428,37.860198000279],[-106.318970000311,37.861219999938],[-106.319950000303,37.861393999675],[-106.321700000223,37.86144500023],[-106.323572000342,37.861807000245],[-106.326299999705,37.861829000059],[-106.329623999818,37.862249000219],[-106.331736999961,37.862662000252],[-106.333438000376,37.862736000161],[-106.335555999644,37.86357],[-106.337201999807,37.863696000088],[-106.341575000407,37.863302000344],[-106.343296000015,37.863337000045],[-106.344286000052,37.863097000244],[-106.345228000408,37.863436999909],[-106.347929000007,37.863921999876],[-106.34979299973,37.865125000166],[-106.350807000056,37.866556999974],[-106.35228699964,37.868041999671],[-106.353275000027,37.869271000064],[-106.355490000278,37.870297000342],[-106.356785999738,37.871281999757],[-106.360749000259,37.872579000162],[-106.361155999965,37.87288499977],[-106.361415000431,37.873923000124],[-106.362187999834,37.875075999735],[-106.362997999946,37.875711999867],[-106.363727999692,37.876676000078],[-106.364373999773,37.878037999887],[-106.365521000168,37.878905999884],[-106.366877999728,37.880364000198],[-106.367532000205,37.880771999999],[-106.36879199968,37.882068999941],[-106.36978300044,37.882661999736],[-106.371662000232,37.884710999659],[-106.374485999854,37.887227999908],[-106.376147000086,37.888383999992],[-106.377101000138,37.889640999719],[-106.377947000235,37.89043599973],[-106.378456999873,37.891235999752],[-106.380604000351,37.892944999845],[-106.382545000067,37.893964000294],[-106.384341999843,37.895916999693],[-106.384889000189,37.897172000089],[-106.385875000028,37.898075999684],[-106.387879000392,37.900761999693],[-106.389625000114,37.902833999648],[-106.39046199999,37.905525000203],[-106.391124999789,37.905969000315],[-106.392531999577,37.906485999683],[-106.394708000368,37.907685999891],[-106.397641999596,37.91009099994],[-106.398097999705,37.910339000044],[-106.398542999944,37.909899000268],[-106.398732999915,37.908764999939],[-106.399983000243,37.908467999766],[-106.401693999805,37.90854900019],[-106.404982999758,37.908124000001],[-106.406322999599,37.908278000251],[-106.409127999854,37.907943000265],[-106.411488999694,37.908061999781],[-106.414965999968,37.907953999663],[-106.415888000233,37.908220999805],[-106.418044000034,37.908331999738],[-106.42133800001,37.907860999808],[-106.42304000025,37.908269000333],[-106.424627999788,37.90812899965],[-106.426010000361,37.908647000207],[-106.427634999709,37.90954500029],[-106.430117999748,37.910447000205],[-106.431430999825,37.910596999694],[-106.432878999622,37.911182999839],[-106.435621000127,37.911386000006],[-106.436991000106,37.911852999966],[-106.439521,37.912297000164],[-106.440560000441,37.912279999907],[-106.445272000076,37.913628000276],[-106.446336999558,37.914359000044],[-106.448287000393,37.91508799968],[-106.449817000205,37.916717000241],[-106.450161999987,37.91760500019],[-106.451142999803,37.918837000228],[-106.451794999731,37.919372999757],[-106.452332000031,37.920397000182],[-106.453792000422,37.921854000217],[-106.455868999682,37.923716999885],[-106.457493000103,37.92486900005],[-106.458528000346,37.926785000158],[-106.459093000236,37.92817700009],[-106.460409999613,37.929613000119],[-106.463562000197,37.931314000144],[-106.464565999579,37.931620999833],[-106.465342000254,37.93231500034],[-106.466629000392,37.932990000068],[-106.46810800015,37.933393999752],[-106.469446000342,37.934337999921],[-106.470405000417,37.934693999734],[-106.470593999664,37.935068000315],[-106.471737999687,37.935258999766],[-106.472768999732,37.93621900007],[-106.47512100025,37.937026999984],[-106.476790999804,37.937982999789],[-106.478596999801,37.938383999973],[-106.480764000371,37.93979700017],[-106.481787999845,37.939998000011],[-106.483018999906,37.940699000304],[-106.4832139999,37.941352999748],[-106.483866999653,37.94206899969],[-106.484947999926,37.942567999701],[-106.488107000183,37.944510000062],[-106.488227999658,37.946431999882],[-106.489715999638,37.948493000106],[-106.489790999981,37.949026000241],[-106.491545999924,37.951456999935],[-106.491364000349,37.953132000077],[-106.491538000426,37.953814999721],[-106.491403999634,37.954965999814],[-106.491870999614,37.956172000187],[-106.492838000085,37.956986000272],[-106.493165000323,37.957843000062],[-106.493828000122,37.958668999739],[-106.494073000344,37.959388999841],[-106.494669000196,37.959989000319],[-106.496748000004,37.960997999978],[-106.49841199971,37.961327000147],[-106.501020000321,37.961268999686],[-106.502668999959,37.960863000134],[-106.503649999775,37.960864000197],[-106.505115000188,37.961276000086],[-106.506855000063,37.96217800001],[-106.507395999663,37.962758999666],[-106.507471000006,37.964259000034],[-106.508283999592,37.965426000067],[-106.508835999962,37.968308999666],[-106.509512000179,37.969203000003],[-106.509335999554,37.970353999715],[-106.509537000293,37.971113999739],[-106.510154999886,37.971089000241],[-106.511431000154,37.971526000187],[-106.512827999896,37.970836000052],[-106.513623999765,37.970938000314],[-106.514279000066,37.971519000056],[-106.515686999679,37.970991999812],[-106.51696600032,37.971008000023],[-106.518061999763,37.970619000015],[-106.519748000109,37.970527999969],[-106.521553000281,37.969972000061],[-106.522951999674,37.970444000044],[-106.523596000104,37.971568000251],[-106.524617000103,37.971128000078],[-106.526502999568,37.970843000248],[-106.527589999689,37.97111800014],[-106.529045999881,37.970524000245],[-106.530276999943,37.970935999755],[-106.530760999641,37.970658000102],[-106.531167000421,37.969314999887],[-106.531580999799,37.968994999666],[-106.5328379998,37.96894300002],[-106.533936999617,37.969340999936],[-106.535644999704,37.96879900032],[-106.538070000017,37.968797999657],[-106.539675000172,37.969221999743],[-106.540861000027,37.970135999733],[-106.541555999613,37.970111999839],[-106.542216999762,37.969697000126],[-106.543671000305,37.969556000321],[-106.546293000261,37.969029000149],[-106.548536000101,37.968903999731],[-106.550231999594,37.967295999999],[-106.551245999921,37.965436000072],[-106.552632999618,37.963824000079],[-106.554045000327,37.962472999888],[-106.554205999986,37.96190299992],[-106.554845000394,37.961458000337],[-106.55611400009,37.961316000234],[-106.557716999697,37.960492000009],[-106.559055999713,37.960278000068],[-106.562302999834,37.95887099975],[-106.563232999596,37.958716999918],[-106.564467999855,37.957882999956],[-106.565029000445,37.957969999683],[-106.565667999955,37.957546999893],[-106.567387999738,37.955713000143],[-106.568767999762,37.954757000083],[-106.571168999785,37.953926999701],[-106.572327000052,37.953867000163],[-106.573082999737,37.953602999773],[-106.574214000239,37.952597999806],[-106.575240000261,37.950817999908],[-106.576828999625,37.949290000079],[-106.578826000315,37.947038000029],[-106.580886999682,37.946092000224],[-106.58164200044,37.945194000089],[-106.582876999801,37.944513999786],[-106.585774999942,37.943140000134],[-106.589089999835,37.941801000248],[-106.589540999921,37.941294999809],[-106.591247000359,37.940189999747],[-106.591572000049,37.940239999936],[-106.593253000372,37.941307000216],[-106.593650000032,37.941316999962],[-106.594000999661,37.940502999829],[-106.59542800044,37.940058000248],[-106.596912000221,37.940187000132],[-106.598756999677,37.939501999904],[-106.599135999794,37.939068000342],[-106.598662999966,37.935495999793],[-106.598679999685,37.934584000326],[-106.600401000191,37.932752000018],[-106.601381000182,37.932119000181],[-106.604409000019,37.929542000148],[-106.607626999827,37.927394999992],[-106.610263999852,37.925381999758],[-106.61137000024,37.92415199994],[-106.612479999928,37.922462000103],[-106.613341000093,37.921384000296],[-106.614628000231,37.920551000253],[-106.616798000276,37.919834999765],[-106.617789999962,37.919089000303],[-106.619831000136,37.918033999925],[-106.620646000271,37.916205000288],[-106.620970000136,37.914963000317],[-106.621770000202,37.913948999996],[-106.622945000187,37.912945999941],[-106.626533999715,37.911081000239],[-106.627233000398,37.910203999973],[-106.628779999928,37.909250999892],[-106.631926999591,37.908070999725],[-106.632719999985,37.907073000053],[-106.635504000323,37.905422999847],[-106.638384999847,37.903134999729],[-106.642493000133,37.901506999841],[-106.64342399972,37.901033999836],[-106.646928999583,37.89965400022],[-106.64777100038,37.898712999871],[-106.647674000296,37.89682200004],[-106.648597000386,37.894653999965],[-106.650595999828,37.893087999759],[-106.651812999646,37.89240700003],[-106.652955999844,37.892106000029],[-106.653626000213,37.889823999735],[-106.65350499984,37.886989000302],[-106.653249999571,37.885687000049],[-106.653139000142,37.883341000157],[-106.653790000245,37.880178000133],[-106.654484000006,37.87884999985],[-106.655089999903,37.878277999949],[-106.656361999973,37.877683999823],[-106.6573150002,37.876860000194],[-106.657546000178,37.876356999748],[-106.659977000339,37.873006000333],[-106.662662999869,37.869687999995],[-106.663789000349,37.868519999811],[-106.666532999606,37.866140999986],[-106.668495999961,37.86373800007],[-106.669525000356,37.861477000115],[-106.687720999867,37.851165999866],[-106.693750999602,37.848327000101],[-106.693845000211,37.835244000247],[-106.657376000299,37.83484899991],[-106.625595999557,37.834493999895],[-106.619111000436,37.834766],[-106.604475999966,37.834664999906],[-106.587139000073,37.834426000067],[-106.587178000431,37.792258000329],[-106.587196999799,37.790872999783],[-106.587031999943,37.786100999894],[-106.586451999985,37.77623400019],[-106.586568000336,37.750000999763],[-106.586374000167,37.747808999881],[-106.546426000331,37.748288999953],[-106.532287000154,37.748398999827],[-106.527210999572,37.748307999898],[-106.500595999999,37.748178999915],[-106.486673999557,37.748070999939],[-106.477842999765,37.748314999951],[-106.459166999856,37.74830599968],[-106.450679000196,37.74827700006],[-106.440179999601,37.748285000226],[-106.427946000054,37.748338000324],[-106.4231599999,37.748286000335],[-106.405039999659,37.748359999871],[-106.368455000294,37.748381000014],[-106.350853000087,37.748406999979],[-106.332552000096,37.74823200009],[-106.314302000159,37.74823200009],[-106.304005999954,37.748182000248],[-106.295817000045,37.74823900015],[-106.291343999886,37.748177999805],[-106.290180999597,37.748286999734],[-106.287664999946,37.748303000062],[-106.277260999786,37.74823900015],[-106.256492999649,37.748153999981],[-106.253448999919,37.748219000077],[-106.252612000043,37.748110000047],[-106.235552999984,37.748088999828],[-106.231754000393,37.748136000108],[-106.214153999835,37.74808500009],[-106.204246999793,37.74808999994],[-106.196135999702,37.748138000331],[-106.187798999654,37.748155000092],[-106.168629999825,37.74813000015],[-106.167464999886,37.748165999894],[-106.158251999605,37.74815299987],[-106.157394999637,37.748119000343],[-106.150001999596,37.748157000314],[-106.129557000398,37.748165999894],[-106.112422999996,37.748222999808],[-106.102402999976,37.748212000015],[-106.082378000004,37.74824700032],[-106.059062000429,37.748305000281],[-106.040015999725,37.748307999898],[-106.038413000118,37.748352999822],[-106.029125000392,37.748371000352],[-106.01959099972,37.748417000346],[-106.005688000443,37.748576000243],[-105.992582999786,37.748685999691],[-105.962538999619,37.74878600008],[-105.942800999703,37.748827000015],[-105.940366000242,37.748808000204],[-105.927915999886,37.748849000127],[-105.910081000051,37.749135000279],[-105.891056999986,37.749358999859],[-105.876061999667,37.749584000274],[-105.872480999636,37.749598000138],[-105.854700000227,37.749820999649],[-105.846462999739,37.74995000032],[-105.819444999759,37.750296999837],[-105.80932699983,37.750451000266]]]},"properties":{"geoid":"08109977700","county_fips":"08109","designated":true}},{"type":"Feature","geometry":{"type":"Polygon","coordinates":[[[-104.66353200031,38.291401000299],[-104.66353200031,38.284870999876],[-104.663324999722,38.281837999674],[-104.664713999968,38.282289000066],[-104.666965000203,38.282681000323],[-104.668335000182,38.282733999698],[-104.671024000085,38.282448000341],[-104.672764999785,38.281976000112],[-104.674025000158,38.2814849999],[-104.675289999656,38.280788000139],[-104.6841720004,38.27429900027],[-104.684136000415,38.272304999889],[-104.680059000091,38.269000999809],[-104.678627000188,38.267762000348],[-104.676761999742,38.267867999679],[-104.677003999592,38.268518000035],[-104.676155999845,38.269965000161],[-104.675669999598,38.270341000324],[-104.672987000441,38.270224000339],[-104.671629999983,38.270483000299],[-104.670850999833,38.270175999929],[-104.669158999639,38.269054000001],[-104.668111999701,38.267889999747],[-104.667095999724,38.268011999747],[-104.664210000177,38.268836999983],[-104.662796999643,38.268895000016],[-104.660759999667,38.268575000232],[-104.658228000123,38.26738199981],[-104.656770000281,38.268044000037],[-104.655612000014,38.269026999868],[-104.65502399966,38.26975399978],[-104.654078000004,38.271778000348],[-104.653600000153,38.272468000311],[-104.652544999819,38.273349999978],[-104.651314999583,38.273814999745],[-104.650460000163,38.2734550003],[-104.649255999866,38.272226999679],[-104.646903000421,38.273915000019],[-104.645419999567,38.274736000177],[-104.644156999718,38.275263000114],[-104.642503999882,38.275727000334],[-104.639024000134,38.276292000216],[-104.639157000203,38.278098999954],[-104.638890000239,38.279651000105],[-104.639497999786,38.28039500031],[-104.639912999888,38.281524999891],[-104.639686999932,38.282737000087],[-104.640627999566,38.284369000204],[-104.642067999864,38.286053000218],[-104.64375599986,38.288259000197],[-104.644986999922,38.290033000073],[-104.64560399969,38.290674999748],[-104.647376000249,38.29299600018],[-104.648427000386,38.294602999851],[-104.649496000065,38.295662000042],[-104.648635999725,38.296076999688],[-104.648367000111,38.296887999682],[-104.649286999828,38.297650000217],[-104.644808999646,38.297687999677],[-104.647445999671,38.301911000293],[-104.648099000323,38.303677000197],[-104.648396000424,38.305146999921],[-104.648353999692,38.307119999876],[-104.647921000047,38.309248000263],[-104.647176000233,38.312029000013],[-104.650178000131,38.312585999863],[-104.656934000312,38.314489999874],[-104.660544999582,38.315597000161],[-104.662358999975,38.31093500016],[-104.663123000056,38.308817000218],[-104.663444000446,38.307047000332],[-104.663524999739,38.305597999978],[-104.663362000431,38.298703000189],[-104.663557000424,38.295227000049],[-104.66353200031,38.291401000299]]]},"properties":{"geoid":"08101002901","county_fips":"08101","designated":true}},{"type":"Feature","geometry":{"type":"Polygon","coordinates":[[[-104.612371000027,38.20874700012],[-104.61074599978,38.209173999763],[-104.610349999945,38.209629999737],[-104.609786999705,38.21176200015],[-104.608513999811,38.213257000218],[-104.607907999914,38.213630999883],[-104.607470000246,38.214548999766],[-104.606732000104,38.215406000102],[-104.606573000095,38.217125999984],[-104.606239000184,38.217608999729],[-104.605063000375,38.218115000191],[-104.603327999625,38.217621000046],[-104.601810000406,38.218066999944],[-104.601420000419,38.217919000101],[-104.60119100009,38.219374999763],[-104.601330999832,38.220765000017],[-104.601262000235,38.222351999819],[-104.601540999895,38.222862999826],[-104.601234999573,38.224082999899],[-104.602628999841,38.225549000174],[-104.602413999756,38.226687000122],[-104.601403999627,38.227016999749],[-104.600504999827,38.226818999729],[-104.59920299962,38.226858000225],[-104.598354000049,38.227495999664],[-104.598034000382,38.228467999721],[-104.598925999611,38.229622000006],[-104.598048999552,38.230346999899],[-104.597352000316,38.230385999915],[-104.595352999976,38.229886000324],[-104.594502999681,38.229914000098],[-104.592421000398,38.230794000015],[-104.592183999673,38.231316000271],[-104.591349000345,38.23182700011],[-104.590575000218,38.23160700002],[-104.589482000249,38.232091000186],[-104.587956999562,38.232366000129],[-104.587754999895,38.233140000274],[-104.588165999799,38.233530000031],[-104.589476000401,38.234090999847],[-104.58921799976,38.234749999719],[-104.587776999637,38.236008000096],[-104.586866000141,38.236255999728],[-104.585969999815,38.236878000041],[-104.585522999926,38.237478999687],[-104.584419999911,38.237360000072],[-104.581982000078,38.2360200002],[-104.579556999765,38.235185999894],[-104.577766999662,38.234461000257],[-104.574556000425,38.233345999679],[-104.570947999732,38.232307999868],[-104.568028999674,38.232115000274],[-104.566035000255,38.231679999925],[-104.565836000063,38.24188699965],[-104.564940999563,38.241885000147],[-104.564897999905,38.243753000268],[-104.561291999759,38.243648000051],[-104.561141000147,38.252636000253],[-104.561020999598,38.25270299977],[-104.556640000399,38.252675999909],[-104.556584000322,38.256268000157],[-104.55649599956,38.256353000266],[-104.551906000124,38.256277999926],[-104.551946000307,38.252640999682],[-104.533559999927,38.25248199975],[-104.533472999889,38.256990000254],[-104.533200999902,38.257745999892],[-104.532574000088,38.258306999774],[-104.531426999692,38.258576000062],[-104.530835000039,38.258940000082],[-104.528352999824,38.261144999802],[-104.528013000066,38.262904000211],[-104.537414999595,38.26569299984],[-104.537930000154,38.26494399994],[-104.53898299994,38.264532999909],[-104.540142000031,38.26465200018],[-104.54148799972,38.265653999721],[-104.54280599982,38.266236999764],[-104.543364000037,38.266220999928],[-104.548073000198,38.264214000102],[-104.549235999589,38.263895000304],[-104.550700000177,38.263991999672],[-104.552236999662,38.26390800019],[-104.553598000318,38.263041999956],[-104.554538000126,38.261768999832],[-104.554691000287,38.259558000134],[-104.555980000075,38.258263999701],[-104.556883000073,38.25810099985],[-104.558806000245,38.258453999732],[-104.559530000144,38.259411999804],[-104.559842000313,38.260954000265],[-104.560823000129,38.261112999999],[-104.561916999923,38.260522000255],[-104.565452999749,38.259219000212],[-104.567468999808,38.258233000273],[-104.571545000306,38.2564130002],[-104.572348999672,38.255652000168],[-104.572907999714,38.254513999924],[-104.574696000167,38.252981000265],[-104.576073999643,38.252461999871],[-104.577657999882,38.252224000117],[-104.579098000181,38.252391000293],[-104.583516000088,38.252406000041],[-104.586155999588,38.252645000213],[-104.586626999766,38.253191999987],[-104.588304999716,38.253868000291],[-104.588781999742,38.254354000277],[-104.589139000118,38.253928999746],[-104.589960999925,38.253887999783],[-104.592301999674,38.252851999685],[-104.597005999812,38.251776999825],[-104.599016000023,38.251501999931],[-104.600262000153,38.25166499977],[-104.601837999996,38.252459000347],[-104.603064000034,38.252570000279],[-104.604330000256,38.253216999759],[-104.604326000058,38.251390000158],[-104.598118000047,38.248475999782],[-104.593651999561,38.247088000049],[-104.594783999888,38.246367999722],[-104.595342000105,38.245052999834],[-104.597208000376,38.24438200008],[-104.598446999935,38.24415900001],[-104.611642000106,38.244111000016],[-104.611416999975,38.239402000351],[-104.611759000282,38.238911999995],[-104.611872000259,38.236863999732],[-104.612212999843,38.235607999727],[-104.613269000002,38.233476000168],[-104.613817999998,38.23144899984],[-104.613919000281,38.226083000298],[-104.614044999779,38.224544000263],[-104.614404999629,38.223295999963],[-104.611329999936,38.223202999947],[-104.612355000133,38.21197499983],[-104.612371000027,38.20874700012]]]},"properties":{"geoid":"08101003103","county_fips":"08101","designated":true}},{"type":"Feature","geometry":{"type":"Polygon","coordinates":[[[-106.144094999885,37.560270999863],[-106.13408300026,37.560371000099],[-106.128970999694,37.560450000254],[-106.116558000046,37.560429000302],[-106.11233900033,37.560371000099],[-106.112469000027,37.567415000277],[-106.111919000206,37.567671999799],[-106.098164999994,37.56756399967],[-106.094111999959,37.56758300035],[-106.094111000134,37.570769000169],[-106.094553999825,37.571876000189],[-106.095682999779,37.573004000104],[-106.095724999612,37.574435999888],[-106.094357000182,37.57568900025],[-106.093886999828,37.57690500031],[-106.094029999944,37.578365999708],[-106.094096000066,37.582783000216],[-106.096137000239,37.58309499984],[-106.098021000053,37.583801999804],[-106.09860500021,37.584241999937],[-106.10003000044,37.584478000186],[-106.100848000049,37.585159999747],[-106.103209999715,37.586699000095],[-106.104500000226,37.587223999884],[-106.105313999637,37.58782299985],[-106.106654000377,37.587789000115],[-106.107434000351,37.588666000095],[-106.108283999748,37.590249999646],[-106.108773000368,37.590631999975],[-106.108581999674,37.591557999984],[-106.109175999876,37.592210999995],[-106.109756999659,37.593424999843],[-106.110261000347,37.593808999651],[-106.111361999814,37.593962999895],[-106.111795000357,37.594556000145],[-106.11134799957,37.595661000194],[-106.110828999711,37.596118999754],[-106.11101200001,37.596855999665],[-106.11216199988,37.597171000127],[-106.113198999773,37.598147999916],[-106.112951000076,37.59958299999],[-106.113383999721,37.600182000126],[-106.115218000205,37.59926899976],[-106.116230999808,37.599127999647],[-106.11701699963,37.599284000241],[-106.118331000431,37.599210999913],[-106.121540999843,37.5987610001],[-106.122812000087,37.599806000287],[-106.123872000444,37.600292999831],[-106.124630999604,37.600912999874],[-106.125576000334,37.600812000023],[-106.125326999913,37.601715999681],[-106.125496999793,37.602182999913],[-106.1261970003,37.602481000169],[-106.127423000338,37.602029000311],[-106.129509999644,37.602101000063],[-106.130717000314,37.601933000296],[-106.131170999876,37.60236099997],[-106.132498000196,37.602857999947],[-106.133788999634,37.602923999995],[-106.1344670004,37.603203000004],[-106.134884000151,37.603842999884],[-106.136868000423,37.603795999919],[-106.137865000133,37.604281999759],[-106.137824000125,37.605678000066],[-106.139292999838,37.60769099993],[-106.14035200037,37.608239000084],[-106.141193000444,37.60769699987],[-106.141472000103,37.606723999765],[-106.142293999911,37.606484999942],[-106.143980000257,37.606765],[-106.144356,37.607012999985],[-106.144412999902,37.607821000191],[-106.143196999909,37.60880000003],[-106.143589000445,37.609529000085],[-106.144108000303,37.609755999831],[-106.145802999972,37.609750999901],[-106.147238000248,37.609371999777],[-106.149696999998,37.609263999649],[-106.151193000373,37.608563000192],[-106.152445000351,37.608297000009],[-106.153975000163,37.607652999821],[-106.155340000118,37.606851999816],[-106.15604499975,37.606942999769],[-106.157216000435,37.606666999922],[-106.157772000104,37.606187000069],[-106.158687999623,37.605850000212],[-106.159571000428,37.60593399999],[-106.160260999991,37.60564300005],[-106.160470000228,37.605071000092],[-106.161215000043,37.604392999752],[-106.161942000314,37.604655999926],[-106.163081000314,37.605541000315],[-106.163950999802,37.605777999819],[-106.1658100004,37.605275999903],[-106.167570000366,37.605339000232],[-106.169186000392,37.606186000177],[-106.169743999711,37.606754999736],[-106.1695889999,37.607571000308],[-106.170120000353,37.608645999894],[-106.17094200016,37.609252000021],[-106.1730059999,37.609685000217],[-106.173605000124,37.609953999941],[-106.173512000238,37.610489999649],[-106.17418900028,37.61152700019],[-106.174922000399,37.611744999755],[-106.175980000208,37.611292999971],[-106.177623999823,37.611595000012],[-106.178209999629,37.612134999949],[-106.178375000384,37.613207000355],[-106.177698000342,37.614822999725],[-106.179044999856,37.616511000303],[-106.179499000315,37.616814000248],[-106.180275999917,37.616190999694],[-106.180404999788,37.614980999685],[-106.181243000388,37.614338000229],[-106.182503999688,37.614540000066],[-106.181967000286,37.616101000141],[-106.182257999641,37.616806000122],[-106.183071000126,37.617190999959],[-106.184031000025,37.6172549999],[-106.185065000443,37.616646000269],[-106.185210000208,37.616300000191],[-106.186037000039,37.616189000179],[-106.186782999678,37.616456000351],[-106.189947999783,37.616910000269],[-106.191177000194,37.616866999726],[-106.192143999767,37.617065000116],[-106.193742000249,37.617948999697],[-106.194374000086,37.618080999992],[-106.195607999622,37.61883199972],[-106.196505999597,37.618951999672],[-106.197576999825,37.619797999993],[-106.19871300035,37.620029999652],[-106.199326999745,37.620870999908],[-106.201068000343,37.621959000167],[-106.201834999899,37.622778999792],[-106.203097999747,37.623713000347],[-106.204215999831,37.624195000219],[-106.204226999701,37.615386999834],[-106.204327000159,37.613898000144],[-106.204377000388,37.608022000072],[-106.204282999778,37.604870000066],[-106.20431399974,37.599234000287],[-106.204389999908,37.598112999916],[-106.204811999682,37.597325999831],[-106.204794999964,37.595937000303],[-106.204239000295,37.593230000066],[-106.203573000123,37.592597999884],[-106.202019000022,37.591747000069],[-106.199771000159,37.591252000084],[-106.199227000186,37.590948999928],[-106.198475999626,37.589901999701],[-106.196743000322,37.586486999969],[-106.196703000139,37.58552499983],[-106.195692000186,37.584329999937],[-106.195938000233,37.583990999651],[-106.195364000123,37.582012999737],[-106.194533000094,37.577678999897],[-106.193794999953,37.574574000266],[-106.194699999601,37.573176000304],[-106.195179000175,37.571641000222],[-106.195024000364,37.567157000164],[-106.194865000355,37.565350000258],[-106.194603000415,37.560375999787],[-106.185247000018,37.560423999906],[-106.169546000242,37.560371000099],[-106.159803000231,37.560313999646],[-106.149460999996,37.560218999745],[-106.144094999885,37.560270999863]]]},"properties":{"geoid":"08105976700","county_fips":"08105","designated":true}},{"type":"Feature","geometry":{"type":"Polygon","coordinates":[[[-108.561047999604,39.077400000179],[-108.552389000239,39.07739200009],[-108.552352000429,39.082803000062],[-108.552353000254,39.09185399968],[-108.56160599982,39.09183799999],[-108.561531000376,39.090772000325],[-108.56101900019,39.089247000181],[-108.561047999604,39.077400000179]]]},"properties":{"geoid":"08077000500","county_fips":"08077","designated":true}},{"type":"Feature","geometry":{"type":"Polygon","coordinates":[[[-108.56160599982,39.09183799999],[-108.5685450003,39.091873999983],[-108.579053000217,39.091844000223],[-108.58017299995,39.091902999925],[-108.589460999676,39.091899000006],[-108.589469999897,39.085642000214],[-108.589429999714,39.083053999899],[-108.583527000201,39.080622999789],[-108.578951999934,39.078621000299],[-108.577762999706,39.078212000283],[-108.574243999599,39.077444999964],[-108.57087299963,39.077411000299],[-108.561047999604,39.077400000179],[-108.56101900019,39.089247000181],[-108.561531000376,39.090772000325],[-108.56160599982,39.09183799999]]]},"properties":{"geoid":"08077000400","county_fips":"08077","designated":true}},{"type":"Feature","geometry":{"type":"Polygon","coordinates":[[[-108.552389000239,39.07739200009],[-108.561047999604,39.077400000179],[-108.561023000388,39.070315000083],[-108.561055000175,39.064381999696],[-108.552420000202,39.064392999753],[-108.552389000239,39.07739200009]]]},"properties":{"geoid":"08077000200","county_fips":"08077","designated":true}},{"type":"Feature","geometry":{"type":"Polygon","coordinates":[[[-108.565762999612,39.054333000334],[-108.56459299965,39.056258999778],[-108.564457000106,39.057028000053],[-108.564468999801,39.064393999949],[-108.569533999614,39.064395000144],[-108.570951000346,39.065482999909],[-108.57090600014,39.070318999831],[-108.574364999973,39.07441000007],[-108.575792999678,39.076222999689],[-108.57685399986,39.077367999818],[-108.577987000012,39.07816800029],[-108.578951999934,39.078621000299],[-108.583527000201,39.080622999789],[-108.589429999714,39.083053999899],[-108.589469999897,39.085642000214],[-108.589460999676,39.091899000006],[-108.589464000049,39.103045000221],[-108.589531999821,39.113759000111],[-108.603513999639,39.113799000134],[-108.61731999973,39.113865000226],[-108.620053999839,39.113848999956],[-108.635188000076,39.113898000249],[-108.637014000164,39.113822999858],[-108.641251000321,39.11318200027],[-108.644232000303,39.112092999799],[-108.649632999676,39.109975000114],[-108.652488999984,39.109292999655],[-108.654684000143,39.10921199979],[-108.657659000277,39.1097280002],[-108.660188000347,39.108787000086],[-108.659250000189,39.107290999785],[-108.658439000252,39.103899999658],[-108.658450999947,39.102560000129],[-108.657841999677,39.101741000309],[-108.655859000128,39.100547000039],[-108.651751999667,39.099036999797],[-108.64908000038,39.099430000313],[-108.646395999602,39.100617000116],[-108.64458899978,39.101821000031],[-108.642646000414,39.101322999968],[-108.64137500017,39.099324000098],[-108.640546999616,39.098847999657],[-108.638133000072,39.096904999823],[-108.630950999919,39.093281000057],[-108.62914900012,39.091887000247],[-108.625262999592,39.088079000144],[-108.621619999637,39.085603000145],[-108.61741599999,39.086917000242],[-108.616111000308,39.087432000117],[-108.614528999719,39.08774100005],[-108.61264599973,39.087802999986],[-108.611186000238,39.087523999844],[-108.610316999676,39.08627899968],[-108.609632999961,39.084389000309],[-108.609307000446,39.082250999915],[-108.60840000025,39.081274999989],[-108.60652099956,39.080261000245],[-108.604455999996,39.079682000313],[-108.602833000297,39.079631999966],[-108.598590000292,39.081757000201],[-108.596417999699,39.082229999729],[-108.592713999644,39.081077000033],[-108.591419000009,39.080468000107],[-108.589946999923,39.077749999686],[-108.589517999578,39.076686999866],[-108.58947499992,39.073583999936],[-108.58773599987,39.07058200004],[-108.586149000157,39.069780999927],[-108.585155999747,39.069475999934],[-108.583685000384,39.069439000243],[-108.581968999901,39.067221000347],[-108.580449000135,39.066180999977],[-108.57834900041,39.063181000189],[-108.578380000372,39.062950999758],[-108.576672000285,39.061444999802],[-108.574688000013,39.059122999727],[-108.57250100025,39.057492999764],[-108.569868000423,39.055904999855],[-108.569133999581,39.055268999956],[-108.567070999666,39.054863000232],[-108.565762999612,39.054333000334]]]},"properties":{"geoid":"08077000900","county_fips":"08077","designated":true}},{"type":"Feature","geometry":{"type":"Polygon","coordinates":[[[-108.564468999801,39.064393999949],[-108.564457000106,39.057028000053],[-108.56459299965,39.056258999778],[-108.565762999612,39.054333000334],[-108.563684999629,39.053067000018],[-108.563648999644,39.052880999865],[-108.561806999662,39.052536999896],[-108.562863999646,39.052162000085],[-108.561926000386,39.051751000159],[-108.560890000318,39.052725999944],[-108.560193000184,39.052725999944],[-108.55792500023,39.052132000181],[-108.555672000345,39.052653999753],[-108.552031999864,39.05289299998],[-108.54855100029,39.053481000311],[-108.542708999978,39.054111000316],[-108.541053999594,39.054125000206],[-108.538898999618,39.053691999889],[-108.534987000049,39.052590000296],[-108.532061000319,39.051951999795],[-108.530853999649,39.0518220002],[-108.524673000301,39.05163499988],[-108.523433000018,39.05067700003],[-108.520876000359,39.049687000087],[-108.51750899969,39.048622000247],[-108.515494000355,39.047893999989],[-108.512750000199,39.047420000123],[-108.512407000068,39.047024999898],[-108.509262000055,39.046775000036],[-108.506902000039,39.047579999904],[-108.504078000416,39.048054000091],[-108.502607000156,39.049040000342],[-108.499447000074,39.052316000179],[-108.49786000036,39.052734999702],[-108.49672300001,39.053465999944],[-108.496162000319,39.053337],[-108.49222999976,39.054905999775],[-108.490177999716,39.056006000268],[-108.487532000369,39.056657000197],[-108.486518000042,39.05666899967],[-108.484496000135,39.057312000191],[-108.483282999617,39.058147000089],[-108.481766000224,39.058530999921],[-108.480719000286,39.058595999851],[-108.478170999949,39.057695999681],[-108.477960999887,39.057884999873],[-108.47843100024,39.060344000086],[-108.477734999931,39.060874999753],[-108.477715999665,39.064990999654],[-108.477755000023,39.073490000029],[-108.477645000418,39.077678999917],[-108.477758000396,39.078452999757],[-108.477758000396,39.08171099973],[-108.483612000404,39.080109999658],[-108.492527999686,39.077977000003],[-108.493992000274,39.077818000067],[-108.497616999788,39.077733000278],[-108.4995659999,39.077134000229],[-108.501468999981,39.076048000201],[-108.502745000248,39.075643000059],[-108.51515899972,39.072824000055],[-108.52106799998,39.071459999831],[-108.522924000205,39.071081999791],[-108.526899000422,39.07050100034],[-108.529108999751,39.070084999881],[-108.537225999691,39.068146999968],[-108.53739399992,39.068194999801],[-108.542805000237,39.066902000308],[-108.54651699979,39.065280000062],[-108.549782000352,39.064503999728],[-108.552420000202,39.064392999753],[-108.561055000175,39.064381999696],[-108.564468999801,39.064393999949]]]},"properties":{"geoid":"08077000800","county_fips":"08077","designated":true}},{"type":"Feature","geometry":{"type":"Polygon","coordinates":[[[-108.4995659999,39.077134000229],[-108.502175000335,39.077322999985],[-108.50972800021,39.077334000117],[-108.512444999703,39.07728100016],[-108.515172000139,39.077330000069],[-108.53369099969,39.077384],[-108.552389000239,39.07739200009],[-108.552420000202,39.064392999753],[-108.549782000352,39.064503999728],[-108.54651699979,39.065280000062],[-108.542805000237,39.066902000308],[-108.53739399992,39.068194999801],[-108.537225999691,39.068146999968],[-108.529108999751,39.070084999881],[-108.526899000422,39.07050100034],[-108.522924000205,39.071081999791],[-108.52106799998,39.071459999831],[-108.51515899972,39.072824000055],[-108.502745000248,39.075643000059],[-108.501468999981,39.076048000201],[-108.4995659999,39.077134000229]]]},"properties":{"geoid":"08077000700","county_fips":"08077","designated":true}},{"type":"Feature","geometry":{"type":"Polygon","coordinates":[[[-105.102542999657,40.155768999896],[-105.100000000242,40.154607000173],[-105.098539000027,40.154945999801],[-105.096651000015,40.155137000031],[-105.095302999777,40.154779000062],[-105.094051999624,40.155159999886],[-105.09341599959,40.154887000121],[-105.091886999603,40.155182999733],[-105.089647000136,40.155290000173],[-105.088723000221,40.155525999931],[-105.087306000387,40.155386000046],[-105.086394999993,40.155549000341],[-105.084144999582,40.155071999773],[-105.082373999745,40.155149000136],[-105.081018000011,40.154862999818],[-105.078610000315,40.154676999925],[-105.076376999622,40.153732000275],[-105.074239000263,40.153084999751],[-105.074255000156,40.159707999962],[-105.081012000163,40.159694999692],[-105.082022000291,40.15982000018],[-105.083458000392,40.16051900017],[-105.083588000088,40.16112699991],[-105.085922000165,40.161761999709],[-105.088179000248,40.162818000034],[-105.088190000119,40.170262000117],[-105.088298000074,40.170693999657],[-105.088303000097,40.173977000327],[-105.09395100024,40.173922999715],[-105.102494999977,40.173931999705],[-105.102542999657,40.155768999896]]]},"properties":{"geoid":"08013013401","county_fips":"08013","designated":true}},{"type":"Feature","geometry":{"type":"Polygon","coordinates":[[[-105.234846999568,40.035518999757],[-105.23475600023,40.038338000107],[-105.233536000039,40.040146000282],[-105.241767999606,40.040135999786],[-105.242197999777,40.040394999849],[-105.242998999668,40.039289999693],[-105.244327999638,40.038445000113],[-105.248045999937,40.038073999741],[-105.251313000149,40.03807299973],[-105.253105999727,40.037973999929],[-105.255240999611,40.037524999668],[-105.258446999724,40.036466000009],[-105.258383000149,40.025510999896],[-105.258312999829,40.025338000276],[-105.258322999875,40.020561000054],[-105.258264000324,40.015749000279],[-105.258312999829,40.014691999665],[-105.248933000042,40.014705000137],[-105.245475000034,40.014639000149],[-105.240123999991,40.014709000176],[-105.238980999793,40.014791000234],[-105.234777000146,40.014810000049],[-105.230831000242,40.014750000218],[-105.225413000252,40.014736999754],[-105.225421999575,40.024505000259],[-105.225343999757,40.025193999832],[-105.22477300002,40.026718000067],[-105.225072999595,40.027730999853],[-105.225648000429,40.028150000058],[-105.22538399994,40.029227000005],[-105.234608000092,40.029229000287],[-105.234557000038,40.03340200018],[-105.235217000362,40.034946999818],[-105.234846999568,40.035518999757]]]},"properties":{"geoid":"08013012203","county_fips":"08013","designated":true}},{"type":"Feature","geometry":{"type":"Polygon","coordinates":[[[-105.102494999977,40.173931999705],[-105.112965000259,40.173993000144],[-105.130892999981,40.174032000283],[-105.130820000186,40.166316000104],[-105.128466000018,40.165902999718],[-105.127009000001,40.165007999836],[-105.126904000419,40.163617000185],[-105.124667000427,40.161916999844],[-105.122570000177,40.161285999796],[-105.120660000424,40.161243000209],[-105.117548999847,40.159322000175],[-105.11651299978,40.158396999848],[-105.115633000246,40.15791499988],[-105.113058000145,40.156093999978],[-105.111996000138,40.156058999812],[-105.110908000192,40.156461999774],[-105.110000000171,40.157484999974],[-105.108472000009,40.157635999688],[-105.105829000136,40.156950000338],[-105.102542999657,40.155768999896],[-105.102494999977,40.173931999705]]]},"properties":{"geoid":"08013013302","county_fips":"08013","designated":true}},{"type":"Feature","geometry":{"type":"Polygon","coordinates":[[[-102.712665999644,37.643590000211],[-102.71171599979,37.643316000038],[-102.711744000278,37.642240000142],[-102.71309699964,37.642263000012],[-102.715054000147,37.642057000336],[-102.715773000023,37.641689999957],[-102.717614000179,37.641324000029],[-102.718276999978,37.641940999763],[-102.719340999635,37.641803999962],[-102.720031000096,37.641025999654],[-102.719713999904,37.638805999975],[-102.718389999956,37.637867999867],[-102.71862000011,37.636815000159],[-102.71818800029,37.635716999746],[-102.718763000225,37.634687000225],[-102.71976999998,37.634092000043],[-102.720575000069,37.634297999751],[-102.721237000043,37.63383999981],[-102.722733000419,37.633747999817],[-102.723596000234,37.633175999779],[-102.723308000354,37.632100000288],[-102.723365000255,37.630864000311],[-102.72425599966,37.630681000231],[-102.725090999886,37.631894000178],[-102.725120000198,37.632396999931],[-102.725782999997,37.633655000188],[-102.726273000442,37.635486000171],[-102.726475000108,37.636905000243],[-102.727770999569,37.638620999912],[-102.729842999704,37.639146000331],[-102.730707000243,37.639146000331],[-102.733411000215,37.638138000234],[-102.734244999718,37.63731400001],[-102.734388999658,37.636833000042],[-102.735223000059,37.636580999857],[-102.736547000007,37.636511999929],[-102.737322999784,37.635093000176],[-102.736717999711,37.634613000279],[-102.735710999956,37.634453000336],[-102.73427200038,37.634545000168],[-102.733465999568,37.634133000127],[-102.733668000133,37.633607000333],[-102.735393999763,37.633262999996],[-102.736054999912,37.632873999893],[-102.7368030001,37.632828000024],[-102.738270999988,37.633285000272],[-102.739277999743,37.632917999957],[-102.739507000072,37.631911000284],[-102.741319999742,37.631636000174],[-102.742067999929,37.632047000286],[-102.742499999749,37.632756999676],[-102.742500999574,37.633465999871],[-102.743508000228,37.633762999746],[-102.745032000192,37.633075999877],[-102.747392000208,37.632800000276],[-102.748428000275,37.633555000219],[-102.749752000223,37.633713999729],[-102.751229000332,37.633321999849],[-102.752266000225,37.632635999707],[-102.752467999891,37.631216999925],[-102.75298699975,37.630049999794],[-102.753735999762,37.629479000039],[-102.753851000288,37.629021000279],[-102.755577999744,37.628541000291],[-102.756211000304,37.628678999947],[-102.758627000396,37.628611000097],[-102.759749999604,37.628337000175],[-102.761706000287,37.628269000012],[-102.762770999768,37.627789000148],[-102.763261000213,37.626828000043],[-102.763893999875,37.626348000122],[-102.763636000132,37.625390999841],[-102.765792999758,37.625524999704],[-102.766570000258,37.626464000137],[-102.767633999915,37.627401999774],[-102.76792099997,37.627997000161],[-102.769043000251,37.629073000008],[-102.771316000228,37.628685000328],[-102.772553999962,37.627701999925],[-102.773994000261,37.625985999963],[-102.773990000063,37.623047999821],[-102.77387600026,37.620782999719],[-102.772927000231,37.620507999704],[-102.771862999676,37.620485000215],[-102.771574999796,37.620096000116],[-102.771719999561,37.619226000035],[-102.772611999689,37.618425000154],[-102.774281000316,37.618380000321],[-102.775545999814,37.619571000304],[-102.776667000271,37.619914000269],[-102.777356999834,37.621127000187],[-102.778248999962,37.621310999999],[-102.779285000029,37.620875999802],[-102.779659000123,37.620464999819],[-102.780264000196,37.618976999786],[-102.780668000427,37.615659000285],[-102.780295000158,37.614697999916],[-102.78026699967,37.613942999843],[-102.781158999798,37.612386999763],[-102.782080000238,37.611724000037],[-102.782943000053,37.611587000036],[-102.785071000265,37.611952999828],[-102.785877000179,37.612456999837],[-102.787026000225,37.615318000152],[-102.788089999882,37.615935999968],[-102.789614999671,37.616119999819],[-102.790132999705,37.615775999666],[-102.792204000015,37.615296000251],[-102.793182000357,37.614038000227],[-102.794506000304,37.613282999858],[-102.795714999726,37.611520999847],[-102.795915999568,37.610354000057],[-102.795169000103,37.609050000053],[-102.796205000171,37.607402000209],[-102.796175999859,37.605914999845],[-102.797326999554,37.605868999662],[-102.798621000263,37.606555999764],[-102.800519000321,37.606898999985],[-102.802936000238,37.606395999918],[-102.803769999741,37.605939000177],[-102.80477800022,37.604726000159],[-102.805641000035,37.604200000088],[-102.806877999944,37.603902000313],[-102.807856000286,37.603262000229],[-102.808287000281,37.602208999916],[-102.80823000038,37.601522000234],[-102.807078999786,37.601316000085],[-102.805036999788,37.602185999749],[-102.803973000131,37.601797000004],[-102.804002000443,37.600401000173],[-102.803628000349,37.599072999652],[-102.804174999797,37.598294999738],[-102.805267999766,37.597677999961],[-102.80823000038,37.597402999912],[-102.80995600001,37.597769999752],[-102.81283200041,37.597610000227],[-102.815018000348,37.598089999906],[-102.816168000219,37.597952999704],[-102.816542000312,37.597449000348],[-102.816426999786,37.596899999695],[-102.815132999976,37.596488000277],[-102.813579999699,37.595458000295],[-102.812890000136,37.594565999913],[-102.813407000345,37.59333000018],[-102.814815999783,37.593512999662],[-102.81550700007,37.593192999755],[-102.816627999628,37.592003000238],[-102.817289999602,37.591910999723],[-102.81953300034,37.592415000287],[-102.822177999862,37.592072000195],[-102.823875000079,37.59172799986],[-102.824479000327,37.591453999978],[-102.824766000382,37.589164999965],[-102.825054000262,37.588935999781],[-102.826348000072,37.588912999783],[-102.827699999609,37.589577000064],[-102.828706000438,37.589279000089],[-102.82890700028,37.587976000244],[-102.830085999564,37.587174999804],[-102.830805000338,37.586304999742],[-102.831177999708,37.58520599992],[-102.831149000294,37.584221999761],[-102.830516999559,37.583443999774],[-102.829683000056,37.583170000007],[-102.829194000335,37.582688999991],[-102.829021000082,37.581888000323],[-102.829395000176,37.581339000204],[-102.830170999953,37.58124800026],[-102.832787999886,37.582368999819],[-102.83330599992,37.583260999737],[-102.834168999736,37.584175999692],[-102.834945000411,37.584221999761],[-102.835607000384,37.584931000055],[-102.836871999883,37.584725000246],[-102.837014999998,37.583694999769],[-102.836784999844,37.582482000175],[-102.837704999561,37.581979000196],[-102.838856000155,37.582482000175],[-102.84015099979,37.583625999877],[-102.841215000345,37.583808999728],[-102.843658000201,37.582779000103],[-102.845469000221,37.5814280003],[-102.847194999852,37.581244000064],[-102.846792000344,37.58037499998],[-102.847452999595,37.579460000295],[-102.846619000091,37.578728000283],[-102.846762000207,37.576487000237],[-102.846215999685,37.57504600008],[-102.845295000144,37.574062000199],[-102.845381000357,37.572941999794],[-102.84448900023,37.571455000004],[-102.84448900023,37.570310999842],[-102.846557999992,37.568595000117],[-102.846875000185,37.567680999921],[-102.847564999748,37.567200000245],[-102.847737000175,37.566421999696],[-102.846671999795,37.564867000301],[-102.845781000391,37.56415799979],[-102.845665999864,37.56326600032],[-102.845061999617,37.562739999887],[-102.844198999802,37.56269499984],[-102.843249999772,37.561872000118],[-102.84284800009,37.561207999848],[-102.841698000219,37.560545999654],[-102.841842000159,37.560065000194],[-102.84313599997,37.559676000351],[-102.843824999708,37.559196000071],[-102.843881999609,37.558120999723],[-102.842659999769,37.556529999943],[-102.834290999934,37.556469999858],[-102.817011999767,37.556477000215],[-102.801993000057,37.556501999957],[-102.801979999638,37.555816999716],[-102.802240999754,37.542497000331],[-102.802075000073,37.527547999884],[-102.782908999718,37.527565000323],[-102.768397999996,37.527475999994],[-102.765546999711,37.527487999981],[-102.765545999886,37.513343999699],[-102.765387999702,37.51243000031],[-102.765426000235,37.502261999662],[-102.765360999938,37.498461000069],[-102.765287000318,37.476438000026],[-102.765304999861,37.474169999783],[-102.765256000356,37.445473000199],[-102.765206999952,37.432435000239],[-102.765207999777,37.425097999854],[-102.765146999677,37.411597000101],[-102.746946000144,37.411688999733],[-102.746936999923,37.403633000085],[-102.746888000418,37.387788999972],[-102.746845999686,37.382484000283],[-102.761360999607,37.382380000037],[-102.773047999707,37.382339999959],[-102.778293000342,37.38136999974],[-102.778278000274,37.367849000172],[-102.778279999924,37.347178000034],[-102.77826400003,37.344396000139],[-102.778279999924,37.324024000158],[-102.778243000114,37.308339999902],[-102.778249999786,37.290663],[-102.778243999939,37.27130600027],[-102.778224999672,37.268195999814],[-102.778252000335,37.255697999873],[-102.77821600035,37.250255999689],[-102.778233000068,37.235749000146],[-102.778202999931,37.227854000308],[-102.778208999779,37.209508000249],[-102.777326999697,37.209088000037],[-102.775581999799,37.207460000096],[-102.774667000105,37.206361000327],[-102.77415300027,37.205421999768],[-102.773896000352,37.204162999998],[-102.773294999579,37.203773000261],[-102.771549999682,37.203794999713],[-102.771149999648,37.204023000288],[-102.77112000041,37.204961000114],[-102.770634000163,37.205646000179],[-102.769803999959,37.206035000016],[-102.768001000336,37.206284999704],[-102.766627999984,37.206100999951],[-102.766314000165,37.205138999716],[-102.767459000012,37.203720000353],[-102.767459999837,37.203331000032],[-102.76645899993,37.202734999783],[-102.765170999967,37.202734000217],[-102.76468499972,37.203144999679],[-102.764883999912,37.204106000025],[-102.764512000366,37.204243000227],[-102.762195000008,37.203966000209],[-102.761364999805,37.204377999661],[-102.760533999777,37.206206999965],[-102.757814999736,37.207874000219],[-102.757384999565,37.208697999994],[-102.757526999856,37.209817999725],[-102.758526999938,37.211557000072],[-102.758469000212,37.212724000169],[-102.757981000315,37.214461999947],[-102.758008999905,37.215239999723],[-102.758665999856,37.21649899997],[-102.757921999866,37.217434999779],[-102.757464000107,37.217594999911],[-102.756663000215,37.217112999746],[-102.756062000341,37.217112999746],[-102.755402999842,37.217798999748],[-102.753800000235,37.218826999789],[-102.752595999937,37.220038999963],[-102.751050000232,37.22092899978],[-102.750856000063,37.221730000078],[-102.752364999959,37.222760000228],[-102.752393000446,37.223126000275],[-102.750476000121,37.224626000287],[-102.749213000273,37.224501999809],[-102.749327000076,37.223403000058],[-102.747294000298,37.221619000255],[-102.746721000013,37.221344999748],[-102.74514699982,37.219950000262],[-102.744201999989,37.219790000118],[-102.742571999719,37.220499999779],[-102.741000000074,37.223911000118],[-102.740513999828,37.224071000104],[-102.738166000406,37.223201999671],[-102.737249999989,37.222676000248],[-102.736449000098,37.221509000302],[-102.732899999854,37.220274999778],[-102.732184000351,37.220344000279],[-102.731770000075,37.221321000335],[-102.730039000421,37.221671999753],[-102.728293999625,37.22231300023],[-102.726948999761,37.222245000123],[-102.727662999614,37.221032000305],[-102.726232000434,37.220276999877],[-102.725088000411,37.220116999711],[-102.724038999925,37.220804000335],[-102.722735000068,37.222515000145],[-102.723344000339,37.223595999869],[-102.723372999753,37.224717000173],[-102.722600000349,37.225243999651],[-102.72105499957,37.224351999974],[-102.718277999803,37.223779999877],[-102.716445999867,37.224055000121],[-102.714730000282,37.225246000333],[-102.712755000231,37.224331000073],[-102.711067000235,37.22439899973],[-102.709520999631,37.224879999844],[-102.708405000096,37.224468000034],[-102.708205000079,37.222866999744],[-102.707661000106,37.222249000215],[-102.706200999716,37.22112799971],[-102.704855999852,37.219663000101],[-102.705198999984,37.218335999669],[-102.70428400029,37.21792399988],[-102.701536999762,37.217420999993],[-102.700335000012,37.217558000344],[-102.697415999955,37.218473999862],[-102.696844000393,37.218473999862],[-102.695957000288,37.217650000258],[-102.695356000414,37.216116999722],[-102.694439999997,37.215407000299],[-102.693782000221,37.215452999793],[-102.693038000231,37.215887999811],[-102.691378999649,37.2173289998],[-102.689976999883,37.218038999733],[-102.689548000436,37.219069000211],[-102.689118000266,37.219228999738],[-102.686227999623,37.219480000124],[-102.684711000229,37.218771000231],[-102.683768000048,37.219228999738],[-102.682766000316,37.22057899981],[-102.68233500032,37.222409000151],[-102.681876999663,37.222959000335],[-102.680904000242,37.22355300035],[-102.679930999924,37.223851000036],[-102.678769000358,37.225459000045],[-102.678415000356,37.223896000102],[-102.675954000058,37.223369999797],[-102.675037999641,37.22341500015],[-102.673979000007,37.223919000125],[-102.671146000163,37.226527000214],[-102.671259999966,37.228426000262],[-102.670829999796,37.229043999957],[-102.670085999806,37.229136000166],[-102.668740999942,37.228495999683],[-102.668283000182,37.229066999841],[-102.668453999887,37.231972999764],[-102.667738000384,37.232499000143],[-102.665964000175,37.231812000197],[-102.664162000376,37.230919000341],[-102.663532000189,37.231010999692],[-102.663216999647,37.231490999931],[-102.660497999606,37.231146999772],[-102.659468000284,37.230666000293],[-102.65820999956,37.229658999819],[-102.656837000107,37.228217000121],[-102.654718999941,37.227529999785],[-102.654089999579,37.227118000147],[-102.654148000204,37.226201999741],[-102.652660000224,37.225880999913],[-102.651515000377,37.225904000046],[-102.650425999707,37.226636000037],[-102.650627000447,37.227344999672],[-102.651371000436,37.227597000182],[-102.64956700009,37.228671999678],[-102.647821000367,37.229106000063],[-102.64647499978,37.229791999708],[-102.645616999988,37.230432999834],[-102.645416000146,37.231028000252],[-102.645987999708,37.231439999984],[-102.647217999945,37.231554999971],[-102.647447000274,37.232172999769],[-102.64693099989,37.232926999954],[-102.646816000262,37.233820000345],[-102.645413999598,37.233612999881],[-102.643697000188,37.233612999881],[-102.643067999826,37.233223000033],[-102.643067999826,37.232170999986],[-102.643698000013,37.231416000207],[-102.643755999739,37.230546000101],[-102.643184000177,37.230019999687],[-102.640753000016,37.228782999849],[-102.63909299961,37.228781999913],[-102.638377000107,37.229125000201],[-102.637231000435,37.231137999911],[-102.636258000116,37.231732999773],[-102.634083000049,37.231891999718],[-102.63370999978,37.232487000066],[-102.634309999829,37.233448000027],[-102.633851000245,37.235529999664],[-102.63327799996,37.235850000055],[-102.631675000353,37.236056000259],[-102.630302000001,37.235940000144],[-102.629040999802,37.237130000194],[-102.628296999813,37.237334999937],[-102.627495999922,37.236853999885],[-102.626581000228,37.235388999665],[-102.62372699957,37.234043000254],[-102.622924999854,37.233151000237],[-102.621837999732,37.23328799991],[-102.621409000285,37.234363999667],[-102.621754000067,37.23578299984],[-102.622040000297,37.236149000333],[-102.621927000319,37.238070999777],[-102.621327000269,37.239832999749],[-102.620526000378,37.240497000297],[-102.616834000019,37.240452999907],[-102.6158609997,37.240773999917],[-102.616063000265,37.243566000206],[-102.615606000331,37.244320999873],[-102.614780000325,37.244779000099],[-102.612113000163,37.244802000188],[-102.611122000301,37.245077000278],[-102.61003699983,37.244965000061],[-102.609609000208,37.243913000113],[-102.607548999768,37.242819000274],[-102.607089000358,37.242877000067],[-102.605991000366,37.243703999997],[-102.603858000132,37.243771000323],[-102.602969000377,37.243219000131],[-102.602288999961,37.24330300011],[-102.599644000439,37.244481000171],[-102.598964000023,37.244589000055],[-102.597542000166,37.244238000045],[-102.595512999688,37.244638999963],[-102.594069999915,37.245380999722],[-102.593479999911,37.245357000092],[-102.591017999788,37.244099000067],[-102.590187999585,37.243778999654],[-102.588355999649,37.24265800027],[-102.587811999676,37.242475000315],[-102.586152000167,37.242750000314],[-102.584892999619,37.243756999705],[-102.584892999619,37.244900999964],[-102.584091999728,37.245794000099],[-102.582833000077,37.245794000099],[-102.582289000104,37.24627399989],[-102.581058000043,37.246458000334],[-102.579970000096,37.245794000099],[-102.579740999767,37.244763999943],[-102.579159999984,37.243519999981],[-102.578252999788,37.242682000044],[-102.577564999875,37.242338999931],[-102.575388999982,37.243208999821],[-102.57335700003,37.243231999674],[-102.571696999623,37.242018999912],[-102.570952999634,37.242224999705],[-102.570952999634,37.243300000164],[-102.570351999759,37.24405500035],[-102.569693999983,37.244238000045],[-102.567948000261,37.244010000158],[-102.567347000386,37.244626999673],[-102.567718999932,37.24513100017],[-102.569263999813,37.24609199984],[-102.569493000142,37.246870000118],[-102.568806999878,37.247534000167],[-102.567547000403,37.247922999945],[-102.567288999762,37.247373000225],[-102.567718999932,37.246778000098],[-102.567204000271,37.246205999938],[-102.563882999633,37.24609199984],[-102.558587999666,37.246229000307],[-102.557501000443,37.246754999896],[-102.556898999846,37.248287999733],[-102.556354999872,37.248952000159],[-102.555667999784,37.249043000003],[-102.554837999581,37.248059000263],[-102.554609999975,37.247394999834],[-102.553551000341,37.245610000179],[-102.55254899971,37.244695000334],[-102.55129000006,37.244053999901],[-102.550202000114,37.244121999649],[-102.548456000391,37.244625999947],[-102.548140999849,37.245197999942],[-102.548827999937,37.245838000231],[-102.549342999598,37.247805999817],[-102.548741999723,37.248606999918],[-102.54702399959,37.249384999973],[-102.54533499977,37.249598999796],[-102.543365999566,37.250380999648],[-102.541643000309,37.249314999925],[-102.540869000182,37.24922300003],[-102.539982000077,37.249518999759],[-102.539156999896,37.250414999893],[-102.53806899995,37.250609999927],[-102.535948000309,37.250017000357],[-102.53500099993,37.249587000296],[-102.534543000171,37.249083999951],[-102.5347149997,37.2485349998],[-102.536775999964,37.247848999805],[-102.536890999592,37.247071000339],[-102.536205000227,37.246430000093],[-102.534716000423,37.246316000334],[-102.53411499965,37.246566999946],[-102.532682999747,37.247757000265],[-102.531480999998,37.249152000166],[-102.530998999949,37.250494000045],[-102.53128500018,37.252072999645],[-102.532429000202,37.253423000147],[-102.532599999907,37.254314999795],[-102.532285000262,37.255345000245],[-102.531340000431,37.257473000221],[-102.529276999618,37.259851999824],[-102.529105000089,37.260424000056],[-102.527960000241,37.260882000351],[-102.52747300017,37.26131599974],[-102.526842999983,37.262413999949],[-102.526842000158,37.263398000228],[-102.527270999605,37.264175999818],[-102.52887400011,37.26541300003],[-102.529103000439,37.266214000237],[-102.528587000055,37.267105999976],[-102.526353000436,37.268134999822],[-102.525607999724,37.269575999904],[-102.525607999724,37.270742999901],[-102.525235000353,37.271887000004],[-102.522886000208,37.273624999903],[-102.520022000402,37.274975000133],[-102.517130000109,37.276094999704],[-102.514637999849,37.276093999681],[-102.512548000171,37.276481999922],[-102.511173000169,37.277327999936],[-102.5107999999,37.278472000047],[-102.510883999566,37.28078300011],[-102.509536000227,37.283367999722],[-102.508075999837,37.283824999915],[-102.504610000331,37.283616999672],[-102.503464999586,37.283205000037],[-102.502434000439,37.283249999687],[-102.501030000125,37.28434800025],[-102.500841999804,37.285628999718],[-102.501113999791,37.286818999702],[-102.503517000362,37.288787999722],[-102.503688999892,37.289634999904],[-102.502313000065,37.29036599991],[-102.49874000043,37.290828000338],[-102.495878000274,37.292224999652],[-102.494933000443,37.29300300007],[-102.494560999999,37.293690000203],[-102.49453300041,37.294902999701],[-102.494964000405,37.29609199975],[-102.495079000033,37.297008000224],[-102.494449999671,37.297876999916],[-102.494020000399,37.297991999968],[-102.492416000069,37.297833000173],[-102.491328000122,37.297970000133],[-102.489208000306,37.297903000142],[-102.487633000288,37.297628999729],[-102.484080999671,37.296737999835],[-102.4803559997,37.295389000268],[-102.476746000255,37.293399000104],[-102.474998999809,37.292530000135],[-102.473910000038,37.29163800006],[-102.473051000421,37.291294999895],[-102.471247000074,37.291524000118],[-102.470559999986,37.292050999788],[-102.469214000297,37.292669000069],[-102.46858400011,37.293812999958],[-102.470017999662,37.29674200026],[-102.470133000188,37.298092000305],[-102.469330999574,37.299967999933],[-102.467727999967,37.300906999759],[-102.466209999851,37.30102200018],[-102.464577000106,37.301365000298],[-102.462344000312,37.302533999797],[-102.461541999698,37.303219999682],[-102.461054999626,37.303975000121],[-102.459939000091,37.307406999786],[-102.459395000118,37.307909999942],[-102.455841999676,37.308461000092],[-102.453835999663,37.309056000124],[-102.45225999982,37.309354000309],[-102.45137199989,37.309330999929],[-102.450026000201,37.308919000353],[-102.448908999942,37.308782000331],[-102.447706000368,37.309240000066],[-102.447046999869,37.310453000284],[-102.446445999995,37.310980000225],[-102.445385999637,37.311322999934],[-102.444439999981,37.311253999866],[-102.441576000176,37.309173000112],[-102.441433000061,37.308784000224],[-102.44146099965,37.306519000264],[-102.441118000416,37.305466000236],[-102.440487000405,37.304505000103],[-102.438453999729,37.302948999774],[-102.435904999567,37.302169999651],[-102.433957000179,37.302193000077],[-102.432983000035,37.302467999972],[-102.431464999919,37.303543000177],[-102.430289999934,37.305464999888],[-102.42851300025,37.307042999647],[-102.425993000401,37.307890000067],[-102.42424500013,37.307660999652],[-102.423243000398,37.307203000302],[-102.421151999996,37.30701999999],[-102.419949000422,37.306538999789],[-102.418860999577,37.306583999774],[-102.416941999603,37.307108999745],[-102.416169000199,37.308162000343],[-102.415824000417,37.309329000051],[-102.415824000417,37.310517999965],[-102.415479999563,37.311478999699],[-102.414877999863,37.312187999657],[-102.413789999917,37.312326000159],[-102.412845000086,37.31179899965],[-102.411470999909,37.308366999677],[-102.41012500022,37.307130999764],[-102.409065999688,37.306420999655],[-102.407547999571,37.306008999853],[-102.40688899997,37.305505000209],[-102.405914999827,37.304131999777],[-102.405457000068,37.303146999954],[-102.40542899958,37.3020260003],[-102.404483999749,37.301156000262],[-102.403425000115,37.300652000249],[-102.402794999928,37.300079999818],[-102.402337999994,37.298570000336],[-102.402568000148,37.296739000298],[-102.402339999644,37.294726000271],[-102.402024999999,37.294084999695],[-102.400764999626,37.293375000053],[-102.398016000346,37.293443000297],[-102.393719999739,37.294333999914],[-102.391285000279,37.294630000285],[-102.389824999889,37.294332000352],[-102.388506999789,37.294605999912],[-102.387618999859,37.29522300016],[-102.385498000218,37.29703000034],[-102.384294999746,37.298288000236],[-102.383348000265,37.299774999933],[-102.382030000165,37.30089499986],[-102.381112000098,37.301420999935],[-102.379816999564,37.301769000217],[-102.379799999846,37.315693000008],[-102.379808000242,37.326654999833],[-102.379780999579,37.332457999962],[-102.380029000174,37.332887000224],[-102.380828000416,37.333012000109],[-102.385627999914,37.332979000011],[-102.38635799966,37.333373000279],[-102.386373999554,37.340226000241],[-102.386355000186,37.353800999749],[-102.404487999947,37.353771000045],[-102.410325000237,37.353788000022],[-102.411100000188,37.35422199976],[-102.4110149998,37.368262000252],[-102.401902999801,37.368256999838],[-102.401892999755,37.380190999764],[-102.401857999595,37.383522999785],[-102.401974999771,37.383849999885],[-102.400771000372,37.383837999671],[-102.400926000182,37.401361000335],[-102.400962000167,37.417481000194],[-102.40093200003,37.431220999745],[-102.400952000122,37.454932000017],[-102.400910000289,37.470449999891],[-102.400916999962,37.476749999947],[-102.400880000152,37.499252000198],[-102.400859000235,37.504619000075],[-102.401352000155,37.504131999942],[-102.403735999561,37.50321800035],[-102.404482999924,37.502714999803],[-102.40548800003,37.502463000111],[-102.406522000448,37.502578000206],[-102.40766999977,37.503129000199],[-102.409536000041,37.505577000147],[-102.410310999993,37.50727100006],[-102.409936999899,37.50880299972],[-102.409936000074,37.509627000053],[-102.410453000283,37.510885999753],[-102.411830999759,37.512305000306],[-102.412003000187,37.512737999947],[-102.411887999661,37.514659999896],[-102.412116000165,37.51784100017],[-102.41312100027,37.519533999996],[-102.413379000013,37.519716999824],[-102.414959000054,37.519739999813],[-102.41639599998,37.519214000017],[-102.41711400003,37.517612999828],[-102.418062000234,37.517728000097],[-102.418694999896,37.518550999867],[-102.42038899974,37.520221999758],[-102.420849000047,37.521113999951],[-102.420848000222,37.521777999727],[-102.420158999586,37.523172999862],[-102.420445999641,37.523723000009],[-102.421279000217,37.523746000188],[-102.423404999881,37.522602000013],[-102.425100000448,37.521892999989],[-102.426248999595,37.521228999811],[-102.428174000316,37.521000999847],[-102.429093000208,37.521573000152],[-102.429494999891,37.52237399997],[-102.430126999727,37.522854000114],[-102.430643000111,37.524891000191],[-102.430326999744,37.525554000287],[-102.430241000429,37.526721000053],[-102.431044999794,37.527774000036],[-102.430930000167,37.529237999656],[-102.431963999686,37.531228999951],[-102.432825999677,37.532395999981],[-102.434204999876,37.533608000101],[-102.435123999768,37.534181000057],[-102.436101000284,37.534478000238],[-102.437624000424,37.534478000238],[-102.439319000092,37.533448000191],[-102.441157999701,37.531548999688],[-102.442278000333,37.531548999688],[-102.443024999797,37.532441999971],[-102.443715000258,37.532853000252],[-102.444087999629,37.534089000056],[-102.445265999987,37.535164000113],[-102.447851999958,37.536925999802],[-102.448713999949,37.537773000287],[-102.45055400028,37.539900000318],[-102.45101399969,37.539488000336],[-102.450411000165,37.538458999769],[-102.451330000057,37.538229999662],[-102.453772000088,37.538847999949],[-102.454865000058,37.540449000294],[-102.456963000132,37.541044000172],[-102.457709999597,37.541432999687],[-102.457682000008,37.542279000222],[-102.455901000125,37.543927000303],[-102.455871999813,37.544315999733],[-102.45664799959,37.544613000146],[-102.458974999993,37.544131999697],[-102.459233999561,37.543720000308],[-102.459809000395,37.544109000106],[-102.459493000027,37.545070000332],[-102.457912999986,37.547129999883],[-102.45886100019,37.548480000118],[-102.458889999604,37.549051999797],[-102.460097000275,37.548891000315],[-102.461189000419,37.547906999647],[-102.462166000037,37.547906999647],[-102.463459000023,37.547563999646],[-102.464062000445,37.546876999918],[-102.465068000376,37.547082999721],[-102.466390999601,37.548112000205],[-102.467512000057,37.548386999998],[-102.468374000048,37.548112000205],[-102.469322000252,37.547173000126],[-102.470816000079,37.546029000303],[-102.471361999702,37.546372000245],[-102.471621000168,37.547630000288],[-102.470645000375,37.549346999972],[-102.47173699962,37.549575000178],[-102.472540999885,37.549208999864],[-102.473806000281,37.550490000224],[-102.476564999607,37.551382000235],[-102.47728400038,37.551770000022],[-102.478117999883,37.552616999946],[-102.478751000443,37.553806000244],[-102.479698999749,37.554058000311],[-102.480847999795,37.55311899965],[-102.481164000162,37.552020999945],[-102.482400000246,37.552043000037],[-102.48306200022,37.552957999695],[-102.482832999891,37.553850999962],[-102.481914,37.555040999668],[-102.483092000357,37.555201000244],[-102.484931999791,37.554467999786],[-102.48723200043,37.556732000039],[-102.488727000082,37.556571000056],[-102.489532000171,37.556800000083],[-102.490020999893,37.557509000115],[-102.491457999819,37.55844599994],[-102.493355000052,37.560001000195],[-102.495282000422,37.560800999796],[-102.496173999652,37.56249400001],[-102.497612000301,37.563272000282],[-102.49913500044,37.562949999747],[-102.500025999845,37.56359100017],[-102.50009899964,37.565580999811],[-102.50119900018,37.566310000317],[-102.50220500011,37.566607999666],[-102.502951999575,37.566493999716],[-102.504103000168,37.565578999649],[-102.504447000125,37.566013999927],[-102.504473999889,37.567020999695],[-102.503007999651,37.567730000015],[-102.502862999886,37.568484999818],[-102.503984000343,37.569102999896],[-102.505364000367,37.568920999894],[-102.507032000271,37.56796100002],[-102.508393000029,37.568198000298],[-102.509572000212,37.568653000326],[-102.51132600033,37.568791000027],[-102.511763999998,37.56916099971],[-102.513334999818,37.569234999995],[-102.514950999844,37.569890000067],[-102.515909000094,37.570684999857],[-102.51652800041,37.570763000099],[-102.518377000064,37.570043999956],[-102.519988999892,37.570175000148],[-102.522281000136,37.571609999862],[-102.522829000307,37.571703999835],[-102.524304999692,37.572715000227],[-102.525216999911,37.573985000176],[-102.525122000375,37.574825000262],[-102.526064999658,37.576314999853],[-102.527602000041,37.577106999981],[-102.528859999867,37.578733000163],[-102.529500999924,37.579061000215],[-102.529660999758,37.580092999794],[-102.530368999762,37.582527999867],[-102.530717999742,37.583123999999],[-102.530910000261,37.584366999671],[-102.531839000198,37.585340000294],[-102.532517000066,37.586498999711],[-102.532943999863,37.58795000025],[-102.533291000193,37.588353000198],[-102.533564000004,37.589489999977],[-102.534127000244,37.590310999675],[-102.534379999964,37.591529000264],[-102.535923000195,37.594339000079],[-102.535560999797,37.597400999893],[-102.535749000118,37.598069999893],[-102.535809000392,37.600294999773],[-102.52940200019,37.600415999714],[-102.529419999733,37.612584999984],[-102.529397999992,37.615176000091],[-102.529459000091,37.626212999985],[-102.52989500011,37.62790699996],[-102.531025999714,37.629102000033],[-102.537591999924,37.634058000112],[-102.538210000415,37.634846000159],[-102.537873000132,37.638246999851],[-102.538043999836,37.639773999903],[-102.539577999846,37.64226799989],[-102.539998999795,37.64373400025],[-102.548926999671,37.643713000321],[-102.559546999741,37.643608999975],[-102.564847999555,37.643778999671],[-102.58066700023,37.643622999948],[-102.595179999603,37.643572999931],[-102.612840000434,37.643539000071],[-102.620517000157,37.643485999693],[-102.625472000365,37.643620999749],[-102.633155999761,37.643601999988],[-102.639573000009,37.643674000031],[-102.649290999905,37.643662000265],[-102.658450999585,37.643679999912],[-102.670710000145,37.643634000332],[-102.694479000355,37.643595],[-102.712665999644,37.643590000211]]]},"properties":{"geoid":"08009964700","county_fips":"08009","designated":true}},{"type":"Feature","geometry":{"type":"Polygon","coordinates":[[[-105.546314000117,39.779497000112],[-105.547870999693,39.781057000285],[-105.548183999688,39.781777000066],[-105.549895000148,39.78205099969],[-105.550547000076,39.783207999988],[-105.550876999789,39.784529999704],[-105.55063699959,39.785354999769],[-105.549751000208,39.786081000231],[-105.551272999624,39.786157999757],[-105.551754999673,39.786364000075],[-105.55541600007,39.786680999908],[-105.556057000128,39.786219000137],[-105.556709000056,39.785129000222],[-105.557154000295,39.784967000139],[-105.557506999574,39.78360900008],[-105.558716999719,39.782759000045],[-105.559644999832,39.781641000155],[-105.560403000065,39.779838000305],[-105.560423000157,39.779280999957],[-105.559975000443,39.778524000276],[-105.55933500021,39.778062000275],[-105.558826000397,39.776970000183],[-105.558684000107,39.776026000145],[-105.557679000002,39.77403399973],[-105.557377999703,39.771182999665],[-105.55772900023,39.77036100028],[-105.559921999841,39.769717000004],[-105.560731000128,39.769243999709],[-105.560620999625,39.768833000025],[-105.559614999695,39.767989000066],[-105.559870999788,39.767242000148],[-105.559331000012,39.76651900001],[-105.558730999963,39.766288000156],[-105.557417999886,39.764001000334],[-105.557251000379,39.762784999722],[-105.557904000132,39.762153999821],[-105.557776999911,39.761376999953],[-105.556883000133,39.760171999899],[-105.55630200035,39.758105000128],[-105.556325999741,39.755965999669],[-105.556702000383,39.75512200014],[-105.555678000011,39.7543790002],[-105.554267000025,39.752934999921],[-105.552919999612,39.751972000167],[-105.551214999898,39.751402000113],[-105.549716000048,39.750593000318],[-105.548141999855,39.749278000037],[-105.546663999921,39.748275999674],[-105.545184000338,39.74753000014],[-105.54343000022,39.746889000132],[-105.54051899966,39.746088999675],[-105.538440999677,39.745262999903],[-105.536689000107,39.744732000149],[-105.534574000314,39.744273999896],[-105.531158000139,39.743381999992],[-105.527650999728,39.742926000108],[-105.526669999912,39.742698999911],[-105.521806999766,39.741223000329],[-105.520062999693,39.74089800014],[-105.522656000236,39.738972999739],[-105.525508000346,39.736508000234],[-105.517553999715,39.736774999903],[-105.51712100007,39.736971999831],[-105.513856000406,39.736884999928],[-105.508842999574,39.737288999848],[-105.507503999557,39.737726999937],[-105.504467000398,39.738454000067],[-105.501264999585,39.739385999879],[-105.498707000101,39.73964299992],[-105.496607000376,39.740181999908],[-105.49517399975,39.741713000311],[-105.495937999831,39.742124000222],[-105.493910000077,39.742564999845],[-105.493392000043,39.742964000099],[-105.495802000287,39.742622000122],[-105.496728999677,39.743045999716],[-105.496994999816,39.743478000164],[-105.498190999717,39.744281000341],[-105.498287999801,39.745828000322],[-105.4991299997,39.747078999997],[-105.499973000322,39.748704000093],[-105.500528000166,39.749388000135],[-105.501987999658,39.750236999853],[-105.501734999938,39.751153000227],[-105.500311000431,39.752331000089],[-105.50030399986,39.752962000211],[-105.500765999818,39.753606999763],[-105.500939999895,39.754624000118],[-105.500620000228,39.755980000253],[-105.501086000383,39.756857000342],[-105.502369000323,39.75706499992],[-105.503664999783,39.756661999908],[-105.505156999961,39.757011999762],[-105.505757999835,39.757732999655],[-105.50825299957,39.759228000154],[-105.509111000261,39.760713999962],[-105.510641999898,39.762038999872],[-105.511544000071,39.762611999977],[-105.511769000202,39.763265000094],[-105.512293000084,39.762306000048],[-105.513121999564,39.761878999803],[-105.512548000352,39.76261899994],[-105.512704999812,39.763609000247],[-105.513098999998,39.763942000039],[-105.512057999907,39.764338999656],[-105.510379999957,39.763842999746],[-105.508290000278,39.764147000003],[-105.508389999837,39.764448000001],[-105.510188000336,39.76581499978],[-105.512221000114,39.765986000069],[-105.514248000043,39.765655000199],[-105.516509000325,39.764983999694],[-105.518501000094,39.765114000217],[-105.520126000341,39.765941000034],[-105.521283999709,39.766094000033],[-105.521805999941,39.767002000087],[-105.522944999941,39.767291999854],[-105.525588999638,39.768686000127],[-105.527905999996,39.769055000023],[-105.530208000285,39.769078000309],[-105.531133000025,39.769691999655],[-105.533908999967,39.770154999698],[-105.538604999709,39.771619999932],[-105.541307999856,39.773809999751],[-105.543715999552,39.773803000236],[-105.545076000383,39.773634999929],[-105.544980999948,39.77429799978],[-105.544401999815,39.775416999922],[-105.5442550004,39.776919999912],[-105.544674999627,39.777989999717],[-105.546314000117,39.779497000112]]]},"properties":{"geoid":"08019014800","county_fips":"08019","designated":true}},{"type":"Feature","geometry":{"type":"Polygon","coordinates":[[[-103.211530000048,40.62562099998],[-103.211915999837,40.635998999671],[-103.21191900021,40.639141000086],[-103.202423000072,40.639375999762],[-103.202469000102,40.640279000259],[-103.194907999832,40.640406999738],[-103.193540000401,40.6402699997],[-103.191947999767,40.642502000132],[-103.188195000206,40.647558999971],[-103.182530000344,40.655303000075],[-103.179694000128,40.659067000029],[-103.177772999605,40.661803999824],[-103.176915999637,40.664440000303],[-103.176519999802,40.665198999675],[-103.175435000229,40.666058999821],[-103.173969999816,40.666840999919],[-103.17252200002,40.668083000226],[-103.160275999878,40.684659999759],[-103.174415000055,40.68444300027],[-103.175000999861,40.684622999664],[-103.183530000427,40.68439399998],[-103.192543999618,40.684035000163],[-103.193265999867,40.683877000175],[-103.19459999986,40.682180999742],[-103.198195000135,40.681113000104],[-103.198565999856,40.681091000242],[-103.20300300003,40.681993000227],[-103.202977999915,40.683869000063],[-103.22211099976,40.68362400023],[-103.222027999919,40.66989499975],[-103.22200000033,40.669021000104],[-103.222308000301,40.66904100007],[-103.243754000305,40.668762000246],[-103.244899000153,40.668432999934],[-103.256166999953,40.667657999864],[-103.258813000199,40.667549999919],[-103.272589999977,40.667588999787],[-103.277413999766,40.667575000256],[-103.2953709998,40.667646000182],[-103.306006999763,40.66771000028],[-103.315755999622,40.667720999694],[-103.315697999896,40.664743000226],[-103.315618000428,40.653664000021],[-103.31551999962,40.651933000269],[-103.315647999667,40.648921999938],[-103.315764000018,40.643854999764],[-103.315786999584,40.640006000049],[-103.315718999812,40.632391000017],[-103.315836999813,40.623783000081],[-103.316174999921,40.617261999916],[-103.316240000219,40.611416000281],[-103.316385999809,40.611172000016],[-103.318089999698,40.610200999734],[-103.318606000082,40.609515999888],[-103.316220999952,40.609500000237],[-103.315918999828,40.599542000011],[-103.315748000124,40.591901000256],[-103.315744999751,40.585446999739],[-103.306538000216,40.588717999697],[-103.305691000294,40.588900000329],[-103.296846000259,40.591970000138],[-103.293850000209,40.592898000045],[-103.290210999553,40.594183000325],[-103.279008999875,40.597760000297],[-103.27797799983,40.598200000096],[-103.271917000133,40.600154999834],[-103.266219999585,40.60223700016],[-103.262133000114,40.604022000108],[-103.254415000383,40.607275000053],[-103.250504999566,40.609061000257],[-103.244093000239,40.611691000232],[-103.240281000229,40.613413000098],[-103.236391000402,40.614844000077],[-103.233991000203,40.615797999857],[-103.229811999772,40.617628000033],[-103.229834000412,40.61677000029],[-103.228906000299,40.617422999819],[-103.226862999578,40.617480999757],[-103.226892999715,40.618911000263],[-103.220211999877,40.621776999664],[-103.220096000424,40.622390000099],[-103.218324999689,40.622415000312],[-103.21833599956,40.622691000243],[-103.216881999916,40.62306199979],[-103.212827000231,40.624890999853],[-103.211530000048,40.62562099998]]]},"properties":{"geoid":"08075966100","county_fips":"08075","designated":true}},{"type":"Feature","geometry":{"type":"Polygon","coordinates":[[[-103.083500000104,40.436788000258],[-103.064911000233,40.436938999947],[-103.062251999568,40.436940999846],[-103.028195000448,40.437240999676],[-103.008520000281,40.43743200014],[-102.993196999898,40.437531000131],[-102.986603000099,40.437515999996],[-102.973636000432,40.437655999752],[-102.969236999893,40.437648000243],[-102.959268999751,40.437741000292],[-102.950839999643,40.437770999773],[-102.948979000293,40.437873999691],[-102.942211000416,40.437908000219],[-102.933557000176,40.438044000112],[-102.930869999922,40.438010999927],[-102.921829000068,40.438087000287],[-102.911667999583,40.438142000296],[-102.893157000428,40.438277000127],[-102.882626000047,40.438315000167],[-102.857836999663,40.438297000079],[-102.849051999902,40.438277999715],[-102.836558999888,40.43834899979],[-102.817689999635,40.438427000305],[-102.812002000206,40.438427999891],[-102.806056999962,40.438480999768],[-102.793916000301,40.438508000167],[-102.776365999972,40.438457000164],[-102.762747000377,40.438588999931],[-102.748552999949,40.438539000257],[-102.731453999707,40.438564999682],[-102.72960199968,40.438551000045],[-102.702428999889,40.438541000108],[-102.701669999831,40.438646000061],[-102.683373999863,40.438551000045],[-102.682635999721,40.438500000075],[-102.671879000282,40.43851499999],[-102.664804000258,40.438472999673],[-102.664865000358,40.456737000334],[-102.664944,40.463690999748],[-102.66500699975,40.472884999834],[-102.665021999818,40.481501999767],[-102.665000000077,40.487533000148],[-102.665108000032,40.508751000109],[-102.665050000306,40.511308999832],[-102.665137000344,40.512644999818],[-102.665046999933,40.521776000188],[-102.665113000055,40.524706999874],[-102.665046000108,40.526034999963],[-102.665072999872,40.537600000076],[-102.665113000055,40.540444999689],[-102.6651840002,40.554985000184],[-102.66516199956,40.558743000078],[-102.665298000003,40.569897999752],[-102.665451999989,40.578945000238],[-102.665499999669,40.584107000326],[-102.665517000286,40.599660999922],[-102.665588000431,40.608112000058],[-102.665575999837,40.613394000213],[-102.665395000087,40.624918000245],[-102.665286000307,40.634597000253],[-102.665103999834,40.644574999885],[-102.664954999871,40.663603999867],[-102.664730999565,40.686058999865],[-102.664688999732,40.70518899992],[-102.650880000167,40.705339999882],[-102.651095000252,40.730995000149],[-102.65122099975,40.739763000125],[-102.651285000223,40.746958999743],[-102.651342000124,40.759246999709],[-102.651448000429,40.792958999972],[-102.65156800008,40.816759000109],[-102.65174700018,40.852397999773],[-102.651814000127,40.865445000222],[-102.651937999976,40.874993999807],[-102.652113999703,40.884631999844],[-102.654275000425,40.884737000126],[-102.657313000308,40.885132999887],[-102.659649000034,40.8847880003],[-102.661738999713,40.884739000227],[-102.662737000146,40.884092000125],[-102.663475000288,40.884553000103],[-102.664372000438,40.884581000228],[-102.66725700016,40.884092999846],[-102.66897199992,40.88345100023],[-102.66975299972,40.88343400006],[-102.672479000332,40.882906000334],[-102.674050999977,40.88348499988],[-102.675302999954,40.8835429998],[-102.676755999774,40.883274999929],[-102.679429999609,40.882473000088],[-102.68083800012,40.881597000307],[-102.684190999647,40.878154999844],[-102.685231999738,40.876239999975],[-102.686082999858,40.875684999963],[-102.68793400006,40.875130999909],[-102.687240000299,40.874993999807],[-102.687884999657,40.874343000069],[-102.689331999628,40.873937000183],[-102.690792000018,40.873288999892],[-102.694111999933,40.871220000238],[-102.696126000343,40.870441000061],[-102.698486000358,40.870133000166],[-102.699846000291,40.870275999713],[-102.700995000337,40.869956999777],[-102.702614999662,40.868633999747],[-102.703829000005,40.868057999936],[-102.704458000367,40.868452999666],[-102.7058180003,40.867952999689],[-102.708355999692,40.867476000041],[-102.710119999856,40.866603000119],[-102.711622999904,40.866273000265],[-102.712838000072,40.865235000106],[-102.714587999992,40.865289999699],[-102.71619999982,40.865069999694],[-102.717139999628,40.864620000061],[-102.719200000068,40.863949999759],[-102.719683999767,40.863230999783],[-102.720565999849,40.862927999843],[-102.722069999721,40.863449999751],[-102.723776999984,40.863750999965],[-102.724565000355,40.863548000129],[-102.724881999649,40.862889000301],[-102.725712999677,40.862203000014],[-102.727275000174,40.861795999684],[-102.727809999927,40.861427999996],[-102.729247999677,40.861317999784],[-102.731026000085,40.8603840002],[-102.731944999977,40.860307000217],[-102.734329000282,40.858363000034],[-102.736064000133,40.858219999901],[-102.737186000415,40.857384000103],[-102.738023000291,40.857670000273],[-102.741876000309,40.857228999739],[-102.742845000429,40.856953999779],[-102.744557999641,40.857063000315],[-102.747168999727,40.857786999894],[-102.749944999669,40.857746999925],[-102.75077900007,40.857315999795],[-102.751820000161,40.857249999669],[-102.752739000053,40.856927000329],[-102.75409099959,40.856103999665],[-102.756065999641,40.855374999945],[-102.756464000024,40.854946999812],[-102.758597000259,40.854449000124],[-102.760172000277,40.854873000109],[-102.762276000199,40.854654000319],[-102.762747000377,40.853934999993],[-102.762697999973,40.852150999716],[-102.763732000391,40.851855000146],[-102.764765000086,40.852168999969],[-102.7659290002,40.852245999899],[-102.767013999773,40.851725000238],[-102.767440999571,40.850829999804],[-102.76799100029,40.850408000224],[-102.769147000008,40.850325999723],[-102.770014999847,40.849409999728],[-102.771338999794,40.848905000146],[-102.772827999599,40.848115000279],[-102.773673999695,40.847918000334],[-102.773247999723,40.848335000199],[-102.774619000425,40.848312000319],[-102.776473000102,40.847255000195],[-102.777668000179,40.846744999756],[-102.778592000093,40.846082999727],[-102.780264000196,40.845418000327],[-102.780414999808,40.844980000039],[-102.781302999738,40.844424000027],[-102.782701000204,40.844192000237],[-102.784461999995,40.843596000052],[-102.785335999681,40.843837999777],[-102.788264999784,40.841023000255],[-102.788944000374,40.841197999687],[-102.791892999671,40.840079000207],[-102.79258700033,40.840299000299],[-102.793642999591,40.840233000212],[-102.795492999968,40.84093100005],[-102.796077999949,40.841551000293],[-102.797487000286,40.841579000255],[-102.798766999853,40.841903000021],[-102.80114500031,40.841913999876],[-102.803371000431,40.841799000126],[-102.806465000391,40.841338000124],[-102.807873999829,40.841459000141],[-102.809478999984,40.841168000186],[-102.810664000015,40.841586000074],[-102.813382000231,40.841372000331],[-102.814864000362,40.841712000082],[-102.817046999927,40.841360999706],[-102.817769000176,40.841405000155],[-102.820089999833,40.841974999905],[-102.821542999652,40.841909000128],[-102.822222000243,40.842260999993],[-102.824073000446,40.842523999676],[-102.824976000444,40.841997000269],[-102.827425999973,40.841957999958],[-102.828359000108,40.842106999942],[-102.830795000292,40.842171999848],[-102.832392000051,40.841727000051],[-102.834523999563,40.841573000119],[-102.836845000119,40.842159999682],[-102.837994000164,40.842186999713],[-102.840401000035,40.841083999744],[-102.842323000383,40.840583999766],[-102.843002000075,40.840165999676],[-102.843775000377,40.839034999711],[-102.845097999602,40.838338000029],[-102.845690000154,40.837624000115],[-102.846656999726,40.837285999958],[-102.849604000271,40.837589000282],[-102.850192999552,40.837935999933],[-102.852350999901,40.83632499967],[-102.853034999616,40.836035000051],[-102.853966999927,40.836140999684],[-102.855160000353,40.835398000276],[-102.855737999763,40.833920999814],[-102.856572000165,40.833288000029],[-102.857727999883,40.832980999829],[-102.859109999557,40.831589999909],[-102.860147000348,40.831040000138],[-102.860426999832,40.830544999774],[-102.860050000264,40.829636000024],[-102.862335999761,40.828094000295],[-102.862776999802,40.827303999797],[-102.863552999579,40.826627000023],[-102.86609800044,40.822819000313],[-102.866834999859,40.821850999847],[-102.868892999751,40.821631999701],[-102.871009000267,40.820726000131],[-102.871906000418,40.820817999824],[-102.874360000145,40.820338000024],[-102.877429999815,40.819428999724],[-102.879744999624,40.81921599986],[-102.880071999862,40.818897000154],[-102.881482999849,40.818393999986],[-102.882539000008,40.817621000266],[-102.884735999817,40.817067000001],[-102.886469999844,40.81748500024],[-102.893725999617,40.815183000086],[-102.897058000126,40.813779000121],[-102.900055999826,40.813515999949],[-102.902650000194,40.812923999799],[-102.90349600029,40.812205999713],[-102.904652000009,40.811744999954],[-102.906407999777,40.81135600021],[-102.909176000221,40.811450000254],[-102.910316999871,40.811269000333],[-102.911763000018,40.810561000163],[-102.912831999697,40.809320999705],[-102.913872999788,40.808853999921],[-102.915051000146,40.808679000112],[-102.916617999768,40.809173000324],[-102.918207999854,40.809239000052],[-102.919566000137,40.80898700012],[-102.921066999637,40.808345000015],[-102.922433000316,40.807311000257],[-102.921387000203,40.807372999683],[-102.921993999925,40.806698000199],[-102.923092999742,40.806083999699],[-102.925266999985,40.805787000225],[-102.926782999553,40.805794999965],[-102.926888000033,40.805177999936],[-102.927878999895,40.804796000075],[-102.928602999793,40.804176000217],[-102.929233999805,40.803252000314],[-102.930708000439,40.802006000321],[-102.933272999596,40.801050999864],[-102.936559000074,40.800128999912],[-102.938683000088,40.799684000168],[-102.941067000393,40.798360999971],[-102.942678000396,40.79802599997],[-102.94427400033,40.797350999947],[-102.94641199969,40.795269999949],[-102.947958000294,40.794485000187],[-102.948976999745,40.794326000099],[-102.950601999991,40.79475399991],[-102.952032000244,40.794242999884],[-102.953238000191,40.794078000223],[-102.955072999602,40.793046000049],[-102.956936000398,40.792803999942],[-102.958200000072,40.792298999704],[-102.960207999735,40.791188999977],[-102.961637999988,40.790805000325],[-102.962252000281,40.790377000221],[-102.963356000121,40.788926999665],[-102.965412000363,40.787528000329],[-102.965366000332,40.786660999832],[-102.967175999628,40.785384999693],[-102.968041999817,40.785138000284],[-102.970714000002,40.785017000214],[-102.973084000063,40.785201999721],[-102.974404999638,40.785163999872],[-102.975870999876,40.784686000339],[-102.97699800018,40.785233999756],[-102.978196999556,40.785217000228],[-102.980637999763,40.784717000083],[-102.98159099999,40.784776999809],[-102.983577999736,40.785187999743],[-102.986451999588,40.785246999872],[-102.988265000155,40.784928000105],[-102.989564999814,40.784443999691],[-102.991087999953,40.783472000328],[-102.992524999879,40.783119999956],[-102.993211000142,40.782767999759],[-102.994336999723,40.782916000201],[-102.995130999942,40.782278999766],[-102.996141999895,40.782085999723],[-102.996885999885,40.782503000025],[-103.000189000081,40.782404000322],[-103.000683999651,40.781644999741],[-103.002082000117,40.781473000024],[-103.003765999915,40.780568000306],[-103.006785000429,40.77988300033],[-103.008434000067,40.777638000041],[-103.010312000034,40.776502999883],[-103.011605000019,40.776300000199],[-103.012892999982,40.775791000326],[-103.013939999921,40.775638999669],[-103.014027999784,40.774479999721],[-103.014838999721,40.773561000264],[-103.015216000188,40.772335999824],[-103.015610000373,40.77176600028],[-103.017357999745,40.771069999986],[-103.019208000123,40.769793999674],[-103.02155300007,40.769337999721],[-103.022564999848,40.767927000073],[-103.02359099987,40.767581999794],[-103.023800000107,40.767175000276],[-103.026816000249,40.764894000309],[-103.029557000031,40.764151999865],[-103.031506999968,40.76338999977],[-103.033912000189,40.761376000299],[-103.036222999801,40.759987000013],[-103.0380210003,40.758297000023],[-103.039776000243,40.757593999681],[-103.039936000076,40.757202000267],[-103.041106000038,40.756192999914],[-103.041583999889,40.755372999989],[-103.042809000103,40.754047999665],[-103.043076000067,40.753235999771],[-103.044383000296,40.752681999755],[-103.047566999769,40.752699000123],[-103.048822999945,40.752209999982],[-103.049429999667,40.751315],[-103.050757999813,40.750256000279],[-103.051555000404,40.749372000084],[-103.052912999789,40.748422999885],[-103.054471999913,40.747730999757],[-103.055598000393,40.747642999799],[-103.056630000262,40.746710000212],[-103.058802999782,40.745749999992],[-103.06286800041,40.741922999805],[-103.065067999694,40.741189000272],[-103.0658329996,40.740237999991],[-103.067060000361,40.739586000248],[-103.067574000197,40.738760999681],[-103.068440000386,40.738299999809],[-103.069970000198,40.736526999737],[-103.070800000401,40.736186000173],[-103.07414899973,40.736344999882],[-103.077461999973,40.735663999781],[-103.077989000228,40.735423000215],[-103.080961999813,40.735773000208],[-103.082794999574,40.735702000032],[-103.085667999601,40.735756000278],[-103.087919999661,40.735097000008],[-103.089132000354,40.735004000034],[-103.09181700006,40.734431999721],[-103.093541000041,40.733541999833],[-103.096759999674,40.733591000049],[-103.09849200005,40.733710999883],[-103.101407999735,40.732656000143],[-103.103161999853,40.733397000234],[-103.105413000088,40.733115999689],[-103.106777000219,40.732664999805],[-103.109188000288,40.732784999947],[-103.112189000361,40.732141999726],[-103.11232599973,40.731778000033],[-103.114116999658,40.730661000089],[-103.11523899994,40.730367000284],[-103.116336000107,40.729689000282],[-103.116459999955,40.729207999891],[-103.117152000067,40.728790000074],[-103.11734700006,40.727912000008],[-103.117859000246,40.727407000079],[-103.119647999626,40.726570999703],[-103.11987799978,40.725489999988],[-103.119394000081,40.72463300034],[-103.119435999914,40.723255000255],[-103.120107000109,40.722827000071],[-103.121173000314,40.720882999782],[-103.123047999907,40.71897099985],[-103.123371999773,40.717160000212],[-103.123725999775,40.716690000009],[-103.124341999718,40.716813000283],[-103.124206999999,40.715130000251],[-103.12332999994,40.714047000119],[-103.123324000092,40.713156999962],[-103.123662000201,40.711839000145],[-103.124115999762,40.710927999816],[-103.125479000068,40.709564999847],[-103.126478000326,40.709008999783],[-103.128318999584,40.708263000249],[-103.12903400016,40.70729700022],[-103.128942000098,40.705897000298],[-103.130175999635,40.704749999921],[-103.130717999958,40.703548000044],[-103.131758000224,40.702977999871],[-103.133534000083,40.701347999997],[-103.134076000406,40.700546999845],[-103.133867000169,40.699871999844],[-103.134098000148,40.69922400011],[-103.133832999834,40.697757999989],[-103.133076000324,40.696789000012],[-103.133142000446,40.696154000088],[-103.1323549999,40.69488600017],[-103.131911000384,40.693265999901],[-103.132373000342,40.692315999883],[-103.132410000152,40.691411000271],[-103.133724000054,40.690049999877],[-103.1334939999,40.689017000163],[-103.134174000316,40.687183999989],[-103.133828999636,40.68549299987],[-103.133977999599,40.685039000232],[-103.133638999665,40.68374100017],[-103.134257999981,40.683059000018],[-103.133768000435,40.681577999771],[-103.134172999592,40.680046999847],[-103.134052000117,40.678569999815],[-103.133569000243,40.677779000061],[-103.133614000449,40.676521999989],[-103.132958000323,40.675983000256],[-103.132453999634,40.675153999738],[-103.133180999906,40.673656000202],[-103.133866000344,40.671417000038],[-103.134483999937,40.670961000181],[-103.134519999922,40.67037900002],[-103.13556699986,40.668946000009],[-103.135827000151,40.667776999721],[-103.136232000207,40.667365000131],[-103.137934000447,40.666497999912],[-103.138813999981,40.666521000095],[-103.140717000062,40.665896000099],[-103.142375999745,40.665743000115],[-103.142959999901,40.665474000298],[-103.143529999814,40.664567999777],[-103.144093000053,40.664282999835],[-103.145418999651,40.664255999692],[-103.146104999914,40.663691000233],[-103.147243999914,40.663366999681],[-103.147640999574,40.662993999934],[-103.148628999961,40.662757999955],[-103.15038100043,40.662808000124],[-103.151224000154,40.662501000293],[-103.15152000043,40.661896999831],[-103.152507999918,40.661293999703],[-103.155269999617,40.660367000124],[-103.157259999737,40.659505000104],[-103.157613999739,40.65863799993],[-103.159633000171,40.658160999707],[-103.160728999615,40.658210000197],[-103.16165099988,40.657974000329],[-103.163020999858,40.657298999803],[-103.16468000044,40.657283000013],[-103.165667000104,40.656916000103],[-103.166579000323,40.655731000058],[-103.168219999565,40.655544000002],[-103.169388999702,40.655714999891],[-103.17010000008,40.655566999873],[-103.171540000379,40.654542000319],[-103.171132999774,40.654368999918],[-103.172337000072,40.653403000241],[-103.173057999597,40.652343000157],[-103.175379000153,40.650515000136],[-103.176402999626,40.648719999943],[-103.176389000281,40.647710000337],[-103.177073999821,40.646716000043],[-103.176973000437,40.645382000123],[-103.17754300035,40.644091999744],[-103.178610000379,40.642351000252],[-103.17951099983,40.641254000169],[-103.180224999682,40.640721000211],[-103.180505999889,40.639024000281],[-103.181428999979,40.638261000257],[-103.181615999577,40.637751000135],[-103.181372000078,40.636141999901],[-103.180860999717,40.635157999748],[-103.18058700008,40.633917000082],[-103.180609999646,40.632510000062],[-103.181173999711,40.631574999835],[-103.181243000206,40.63053100014],[-103.181906000005,40.628757999824],[-103.181668000354,40.62742899985],[-103.180320999942,40.62498599992],[-103.180424999699,40.623945000181],[-103.181700999966,40.623254000019],[-103.182392000252,40.622666000133],[-103.183639000207,40.622193999767],[-103.184979000048,40.620558000255],[-103.185902000138,40.618955000087],[-103.185952000367,40.618312999907],[-103.185117000141,40.617850999963],[-103.186183000345,40.616467999716],[-103.187999000388,40.615347999793],[-103.189728000392,40.614865000283],[-103.19024700025,40.614408999876],[-103.190433999848,40.613382000319],[-103.190930999966,40.61208099976],[-103.190419999604,40.612224000062],[-103.189764000377,40.612926999734],[-103.188158000397,40.613547000208],[-103.189007999793,40.61230099994],[-103.189037000105,40.611300999792],[-103.189612999866,40.610213999954],[-103.190224999611,40.609703999765],[-103.190491999574,40.608348000279],[-103.190311999649,40.607052000288],[-103.191233999914,40.606393000101],[-103.192076999638,40.606321999793],[-103.193813000213,40.604421999838],[-103.195375999637,40.603900000229],[-103.195548999889,40.602928000136],[-103.195938000052,40.602720000237],[-103.196183000274,40.601818999746],[-103.196846000073,40.601313999726],[-103.198098999876,40.600978999688],[-103.199243999723,40.600260000008],[-103.199899999849,40.60022099967],[-103.201253999935,40.599605999944],[-103.201685999755,40.599095999971],[-103.203305999979,40.598600999808],[-103.204112999717,40.597909000181],[-103.204012000333,40.597442999888],[-103.205178999922,40.59640999971],[-103.206353000082,40.596042000083],[-103.207605999885,40.595327999711],[-103.208894999673,40.593840000028],[-103.210766999792,40.592632000007],[-103.211544000292,40.591611000244],[-103.21155900036,40.590875000028],[-103.210931999648,40.589814999774],[-103.211652000247,40.589013999724],[-103.211874999829,40.587734000163],[-103.212449999765,40.585707999783],[-103.212904000224,40.584951000043],[-103.214127999715,40.58451699985],[-103.214861999659,40.584742000019],[-103.215532000028,40.584307999834],[-103.21741099982,40.583889999889],[-103.218794000217,40.582565999945],[-103.221170000126,40.581637999932],[-103.222257000248,40.581565999757],[-103.222487000402,40.580851999687],[-103.223956000114,40.579972999693],[-103.223638000097,40.578644999772],[-103.224372000041,40.577849000183],[-103.224630999609,40.576679000108],[-103.22514199997,40.576196000227],[-103.226870000149,40.575575000324],[-103.227293999573,40.574453999923],[-103.227077999663,40.573812000095],[-103.227531000298,40.573410999794],[-103.228394999938,40.573274000184],[-103.229957000435,40.572559],[-103.230135999637,40.571653000154],[-103.231740999792,40.570636999839],[-103.23180600009,40.570383999747],[-103.23113599972,40.568824999976],[-103.231120999651,40.568358999683],[-103.231868999839,40.567409000002],[-103.231847000098,40.56658000003],[-103.232796999952,40.566277000208],[-103.233422999941,40.564970000227],[-103.234258000167,40.564486999763],[-103.235444999847,40.5642279997],[-103.235459000091,40.563190000114],[-103.235977000125,40.562437999734],[-103.236465999846,40.561152999681],[-103.237660000098,40.560745999724],[-103.238788000227,40.559868000212],[-103.239175999666,40.559067999708],[-103.239353000117,40.557468999908],[-103.239682999829,40.556989000205],[-103.24075900008,40.556577000132],[-103.241446000168,40.555821000315],[-103.241893999882,40.554930000322],[-103.242821999995,40.554859999873],[-103.243299000021,40.553923999863],[-103.244496999572,40.553990000275],[-103.244884999909,40.553280999737],[-103.245874000121,40.553097999879],[-103.245901999711,40.551635999968],[-103.246259999911,40.55111000009],[-103.247008000098,40.550789999855],[-103.246736999937,40.549783999994],[-103.247244999925,40.549441999997],[-103.249010999739,40.548936999703],[-103.25041900025,40.547804000153],[-103.2513809998,40.547241999735],[-103.2524589997,40.547240999722],[-103.25383600025,40.546966000235],[-103.255602000064,40.546098999875],[-103.25829799964,40.545778000235],[-103.259884000427,40.544885999668],[-103.261589999966,40.544474000214],[-103.263565999842,40.544199999664],[-103.264344000167,40.543650999913],[-103.264344000167,40.543126000195],[-103.264945999866,40.542592999796],[-103.265831000321,40.542434000086],[-103.267171000163,40.541293000299],[-103.267772999862,40.540496000069],[-103.266547999648,40.53758599992],[-103.266069999797,40.534244000182],[-103.265921999659,40.527398999919],[-103.265801000184,40.510821000219],[-103.265444999634,40.509143999852],[-103.264751999697,40.507779999996],[-103.257044000012,40.493896000109],[-103.255511999652,40.491712000016],[-103.254027000046,40.490185999703],[-103.252389000278,40.488829999911],[-103.24984699979,40.487273999737],[-103.24036200042,40.482189000223],[-103.237751000334,40.480645000297],[-103.235842000406,40.479167000019],[-103.234571999986,40.477891999904],[-103.233238999818,40.476190000252],[-103.229220999943,40.470542000014],[-103.228382000417,40.469126000113],[-103.227577000328,40.467144000193],[-103.2271079998,40.465059999956],[-103.226993999997,40.462920999794],[-103.226694000422,40.446146000151],[-103.226557999979,40.436087000162],[-103.226413000214,40.436177999714],[-103.191342999694,40.436457999721],[-103.167468000078,40.436609000151],[-103.159933999571,40.436690000151],[-103.151107999803,40.436711000186],[-103.150340000422,40.436790000161],[-103.139820999736,40.436758000338],[-103.135478000172,40.436778999668],[-103.132109999678,40.43661800008],[-103.125489999939,40.436723000301],[-103.12088399971,40.436664000002],[-103.101724000102,40.436751000332],[-103.090314999837,40.436844999864],[-103.089487000181,40.436793999967],[-103.083500000104,40.436788000258]]]},"properties":{"geoid":"08075966400","county_fips":"08075","designated":true}},{"type":"Feature","geometry":{"type":"Polygon","coordinates":[[[-107.568650999646,40.507020000233],[-107.562880000377,40.507070000167],[-107.561300000337,40.506870000206],[-107.552990000053,40.506890000229],[-107.553129999796,40.514249999858],[-107.554430000352,40.514260000136],[-107.554479999683,40.521489999683],[-107.553289999629,40.521729999822],[-107.553250000344,40.522390000039],[-107.547259999894,40.522380000291],[-107.546649999799,40.525709999801],[-107.546639999753,40.526570000274],[-107.5473050001,40.537035000246],[-107.547895999929,40.53592900023],[-107.549749999606,40.535413999925],[-107.552099999576,40.534230000006],[-107.553129999796,40.533579999757],[-107.553284999606,40.532832999778],[-107.556720000048,40.533116999909],[-107.558542999763,40.533124000113],[-107.560121000154,40.53351600015],[-107.561515000422,40.533561999938],[-107.564246000158,40.534317000269],[-107.567120000009,40.535003999954],[-107.568390000429,40.53511000018],[-107.568659999867,40.535470000302],[-107.570779999683,40.535499999827],[-107.573107999912,40.536307999994],[-107.573271000118,40.536516000238],[-107.575277999956,40.53703400008],[-107.576555000049,40.537959999791],[-107.577823999745,40.539523000024],[-107.578777999797,40.540185000024],[-107.579259999846,40.539300000311],[-107.579229999708,40.537850000045],[-107.57975000029,40.537640000216],[-107.58123999992,40.538209999782],[-107.581660000044,40.538049999759],[-107.581809999832,40.53511000018],[-107.581839999969,40.529140000239],[-107.581700000227,40.528499999978],[-107.580880000069,40.527459999663],[-107.578419999597,40.525450000313],[-107.577000000288,40.523889999955],[-107.575430000292,40.519919999918],[-107.574919999756,40.518279999824],[-107.574559999906,40.516449999749],[-107.574489999586,40.514070000069],[-107.574590000043,40.513279999982],[-107.575230000276,40.512509999863],[-107.578879999904,40.509269999996],[-107.577420000412,40.508180000042],[-107.577468999918,40.507713999817],[-107.57540299963,40.507022000094],[-107.574879999573,40.506980000258],[-107.568650999646,40.507020000233]]]},"properties":{"geoid":"08081000400","county_fips":"08081","designated":true}},{"type":"Feature","geometry":{"type":"Polygon","coordinates":[[[-106.082655999838,38.741714999786],[-106.081278000362,38.741389999809],[-106.08025599964,38.741412999888],[-106.079087000401,38.741709999851],[-106.077421000146,38.741412999888],[-106.075989000244,38.740863999719],[-106.074322999989,38.741001999699],[-106.072861999774,38.740703999733],[-106.072364999656,38.740223999727],[-106.07037799991,38.74047499969],[-106.069002999908,38.740178000196],[-106.068155999986,38.740612999721],[-106.066257000103,38.741161999718],[-106.06564299981,38.740590000085],[-106.065789000298,38.738690999834],[-106.065612999673,38.737912000011],[-106.064912000239,38.736562000347],[-106.064648999575,38.73502799969],[-106.064590000024,38.732763000055],[-106.063918000004,38.73058799966],[-106.06304199977,38.728826000125],[-106.061989999809,38.727314999839],[-106.059710999984,38.725393000232],[-106.059096999691,38.72507199989],[-106.057344000296,38.724660000196],[-106.055416000101,38.722141999868],[-106.056118000258,38.719899000135],[-106.056205000296,38.718228999917],[-106.055971999769,38.717037999657],[-106.053927000296,38.717221000244],[-106.052378000218,38.717748000095],[-106.051151000354,38.717060999867],[-106.048521999827,38.716144999805],[-106.047704000217,38.716144999805],[-106.045893000198,38.715619000263],[-106.044987999651,38.716420000186],[-106.043527000335,38.716533999857],[-106.042591999651,38.716236000148],[-106.041716000315,38.716258999916],[-106.040547000178,38.716624999704],[-106.039203000139,38.717380000075],[-106.03812100004,38.718799000253],[-106.036864999864,38.718844000067],[-106.036309000196,38.719462000306],[-106.03572500004,38.71950799986],[-106.033534000079,38.718888999853],[-106.031810000098,38.719414999862],[-106.03070000041,38.719231999986],[-106.029356000371,38.719644000138],[-106.027720000253,38.71973500023],[-106.027076999648,38.720031999919],[-106.026608999843,38.720925000265],[-106.023600000272,38.721884999916],[-106.022781999764,38.721793000333],[-106.022052000018,38.721198000208],[-106.021029000369,38.720763000191],[-106.020270000311,38.719869999923],[-106.01936399994,38.720097999993],[-106.018867999647,38.71993799975],[-106.018372000253,38.718884999889],[-106.01761200037,38.718609999881],[-106.015889000214,38.718997999669],[-106.013025000408,38.720279000162],[-106.011214000388,38.720048999668],[-106.009401999646,38.720162999859],[-106.008320000446,38.721375999999],[-106.007266999761,38.72178700028],[-106.005806000444,38.721946999888],[-106.00300100019,38.723181000014],[-106.001745000014,38.722677000082],[-106.001056000276,38.722745000041],[-106.000197999585,38.723202000138],[-105.998927000239,38.724391999909],[-105.998635000161,38.724872999867],[-105.997642999576,38.725400000058],[-105.996562000201,38.725630000149],[-105.994692999557,38.726683000137],[-105.991596000122,38.727807000199],[-105.991451000357,38.72828700026],[-105.98981500024,38.729225000045],[-105.988266999986,38.729730000056],[-105.987391999577,38.731331999761],[-105.98806500032,38.733025999934],[-105.988006999695,38.73355200029],[-105.987042999598,38.73407900023],[-105.985115000301,38.734537999903],[-105.983418999909,38.735225000283],[-105.982981000241,38.735866000156],[-105.981755000202,38.737010999654],[-105.9803230003,38.7374690002],[-105.9791840003,38.737560999918],[-105.97865799987,38.73801899974],[-105.978688000007,38.738683000021],[-105.97784000026,38.739004000166],[-105.976437999596,38.739027000313],[-105.975152000182,38.739737000176],[-105.974655999889,38.740584000209],[-105.97383800028,38.741179000045],[-105.972697999557,38.741682999778],[-105.971967999811,38.742485000242],[-105.971091999576,38.743011000302],[-105.970828999811,38.744179000044],[-105.968667999987,38.746445000348],[-105.968463999772,38.748116000068],[-105.968083999831,38.748574000153],[-105.966739999791,38.749307000011],[-105.965162000299,38.749686999848],[-105.964867999673,38.750464999702],[-105.964282999692,38.750848000239],[-105.963244000149,38.751059000154],[-105.964223000315,38.752833000245],[-105.96361499987,38.75514100018],[-105.963557000144,38.755865999868],[-105.963999000009,38.757118000043],[-105.964713999687,38.758166000068],[-105.964907999856,38.760112999922],[-105.965194999911,38.760665000024],[-105.96614599959,38.763633000065],[-105.966985000014,38.765013000238],[-105.967335999643,38.766082000018],[-105.968556999659,38.767887000028],[-105.969566999787,38.768459000179],[-105.969551999719,38.768730000206],[-105.968396,38.76965400029],[-105.967980999899,38.771487999853],[-105.96817800044,38.773528000088],[-105.964182000308,38.772707000267],[-105.961943999592,38.772457999704],[-105.960624999668,38.772522000129],[-105.958639999571,38.77227399974],[-105.957605000226,38.771687999682],[-105.956397999556,38.771271000004],[-105.955631999825,38.77078400003],[-105.954908999752,38.769945000217],[-105.953536000298,38.767913999996],[-105.951997000265,38.766973000006],[-105.950915000167,38.766773999762],[-105.949729000311,38.766213999758],[-105.948724000206,38.765086999735],[-105.947042000058,38.764554999865],[-105.945467999865,38.763745000266],[-105.943649000348,38.763762000119],[-105.9430450001,38.763625000244],[-105.942584999792,38.76309299998],[-105.942433000355,38.762243000024],[-105.940899000345,38.760949999924],[-105.940065999768,38.759924999872],[-105.939606000359,38.757267999882],[-105.938505999819,38.755475999956],[-105.938063000128,38.755211999732],[-105.937993999633,38.756036000169],[-105.93845599959,38.75902399989],[-105.938757999714,38.763021999862],[-105.93970199972,38.764764000137],[-105.940848000291,38.765688999965],[-105.944539999752,38.768104999842],[-105.94414899994,38.768746000103],[-105.942511000173,38.7685120002],[-105.941443000318,38.769223999927],[-105.939893000414,38.770675000097],[-105.939748999576,38.771910999708],[-105.937292000374,38.772087999757],[-105.936287000269,38.771621999653],[-105.93421199976,38.771843000336],[-105.93203000002,38.772420000169],[-105.93142800032,38.772749000099],[-105.930202000282,38.773916999995],[-105.929289000238,38.7745470003],[-105.929254999903,38.775549000121],[-105.929642000415,38.777235999964],[-105.930550000437,38.778541000124],[-105.929535000285,38.779721999904],[-105.929562999874,38.781389999946],[-105.928496999669,38.781579000146],[-105.927705999824,38.782255999731],[-105.925815000337,38.782419000343],[-105.925160999861,38.78266699977],[-105.92529200028,38.783786999652],[-105.926709000114,38.785507999838],[-105.924727000391,38.785743999863],[-105.9236860003,38.786246000172],[-105.922696000263,38.787424999971],[-105.921636999731,38.788104999758],[-105.921122999895,38.789360000308],[-105.91948299958,38.789747000234],[-105.918049999852,38.790245000197],[-105.915139000191,38.790437000324],[-105.914435000384,38.79120099975],[-105.913703999915,38.792458999917],[-105.914463999798,38.793730999844],[-105.912908000046,38.795513000146],[-105.912680000441,38.797354000303],[-105.911816999727,38.79870899985],[-105.911794000161,38.799878999663],[-105.9111039997,38.800466000215],[-105.910552000229,38.801972000152],[-105.911300000417,38.802433000162],[-105.911492999862,38.802930999698],[-105.91045400032,38.80487700031],[-105.907863000325,38.806344999767],[-105.906587000058,38.806961999738],[-105.907229999765,38.807318999973],[-105.90862099966,38.808709000028],[-105.910686999948,38.810481000262],[-105.910727000131,38.812368000027],[-105.911273999579,38.813104999893],[-105.912584000181,38.813898999961],[-105.913996999818,38.816063000041],[-105.915690999661,38.817088000291],[-105.917232000242,38.817525000261],[-105.918475999824,38.818731000185],[-105.920672999633,38.821629999985],[-105.924246000167,38.824192999784],[-105.926012999805,38.826491000136],[-105.928067000397,38.828124999702],[-105.929557000027,38.829900999775],[-105.93149100007,38.831690000136],[-105.932249000303,38.832731000302],[-105.935053999659,38.834300999908],[-105.936122000412,38.835428000241],[-105.936397999698,38.836571000291],[-105.939105999869,38.83851300028],[-105.939662000436,38.839136000038],[-105.941624999893,38.840174000153],[-105.941849000199,38.841268999729],[-105.941240999753,38.842493000276],[-105.94015600018,38.843528000242],[-105.93925700038,38.845205999916],[-105.939146999876,38.846046000088],[-105.939685000002,38.84811400032],[-105.940568999734,38.849227000335],[-105.941787000274,38.850053999952],[-105.942886999916,38.850502999899],[-105.943173999971,38.852306999694],[-105.939515000122,38.856592999968],[-105.938684000094,38.857408000302],[-105.937114000099,38.858407000191],[-105.935015000199,38.859103999748],[-105.934302000172,38.859595000338],[-105.933006999638,38.861051000223],[-105.932054000309,38.863238999676],[-105.932517999917,38.864501000033],[-105.931448000412,38.866526999682],[-105.930679000308,38.86671199987],[-105.929131999879,38.865944999839],[-105.928438000118,38.866338999818],[-105.928459999859,38.867721999702],[-105.927818999802,38.868845000143],[-105.928411000354,38.869751000331],[-105.927089999881,38.871482000014],[-105.926526999641,38.87172899979],[-105.925282000234,38.871797999778],[-105.925123000226,38.872177999971],[-105.926490999656,38.8739640001],[-105.926846000382,38.874235000329],[-105.928607000173,38.874218000252],[-105.931158999809,38.874708999971],[-105.931980999616,38.876557000019],[-105.932974999851,38.878218999709],[-105.93512200033,38.880286000066],[-105.936026000153,38.88144900002],[-105.93809200044,38.882991000268],[-105.93887499989,38.883322999948],[-105.94058999965,38.885098999659],[-105.941238000278,38.885592000271],[-105.942773000113,38.885506000216],[-105.944323000017,38.884922999905],[-105.947964000323,38.883270999974],[-105.949139000308,38.883104000245],[-105.951848000303,38.883575000304],[-105.953814999958,38.884197999756],[-105.954567000343,38.884182999859],[-105.955642999696,38.883690999912],[-105.957473999807,38.884140999988],[-105.95996900044,38.884406000206],[-105.961581000268,38.885222999732],[-105.963559999618,38.885855000125],[-105.964964999757,38.885976999735],[-105.97063700019,38.883196000173],[-105.974296999864,38.882458000262],[-105.975107999801,38.883740999673],[-105.977143999951,38.885146000028],[-105.978240000293,38.887904999707],[-105.979175000079,38.888912999981],[-105.979744999991,38.89172799967],[-105.979782999626,38.892985999713],[-105.979417999753,38.894533000257],[-105.974872999624,38.896177999933],[-105.974072999558,38.896679999897],[-105.973597000255,38.89732399967],[-105.973254999949,38.89833900014],[-105.972407000202,38.899257000038],[-105.970899999956,38.900094000088],[-105.969776000025,38.900262000145],[-105.968661000314,38.900719999919],[-105.968195000159,38.901451999944],[-105.967933000218,38.90292699973],[-105.96807499961,38.903782999901],[-105.967446999971,38.90493899998],[-105.965708999747,38.905423999924],[-105.965769999846,38.905876000011],[-105.967015999976,38.906199999794],[-105.967756999593,38.906693000046],[-105.968165999847,38.907806000105],[-105.969463999855,38.90860600006],[-105.970328000394,38.908832999719],[-105.971885999795,38.908922999981],[-105.972729000417,38.909561000224],[-105.973687999594,38.909827999839],[-105.974635999798,38.909765000052],[-105.974944999594,38.910039000172],[-105.976644000359,38.910621999831],[-105.976952000331,38.911194999737],[-105.976033000439,38.91183899997],[-105.976865000292,38.91296800008],[-105.976531000381,38.914418999968],[-105.978447999808,38.914654999762],[-105.979913000221,38.91418100034],[-105.980343000391,38.915286000151],[-105.982876999585,38.916474000056],[-105.983815999569,38.916523000312],[-105.985296999875,38.917831000236],[-105.986100000315,38.918106000139],[-105.988205999887,38.91706799989],[-105.989630000292,38.916746999951],[-105.991941999729,38.915773999899],[-105.994449000057,38.914858000113],[-105.995943999709,38.9148429997],[-105.996819000119,38.915310999748],[-105.998169999831,38.915159000215],[-105.999343000166,38.916337000317],[-105.998989000163,38.917707999957],[-105.999183000332,38.918409000072],[-106.000569000204,38.919369999935],[-106.002454999669,38.921105999682],[-106.004628000086,38.922517000185],[-106.006399999748,38.92408399984],[-106.008219000163,38.926479999961],[-106.010473999698,38.927818999707],[-106.012600000261,38.929665000216],[-106.012893999988,38.930477999668],[-106.015009999606,38.932711999791],[-106.018062999558,38.934450999908],[-106.020528999879,38.934627999819],[-106.024617000073,38.938830000148],[-106.026270999734,38.941090000041],[-106.02813799983,38.942849000008],[-106.030796999596,38.942508000068],[-106.032287000124,38.941598999842],[-106.036829999704,38.940647000006],[-106.037770000411,38.940877000117],[-106.038873000426,38.940791999798],[-106.0437900001,38.941926000217],[-106.044871000374,38.941582999657],[-106.045779000395,38.941547999763],[-106.046875999664,38.942171999728],[-106.048613000063,38.942826999791],[-106.050576000419,38.943311000195],[-106.051701000175,38.943452000188],[-106.058249999769,38.941805000158],[-106.058493000342,38.941103000107],[-106.058448999961,38.93915100009],[-106.060148999652,38.937152999886],[-106.061660999921,38.936647000031],[-106.063532000215,38.935679999891],[-106.064750999682,38.934433000331],[-106.064966999592,38.932689999923],[-106.065231000081,38.932141000268],[-106.065909999774,38.93189600017],[-106.067825000449,38.932871999836],[-106.070480000017,38.932110999759],[-106.071480999925,38.933775999699],[-106.073963000139,38.934758000345],[-106.07618900026,38.934555000328],[-106.077307000344,38.935154999986],[-106.078627999918,38.935254999669],[-106.083587000324,38.937935000119],[-106.084835000104,38.93942999997],[-106.085319999627,38.939460000177],[-106.090653000127,38.936542999885],[-106.093550000443,38.937958000345],[-106.093625999712,38.937061999891],[-106.09402699957,38.936753999741],[-106.094861999797,38.936774999841],[-106.095587000418,38.937191000249],[-106.095922999979,38.938019999671],[-106.096461000104,38.938243000031],[-106.098233999591,38.938170999954],[-106.100011999998,38.938728000162],[-106.100971000073,38.938700000099],[-106.103526000082,38.939792999808],[-106.10475399977,38.939867999918],[-106.105758000051,38.940363999908],[-106.110995000291,38.940099000318],[-106.112664999845,38.941365999758],[-106.113114000282,38.945024000218],[-106.11233900033,38.949010999876],[-106.112043000054,38.950908000336],[-106.113439999797,38.952788000194],[-106.11348199963,38.954304000306],[-106.113756999989,38.955327000319],[-106.113360000329,38.955981999684],[-106.11105999969,38.95766899983],[-106.111874,38.958761999771],[-106.112192999842,38.96018799984],[-106.111489000036,38.961214999767],[-106.110616999999,38.962034000083],[-106.108284999573,38.963462999941],[-106.107743000148,38.964143000084],[-106.106873999586,38.966662999904],[-106.105583000149,38.969417999903],[-106.104968000031,38.970026000306],[-106.104817000418,38.972009999943],[-106.104362999958,38.973382999752],[-106.104378999852,38.974141000041],[-106.105588999997,38.976045999983],[-106.106490000345,38.976493999659],[-106.107606999705,38.979747000177],[-106.109478999824,38.981633000011],[-106.109710999628,38.982229000053],[-106.109267999937,38.983851999892],[-106.109509999786,38.98593900025],[-106.108953000293,38.98737700002],[-106.111870999627,38.986952999657],[-106.113238999956,38.987810000282],[-106.116770999583,38.988083999827],[-106.11871700022,38.98893000009],[-106.119569000165,38.989595000144],[-106.122468000131,38.990815999668],[-106.122987999814,38.991443000276],[-106.125572999961,38.992597999682],[-106.127517999874,38.994017000019],[-106.129555999675,38.994533000069],[-106.131717000397,38.994917999817],[-106.132567999618,38.995518999984],[-106.135858000295,38.994795999699],[-106.137778000094,38.994641999925],[-106.14125100017,38.99496599984],[-106.142658999784,38.99542800023],[-106.143928000378,38.9967040003],[-106.145413999809,38.997898999822],[-106.147600999573,38.997534000038],[-106.14955999973,38.997026000345],[-106.150666000118,38.997092999812],[-106.152934999897,38.99660000032],[-106.154078000095,38.996167000074],[-106.15632000011,38.994794999915],[-106.157803999891,38.994264000011],[-106.159620999758,38.994207999775],[-106.160513999711,38.994807999903],[-106.163420000248,38.993907999898],[-106.165661000437,38.992439000226],[-106.168533999566,38.991248999838],[-106.169133999615,38.991302000122],[-106.169803999985,38.992532999781],[-106.170066999751,38.994644000196],[-106.173164999908,38.997402999721],[-106.174915999653,38.999595999918],[-106.175918000284,38.999647000104],[-106.176097000384,39.000458999965],[-106.176961999849,39.001949000333],[-106.177087000421,39.002876999837],[-106.177008999705,39.005341999771],[-106.178024999681,39.007688999944],[-106.177922999574,39.009101000032],[-106.178849000037,39.010763999829],[-106.179470000003,39.011248999839],[-106.183051999859,39.011835000058],[-106.184949000092,39.012580999764],[-106.184970999834,39.013512000046],[-106.18605899978,39.014591000067],[-106.186077000222,39.015595000244],[-106.187032999923,39.015365999998],[-106.188253000114,39.015381000079],[-106.18961800007,39.016024999693],[-106.19141599967,39.016548999772],[-106.192953999879,39.017708999843],[-106.193214999994,39.019101999655],[-106.19310500039,39.01968100019],[-106.191482999618,39.020126999814],[-106.18980999969,39.020870999759],[-106.189473000305,39.021279000344],[-106.189883000384,39.022444000044],[-106.189808999865,39.023113000198],[-106.191276999753,39.025833000149],[-106.191828000297,39.027706999796],[-106.192076999819,39.029287000069],[-106.191551000288,39.029889999906],[-106.190326999899,39.030569999816],[-106.189399999612,39.031780000204],[-106.189043999959,39.032947999731],[-106.188725000117,39.033235000216],[-106.186907000425,39.033195999798],[-106.185878999855,39.034038000304],[-106.185483999845,39.035486999741],[-106.184970000009,39.036236000089],[-106.183562000395,39.037030999789],[-106.18264000013,39.038005999717],[-106.182501000213,39.038551000077],[-106.182782000421,39.04011600032],[-106.183728999902,39.041778999758],[-106.185353000323,39.044020000041],[-106.185702000303,39.046761000085],[-106.184928000176,39.049109999906],[-106.184815000198,39.050837000106],[-106.186361999729,39.052200999801],[-106.187920000028,39.053071000046],[-106.190093000446,39.054523999734],[-106.191005999592,39.056072999661],[-106.231647000262,39.056459000227],[-106.246434999994,39.056382999816],[-106.253376000124,39.056384999736],[-106.265965000397,39.056463000063],[-106.272799000396,39.056425000219],[-106.272888000084,39.054897000295],[-106.272606999877,39.053976999836],[-106.271954000124,39.053334000339],[-106.269351000434,39.052453999689],[-106.268633000384,39.051725999862],[-106.267706000096,39.049455999941],[-106.26636700008,39.047307000321],[-106.266064999956,39.046239999968],[-106.26618600033,39.043509999764],[-106.266069999979,39.042950999971],[-106.264495999786,39.039238000055],[-106.263941999767,39.038663000068],[-106.2617020003,39.037266000323],[-106.259456999912,39.035407000157],[-106.258628000432,39.034436000339],[-106.257382000302,39.033718999679],[-106.25260700002,39.032861999701],[-106.251739000181,39.032627999821],[-106.25047299996,39.031797000211],[-106.249509999687,39.030594999924],[-106.247557000276,39.029590999909],[-106.246588000155,39.028847000317],[-106.24619200032,39.028275000243],[-106.245459000201,39.025919999702],[-106.244610999556,39.023788000038],[-106.243922999643,39.022730999913],[-106.243022000193,39.021749000002],[-106.239758000354,39.019132000323],[-106.238995999923,39.018143000307],[-106.238807999602,39.01679999996],[-106.239299999696,39.015683000019],[-106.242013999714,39.012704999688],[-106.242802000085,39.011383999941],[-106.243108000406,39.00956800024],[-106.24298200001,39.008709000068],[-106.242185000316,39.007180000258],[-106.239811999882,39.004877000265],[-106.23849600033,39.003816999806],[-106.236705000402,39.002904999672],[-106.234398999915,39.00236000022],[-106.228092000171,39.001710000226],[-106.226800999835,39.001475000165],[-106.225464000366,39.000745000003],[-106.222294000239,38.997887999883],[-106.221722999603,38.996988999705],[-106.220069999768,38.991824000075],[-106.219786000085,38.9905460003],[-106.219239999564,38.986510000028],[-106.218810000292,38.98533300014],[-106.216570999752,38.981956000156],[-106.216232999643,38.981072999763],[-106.215507000095,38.978341000298],[-106.214616999618,38.976460000288],[-106.211591000328,38.972998000202],[-106.208437999919,38.970307999879],[-106.207069999591,38.968621999795],[-106.204897999896,38.963929000061],[-106.204319999588,38.962837999971],[-106.202142000046,38.959493000105],[-106.191923999659,38.943931000101],[-106.190869000223,38.942262000325],[-106.183767000435,38.931479000169],[-106.183250000226,38.930259000034],[-106.18092500037,38.914626999982],[-106.180542999881,38.913209000293],[-106.178696999701,38.908872000173],[-106.178057000367,38.907595999741],[-106.177017999926,38.906210999991],[-106.175811999979,38.904940999988],[-106.175127000439,38.903738000021],[-106.173766999608,38.902379000155],[-106.173573000337,38.901753000269],[-106.173663999675,38.895684000293],[-106.173440000268,38.894261000029],[-106.172642999676,38.89311899979],[-106.170621999595,38.8914450002],[-106.16734799971,38.888123999994],[-106.166370000267,38.886481000305],[-106.165356999766,38.883859000311],[-106.164534000133,38.882985999751],[-106.162596999717,38.88169500014],[-106.161767000412,38.880875999918],[-106.161162000339,38.87994900015],[-106.159107999747,38.874974999776],[-106.158512999721,38.873900999966],[-106.157447000414,38.872458000322],[-106.15115499984,38.864653000289],[-106.150175999673,38.86369700034],[-106.148112999759,38.862146000229],[-106.145659000032,38.860449999888],[-106.143740999882,38.858917999748],[-106.142380000124,38.857272000258],[-106.1397430001,38.853237000134],[-106.136966000332,38.849140999653],[-106.133699999946,38.844033999892],[-106.132570999991,38.841800000335],[-106.131949000201,38.84029499994],[-106.13119599999,38.838911999825],[-106.127759999724,38.834069000257],[-106.123402999916,38.824919000272],[-106.122087000364,38.822565999652],[-106.120051000214,38.81931099968],[-106.119409000331,38.818024000166],[-106.117200999753,38.811810000209],[-106.115552000115,38.807285000028],[-106.11419800003,38.803318000148],[-106.114008999885,38.801972999855],[-106.114131999908,38.79475500025],[-106.113510000117,38.790501999882],[-106.11357600024,38.78892199993],[-106.114204999703,38.785804999781],[-106.114167000068,38.784455999695],[-106.113699000263,38.783157999705],[-106.112826000402,38.781995999782],[-106.112033999834,38.781340999656],[-106.109247999846,38.779751000323],[-106.107708999813,38.778417999679],[-106.106974999869,38.777192999923],[-106.105743999807,38.773713999817],[-106.105009000039,38.772249999679],[-106.104174999637,38.771170999925],[-106.102587999924,38.769813999829],[-106.097651000158,38.766691999736],[-106.096553000166,38.766070999853],[-106.092182000114,38.76330599991],[-106.090510000012,38.762062999979],[-106.088970000154,38.760718999812],[-106.082935000396,38.754875000093],[-106.082263000376,38.75402300028],[-106.081674000197,38.752690000146],[-106.080999999629,38.747831000063],[-106.080884000177,38.74605699968],[-106.081279000187,38.744670000052],[-106.082655999838,38.741714999786]]]},"properties":{"geoid":"08015000402","county_fips":"08015","designated":true}},{"type":"Feature","geometry":{"type":"MultiPolygon","coordinates":[[[[-105.112934000297,39.926701999762],[-105.111920999795,39.925840999936],[-105.109826000094,39.924575000188],[-105.109142000378,39.924355999811],[-105.109022999654,39.925874000124],[-105.111478999929,39.927488000116],[-105.112407999867,39.92862599987],[-105.11351500008,39.930702000162],[-105.113566000133,39.932055000015],[-105.113232000223,39.932731000156],[-105.112293000239,39.933567000142],[-105.109041000096,39.935664000107],[-105.109036000073,39.936484000204],[-105.107538999873,39.936385999906],[-105.090853999908,39.936385999906],[-105.090798999656,39.941545999751],[-105.090896999566,39.943134000104],[-105.085738999867,39.943184999963],[-105.076101000336,39.943184999963],[-105.076103999811,39.950592000313],[-105.071737999782,39.950585000214],[-105.071779999615,39.957784999757],[-105.080304999983,39.957808000214],[-105.08326099985,39.95791499978],[-105.083266999698,39.958267000339],[-105.08489100012,39.9582010002],[-105.085845999997,39.957892999857],[-105.088587999604,39.957864999695],[-105.088636000183,39.958181999784],[-105.087748000253,39.958197000294],[-105.087748000253,39.95957100008],[-105.087032999677,39.959538000303],[-105.086857999775,39.959971999868],[-105.084026999581,39.960454000183],[-105.080561999901,39.961373000148],[-105.078632000056,39.962181999937],[-105.07569999958,39.964622999786],[-105.074734999657,39.965752000257],[-105.07188599992,39.968544000332],[-105.070468000261,39.969720999828],[-105.067420000332,39.971289000275],[-105.066609000396,39.9719249997],[-105.063527000132,39.973443999716],[-105.060967999924,39.974562999978],[-105.057653999857,39.975859999804],[-105.052796999559,39.977574000292],[-105.052773999992,39.986398000279],[-105.052823000396,40.00026000023],[-105.086784000155,40.000207999709],[-105.09048800021,40.000237000296],[-105.090452000225,39.998223000234],[-105.090475999616,39.990756999812],[-105.090536999715,39.987186999866],[-105.090501999555,39.979685000226],[-105.090836000365,39.978945999895],[-105.090549000309,39.978463999854],[-105.09048800021,39.97671899967],[-105.090138000406,39.976018000191],[-105.090570000226,39.976080000104],[-105.090104999895,39.974744999751],[-105.090129000185,39.963461],[-105.090246000361,39.957597000018],[-105.091239999697,39.957649999737],[-105.10276399959,39.957747999875],[-105.105081999773,39.95736299995],[-105.109060000363,39.956077999739],[-105.113352999698,39.954548000338],[-105.117840000101,39.95303399991],[-105.119780999816,39.952167000066],[-105.121088999871,39.951387000215],[-105.120775999876,39.95054799988],[-105.120347000429,39.950585000214],[-105.109322000303,39.950485000307],[-105.109360999763,39.945184999876],[-105.10905699999,39.94318399994],[-105.118557000326,39.943212999937],[-105.118703999741,39.942904000255],[-105.118743000099,39.935910000204],[-105.118445999998,39.93511299994],[-105.118827999589,39.933840999875],[-105.114437000345,39.93016599977],[-105.113402999927,39.927203999934],[-105.112934000297,39.926701999762]]],[[[-105.062439000185,39.972673000007],[-105.063496000169,39.972142000097],[-105.063611999622,39.972408000022],[-105.065759000101,39.971341000095],[-105.069335999934,39.968191999666],[-105.070510999919,39.966887999792],[-105.074338999822,39.963214000087],[-105.077874999647,39.961126000266],[-105.080351999839,39.960011000168],[-105.082381000317,39.959407000136],[-105.081741999909,39.958773000207],[-105.079733000421,39.957877999968],[-105.071680000056,39.957935999888],[-105.071663000337,39.957786000256],[-105.06489899976,39.957799999667],[-105.059208999783,39.957761000171],[-105.059211000332,39.958707999664],[-105.057846000376,39.958719000184],[-105.057854999698,39.957746000253],[-105.052738999832,39.957691000297],[-105.052636999725,39.959584000029],[-105.052836999742,39.962784000081],[-105.052833000442,39.964318999689],[-105.054333999942,39.964116999832],[-105.058499999954,39.967232000155],[-105.058694000123,39.972128000181],[-105.05851,39.974496000171],[-105.060075999797,39.973874000136],[-105.062439000185,39.972673000007]]]]},"properties":{"geoid":"08013060800","county_fips":"08013","designated":true}},{"type":"Feature","geometry":{"type":"Polygon","coordinates":[[[-104.682339999566,40.393470999722],[-104.68838299972,40.391913000163],[-104.69197899982,40.391913999755],[-104.692891000039,40.392015999831],[-104.696919999784,40.392025999843],[-104.696889999646,40.386905000001],[-104.696719999767,40.377372000118],[-104.69354600034,40.377372000118],[-104.695039000342,40.373821999819],[-104.695906000355,40.371380999677],[-104.696260000358,40.369213999726],[-104.696450000329,40.365097999832],[-104.694319999568,40.365480999807],[-104.692720000334,40.365080999995],[-104.688407999834,40.365133000166],[-104.687620000362,40.366380999772],[-104.683319999557,40.368680999765],[-104.682219999915,40.369781000315],[-104.682219999915,40.37048100009],[-104.681143999665,40.371452999754],[-104.67761899971,40.373335000136],[-104.675719999827,40.374088999772],[-104.674906000415,40.376849999696],[-104.67420199971,40.377397999915],[-104.677793999612,40.377354000147],[-104.677846000389,40.392769000175],[-104.679684000173,40.393517999984],[-104.680500999957,40.393674000224],[-104.682339999566,40.393470999722]]]},"properties":{"geoid":"08123001004","county_fips":"08123","designated":true}},{"type":"Feature","geometry":{"type":"Polygon","coordinates":[[[-104.690849999865,40.431725000053],[-104.69252899964,40.432229999734],[-104.696564000131,40.433120000086],[-104.696159000075,40.43207300028],[-104.696345999673,40.41377900021],[-104.685272000042,40.413707000232],[-104.687319999888,40.419779999942],[-104.688051000357,40.422517000093],[-104.688514000139,40.427193999766],[-104.688863000119,40.431381000205],[-104.690237000295,40.431379000141],[-104.690849999865,40.431725000053]]]},"properties":{"geoid":"08123000100","county_fips":"08123","designated":true}},{"type":"Feature","geometry":{"type":"Polygon","coordinates":[[[-104.602823999835,40.120092999661],[-104.602927999592,40.130871000318],[-104.602949000406,40.145422000188],[-104.62165000043,40.145650999894],[-104.640261000043,40.145682999831],[-104.659552000071,40.145840999682],[-104.678443000065,40.145863000136],[-104.697334999885,40.145824000294],[-104.706465000326,40.145790000131],[-104.715538999792,40.145907000337],[-104.740351999567,40.145562000013],[-104.75774799991,40.145408000121],[-104.757836999598,40.124982000071],[-104.757860000063,40.113847999934],[-104.757819000055,40.1124999998],[-104.75774799991,40.087527000001],[-104.757774999674,40.080323000313],[-104.757697999681,40.073153000063],[-104.757660999871,40.062515000192],[-104.757722999795,40.058561999862],[-104.757624999886,40.051632999838],[-104.757829999925,40.04403199975],[-104.757694000381,40.029518999931],[-104.757622000411,40.014991999927],[-104.757619999863,40.000467999857],[-104.745928999565,40.000497000333],[-104.716209999987,40.000510999942],[-104.716031999711,40.00147500001],[-104.714409000013,40.00198900019],[-104.711017000127,40.004237999817],[-104.712464999924,40.0026569999],[-104.709073000039,40.00549999996],[-104.707109999683,40.007323000164],[-104.692897999711,40.021600000152],[-104.690054999822,40.024485999704],[-104.678063999949,40.037140000134],[-104.670999999796,40.04462300027],[-104.655376999838,40.06110899971],[-104.651178000213,40.066096000027],[-104.64981099971,40.069991999722],[-104.649927999886,40.072189000158],[-104.649864000311,40.077044999784],[-104.643098000084,40.077053000111],[-104.625504000273,40.08644400022],[-104.624104000157,40.08731699989],[-104.606624999974,40.099503999762],[-104.604460999777,40.101055000249],[-104.602629999666,40.102157999759],[-104.602823999835,40.120092999661]]]},"properties":{"geoid":"08123001902","county_fips":"08123","designated":true}},{"type":"Feature","geometry":{"type":"Polygon","coordinates":[[[-107.970085999767,37.639586999808],[-107.964728999876,37.639673000192],[-107.961711000085,37.639631000166],[-107.945736999599,37.639677000091],[-107.910235000157,37.639871999737],[-107.88625699971,37.639971999741],[-107.878363000252,37.639891999891],[-107.861561999936,37.640006999959],[-107.845552000364,37.63999599975],[-107.80343100011,37.640154999704],[-107.758903999809,37.640330000199],[-107.750610000318,37.640315000173],[-107.74318700014,37.639547000043],[-107.702117000022,37.639570000035],[-107.660341000447,37.639596999924],[-107.625614999884,37.63962299965],[-107.580981000352,37.639630000012],[-107.529418000386,37.639627999706],[-107.500611999953,37.639627999706],[-107.499098999859,37.639478000023],[-107.482178999717,37.639501000037],[-107.482187999938,37.667690000132],[-107.48218399974,37.688371999936],[-107.482198999809,37.721359999715],[-107.482207000205,37.743884000067],[-107.482060999716,37.749998000215],[-107.482244999839,37.768352999925],[-107.480895999777,37.768081000129],[-107.480114000153,37.768658000352],[-107.479525999799,37.768707000014],[-107.478994000419,37.769228999955],[-107.478420000309,37.769268000272],[-107.476212999556,37.768548999899],[-107.474767000308,37.767670999929],[-107.473279000329,37.767628000088],[-107.472912999732,37.767266000272],[-107.471488000401,37.767052000206],[-107.470816000381,37.766552000339],[-107.469736999757,37.766624000347],[-107.469032000126,37.766196000141],[-107.469010000384,37.765169000027],[-107.467185000121,37.766036999762],[-107.466734999859,37.767162999733],[-107.467385999962,37.767859999957],[-107.466929999853,37.76846400034],[-107.467545999796,37.769414000257],[-107.467214000433,37.77038600014],[-107.466390999903,37.770880999917],[-107.466197999559,37.771814000024],[-107.465451000094,37.772319999944],[-107.464883999657,37.773609999721],[-107.465181999583,37.774395000164],[-107.464344999706,37.775493999848],[-107.463875000251,37.777081000179],[-107.462532999862,37.777965000267],[-107.46174500039,37.778674000136],[-107.461669000222,37.77930499967],[-107.460741999934,37.779838000114],[-107.460611000413,37.781276999755],[-107.458341999736,37.7817989997],[-107.458591000156,37.783380999975],[-107.459339000343,37.784428999731],[-107.459284000092,37.785225999883],[-107.459637000269,37.786197999897],[-107.460627000306,37.786631000124],[-107.460710000147,37.786998999904],[-107.459956000112,37.788047999752],[-107.459375000328,37.789728999878],[-107.459320000077,37.791122999892],[-107.459624999675,37.792039999995],[-107.459515000071,37.793237999695],[-107.459223999817,37.794083000353],[-107.459391000222,37.79463799997],[-107.460221000425,37.794911999685],[-107.460968999715,37.796884000009],[-107.462090000171,37.797157999911],[-107.462029000072,37.798767000181],[-107.462562000174,37.799338000036],[-107.463364999715,37.799265999948],[-107.46467299977,37.800105999917],[-107.465932000318,37.800078000143],[-107.465573000293,37.800891000038],[-107.465745999647,37.80197799998],[-107.46631399991,37.80357600023],[-107.466909999761,37.80350999974],[-107.46706899977,37.804256999653],[-107.466785000088,37.804613999733],[-107.468038999716,37.806612000196],[-107.468081000447,37.807358999962],[-107.468828999736,37.807803999839],[-107.468447999969,37.808704000087],[-107.46884299998,37.809726000096],[-107.469735999932,37.81033500035],[-107.470955000298,37.811761999864],[-107.472305000185,37.812338999746],[-107.473163999803,37.813299000037],[-107.473593999973,37.814221999769],[-107.474480000253,37.814853000188],[-107.474972000347,37.815687000133],[-107.475512000122,37.81561000012],[-107.476072999814,37.816098999902],[-107.477727000373,37.816225000209],[-107.478876000419,37.816684999708],[-107.479762999625,37.817273000311],[-107.481306999681,37.818590000238],[-107.482137999709,37.818951999883],[-107.482276999627,37.819884999826],[-107.483150000386,37.820120999678],[-107.483475000076,37.820625999672],[-107.485476999891,37.822420999679],[-107.486599000173,37.822766000062],[-107.488025000228,37.823468999802],[-107.4903099999,37.824274999791],[-107.491756999872,37.82440599999],[-107.492387000058,37.824196999719],[-107.494892999664,37.824079999811],[-107.495578000102,37.823458999652],[-107.496408000306,37.823086000106],[-107.497737000276,37.822908999947],[-107.499420000249,37.823309000074],[-107.503561000147,37.823709000163],[-107.506496000098,37.824324999976],[-107.510288999841,37.824755000166],[-107.512921999668,37.825334000225],[-107.515322999692,37.826566000222],[-107.51654700008,37.826451000045],[-107.51718599959,37.828242999659],[-107.517286999872,37.829391000045],[-107.516567000172,37.829770000081],[-107.516130000329,37.831937999733],[-107.51683499996,37.833472000106],[-107.516203999949,37.834546999916],[-107.517459000299,37.83663800031],[-107.517343999773,37.837362999875],[-107.517753999852,37.837754999986],[-107.518373999993,37.838981999658],[-107.520585999871,37.839493000046],[-107.51968700007,37.840668999899],[-107.519666999979,37.841194000202],[-107.520867000078,37.84187000033],[-107.521974000291,37.841463000338],[-107.522400000263,37.842098000159],[-107.521770000077,37.842584000318],[-107.522025000345,37.843660999762],[-107.521782999597,37.844635000136],[-107.520964000163,37.844891999965],[-107.521061000247,37.847356000108],[-107.520906000436,37.84802499996],[-107.520330999603,37.848324999752],[-107.519047999663,37.848270000059],[-107.518593000276,37.849185000192],[-107.518332000161,37.85179099998],[-107.518475000276,37.852325000214],[-107.518169999779,37.853904999654],[-107.51835999975,37.854116999749],[-107.518173999977,37.85593999979],[-107.517859000333,37.856977999828],[-107.51864400033,37.858086000293],[-107.520170999769,37.85866899989],[-107.520786999712,37.859547999961],[-107.520781999689,37.860921000139],[-107.521079999615,37.861860999777],[-107.522345000012,37.86343499997],[-107.522476000431,37.864073999771],[-107.523339000247,37.86426199999],[-107.524402000079,37.865163000258],[-107.524141999788,37.866605000013],[-107.524665999669,37.867474999812],[-107.526013999907,37.868952000288],[-107.52774100026,37.870361000211],[-107.530041000002,37.871616000089],[-107.532565999874,37.872847999957],[-107.536021000406,37.873914000259],[-107.535539000357,37.874062000096],[-107.534966999897,37.874995999869],[-107.535327999572,37.877112999869],[-107.536243999989,37.878593999759],[-107.536468000295,37.880109999893],[-107.535879000116,37.880443000168],[-107.53450300029,37.881788000304],[-107.532481000383,37.884047000129],[-107.532402999667,37.884571000247],[-107.532909000005,37.885714999954],[-107.533443999757,37.888076999911],[-107.533480999567,37.889061000162],[-107.533105999649,37.889361000234],[-107.531282000109,37.8891589999],[-107.529067999683,37.890023000128],[-107.527870000132,37.890721000211],[-107.527162000127,37.89137700026],[-107.526055999739,37.893649000066],[-107.526429000008,37.896212999958],[-107.526238000213,37.896576999724],[-107.525170000358,37.896782999749],[-107.523036000298,37.897533000137],[-107.522295999608,37.898069000352],[-107.52182100013,37.898772000282],[-107.521637999832,37.900419000229],[-107.520166999571,37.90131199996],[-107.521617999741,37.902089000175],[-107.523408999669,37.903381000325],[-107.524634999707,37.90405400029],[-107.52480600031,37.905344999854],[-107.527511000107,37.906197999698],[-107.528505000342,37.907096999987],[-107.528515000387,37.908783999716],[-107.52919400008,37.909765000148],[-107.529716000312,37.91174799981],[-107.528923999743,37.913687000069],[-107.52920499995,37.914679000135],[-107.530747000356,37.916818999822],[-107.53386800008,37.918984999769],[-107.535901999682,37.920123000225],[-107.536652000418,37.921087999942],[-107.536517999625,37.922411999868],[-107.535812000169,37.923463000351],[-107.534545999947,37.924671000188],[-107.535181000157,37.925103999879],[-107.537357999875,37.926143999932],[-107.538351000285,37.929818999768],[-107.538132999826,37.930771999789],[-107.538300000231,37.931619000328],[-107.538007000328,37.931959000343],[-107.538146000245,37.932829000264],[-107.537701000006,37.934644000023],[-107.534149000287,37.937137999664],[-107.534309000121,37.938170000097],[-107.532377999553,37.940653999992],[-107.532643999691,37.940846999767],[-107.532592999638,37.943904999902],[-107.534270999588,37.944930999981],[-107.536731999886,37.947180000108],[-107.537346000179,37.947612999691],[-107.540069000418,37.947883999907],[-107.540969000043,37.948372999897],[-107.541825000186,37.94830500033],[-107.544232999882,37.948715000082],[-107.547515000162,37.949032000167],[-107.551045999965,37.949687000042],[-107.551507999922,37.950282000112],[-107.552858999634,37.951075999923],[-107.556561000039,37.952916000308],[-107.55782899991,37.953419000271],[-107.559166000277,37.953695999865],[-107.56267299979,37.955456000259],[-107.563369000099,37.95593699981],[-107.563653999606,37.957259000134],[-107.564435000304,37.959732999893],[-107.564534000038,37.960789999769],[-107.56491399998,37.961216000177],[-107.567218999744,37.961327000147],[-107.568283000299,37.961918999987],[-107.569004999649,37.963085999673],[-107.568874999952,37.965015000096],[-107.599969000431,37.964987999924],[-107.625197000308,37.964968999797],[-107.625614000059,37.964996999982],[-107.641587999647,37.965009000058],[-107.641269999629,37.964235000342],[-107.641267000154,37.963193000233],[-107.640417999685,37.962015999654],[-107.640496000401,37.961064999777],[-107.640944000114,37.960191000241],[-107.640891000411,37.959269999808],[-107.639928000138,37.957859000306],[-107.640874999619,37.957025999923],[-107.641473999844,37.955838999774],[-107.642043999756,37.955353999739],[-107.642316999568,37.954265000336],[-107.64288499983,37.953133999705],[-107.642502000414,37.951212999727],[-107.642692000385,37.949557999834],[-107.640910999604,37.947332000257],[-107.640927000396,37.945918999715],[-107.641678999883,37.944667000066],[-107.641972999611,37.943731000324],[-107.641184000314,37.942633999706],[-107.641151999628,37.941955999732],[-107.640719999808,37.940722000264],[-107.64064399964,37.939075000024],[-107.641885999572,37.93795999968],[-107.642842000172,37.936610999966],[-107.642528000353,37.933212000117],[-107.642006000121,37.932616000251],[-107.641715999693,37.930992999689],[-107.640009000329,37.929533999777],[-107.639965999773,37.928758999897],[-107.639255000294,37.92587000013],[-107.638191999563,37.925040000114],[-107.637464000365,37.923563999928],[-107.637926000323,37.920859000136],[-107.63895499982,37.920219999799],[-107.640626000097,37.919434999657],[-107.6413380003,37.918772000043],[-107.643813999768,37.917912999653],[-107.645639000031,37.917523999815],[-107.646798999947,37.916649999688],[-107.646418000181,37.915318999685],[-107.647250000034,37.913404999922],[-107.648655999998,37.913096000004],[-107.649487999851,37.910939999912],[-107.650595999888,37.909646999894],[-107.651626000108,37.909717999938],[-107.652683999917,37.908869000039],[-107.654090999706,37.908682000334],[-107.656690999921,37.907992000339],[-107.657762000149,37.908070999725],[-107.660805000055,37.909398000238],[-107.661263999639,37.909445999998],[-107.6615959999,37.908557000008],[-107.662226000087,37.90773400006],[-107.662274999592,37.907193000352],[-107.66156099974,37.906878000037],[-107.661611999793,37.906313000233],[-107.662812999718,37.905472000181],[-107.663755999899,37.90351700029],[-107.665397000039,37.9034420001],[-107.666283000319,37.902964999915],[-107.667943999652,37.903018999757],[-107.670177000345,37.902853999683],[-107.67160500005,37.902886000009],[-107.673738000284,37.903543999658],[-107.675079999775,37.903427000195],[-107.67606300014,37.903638000141],[-107.678451999569,37.904482000252],[-107.680572000284,37.904056999962],[-107.683303999845,37.900919999726],[-107.68427200014,37.900768000014],[-107.688084999975,37.901811000151],[-107.689097999578,37.901558999722],[-107.689484000266,37.901202999692],[-107.689592000221,37.899798000046],[-107.689915000261,37.898974999955],[-107.690860000092,37.898045000309],[-107.69225600001,37.897728000106],[-107.692527000172,37.896548999697],[-107.693055000251,37.895862000073],[-107.693153999986,37.894803999746],[-107.694071000228,37.894261999716],[-107.694036999893,37.893510999758],[-107.695664999614,37.892410000177],[-107.697206000195,37.892844000056],[-107.698233999867,37.892358000213],[-107.699131999842,37.892510000278],[-107.700639000088,37.89200699967],[-107.70134399972,37.892222999766],[-107.701692999699,37.892941000151],[-107.703029000241,37.893133000116],[-107.705091000331,37.893969000197],[-107.707160000093,37.893634000292],[-107.707615000378,37.895513999953],[-107.708159000351,37.89691800034],[-107.70761299983,37.898178000299],[-107.707779000409,37.898855999921],[-107.70893099993,37.898974999955],[-107.70957500036,37.899401000012],[-107.710715000185,37.898704999691],[-107.712887999704,37.898926999744],[-107.713688999595,37.898215000147],[-107.715768000302,37.897742999755],[-107.716632999767,37.897087999945],[-107.718162999579,37.897360000197],[-107.718793999591,37.897196999927],[-107.719468999984,37.897889999699],[-107.720864000077,37.897419999784],[-107.722517999737,37.89810300034],[-107.723255999879,37.898828000052],[-107.724408000298,37.898801999861],[-107.724960999593,37.899533999678],[-107.725899999577,37.899822999701],[-107.726575999794,37.900621000148],[-107.728180000125,37.901369000087],[-107.729561999799,37.902672999743],[-107.730155000176,37.902857000113],[-107.732566000245,37.904233000128],[-107.736658999564,37.904564000222],[-107.738282999986,37.905432000113],[-107.739216000121,37.904033999873],[-107.740536999696,37.902779999671],[-107.741031000339,37.901349999813],[-107.742967999857,37.899406000255],[-107.744374999645,37.898566999646],[-107.745638000392,37.898288999787],[-107.74901100001,37.897950999772],[-107.749173000392,37.897676999859],[-107.748215999967,37.895451000207],[-107.748214000317,37.894860999952],[-107.749370999861,37.893526999827],[-107.750616999991,37.892413000324],[-107.752309000184,37.891560000215],[-107.753132999642,37.890962999961],[-107.753898000446,37.890841999831],[-107.756189999791,37.890034999686],[-107.756287999701,37.889035000066],[-107.756086000034,37.888314999898],[-107.756320000386,37.88767900012],[-107.75618099957,37.886829999782],[-107.756554999664,37.885123000312],[-107.756046999676,37.883220000264],[-107.756163999852,37.882907000274],[-107.758218000444,37.880449999757],[-107.761156999694,37.877389999786],[-107.762492000411,37.877243000036],[-107.765843000289,37.877543999816],[-107.767269000344,37.876178000195],[-107.767787000378,37.874994000244],[-107.769099999556,37.873430999779],[-107.770446999969,37.872546000289],[-107.772898000221,37.870686000205],[-107.773932999565,37.869169999715],[-107.774901999686,37.86856700009],[-107.776829000056,37.867893999797],[-107.78079900025,37.867742999892],[-107.781431000087,37.86759899978],[-107.782458999758,37.867772000147],[-107.782882000256,37.866335000188],[-107.78280199989,37.865898000289],[-107.780270000345,37.862700000196],[-107.78012899988,37.862270999901],[-107.780468999639,37.861302999864],[-107.780609000279,37.859590000178],[-107.779565999641,37.858189000312],[-107.779907000122,37.85401200023],[-107.780277000018,37.853091999868],[-107.779138999843,37.852668999672],[-107.779350999555,37.850357000256],[-107.77909899966,37.849775000335],[-107.780030000146,37.848654999886],[-107.781573000377,37.848979999843],[-107.782687000262,37.848978999677],[-107.785068000194,37.846570000148],[-107.784237999991,37.84552500034],[-107.783874999768,37.844660000073],[-107.782758000408,37.843921000142],[-107.782497000292,37.843242000348],[-107.78298099999,37.841781000354],[-107.782923000264,37.840939999662],[-107.783413999635,37.840367999894],[-107.785002000072,37.84013799982],[-107.786848000252,37.839085000117],[-107.787859000205,37.838254999776],[-107.789009000076,37.838120999813],[-107.790234000289,37.837373000269],[-107.789919999572,37.837000000109],[-107.79054599956,37.835701000071],[-107.79042599991,37.835159999719],[-107.792465000433,37.831536999857],[-107.792723000176,37.830609000291],[-107.794478999944,37.829093999753],[-107.794595000295,37.828053000349],[-107.79517199988,37.826244000128],[-107.795073000146,37.82551700031],[-107.796290999789,37.82358900008],[-107.796447000322,37.822724999969],[-107.798695000185,37.822811999896],[-107.801336000408,37.823755999917],[-107.803592999593,37.824270999917],[-107.804423999621,37.825120999916],[-107.804729999943,37.82491200025],[-107.807192999891,37.824522000303],[-107.808690000091,37.824106000122],[-107.809761000319,37.82338199994],[-107.810029999932,37.822235000267],[-107.810684000409,37.821356000328],[-107.811235000054,37.821018000008],[-107.813555999712,37.82059600019],[-107.816021000208,37.819575999919],[-107.817223999782,37.819343999885],[-107.818368999629,37.817537000261],[-107.819572999926,37.816547000017],[-107.821023000271,37.815038999752],[-107.82182800036,37.814523999916],[-107.824159999888,37.813956000167],[-107.826391000032,37.813057000006],[-107.828520999894,37.811858000282],[-107.829176000195,37.810664000128],[-107.829269999906,37.809832000191],[-107.828958999562,37.808626999888],[-107.828514000221,37.80785799988],[-107.826163000427,37.805371999646],[-107.824699999663,37.804852000248],[-107.825099999696,37.803883000252],[-107.826131999566,37.802648999811],[-107.827887000407,37.80108600023],[-107.828460999619,37.79962500027],[-107.827498000245,37.798823000003],[-107.82564000037,37.797840999891],[-107.824282000087,37.796698000144],[-107.822200999731,37.795546000257],[-107.823611999717,37.793271000278],[-107.824046000085,37.791414000331],[-107.824650000333,37.79022800035],[-107.827052000181,37.789749000085],[-107.827959000377,37.78909600006],[-107.829325999983,37.787645000122],[-107.8312020003,37.786317000101],[-107.831733999679,37.785461000149],[-107.832753999853,37.784308999705],[-107.835933000202,37.782836999907],[-107.837139000149,37.780974000308],[-107.838147999554,37.780264999779],[-107.838668999961,37.779418000061],[-107.839335999957,37.777593999677],[-107.840852000424,37.774139000292],[-107.842713999599,37.773642000071],[-107.844553999931,37.773648000091],[-107.846431000073,37.774927000048],[-107.849175000228,37.775564000188],[-107.850828999888,37.776263000211],[-107.855333999834,37.776086000004],[-107.856950999685,37.775790999901],[-107.859509999892,37.775545999884],[-107.860844999711,37.775517000292],[-107.862273000314,37.773693999989],[-107.863151000198,37.772968000198],[-107.863152000023,37.772661000236],[-107.86521800031,37.77170400017],[-107.865403000258,37.771057999803],[-107.864891999897,37.769093000018],[-107.866105000415,37.767990000263],[-107.868191999721,37.767322999674],[-107.86863899961,37.766935999805],[-107.869753000394,37.765038999733],[-107.870437000109,37.76347300026],[-107.870480999591,37.762761999669],[-107.867097999927,37.761891000071],[-107.865707000032,37.761709999837],[-107.863199999703,37.760193999759],[-107.863284000267,37.759200000278],[-107.862781000302,37.757681999929],[-107.863099000319,37.756827000078],[-107.862572000065,37.756227999841],[-107.861911999741,37.756023999847],[-107.864277999604,37.753362000182],[-107.864614999888,37.752611999866],[-107.864831999623,37.751295999956],[-107.864561000359,37.750551999769],[-107.865121000226,37.749994999956],[-107.86603599992,37.748017000247],[-107.866091999996,37.746848000212],[-107.867364000066,37.746545999751],[-107.869669999655,37.74566000027],[-107.870235000442,37.744480000304],[-107.871688000262,37.743549000265],[-107.87295100011,37.741640999949],[-107.874168999753,37.74051600029],[-107.875621999572,37.738850999651],[-107.875621999572,37.737583000256],[-107.875183000079,37.737029000236],[-107.874986000436,37.736005999847],[-107.874948999727,37.734303999704],[-107.875145000444,37.73217399999],[-107.874632000433,37.730853999756],[-107.874543999671,37.728878999772],[-107.875621999572,37.727131999921],[-107.875621999572,37.725786999664],[-107.87374100013,37.723259999709],[-107.872966000179,37.722416000169],[-107.873710000168,37.720082999789],[-107.874643000304,37.719402000194],[-107.87719499994,37.716308999719],[-107.877948999975,37.716025000329],[-107.878989000241,37.71698200004],[-107.88039600003,37.717560999719],[-107.881587999733,37.718414000214],[-107.88272000006,37.718379999819],[-107.884044999833,37.718031000297],[-107.885512999721,37.717850999899],[-107.887183999998,37.718121999783],[-107.888692000069,37.718079000282],[-107.889395999876,37.718440999848],[-107.894234999732,37.717536000104],[-107.894988999768,37.717875000309],[-107.895244999861,37.718639999976],[-107.89673299984,37.719172000034],[-107.899026999733,37.719223999867],[-107.899473999622,37.718770999866],[-107.900349999856,37.718503000338],[-107.901349000114,37.719002000354],[-107.903010000346,37.718764999659],[-107.903417999876,37.718393000097],[-107.905690000028,37.717855999659],[-107.907014999801,37.717666999814],[-107.908918999707,37.716201999982],[-107.910132000225,37.716207999685],[-107.910651999909,37.715996999979],[-107.910610000076,37.715181999924],[-107.910252999701,37.714481000097],[-107.91051700019,37.713125000336],[-107.910974999949,37.712558999981],[-107.914889000066,37.712260999903],[-107.916611000397,37.711521999877],[-107.916967000049,37.711036999988],[-107.921805000081,37.710156000128],[-107.922948000279,37.710452000324],[-107.926474000059,37.710363999679],[-107.928115000199,37.709973000037],[-107.929855999898,37.709154000105],[-107.931281999953,37.708038000295],[-107.932410999907,37.70624400018],[-107.934743000334,37.705245999778],[-107.935242000101,37.704366000007],[-107.935852000196,37.703880000195],[-107.936309999956,37.703071999843],[-107.937206000281,37.70256199969],[-107.938724000398,37.702606999698],[-107.939885999964,37.7028950001],[-107.941435000043,37.702730000103],[-107.941903999673,37.703722000263],[-107.943342000322,37.704653999971],[-107.94386299983,37.706041000284],[-107.94528999971,37.706425000311],[-107.94749200044,37.706348000188],[-107.949183999736,37.70682000003],[-107.949632000348,37.706414999958],[-107.950619999837,37.706389000171],[-107.952628000398,37.706787999919],[-107.954308999823,37.706476999851],[-107.955570999846,37.705706999819],[-107.95697699981,37.705325000294],[-107.957586999905,37.70467799968],[-107.958104999939,37.703184000101],[-107.959479999941,37.702697000343],[-107.960905000171,37.701546999666],[-107.96270699997,37.701082999941],[-107.963644000303,37.700540000309],[-107.964354999782,37.699263999842],[-107.965575999798,37.69836500017],[-107.96710399996,37.697674999964],[-107.96770400001,37.697125000331],[-107.968874999797,37.696484999912],[-107.969104999951,37.694216999674],[-107.969032999981,37.693499000351],[-107.969306999617,37.69250599972],[-107.970313000446,37.691204000169],[-107.970881999635,37.689959999959],[-107.970422000226,37.689161999856],[-107.970685999816,37.688500000108],[-107.970308000423,37.6876700001],[-107.971763999717,37.686940000065],[-107.972373999812,37.686196000191],[-107.975060000241,37.683648000088],[-107.973020999718,37.682579999714],[-107.971979999627,37.6818559997],[-107.971520000218,37.68105000024],[-107.969419999595,37.679232000298],[-107.969416000295,37.677134000076],[-107.968843999835,37.675554000097],[-107.9670689998,37.673452000177],[-107.965802999579,37.671517999752],[-107.965486000285,37.670599000347],[-107.965861000203,37.669509000345],[-107.964411999684,37.667633000109],[-107.964471000133,37.66585700009],[-107.964693999716,37.665339999916],[-107.964468999585,37.664363999697],[-107.963552000242,37.663655999831],[-107.961552999901,37.661748999788],[-107.96132799977,37.66096000009],[-107.96132600012,37.659628000052],[-107.961680000123,37.658093999902],[-107.96102700037,37.657015000275],[-107.958310999804,37.651081999775],[-107.957403999607,37.650236999949],[-107.957078000092,37.648893999975],[-107.957422000049,37.648252000165],[-107.95858100014,37.647281000312],[-107.958996000242,37.645221999716],[-107.95943200026,37.643735999735],[-107.960060999724,37.642637999887],[-107.9621549996,37.641447000334],[-107.963389000035,37.641314000146],[-107.965160999696,37.641519999748],[-107.967247000076,37.641022999961],[-107.968071000431,37.640431999871],[-107.968974000429,37.640232999691],[-107.970085999767,37.639586999808]]]},"properties":{"geoid":"08111972600","county_fips":"08111","designated":true}},{"type":"Feature","geometry":{"type":"Polygon","coordinates":[[[-107.912442999837,38.511085000051],[-107.912053999674,38.511421000265],[-107.911073999683,38.510968999772],[-107.911338000172,38.512250000088],[-107.910471000159,38.513237999797],[-107.908927000103,38.513374999728],[-107.908997000423,38.512990999735],[-107.908320000381,38.513055999871],[-107.907090000144,38.512573000241],[-107.90685999999,38.512116999687],[-107.905847000387,38.511733000014],[-107.905881999649,38.511034999881],[-107.904952999711,38.511387000143],[-107.903800000366,38.510924999666],[-107.902884999774,38.509996999979],[-107.902402999725,38.51032599989],[-107.901963000407,38.509941999803],[-107.901920999676,38.50928899989],[-107.900503999842,38.509390999665],[-107.90050800004,38.508471999711],[-107.899239000344,38.508529999777],[-107.898637999571,38.507888000207],[-107.898421999661,38.507224000052],[-107.897633000364,38.507382000314],[-107.89743800037,38.506602999745],[-107.895941999995,38.5066299999],[-107.895634999848,38.505998000016],[-107.89467099975,38.506337999949],[-107.894811000391,38.5059430003],[-107.893930999959,38.505608000163],[-107.893756999881,38.505014999676],[-107.893002000021,38.505118999856],[-107.893085999687,38.504542999837],[-107.891765999937,38.504591999951],[-107.89159199986,38.503981999831],[-107.890691000409,38.503801000065],[-107.891061000305,38.503428000103],[-107.890727000394,38.502478000287],[-107.889553000234,38.502822999712],[-107.889133999935,38.502252000096],[-107.888169999837,38.502047999863],[-107.889106000346,38.501610000096],[-107.888882999865,38.501032999739],[-107.889282000073,38.500483999731],[-107.888862999773,38.500346999879],[-107.889010000086,38.499559000318],[-107.888137000225,38.49951300014],[-107.88845900044,38.49872100029],[-107.888039000316,38.498511000126],[-107.887626999689,38.499119999758],[-107.887375999619,38.497865000175],[-107.886336000251,38.498011999985],[-107.886741000307,38.49716499971],[-107.885707999714,38.495888000086],[-107.884597000202,38.495694999653],[-107.883662000416,38.495266999762],[-107.884228000131,38.495135999885],[-107.883563999609,38.494629999691],[-107.883004999567,38.494859999709],[-107.882077000353,38.49435599996],[-107.882426000332,38.494148999794],[-107.881868000115,38.493265999961],[-107.881608999649,38.493705000338],[-107.880582999627,38.49337499993],[-107.880303000143,38.493799999728],[-107.879771999691,38.4931830003],[-107.879268999725,38.493767000221],[-107.877726000393,38.492930999922],[-107.877201999613,38.492237000324],[-107.875368999852,38.491460000129],[-107.872874999942,38.490775000347],[-107.871484999872,38.490934999796],[-107.871028999762,38.490801000272],[-107.871070999595,38.499823999749],[-107.869440000399,38.499866999899],[-107.865660000176,38.499793000312],[-107.861608999792,38.49986600019],[-107.855907999945,38.49987399997],[-107.853568000021,38.499984999901],[-107.853050999812,38.499194999755],[-107.851988999805,38.498755999789],[-107.850626000397,38.498778000048],[-107.84929099968,38.499623999924],[-107.84792300025,38.499986000311],[-107.847920999702,38.49252300022],[-107.846036000062,38.492531999923],[-107.846863999718,38.491768999706],[-107.847074999605,38.488806999929],[-107.827944000309,38.488727000347],[-107.805268000068,38.488596999695],[-107.803554000133,38.488622999703],[-107.80015800005,38.489013000113],[-107.797583999774,38.489117000194],[-107.767131000251,38.488625000136],[-107.764895000085,38.488526000083],[-107.756306000142,38.487708999935],[-107.75428699971,38.487702000088],[-107.740612999864,38.488441000149],[-107.738303000077,38.492573999694],[-107.738040000311,38.493440999992],[-107.737990999908,38.495038999893],[-107.738143000244,38.49694800028],[-107.737863999686,38.498722999739],[-107.738036000113,38.500168999935],[-107.737840000295,38.50075199977],[-107.73702699981,38.501086000305],[-107.734306000119,38.501302000236],[-107.733044000096,38.501270000339],[-107.731596000299,38.50154000034],[-107.729657000233,38.501489999869],[-107.72922200004,38.502299999985],[-107.729730000028,38.503308999753],[-107.729749000295,38.508270999705],[-107.748381999649,38.508383000344],[-107.748106000362,38.526565000131],[-107.748453999619,38.526685000034],[-107.752578999623,38.5267460003],[-107.752709000218,38.526970000143],[-107.752591000217,38.534058000273],[-107.752544000361,38.540036999823],[-107.752747999677,38.540262000297],[-107.755054999989,38.54048499967],[-107.756846999742,38.541318999784],[-107.75884299971,38.542391999847],[-107.759629000431,38.54303899989],[-107.76023299978,38.544203999833],[-107.76097500012,38.544975999682],[-107.76178900043,38.545419000081],[-107.761642999941,38.552185999935],[-107.761760999942,38.552367999958],[-107.76968999956,38.552447999791],[-107.770825000261,38.553342999762],[-107.770775999857,38.556418000178],[-107.773151999766,38.556735999972],[-107.775543999568,38.557327000106],[-107.77644999994,38.556633000237],[-107.777337000045,38.555806999883],[-107.777458000418,38.554707999753],[-107.77827000018,38.553458000218],[-107.780071999979,38.552478000057],[-107.780603000431,38.551439000327],[-107.781273999728,38.55105899991],[-107.782446000238,38.549958999844],[-107.783237999908,38.548669999794],[-107.784218999724,38.548290000199],[-107.784960000239,38.547289999879],[-107.784780000314,38.546249999885],[-107.785180000347,38.544509999945],[-107.786789999627,38.541709999924],[-107.787940000396,38.541429999758],[-107.789460000162,38.539329999954],[-107.791020000112,38.53849000001],[-107.791680000436,38.538340000293],[-107.792519999787,38.537539999797],[-107.793519999869,38.537079999734],[-107.795180000276,38.537390000206],[-107.796289999964,38.53782000035],[-107.797249999863,38.536999999667],[-107.799840000033,38.535750000067],[-107.801220000057,38.534629999842],[-107.802360999707,38.534180000199],[-107.8042930001,38.533710000315],[-107.806213999724,38.53300999976],[-107.807204999586,38.532870000096],[-107.808415999556,38.533139999655],[-107.808666999626,38.532080000252],[-107.810008000191,38.530750000205],[-107.812230000114,38.529490000229],[-107.812681000201,38.528200000133],[-107.813703000025,38.526890000079],[-107.81437400022,38.525589999914],[-107.815555000052,38.524580000259],[-107.816606000189,38.524300000183],[-107.817116999651,38.523310000316],[-107.818357999759,38.52225999978],[-107.819368999712,38.522499999687],[-107.821108999586,38.522637000265],[-107.82125400025,38.522184999909],[-107.822938999872,38.521223000186],[-107.824420000179,38.520093999667],[-107.824810999991,38.519600000057],[-107.826405000276,38.519187999735],[-107.827725000026,38.518304000265],[-107.828465999642,38.518237999791],[-107.829576000228,38.517277000199],[-107.830016000444,38.515964999853],[-107.830603000075,38.516035999834],[-107.831337000019,38.515454000216],[-107.833244000298,38.515992000013],[-107.833818000408,38.516633999721],[-107.834425999956,38.516815000266],[-107.835600000116,38.517763999849],[-107.836878999858,38.518367999666],[-107.838102000421,38.518494000099],[-107.838751999801,38.518944000146],[-107.83936699992,38.519860999706],[-107.839807000136,38.520084999894],[-107.840786000302,38.52122200007],[-107.842630999758,38.522182000306],[-107.84304400021,38.52306599994],[-107.843455999939,38.523125999671],[-107.84389699998,38.524317000008],[-107.844449000349,38.52422899992],[-107.846825000258,38.525397999722],[-107.84713300023,38.525381000153],[-107.84778299961,38.526276000346],[-107.848062999992,38.526149000136],[-107.849258000068,38.526819000263],[-107.850368999581,38.526994000286],[-107.852152000011,38.528217999758],[-107.853829000137,38.528211999649],[-107.854332999927,38.528458000176],[-107.855170999628,38.527968999752],[-107.856548000177,38.527847999859],[-107.856791999676,38.527595999899],[-107.859021000171,38.527166999818],[-107.860865999627,38.527693000314],[-107.861921999786,38.528735000204],[-107.862551000148,38.528685999655],[-107.862971000273,38.529332999999],[-107.864046999625,38.529332999999],[-107.864277999604,38.529935999715],[-107.866724999658,38.530874000081],[-107.867537000318,38.532185999911],[-107.870710999745,38.533820000144],[-107.872396000266,38.534208999719],[-107.87313000021,38.534795999799],[-107.873746000153,38.535750999981],[-107.87875300024,38.53705700004],[-107.880093999906,38.537617000303],[-107.881729000198,38.538512999949],[-107.882043000018,38.539253999741],[-107.882951000039,38.539610999723],[-107.890619000439,38.53987799971],[-107.891659999632,38.540662999716],[-107.893899000172,38.539924000097],[-107.8934120001,38.547006999685],[-107.904965000305,38.547088000321],[-107.90581700025,38.544648999649],[-107.906314000368,38.540547000028],[-107.906556000217,38.54021899968],[-107.912103000078,38.540140000146],[-107.917059999936,38.540120000286],[-107.930091000075,38.540131999921],[-107.931979999912,38.54191999986],[-107.932990999865,38.541185999698],[-107.932538999954,38.538856999677],[-107.932503999794,38.5381059998],[-107.932993000414,38.53698499982],[-107.932687999917,38.53607200026],[-107.932381999595,38.533638000259],[-107.933713000114,38.533199000173],[-107.935155999887,38.532948999885],[-107.935719999952,38.533155000303],[-107.937267000381,38.534301999918],[-107.938129000371,38.535172000038],[-107.938535000252,38.535127000047],[-107.936807999898,38.532368999917],[-107.935870999565,38.531054999953],[-107.933954999963,38.529032000007],[-107.922906000446,38.519473000014],[-107.914377999705,38.512807999655],[-107.912442999837,38.511085000051]]]},"properties":{"geoid":"08085966503","county_fips":"08085","designated":true}},{"type":"Feature","geometry":{"type":"Polygon","coordinates":[[[-107.938535000252,38.535127000047],[-107.938129000371,38.535172000038],[-107.937267000381,38.534301999918],[-107.935719999952,38.533155000303],[-107.935155999887,38.532948999885],[-107.933713000114,38.533199000173],[-107.932381999595,38.533638000259],[-107.932687999917,38.53607200026],[-107.932993000414,38.53698499982],[-107.932503999794,38.5381059998],[-107.932538999954,38.538856999677],[-107.932990999865,38.541185999698],[-107.931979999912,38.54191999986],[-107.930091000075,38.540131999921],[-107.917059999936,38.540120000286],[-107.912103000078,38.540140000146],[-107.906556000217,38.54021899968],[-107.906314000368,38.540547000028],[-107.90581700025,38.544648999649],[-107.904965000305,38.547088000321],[-107.8934120001,38.547006999685],[-107.893899000172,38.539924000097],[-107.891659999632,38.540662999716],[-107.890619000439,38.53987799971],[-107.882951000039,38.539610999723],[-107.882043000018,38.539253999741],[-107.881729000198,38.538512999949],[-107.880093999906,38.537617000303],[-107.87875300024,38.53705700004],[-107.873746000153,38.535750999981],[-107.87313000021,38.534795999799],[-107.872396000266,38.534208999719],[-107.870710999745,38.533820000144],[-107.867537000318,38.532185999911],[-107.866724999658,38.530874000081],[-107.864277999604,38.529935999715],[-107.864046999625,38.529332999999],[-107.862971000273,38.529332999999],[-107.862551000148,38.528685999655],[-107.861921999786,38.528735000204],[-107.860865999627,38.527693000314],[-107.859021000171,38.527166999818],[-107.856791999676,38.527595999899],[-107.856548000177,38.527847999859],[-107.855170999628,38.527968999752],[-107.854332999927,38.528458000176],[-107.853829000137,38.528211999649],[-107.852152000011,38.528217999758],[-107.850368999581,38.526994000286],[-107.849258000068,38.526819000263],[-107.848062999992,38.526149000136],[-107.84778299961,38.526276000346],[-107.84713300023,38.525381000153],[-107.846825000258,38.525397999722],[-107.844449000349,38.52422899992],[-107.84389699998,38.524317000008],[-107.843455999939,38.523125999671],[-107.84304400021,38.52306599994],[-107.842630999758,38.522182000306],[-107.840786000302,38.52122200007],[-107.839807000136,38.520084999894],[-107.83936699992,38.519860999706],[-107.838751999801,38.518944000146],[-107.838102000421,38.518494000099],[-107.836878999858,38.518367999666],[-107.835600000116,38.517763999849],[-107.834425999956,38.516815000266],[-107.833818000408,38.516633999721],[-107.833244000298,38.515992000013],[-107.831337000019,38.515454000216],[-107.830603000075,38.516035999834],[-107.830016000444,38.515964999853],[-107.829576000228,38.517277000199],[-107.828465999642,38.518237999791],[-107.827725000026,38.518304000265],[-107.826405000276,38.519187999735],[-107.824810999991,38.519600000057],[-107.824420000179,38.520093999667],[-107.822938999872,38.521223000186],[-107.82125400025,38.522184999909],[-107.821108999586,38.522637000265],[-107.819368999712,38.522499999687],[-107.818357999759,38.52225999978],[-107.817116999651,38.523310000316],[-107.816606000189,38.524300000183],[-107.815555000052,38.524580000259],[-107.81437400022,38.525589999914],[-107.813703000025,38.526890000079],[-107.812681000201,38.528200000133],[-107.812230000114,38.529490000229],[-107.810008000191,38.530750000205],[-107.808666999626,38.532080000252],[-107.808415999556,38.533139999655],[-107.807204999586,38.532870000096],[-107.806213999724,38.53300999976],[-107.8042930001,38.533710000315],[-107.802360999707,38.534180000199],[-107.801220000057,38.534629999842],[-107.799840000033,38.535750000067],[-107.797249999863,38.536999999667],[-107.796289999964,38.53782000035],[-107.795180000276,38.537390000206],[-107.793519999869,38.537079999734],[-107.792519999787,38.537539999797],[-107.791680000436,38.538340000293],[-107.791020000112,38.53849000001],[-107.789460000162,38.539329999954],[-107.787940000396,38.541429999758],[-107.786789999627,38.541709999924],[-107.785180000347,38.544509999945],[-107.784780000314,38.546249999885],[-107.784960000239,38.547289999879],[-107.784218999724,38.548290000199],[-107.783237999908,38.548669999794],[-107.782446000238,38.549958999844],[-107.781273999728,38.55105899991],[-107.780603000431,38.551439000327],[-107.780071999979,38.552478000057],[-107.77827000018,38.553458000218],[-107.777458000418,38.554707999753],[-107.777337000045,38.555806999883],[-107.77644999994,38.556633000237],[-107.776661999652,38.556871000042],[-107.777702999742,38.556761999964],[-107.780010000055,38.557991999844],[-107.780498999776,38.558062999801],[-107.781352000444,38.559035000166],[-107.782652000102,38.559574000337],[-107.785860999689,38.561950999663],[-107.787174999592,38.563006000168],[-107.78878300012,38.564548999917],[-107.788859000288,38.565427000299],[-107.789362000253,38.566815999999],[-107.788004999795,38.569231000108],[-107.78761999983,38.571251999869],[-107.788445000011,38.5723550003],[-107.787695999998,38.573299],[-107.788095000207,38.574330999937],[-107.788920000387,38.575325000133],[-107.789667999676,38.575714999978],[-107.789779000005,38.576434000131],[-107.790380999704,38.577593000165],[-107.790191999558,38.57830699966],[-107.79199500008,38.58067300022],[-107.791882999927,38.581666999734],[-107.790337000221,38.583812999879],[-107.790295000389,38.584482999979],[-107.790832999616,38.585970000291],[-107.791518000054,38.587052000083],[-107.791106000325,38.587387000199],[-107.791230999999,38.587962999882],[-107.790189000083,38.589554999929],[-107.789804000119,38.589768999982],[-107.789629000217,38.590668999942],[-107.788125000344,38.592068999846],[-107.788320000338,38.59312900022],[-107.788102999704,38.593716000189],[-107.786897999582,38.593588999726],[-107.786162999813,38.593218000066],[-107.783981999898,38.593264000022],[-107.782632999836,38.592763000105],[-107.779704999558,38.591285999877],[-107.779425999898,38.590848999704],[-107.777964999683,38.589835000119],[-107.776618000169,38.589690999997],[-107.775957999845,38.589390999752],[-107.775435999613,38.58848200028],[-107.770945999736,38.587569000254],[-107.769918999889,38.587078000341],[-107.768205999779,38.586554999989],[-107.766703999556,38.585770999653],[-107.764407000188,38.584922000139],[-107.761683999949,38.584324999795],[-107.760725999699,38.582921999993],[-107.759386999683,38.582463000228],[-107.758774999938,38.579996999686],[-107.75685299959,38.577816000327],[-107.756306000142,38.576960999919],[-107.755162000119,38.576120999981],[-107.751648000035,38.575563999902],[-107.750341999631,38.575552999921],[-107.748441999923,38.57576199997],[-107.746507000055,38.575492000317],[-107.746003000265,38.575600000019],[-107.74433899966,38.575088999774],[-107.741941999835,38.575097000323],[-107.74047899997,38.575303000096],[-107.7384870002,38.575267999897],[-107.73781500018,38.575764000088],[-107.736600999838,38.57559300029],[-107.733757999948,38.576181999754],[-107.732492999552,38.576740000003],[-107.730490999736,38.576690999856],[-107.730094999901,38.577099000043],[-107.730115999818,38.578093999887],[-107.729562999624,38.578526000332],[-107.728031999987,38.579117999661],[-107.727151999555,38.579200999951],[-107.72671700026,38.580200000163],[-107.726162000416,38.58056999968],[-107.725383000266,38.580567999695],[-107.724510000405,38.581076000333],[-107.723918999678,38.581763000276],[-107.722624999867,38.582734000325],[-107.720511999724,38.583881999712],[-107.7190709996,38.584960000343],[-107.717218999573,38.585225999807],[-107.714918999832,38.58468900022],[-107.714187000436,38.583317999747],[-107.713543999831,38.582900000177],[-107.710058000234,38.581359999804],[-107.708863999982,38.580405000055],[-107.707512000446,38.579918000321],[-107.70504699995,38.578364000294],[-107.704193000355,38.578106000207],[-107.702433000389,38.577194999667],[-107.700208000093,38.575814000223],[-107.699372000042,38.575019999921],[-107.698279000073,38.573256000178],[-107.696815000383,38.571602999709],[-107.696326999588,38.569928000262],[-107.695667000162,38.569029999843],[-107.695190000136,38.567237999761],[-107.69525399971,38.566158999863],[-107.695661000314,38.565482000212],[-107.695149000128,38.564544999758],[-107.695182999565,38.56385299979],[-107.694527000337,38.562686000236],[-107.692958999992,38.56183199984],[-107.691688999573,38.561754999974],[-107.69053000038,38.562087000023],[-107.689695000153,38.561695999701],[-107.686925000059,38.561408000126],[-107.684427999776,38.560622000126],[-107.682458999573,38.559016000234],[-107.681475000282,38.55864099991],[-107.679609999836,38.557407000041],[-107.679305000237,38.556828000224],[-107.678288000436,38.555750999956],[-107.678412000285,38.554249000264],[-107.677773999702,38.552541999974],[-107.677732999694,38.551044000185],[-107.678381000322,38.547597999706],[-107.678208999895,38.545065999958],[-107.677603999823,38.543751000252],[-107.677663000272,38.542706999696],[-107.676688000304,38.542068000189],[-107.675970000253,38.540983000017],[-107.674551999696,38.540136999886],[-107.673991000004,38.539582000273],[-107.672894999662,38.53957800013],[-107.671051999856,38.538741999759],[-107.67072799999,38.538338999713],[-107.669633000372,38.537972000214],[-107.668737999871,38.537950999868],[-107.666741999903,38.537499000141],[-107.665709000209,38.537792000063],[-107.663581999822,38.537314000051],[-107.662478999807,38.537339000148],[-107.661082000064,38.537065999799],[-107.660405999846,38.537327000046],[-107.658465000131,38.536832999979],[-107.657355000443,38.536260999656],[-107.655695999861,38.535753999721],[-107.654255999562,38.53488500024],[-107.653617000053,38.534038000127],[-107.652842999926,38.533873999705],[-107.651584000276,38.534300999984],[-107.650600000086,38.53348],[-107.64958599976,38.532981999708],[-107.649095000389,38.532389999784],[-107.648846999793,38.531424000253],[-107.648496999989,38.531176000075],[-107.648190999667,38.530098999986],[-107.648765999602,38.528600000016],[-107.648690000333,38.527237999994],[-107.648811999633,38.525884999946],[-107.649226999735,38.525361999761],[-107.649196999598,38.52381000024],[-107.648378999988,38.523081999967],[-107.64762199958,38.522975000159],[-107.646018000148,38.52214000023],[-107.644500000031,38.521770000005],[-107.642313000268,38.522052999693],[-107.640188000429,38.521883000133],[-107.637065999982,38.521206999745],[-107.632407999875,38.52050300005],[-107.631046000293,38.520067000344],[-107.6290529998,38.519706999963],[-107.6276130004,38.519304000126],[-107.626788000219,38.518390000259],[-107.626014999917,38.516197999774],[-107.625613000234,38.515686000193],[-107.624731999977,38.513371000237],[-107.624003999881,38.512067000234],[-107.62374000029,38.510540999961],[-107.622792999911,38.508347000308],[-107.622444999757,38.506356999739],[-107.621448000047,38.505099000103],[-107.620253999796,38.504538999855],[-107.617086000216,38.503422999696],[-107.615518999696,38.503260000173],[-107.613357999872,38.50243300024],[-107.610528000401,38.499491000105],[-107.609052000118,38.497343999791],[-107.607932000384,38.496430000267],[-107.60637300026,38.496228999696],[-107.604244000223,38.496780999751],[-107.602235999662,38.496808000073],[-107.599983999601,38.496414999698],[-107.59696599981,38.496268999903],[-107.595137000247,38.495810000162],[-107.592569999644,38.494454999737],[-107.590671999586,38.492065000336],[-107.590095000001,38.490333000171],[-107.588962999673,38.487725999961],[-107.586734999902,38.485527999707],[-107.584579000101,38.48402999979],[-107.581583000051,38.481139999654],[-107.579634999764,38.480554000112],[-107.577387999727,38.480904000313],[-107.575400000155,38.480930000284],[-107.574091000276,38.480333999939],[-107.573409000211,38.480360000116],[-107.571982000331,38.479287999977],[-107.571061999716,38.478859999677],[-107.570659000208,38.478290000017],[-107.570193999877,38.476730999771],[-107.570213000144,38.475584999979],[-107.569926999914,38.473326000341],[-107.569126000023,38.471590000235],[-107.567590000363,38.470620999723],[-107.566001000101,38.470148000198],[-107.564625000275,38.46923999975],[-107.562092999832,38.466946999664],[-107.561051999741,38.465216999748],[-107.560453000415,38.463459000176],[-107.560469000308,38.462096000185],[-107.56021599969,38.461735000316],[-107.55888300042,38.461173999723],[-107.55643700019,38.458991000122],[-107.555165000121,38.458233999688],[-107.551820999916,38.456954999723],[-107.549756000352,38.456599000292],[-107.548921999951,38.456139000133],[-107.545966000083,38.455200000253],[-107.543934000131,38.453449999953],[-107.543063999745,38.453027000031],[-107.541837999706,38.452746000005],[-107.540552000291,38.452243000206],[-107.536062000414,38.451376000342],[-107.529153000072,38.449823000334],[-107.526813000148,38.449092000279],[-107.525263000244,38.447701999982],[-107.523530999867,38.446557000153],[-107.520689999628,38.445800000117],[-107.518897999875,38.446388999915],[-107.516502999699,38.446642000221],[-107.513109999989,38.445863999905],[-107.510496000429,38.445054999882],[-107.503504000246,38.445592000062],[-107.500613999602,38.445583999886],[-107.500612999778,38.476414000139],[-107.500612999778,38.499963999718],[-107.500613999602,38.536332999898],[-107.500611999953,38.561136999653],[-107.500616000151,38.583008999935],[-107.500611999953,38.60805300001],[-107.500611000128,38.642290999687],[-107.500611000128,38.665152000252],[-107.50065499961,38.668552999731],[-107.520871000276,38.668568000159],[-107.53608499998,38.668518000123],[-107.554600000232,38.668520999929],[-107.573169999836,38.668482999796],[-107.591741999989,38.668478999818],[-107.610104999904,38.668439000022],[-107.624527999763,38.668440999662],[-107.660822999598,38.668378000115],[-107.684180999904,38.668347999878],[-107.722445999767,38.668280000088],[-107.749176999692,38.668260000137],[-107.751191999926,38.668051000144],[-107.778115000369,38.667980000243],[-107.833784999898,38.668104000331],[-107.848622000034,38.668112999803],[-107.853082999599,38.668165999944],[-107.873881999697,38.668141999965],[-107.892638999798,38.668143000139],[-107.929808000218,38.668304000021],[-107.966929999883,38.668396999862],[-107.998888999827,38.668476000009],[-107.999113000133,38.668473999669],[-107.99882000023,38.668399999674],[-107.993890000137,38.661360000114],[-107.993160000391,38.659799999874],[-107.989170000106,38.646470000294],[-107.988479999644,38.643819999754],[-107.986529999707,38.635130000351],[-107.990970000254,38.635080000128],[-107.992910000145,38.64217000002],[-107.993459999966,38.642410000187],[-107.996846000004,38.642317000279],[-107.997183000288,38.641924999855],[-107.996511000268,38.641075000332],[-107.996958000157,38.640712000172],[-107.996054000333,38.638972000049],[-107.996634000292,38.638407000172],[-107.996823000438,38.637632999708],[-107.99579999989,38.63674900002],[-107.996246999779,38.636184000162],[-107.995763999905,38.635535999747],[-107.995987000386,38.634844999665],[-107.995293999552,38.633928000208],[-107.995342000131,38.632923999863],[-107.994234999918,38.630783999933],[-107.994702999723,38.630107999721],[-107.993478000408,38.629136999798],[-107.993596000409,38.628137999885],[-107.992804999665,38.627771000029],[-107.991844999765,38.626668000317],[-107.991361999892,38.625653000037],[-107.991515000052,38.62459300001],[-107.993214999744,38.623818999883],[-107.993711000036,38.623323999804],[-107.993605999556,38.622885000089],[-107.992421000424,38.621096000265],[-107.991510999854,38.620285],[-107.991901999667,38.61881900012],[-107.991229999647,38.61861600005],[-107.989817000011,38.618769999914],[-107.989179000326,38.61792499973],[-107.989520999735,38.616569000278],[-107.989933000362,38.615981999811],[-107.991121999692,38.615125000026],[-107.990966999881,38.613532999933],[-107.991259999784,38.612879999947],[-107.990924000224,38.612001999835],[-107.989636000261,38.611507999887],[-107.989006000074,38.610810999651],[-107.989138000318,38.610032000291],[-107.989899999851,38.609329000098],[-107.988730999714,38.60804000017],[-107.988933000279,38.607304000027],[-107.989817999836,38.605573999881],[-107.990754000344,38.605674999665],[-107.997999000247,38.605642000217],[-107.99572600027,38.604084999807],[-107.995578999957,38.602068000226],[-107.995007000395,38.600869000343],[-107.994988999953,38.596686999725],[-107.995209999886,38.595279000304],[-107.994414000018,38.594109999786],[-107.99397999965,38.592872000338],[-107.993900000182,38.591533999859],[-107.993444000073,38.590845000307],[-107.986333999889,38.59086000015],[-107.985808000357,38.591155999793],[-107.98577800022,38.59448300005],[-107.981545000261,38.594440000273],[-107.981089999976,38.593617000046],[-107.981267000427,38.589552000327],[-107.981130999984,38.58632500019],[-107.98128499997,38.579104000186],[-107.981254000008,38.572180999785],[-107.981028000052,38.571414999912],[-107.979442000163,38.56883899987],[-107.978745999854,38.562286999794],[-107.978339000148,38.561948000314],[-107.972182000192,38.562028000022],[-107.97187400022,38.562403999779],[-107.972661999692,38.564632000182],[-107.972576000377,38.565361000208],[-107.971296999737,38.56644999993],[-107.969906999667,38.566876999947],[-107.968657000237,38.567986999881],[-107.967869999691,38.568178000012],[-107.966954000173,38.568070999854],[-107.965872000074,38.567347000108],[-107.964476999981,38.567034999881],[-107.96416900001,38.566380000019],[-107.962990999652,38.565608000313],[-107.956667000189,38.56550000034],[-107.954773000328,38.561892999804],[-107.95432800009,38.561886999694],[-107.953295000395,38.560152999811],[-107.953165999625,38.559173999889],[-107.952472999689,38.557929999775],[-107.951761000385,38.557379999968],[-107.951798000195,38.556848999975],[-107.950325000284,38.554761999789],[-107.948618999846,38.554673999709],[-107.948609999626,38.551807000347],[-107.946812000025,38.548573000262],[-107.946297000364,38.547906000322],[-107.946457000198,38.547521000049],[-107.942307999904,38.541159999695],[-107.938535000252,38.535127000047]]]},"properties":{"geoid":"08085966202","county_fips":"08085","designated":true}},{"type":"Feature","geometry":{"type":"Polygon","coordinates":[[[-108.027928999713,38.152636000055],[-108.021037999813,38.152616000279],[-108.011304999848,38.152702999831],[-108.000622000029,38.152479999958],[-107.993374999577,38.152442000156],[-107.991863000207,38.152491000139],[-107.969637000228,38.152295000009],[-107.946962999638,38.152491000139],[-107.947744000336,38.173767000038],[-107.938145000265,38.173936000224],[-107.937931999829,38.190778000182],[-107.937587999873,38.218992000087],[-107.947020000437,38.218946999913],[-107.947141999738,38.22647700035],[-107.965407999569,38.226508999877],[-107.965419000338,38.234014999961],[-107.984183999936,38.233935999707],[-107.984084000377,38.248385999909],[-107.99657700039,38.248283000067],[-108.000622000029,38.248281999698],[-108.011530999803,38.248203000131],[-108.011530999803,38.255261000294],[-108.055126999618,38.255225999901],[-108.086604000411,38.255201999683],[-108.087217999806,38.262552999724],[-108.086690999552,38.275748000146],[-108.088210000391,38.275550000266],[-108.08898000032,38.275670000108],[-108.091340000336,38.27704000018],[-108.093650000123,38.280589999899],[-108.094420000052,38.280969999727],[-108.095990000047,38.280990000219],[-108.096929999855,38.280540000145],[-108.097410000254,38.279200000249],[-108.098040000441,38.278540000072],[-108.099649999721,38.275540000329],[-108.099970000286,38.273769999648],[-108.10084999982,38.273130000021],[-108.102090000102,38.272910000103],[-108.105280000321,38.273149999853],[-108.107289999634,38.273760000171],[-108.115300000341,38.276479999676],[-108.116009999996,38.277010000275],[-108.121930000126,38.284770000018],[-108.122409999627,38.285630000113],[-108.123229999784,38.287760000164],[-108.123269999967,38.288819999906],[-108.121279999848,38.294364999985],[-108.122679999963,38.298135000143],[-108.122510000084,38.300819000089],[-108.122510000084,38.302808000274],[-108.125680000212,38.307436000019],[-108.129420000251,38.312670000119],[-108.129899999752,38.312910000215],[-108.131259999685,38.313010000197],[-108.132419999601,38.312659999657],[-108.136369999703,38.311150000097],[-108.142340000062,38.309000000244],[-108.143560000253,38.308809999946],[-108.149519999668,38.309960000039],[-108.149870000371,38.310179999744],[-108.153429999587,38.314720000112],[-108.153849999712,38.316629999861],[-108.153610000411,38.316940000086],[-108.160470000349,38.316890000003],[-108.163350000048,38.316820000111],[-108.164279999811,38.316999999999],[-108.16512000006,38.318569999696],[-108.165400000442,38.318790000062],[-108.169660000166,38.32052999994],[-108.171030000144,38.321010000164],[-108.172780000065,38.321080000239],[-108.17741999973,38.320820000323],[-108.179530000398,38.321319999985],[-108.180984000042,38.322924000013],[-108.182240000218,38.323749999877],[-108.185780000241,38.32358999986],[-108.187500000024,38.323120000235],[-108.188520000199,38.322030000218],[-108.190280000164,38.320780000145],[-108.19232999966,38.320619999916],[-108.194400000146,38.321319999985],[-108.19602000037,38.321150000247],[-108.197619999604,38.320609999845],[-108.20127000013,38.320519999857],[-108.201850000088,38.320330000142],[-108.20330999958,38.31862000003],[-108.204190000012,38.317890000046],[-108.20580000019,38.317800000205],[-108.207760000173,38.318470000334],[-108.210839999889,38.320359999759],[-108.212660000129,38.321230000173],[-108.216289999666,38.323360000274],[-108.217420000343,38.323669999912],[-108.221350000354,38.323829999753],[-108.222409999812,38.323680000265],[-108.224709999554,38.322880000106],[-108.228030000367,38.323079999916],[-108.22879000025,38.323549999801],[-108.230809999609,38.325390000123],[-108.231690000041,38.327259999829],[-108.231609999675,38.329649999802],[-108.233049999974,38.33233000002],[-108.233979999736,38.335750000082],[-108.235749999748,38.339940000137],[-108.236820000151,38.3412799999],[-108.238699999767,38.342689999878],[-108.239020000333,38.343130000069],[-108.239570000154,38.345010000176],[-108.240879999858,38.346250000074],[-108.242380000431,38.34914999971],[-108.243419999798,38.350949999817],[-108.244140000397,38.35275000027],[-108.244520000339,38.354069999686],[-108.246799999988,38.355399999897],[-108.248149999875,38.356519999662],[-108.249440000386,38.357880000238],[-108.250550000074,38.358719999681],[-108.252279999902,38.36073000032],[-108.254100000143,38.361749999831],[-108.256739999642,38.362309999956],[-108.259040000282,38.362370000341],[-108.259919999816,38.362759999872],[-108.26268999991,38.366039999669],[-108.264429999784,38.367959999674],[-108.266749999617,38.369099999655],[-108.26757999982,38.369690000285],[-108.268739999737,38.371030000333],[-108.271250000438,38.372970000133],[-108.272519999959,38.373730000208],[-108.274789999563,38.374770000311],[-108.276110000211,38.376639999992],[-108.277310000311,38.377810000328],[-108.279070000276,38.378720000183],[-108.281129999818,38.379440000238],[-108.283810000399,38.379499999802],[-108.284970000315,38.37977999969],[-108.285809999666,38.380369999855],[-108.287900000243,38.381429999832],[-108.288830000006,38.381520000204],[-108.289999999968,38.380909999871],[-108.291050000279,38.381030000031],[-108.292400000166,38.381910000053],[-108.294499999891,38.382110000261],[-108.298060000006,38.383960000092],[-108.30397000009,38.3888899998],[-108.306120000043,38.390779999693],[-108.307170000355,38.391450000083],[-108.310500000316,38.393049999826],[-108.311480000307,38.39403999994],[-108.312260000282,38.39448999967],[-108.315370000135,38.395800000075],[-108.318419999713,38.396939999997],[-108.320070000074,38.397899999774],[-108.32115999967,38.398829999985],[-108.321959999736,38.399220000124],[-108.323889999582,38.400530000008],[-108.324830000288,38.40160000034],[-108.326010000296,38.402650000309],[-108.327330000046,38.403430000207],[-108.329940000307,38.404520000053],[-108.331880000197,38.404960000333],[-108.333820000088,38.405949999968],[-108.336450000441,38.406489999749],[-108.33889999997,38.407430000015],[-108.341690000155,38.4077400002],[-108.34354999968,38.408110000224],[-108.346830000311,38.408179999882],[-108.350500000031,38.407910000123],[-108.358289999732,38.409919999868],[-108.360590000371,38.410280000338],[-108.371499999971,38.411129999866],[-108.374110000232,38.411599999858],[-108.378070000379,38.411170000119],[-108.378610000155,38.411249999855],[-108.379620000283,38.412340000015],[-108.380200000241,38.414799999712],[-108.381140000049,38.416310000092],[-108.381289999837,38.417149999661],[-108.378339999818,38.420459999843],[-108.377880000409,38.421640000111],[-108.378089999573,38.422349999906],[-108.379390000129,38.423960000339],[-108.381089999821,38.425120000307],[-108.38253000012,38.426569999756],[-108.382229999646,38.427699999856],[-108.382400000423,38.428010000336],[-108.38332000014,38.427819999768],[-108.385569999652,38.428000000319],[-108.388820000146,38.427809999725],[-108.390149999941,38.427569999667],[-108.391740000028,38.427819999768],[-108.393180000327,38.427780000289],[-108.394880000018,38.427530000049],[-108.396680000167,38.42766000031],[-108.40058000004,38.427730000029],[-108.401849999561,38.427419999754],[-108.407169999642,38.424810000089],[-108.40920999999,38.423860000125],[-108.409830000132,38.423870000012],[-108.413430000429,38.424569999915],[-108.416490000054,38.424989999697],[-108.423590000192,38.42544999994],[-108.42496000017,38.425760000226],[-108.432879999568,38.430939999986],[-108.44039999983,38.438260000022],[-108.443699999654,38.441540000156],[-108.444109999733,38.442420000234],[-108.443719999745,38.445410000226],[-108.444519999812,38.446419999808],[-108.447360000226,38.446629999779],[-108.449809999755,38.446629999779],[-108.453339999733,38.447750000322],[-108.454109999662,38.448209999793],[-108.4600099997,38.455959999713],[-108.462559999687,38.460039999897],[-108.463310000422,38.460419999753],[-108.466190000122,38.461529999789],[-108.479039999612,38.464399999868],[-108.484019999934,38.464620000131],[-108.484640000075,38.464869999936],[-108.491599999573,38.470570000186],[-108.493520000271,38.471680000146],[-108.495040000037,38.471730000204],[-108.500800000334,38.471179999764],[-108.501659999776,38.470900000229],[-108.510499999789,38.467539999785],[-108.511289999809,38.467300000294],[-108.518290000388,38.466769999672],[-108.519250000288,38.466469999969],[-108.522879999825,38.463449999656],[-108.5316899997,38.459199999813],[-108.53645999996,38.456970000063],[-108.538589999821,38.457400000058],[-108.539769999829,38.458050000207],[-108.539769999829,38.459380000202],[-108.540490000428,38.46067999976],[-108.541129999762,38.461270000033],[-108.542570000061,38.4618800002],[-108.544740000105,38.46309999983],[-108.546059999855,38.463280000335],[-108.547039999846,38.464039999779],[-108.547520000245,38.465990000099],[-108.547829999867,38.466289999689],[-108.549729999575,38.467089999996],[-108.550519999595,38.468969999686],[-108.550999999994,38.46937000015],[-108.557140000233,38.472269999752],[-108.560130000435,38.473250000064],[-108.560880000272,38.473360000143],[-108.564519999855,38.47260999992],[-108.565940000062,38.472050000321],[-108.566829999642,38.472190000101],[-108.567530000149,38.473019999996],[-108.569019999778,38.475449999997],[-108.57097999976,38.47581000009],[-108.572880000367,38.475739999881],[-108.573119999668,38.476569999697],[-108.571739999643,38.480379999705],[-108.572559999801,38.486130000096],[-108.572860000275,38.486670000068],[-108.573980000008,38.486989999965],[-108.576899999891,38.487399999823],[-108.577699999957,38.49054000005],[-108.577610000443,38.491310000123],[-108.578180000356,38.492500000349],[-108.580290000126,38.49562000023],[-108.5829899999,38.499219999737],[-108.583682000011,38.499987999725],[-108.629132000402,38.499987999725],[-108.656675000088,38.499987999725],[-108.710100999952,38.499987000018],[-108.759102000236,38.499987000018],[-108.791863999721,38.499987000018],[-108.815063999843,38.499987000018],[-108.849141999778,38.499987000018],[-108.896609999877,38.499987000018],[-108.932943000245,38.499987999725],[-108.989359000312,38.499984999901],[-109.020447999869,38.499987000018],[-109.059962000236,38.499987000018],[-109.060255999964,38.493254000245],[-109.060230999849,38.464742000257],[-109.060214000131,38.446383999772],[-109.060175999598,38.401238000239],[-109.060146000359,38.396822000348],[-109.06016999975,38.388100000134],[-109.060149999658,38.374542999933],[-109.060123999719,38.345023000329],[-109.060088999559,38.307234000234],[-109.060061999795,38.275488999923],[-109.056125999936,38.253671999903],[-109.055555000199,38.251002000216],[-109.054670999569,38.245079999705],[-109.050659000441,38.2200870002],[-109.044832000197,38.183819999911],[-109.041761999629,38.164690000132],[-109.042062000103,38.155489999931],[-109.041667000093,38.153021000333],[-109.018209000228,38.153229000258],[-108.998484999656,38.153472999767],[-108.988498000146,38.153447000072],[-108.979577999768,38.153661999876],[-108.96598000009,38.153477000099],[-108.957258999903,38.153529000164],[-108.949404999729,38.153502999783],[-108.942142000283,38.153710000196],[-108.929383000131,38.153583000002],[-108.916758999697,38.153288000217],[-108.910365999739,38.153350000206],[-108.906748999723,38.153291999853],[-108.906748999723,38.154958999781],[-108.900230000266,38.154781000042],[-108.880672000275,38.154024000243],[-108.875657999617,38.154080000217],[-108.875657999617,38.154150999669],[-108.859027000079,38.153848000145],[-108.855831000012,38.153909999658],[-108.841323999589,38.153831000052],[-108.836281000417,38.15386800029],[-108.821513999703,38.153630999667],[-108.792293000066,38.153434000221],[-108.778274000438,38.153264999831],[-108.750653999861,38.153423999737],[-108.741855999681,38.15315999973],[-108.723502999812,38.153132000102],[-108.705124000003,38.153234999717],[-108.686653000133,38.153052999654],[-108.668255000057,38.153100999668],[-108.65698100041,38.153108999667],[-108.652366999785,38.153066000279],[-108.649886000294,38.153114999843],[-108.631577999732,38.153095000198],[-108.62564900028,38.153298000014],[-108.605881000226,38.15300700014],[-108.57361799961,38.152819000015],[-108.557325000181,38.152730000061],[-108.539591999554,38.152649000048],[-108.531158000321,38.152975000093],[-108.521551999679,38.153301999649],[-108.512083000203,38.153232000341],[-108.500644999625,38.153199000129],[-108.487683999806,38.153213000285],[-108.461373000006,38.153264999831],[-108.45804399987,38.15323400016],[-108.445489999757,38.153299999831],[-108.437095999808,38.153199999686],[-108.414828999822,38.15326699965],[-108.399784000172,38.153143000184],[-108.389868999734,38.152991999678],[-108.387601999605,38.153042999823],[-108.375640000044,38.152846000202],[-108.325632999829,38.152496999659],[-108.324591999738,38.152559000321],[-108.317111999659,38.152533999867],[-108.314950999835,38.152473999731],[-108.286249000057,38.152545000039],[-108.26928200006,38.152660000203],[-108.260929999944,38.152678000133],[-108.250634999564,38.152793000087],[-108.249811000107,38.152538000251],[-108.239858000034,38.152505999998],[-108.227590999976,38.15243299981],[-108.177249000025,38.152303999666],[-108.170114999552,38.152253999987],[-108.13606799958,38.152670000086],[-108.125628000333,38.152702999831],[-108.118222999698,38.152268999894],[-108.113049000106,38.152227999858],[-108.089500999829,38.152334999732],[-108.061505000406,38.152463999821],[-108.060983999999,38.152440999882],[-108.043544999999,38.152598999899],[-108.038881999869,38.15266699998],[-108.027928999713,38.152636000055]]]},"properties":{"geoid":"08085966100","county_fips":"08085","designated":true}},{"type":"Feature","geometry":{"type":"Polygon","coordinates":[[[-107.847074999605,38.488806999929],[-107.846863999718,38.491768999706],[-107.846036000062,38.492531999923],[-107.847920999702,38.49252300022],[-107.84792300025,38.499986000311],[-107.84929099968,38.499623999924],[-107.850626000397,38.498778000048],[-107.851988999805,38.498755999789],[-107.853050999812,38.499194999755],[-107.853568000021,38.499984999901],[-107.855907999945,38.49987399997],[-107.861608999792,38.49986600019],[-107.865660000176,38.499793000312],[-107.869440000399,38.499866999899],[-107.871070999595,38.499823999749],[-107.871028999762,38.490801000272],[-107.871484999872,38.490934999796],[-107.872874999942,38.490775000347],[-107.875368999852,38.491460000129],[-107.877201999613,38.492237000324],[-107.877726000393,38.492930999922],[-107.879268999725,38.493767000221],[-107.879771999691,38.4931830003],[-107.880303000143,38.493799999728],[-107.880582999627,38.49337499993],[-107.881608999649,38.493705000338],[-107.881868000115,38.493265999961],[-107.882426000332,38.494148999794],[-107.882077000353,38.49435599996],[-107.883004999567,38.494859999709],[-107.883563999609,38.494629999691],[-107.884228000131,38.495135999885],[-107.883662000416,38.495266999762],[-107.884597000202,38.495694999653],[-107.885707999714,38.495888000086],[-107.886741000307,38.49716499971],[-107.886336000251,38.498011999985],[-107.887375999619,38.497865000175],[-107.887626999689,38.499119999758],[-107.888039000316,38.498511000126],[-107.88845900044,38.49872100029],[-107.888137000225,38.49951300014],[-107.889010000086,38.499559000318],[-107.888862999773,38.500346999879],[-107.889282000073,38.500483999731],[-107.888882999865,38.501032999739],[-107.889106000346,38.501610000096],[-107.888169999837,38.502047999863],[-107.889133999935,38.502252000096],[-107.889553000234,38.502822999712],[-107.890727000394,38.502478000287],[-107.891061000305,38.503428000103],[-107.890691000409,38.503801000065],[-107.89159199986,38.503981999831],[-107.891765999937,38.504591999951],[-107.893085999687,38.504542999837],[-107.893002000021,38.505118999856],[-107.893756999881,38.505014999676],[-107.893930999959,38.505608000163],[-107.894811000391,38.5059430003],[-107.89467099975,38.506337999949],[-107.895634999848,38.505998000016],[-107.895941999995,38.5066299999],[-107.89743800037,38.506602999745],[-107.897633000364,38.507382000314],[-107.898421999661,38.507224000052],[-107.898637999571,38.507888000207],[-107.899239000344,38.508529999777],[-107.90050800004,38.508471999711],[-107.900503999842,38.509390999665],[-107.901920999676,38.50928899989],[-107.901963000407,38.509941999803],[-107.902402999725,38.51032599989],[-107.902884999774,38.509996999979],[-107.903800000366,38.510924999666],[-107.904952999711,38.511387000143],[-107.905881999649,38.511034999881],[-107.905847000387,38.511733000014],[-107.90685999999,38.512116999687],[-107.907090000144,38.512573000241],[-107.908320000381,38.513055999871],[-107.908997000423,38.512990999735],[-107.908927000103,38.513374999728],[-107.910471000159,38.513237999797],[-107.911338000172,38.512250000088],[-107.911073999683,38.510968999772],[-107.912053999674,38.511421000265],[-107.912442999837,38.511085000051],[-107.913512000415,38.509944999916],[-107.915503000359,38.510659000048],[-107.916376000221,38.511229999785],[-107.917151000172,38.510741999958],[-107.918095000179,38.510681000186],[-107.91932799989,38.510232000069],[-107.916951999981,38.510388999791],[-107.916177000029,38.510096000051],[-107.915269999833,38.50834499972],[-107.915129000266,38.507552999979],[-107.91376799961,38.506835000124],[-107.912238999622,38.505691999899],[-107.911729999809,38.503973000153],[-107.910862999796,38.501779999725],[-107.911520999572,38.499984000193],[-107.91103199985,38.499390000085],[-107.907899000431,38.498877999798],[-107.906983999839,38.499414999999],[-107.90653699995,38.499234999721],[-107.90667000002,38.497894000267],[-107.90603499981,38.496876999757],[-107.906378999767,38.495278000074],[-107.90511000007,38.495493000074],[-107.904668000204,38.495280000322],[-107.904145000148,38.494187999963],[-107.902284999724,38.493614000006],[-107.901493999879,38.493163000046],[-107.90079799957,38.493770000305],[-107.900252999772,38.493832999924],[-107.899493999714,38.49322399989],[-107.899575999729,38.492494999887],[-107.90043400042,38.490905999715],[-107.899722000218,38.48989500019],[-107.899994000204,38.488791999882],[-107.899144999734,38.48732400032],[-107.897911000198,38.486946999864],[-107.896763999802,38.486945999976],[-107.896233000248,38.486304999879],[-107.896702999703,38.485346000071],[-107.896326000134,38.484703999887],[-107.894040999564,38.484780999961],[-107.893346999803,38.484114000077],[-107.893864000012,38.483307999865],[-107.893818999806,38.482755999959],[-107.893289999901,38.482153000263],[-107.891895999633,38.481637999953],[-107.889327000279,38.4812849999],[-107.888358000158,38.480838000019],[-107.888003000331,38.480044000252],[-107.889052999744,38.479517999739],[-107.888928999895,38.479012000278],[-107.886672999637,38.478061999876],[-107.88621099968,38.477187000015],[-107.88564599979,38.475104000249],[-107.884880999884,38.475399999705],[-107.881114999905,38.476459000262],[-107.879714999789,38.477376000007],[-107.87876400011,38.47615399989],[-107.877799000188,38.474512999861],[-107.874875000107,38.46989299978],[-107.874497999641,38.469654999936],[-107.871468000154,38.470820999873],[-107.870052000144,38.471860999729],[-107.863720000285,38.476203000325],[-107.867153000178,38.479279000026],[-107.863131999931,38.482043000239],[-107.862568999692,38.481753999653],[-107.85705899964,38.481777000141],[-107.857231000068,38.482639999762],[-107.857138000181,38.484080999649],[-107.857140999656,38.488211999902],[-107.848504000033,38.488787999729],[-107.847074999605,38.488806999929]]]},"properties":{"geoid":"08085966300","county_fips":"08085","designated":true}},{"type":"Feature","geometry":{"type":"Polygon","coordinates":[[[-103.226557999979,40.436087000162],[-103.233494999911,40.436094000237],[-103.250492000045,40.436036999995],[-103.280669000282,40.435843000115],[-103.321503000398,40.435580999736],[-103.342048999878,40.435449000217],[-103.367200999587,40.435294000022],[-103.374961999874,40.435297999917],[-103.375495999802,40.435471000269],[-103.387064999901,40.435438000189],[-103.387664000125,40.435569999729],[-103.407049999689,40.436359999817],[-103.439622000102,40.436345999721],[-103.465377000233,40.436345999721],[-103.464624999847,40.410476000154],[-103.46466500003,40.408163999761],[-103.464485000105,40.406241999938],[-103.464454999968,40.404069999695],[-103.464523999565,40.39927699999],[-103.464536999984,40.393039999969],[-103.464609999779,40.385950999909],[-103.464772999985,40.364094000075],[-103.464783000031,40.354933999939],[-103.464849999978,40.354631999797],[-103.464624999847,40.349919999726],[-103.470981999821,40.349765999924],[-103.471066000384,40.342074999928],[-103.471210000325,40.333394000127],[-103.471003999562,40.332704999832],[-103.471396999922,40.291779000006],[-103.471802999803,40.24997900031],[-103.472330999883,40.245079999848],[-103.472270999608,40.242357000232],[-103.472597999846,40.238628000291],[-103.472595000372,40.233158999851],[-103.472320999837,40.227186999732],[-103.472623999786,40.217136999796],[-103.47317699998,40.193845999853],[-103.473385000392,40.182247999776],[-103.473484000126,40.166651999763],[-103.473281999562,40.156769999891],[-103.473480999753,40.151777999711],[-103.47340399976,40.14751600019],[-103.473201000269,40.146759999951],[-103.472344000302,40.103454999699],[-103.472095999706,40.088480999675],[-103.47219299979,40.07442500011],[-103.472260999563,40.059610999691],[-103.472101999554,40.042961000094],[-103.47218000027,40.030658000169],[-103.471991000124,40.001528999973],[-103.465222000422,40.00157500034],[-103.457831999856,40.001576000198],[-103.457831000031,39.98576199995],[-103.45834999989,39.971681999881],[-103.459014000412,39.957273999687],[-103.459153000329,39.942920000012],[-103.459370000064,39.927442000162],[-103.459119999819,39.915603000318],[-103.459118000169,39.91416499972],[-103.455039000195,39.914078999732],[-103.439797999829,39.913902999691],[-103.42153899967,39.913806999667],[-103.403107000158,39.913845000338],[-103.392234000368,39.913767000133],[-103.391341000416,39.913469000016],[-103.389005999616,39.913189000033],[-103.387577000087,39.913717000167],[-103.372395000169,39.913623999871],[-103.365378999697,39.913647999782],[-103.356171000337,39.913746000248],[-103.32812999981,39.914275999738],[-103.295738000221,39.914866000052],[-103.290942000022,39.914980000241],[-103.291547000094,39.924585999997],[-103.291825999754,39.92946299993],[-103.29184699967,39.931005000003],[-103.291855000066,39.944314999699],[-103.254960000181,39.944794000167],[-103.254988999595,39.959339000145],[-103.217706000271,39.959500000207],[-103.217664000438,39.944960000024],[-103.211053999847,39.94499599994],[-103.180607000172,39.945232000297],[-103.164481000248,39.94527700001],[-103.15912000016,39.945260000122],[-103.143831999938,39.94512100019],[-103.135729000242,39.945161999996],[-103.123909999898,39.945262000109],[-103.111616000076,39.945340000247],[-103.086429000207,39.945576000106],[-103.072953999654,39.946037000333],[-103.049437000238,39.946953999889],[-103.048772999716,39.946994999974],[-103.049188999642,39.961293000184],[-103.049017000113,39.974630999973],[-103.049212999932,39.987720000003],[-103.049304999993,40.001096999765],[-103.050286999634,40.00231800025],[-103.057338000267,40.002297999863],[-103.05746499959,40.017145000288],[-103.057758000392,40.029050999748],[-103.057934999944,40.040393999872],[-103.05798900037,40.046156000037],[-103.058025000355,40.059697999935],[-103.05817000012,40.075789000132],[-103.058658999842,40.088727000089],[-103.058770999995,40.093741000268],[-103.058982999707,40.109967000176],[-103.059046000354,40.120711999772],[-103.058812000003,40.133836999939],[-103.058913000285,40.148396000032],[-103.063691999867,40.14833799992],[-103.063710000309,40.155756999901],[-103.063782000279,40.162943999814],[-103.059063000073,40.162998999787],[-103.059554000342,40.1777560002],[-103.059822000131,40.189346000201],[-103.060263000172,40.207299000319],[-103.060713000434,40.22212200029],[-103.060848999978,40.236609000144],[-103.061006000337,40.247257999657],[-103.061180000414,40.255700000204],[-103.061438000157,40.266363999946],[-103.061485999837,40.280812999808],[-103.061691999702,40.291853999898],[-103.061953999643,40.321519999763],[-103.06194699997,40.347999999712],[-103.061967999886,40.35022400017],[-103.063712999784,40.350201000108],[-103.064599999888,40.350704999942],[-103.06479700043,40.351117999994],[-103.064679000429,40.371317000076],[-103.064614000132,40.378322999834],[-103.064629000201,40.389329999907],[-103.064589999843,40.393740999862],[-103.064552000208,40.407994999773],[-103.083484000211,40.407870999784],[-103.083452000423,40.42136000005],[-103.083500000104,40.436788000258],[-103.089487000181,40.436793999967],[-103.090314999837,40.436844999864],[-103.101724000102,40.436751000332],[-103.12088399971,40.436664000002],[-103.125489999939,40.436723000301],[-103.132109999678,40.43661800008],[-103.135478000172,40.436778999668],[-103.139820999736,40.436758000338],[-103.150340000422,40.436790000161],[-103.151107999803,40.436711000186],[-103.159933999571,40.436690000151],[-103.167468000078,40.436609000151],[-103.191342999694,40.436457999721],[-103.226413000214,40.436177999714],[-103.226557999979,40.436087000162]]]},"properties":{"geoid":"08121924200","county_fips":"08121","designated":true}},{"type":"Feature","geometry":{"type":"Polygon","coordinates":[[[-104.970548000441,40.073002000306],[-104.970238999746,40.073097000051],[-104.965325000445,40.073151999879],[-104.949143000445,40.073051999971],[-104.948330999785,40.073138000052],[-104.94311500036,40.07308600008],[-104.936287000208,40.073087000265],[-104.923909999647,40.072891999676],[-104.905374000378,40.072753999746],[-104.905124999958,40.072961999722],[-104.905253000004,40.082012000127],[-104.905242000134,40.083687000247],[-104.905734000228,40.085087999955],[-104.906474999845,40.086134000263],[-104.907218999834,40.086737999703],[-104.908702999616,40.087420000078],[-104.910527000054,40.087686000303],[-104.927775000259,40.08774299997],[-104.932148999785,40.087822000274],[-104.942311999921,40.087868000183],[-104.947060000439,40.087646000098],[-104.95082200022,40.087696999977],[-104.954777000345,40.087651999924],[-104.961195000418,40.087693000096],[-104.967814000332,40.087599000067],[-104.972561000127,40.087580999886],[-104.978912000253,40.08749600015],[-104.975190999581,40.087271000296],[-104.975177000236,40.086289999721],[-104.975561000375,40.08535199966],[-104.976582000374,40.084633000004],[-104.978297000134,40.084171000294],[-104.9792799996,40.083650999873],[-104.979837999817,40.082755000318],[-104.979933000252,40.081171999913],[-104.979971999711,40.073030000013],[-104.979057999843,40.072899999803],[-104.970548000441,40.073002000306]]]},"properties":{"geoid":"08123002004","county_fips":"08123","designated":true}},{"type":"Feature","geometry":{"type":"Polygon","coordinates":[[[-107.048967999951,37.26866200029],[-107.042755999743,37.270321000282],[-107.040502000033,37.271206000075],[-107.037240999668,37.272806000122],[-107.035526999733,37.27318699972],[-107.034374000388,37.273016000347],[-107.033028999626,37.272233000215],[-107.028608000244,37.267866999752],[-107.027111000043,37.267004000348],[-107.025121999749,37.266792000218],[-107.022202999691,37.267108000261],[-107.017383000101,37.266662000295],[-107.015269999958,37.266317999812],[-107.011710999668,37.266279000256],[-107.011314000008,37.266393999987],[-107.00909100026,37.26837599983],[-107.008568000203,37.268561000034],[-107.003028999839,37.26897000012],[-106.998884999568,37.269451000342],[-106.994796000448,37.269457999694],[-106.993705000128,37.269665999746],[-106.992173999593,37.267522000347],[-106.992069000011,37.266652000237],[-106.992187000012,37.262644000315],[-106.992727999612,37.260577000302],[-106.99475500044,37.256518000114],[-106.994972000175,37.255039000353],[-106.994814999816,37.254184000186],[-106.99426400017,37.252948999974],[-106.987644000431,37.240541999726],[-106.987015999894,37.239096000149],[-106.985424000157,37.234582999959],[-106.985041999668,37.232908000059],[-106.985015999729,37.232070000155],[-106.985421999609,37.227545999746],[-106.985372000279,37.22562700015],[-106.984751000313,37.221134999975],[-106.983422000342,37.214742999845],[-106.982981000301,37.213322999933],[-106.982546999933,37.212555999941],[-106.981443000093,37.211387999941],[-106.976177000439,37.207715999935],[-106.974722999897,37.207041000157],[-106.966801999776,37.203947999723],[-106.965088999666,37.203118000086],[-106.963920000427,37.202306999646],[-106.96275299994,37.201194000033],[-106.953927000171,37.191592000356],[-106.953121000257,37.190790999994],[-106.951762000149,37.189864999833],[-106.950607000256,37.189410000234],[-106.94935100008,37.189153999852],[-106.947831000314,37.189131999711],[-106.943529999684,37.189796999823],[-106.941282999646,37.189872000135],[-106.940340000363,37.189610000018],[-106.939053000226,37.188691000099],[-106.937857000324,37.18720099976],[-106.937125999855,37.18596000002],[-106.93602299984,37.183570000147],[-106.935616999959,37.182246999922],[-106.935656000317,37.180078000021],[-106.936108000229,37.178731000111],[-106.93786900002,37.174681999923],[-106.938679999957,37.173423000034],[-106.939681999689,37.172482999987],[-106.941923999704,37.171149999727],[-106.942773999999,37.169972999718],[-106.94297499984,37.167799000182],[-106.943343999911,37.166843999708],[-106.944821999845,37.164530999798],[-106.946601000077,37.160846000088],[-106.946864999668,37.159230999882],[-106.94649899997,37.15823500006],[-106.94592300021,37.157528000143],[-106.944934999823,37.156796000002],[-106.940515000266,37.153842999844],[-106.939598000024,37.153074000156],[-106.937349000336,37.150729999892],[-106.936487000346,37.149954000344],[-106.932957000368,37.148083999821],[-106.925805000352,37.143688000052],[-106.924657999956,37.142899999855],[-106.921093999643,37.140216000197],[-106.920291000102,37.139316999829],[-106.919455000051,37.136444000017],[-106.919368999837,37.135478999941],[-106.91957700025,37.134359999691],[-106.919388999929,37.133424999717],[-106.917726000047,37.129957000066],[-106.917799999667,37.128425000331],[-106.918423000181,37.12714799983],[-106.918798999925,37.125854999963],[-106.918978000025,37.123538000061],[-106.919296000042,37.122510000022],[-106.920642999556,37.12169499982],[-106.92357900023,37.12092599992],[-106.924451000267,37.120304000081],[-106.924883999912,37.119611000171],[-106.924999000438,37.117270000153],[-106.925369000333,37.116209999702],[-106.927640999587,37.114554999887],[-106.928340000269,37.11382600015],[-106.928701999769,37.112753999714],[-106.928726000059,37.110644000051],[-106.928536999913,37.109812999798],[-106.928053000214,37.109278000023],[-106.922732000308,37.105474999652],[-106.921902000105,37.104963999896],[-106.917612000244,37.103263000318],[-106.915523000391,37.102215000109],[-106.913724000067,37.100709000122],[-106.911843999552,37.098703000112],[-106.911052999706,37.097605000056],[-106.910440000136,37.095105999709],[-106.909549999658,37.093648000005],[-106.908866999768,37.093066000224],[-106.896422000333,37.083297999852],[-106.895402999984,37.082588000016],[-106.893767999692,37.081779000012],[-106.889776999582,37.080359000354],[-106.888439000288,37.080049000157],[-106.885957000074,37.079887999963],[-106.866553000068,37.080866999841],[-106.864540000383,37.08079600003],[-106.862309000238,37.080306999655],[-106.847094999636,37.075323000183],[-106.845165999616,37.074997000164],[-106.841002000152,37.075098000029],[-106.839191000132,37.075021000186],[-106.835998000438,37.074532999663],[-106.833020999757,37.073868999839],[-106.830986000329,37.073775999908],[-106.827233999696,37.073306000038],[-106.826019000426,37.07250199989],[-106.825852999846,37.071173999716],[-106.82619199978,37.070640000067],[-106.828843999874,37.068872999816],[-106.835436999849,37.061632999842],[-106.837166999677,37.059425999859],[-106.838087000292,37.057750000271],[-106.838625000418,37.05644800019],[-106.844322999892,37.039713999863],[-106.844348999831,37.038099999972],[-106.843645000024,37.037085000148],[-106.842059000136,37.036295000122],[-106.832660999906,37.033440000337],[-106.830999999675,37.032693999895],[-106.829568999597,37.031726000042],[-106.820369999559,37.02381700033],[-106.818826000402,37.022643000217],[-106.806887000407,37.014785999916],[-106.805888000149,37.014069000088],[-106.792555999711,37.003607000284],[-106.790696000186,37.001918000087],[-106.787280000011,36.997854999785],[-106.781877999915,36.99251499982],[-106.774883000257,36.992528000149],[-106.750590000166,36.992461000252],[-106.718102000318,36.992745999815],[-106.689124000356,36.993015999851],[-106.675252999967,36.992948000198],[-106.670384999798,36.993030000278],[-106.668398000052,36.993167999742],[-106.66776700004,36.993077999777],[-106.661547000334,36.993195999821],[-106.651775999836,36.993217000052],[-106.625589999709,36.99315800007],[-106.625589999709,36.993121999948],[-106.617426999739,36.99300799981],[-106.616281999892,36.992906999766],[-106.591177999864,36.992922999867],[-106.562926000348,36.993187999799],[-106.547994999602,36.993361000256],[-106.509268999607,36.993692999686],[-106.500385999936,36.993754999777],[-106.498594000183,36.993705000355],[-106.476229000288,36.993758000301],[-106.479744000197,36.999361000248],[-106.479962999581,37.000009999844],[-106.48906200006,37.015080000203],[-106.500589000326,37.029444999872],[-106.521308999884,37.055360999742],[-106.535217999907,37.072759000132],[-106.550901999964,37.092374000005],[-106.576986999808,37.125008000282],[-106.57761600017,37.125735999917],[-106.589177999698,37.140187999914],[-106.592468000375,37.162124000304],[-106.597384000224,37.194973999801],[-106.603405999563,37.197401000282],[-106.614405999575,37.20214300028],[-106.625589999709,37.206691999661],[-106.660008000301,37.220960000314],[-106.6783539996,37.228565999754],[-106.678705000127,37.250005999864],[-106.67856799986,37.275723000069],[-106.67842200027,37.303106999808],[-106.678242000345,37.336751999914],[-106.678101999704,37.363460999967],[-106.678303000444,37.375007000172],[-106.678245999645,37.39657300007],[-106.678376000239,37.396572000222],[-106.678372999866,37.403595999905],[-106.705867999872,37.404170999896],[-106.710775000399,37.404227999708],[-106.710767000003,37.396238000262],[-106.729369000293,37.396045999782],[-106.750451000249,37.395975000045],[-106.7904240002,37.395208000197],[-106.801195999707,37.394975000304],[-106.836908999934,37.39428699994],[-106.871182999688,37.393665000096],[-106.875594999747,37.394023000132],[-106.907080999863,37.393805999712],[-106.943404000186,37.393557000105],[-106.960961000187,37.393437999742],[-106.975640000139,37.393312999842],[-107.000596999854,37.393136000271],[-107.022621999991,37.392702999992],[-107.045259999698,37.392303999699],[-107.062557000307,37.39233800003],[-107.089198999645,37.392455000192],[-107.091172000046,37.392425000241],[-107.110719999992,37.39244900006],[-107.113587000171,37.39249100026],[-107.125599999785,37.392486000033],[-107.128737000301,37.392408999644],[-107.128680000399,37.4229419999],[-107.165607999896,37.422947999731],[-107.192144999652,37.422953000065],[-107.192557000279,37.420095999913],[-107.192469000415,37.418956000032],[-107.19314200026,37.418292000208],[-107.194000999877,37.417987000188],[-107.194363000276,37.417469999939],[-107.194517000261,37.415521000087],[-107.193764999876,37.414872000256],[-107.190677999589,37.414958999992],[-107.189669000184,37.414861000331],[-107.188488000351,37.415321999746],[-107.18773699979,37.415395000324],[-107.183934999826,37.415145000074],[-107.182198000325,37.414742000264],[-107.180284000373,37.414800999805],[-107.179537000011,37.414677000184],[-107.177135000162,37.412828000003],[-107.17546100041,37.412322000117],[-107.172629000391,37.410718999681],[-107.171917000189,37.410223000047],[-107.169224000087,37.407696000286],[-107.168381000363,37.407112999718],[-107.163977999627,37.40514599991],[-107.162739000068,37.404528999699],[-107.157264000176,37.40125200023],[-107.156132999674,37.400193999753],[-107.155052000299,37.398303999698],[-107.152862999987,37.395667000216],[-107.15218699977,37.395118999912],[-107.149025000038,37.393163000257],[-107.148041999674,37.392305000317],[-107.147972000252,37.390472000019],[-107.148174999743,37.389676999787],[-107.152487000244,37.382516],[-107.153579000388,37.380798999941],[-107.154098000247,37.380346999993],[-107.158731000239,37.376872000191],[-107.159886999957,37.375410999651],[-107.160091999997,37.374660000113],[-107.161276000203,37.367486000352],[-107.162812999687,37.358537000199],[-107.162647000006,37.35670100024],[-107.160784999933,37.353203999669],[-107.160106000241,37.35246500016],[-107.157902999686,37.350815999712],[-107.15711199984,37.350431999893],[-107.142061000343,37.346332999932],[-107.140841000152,37.345302000218],[-107.137377000297,37.340257000243],[-107.137003000203,37.338977999748],[-107.136571000383,37.338246000297],[-107.135397000223,37.337499999813],[-107.128425999956,37.334965999921],[-107.127881000158,37.334570000231],[-107.125800999627,37.332427000312],[-107.122609999583,37.33020199993],[-107.121976000096,37.329643999672],[-107.120418999622,37.327428000229],[-107.116999000147,37.324231000009],[-107.115077999625,37.323010999864],[-107.112012000153,37.32002100034],[-107.110367999639,37.318563000258],[-107.108236999953,37.317045000307],[-107.107604000291,37.316244000272],[-107.107281000251,37.313828000177],[-107.106970999731,37.313051999898],[-107.105142999993,37.309463000335],[-107.103322999753,37.306912000323],[-107.10281200029,37.306002999953],[-107.101376000189,37.301598000046],[-107.099704999912,37.29624799967],[-107.098919000089,37.295027000103],[-107.096444000446,37.292835999897],[-107.09543000012,37.292319000233],[-107.093671999804,37.291711000239],[-107.092967999997,37.290763000075],[-107.091370000413,37.289629999971],[-107.088287000324,37.289010000037],[-107.087667000183,37.288772999754],[-107.086456000213,37.287569000318],[-107.082445000011,37.287024000036],[-107.081172999942,37.286291999835],[-107.080263000271,37.284887999653],[-107.079007000095,37.283612000054],[-107.078133000409,37.282275000292],[-107.076683000065,37.280923000261],[-107.073939999735,37.279277999902],[-107.069861999586,37.276526],[-107.064185000028,37.272206999696],[-107.062721000339,37.271466999819],[-107.054864999617,37.269468000094],[-107.053987999558,37.26919800025],[-107.053386999683,37.268690000131],[-107.052697999945,37.267657000178],[-107.048967999951,37.26866200029]]]},"properties":{"geoid":"08007974400","county_fips":"08007","designated":true}},{"type":"Feature","geometry":{"type":"Polygon","coordinates":[[[-104.903455000403,39.740144999987],[-104.903457999878,39.732893999848],[-104.902933000172,39.732874999842],[-104.884708000349,39.732846000005],[-104.884658999945,39.737274000037],[-104.884646000424,39.740155999667],[-104.903455000403,39.740144999987]]]},"properties":{"geoid":"08031004404","county_fips":"08031","designated":true}},{"type":"Feature","geometry":{"type":"Polygon","coordinates":[[[-104.884646000424,39.740155999667],[-104.884663999968,39.747466999775],[-104.898767000159,39.747441000211],[-104.898735000372,39.751014999769],[-104.903426999916,39.751014999769],[-104.903455000403,39.740144999987],[-104.884646000424,39.740155999667]]]},"properties":{"geoid":"08031004403","county_fips":"08031","designated":true}},{"type":"Feature","geometry":{"type":"Polygon","coordinates":[[[-104.922274000428,39.783775999923],[-104.922317000086,39.774624999944],[-104.922291000147,39.762006000259],[-104.91243099996,39.76197299994],[-104.903438999612,39.761981999778],[-104.903499999711,39.773310999807],[-104.903582999552,39.775227999923],[-104.903539000069,39.779282999955],[-104.903133000188,39.780382999801],[-104.902538999986,39.781209000199],[-104.90109100019,39.782691999662],[-104.900178999971,39.783913000033],[-104.902401999719,39.783765999894],[-104.90363299978,39.784086000095],[-104.903173000371,39.783615999978],[-104.905770000213,39.783824999767],[-104.913871000259,39.783819999756],[-104.922274000428,39.783775999923]]]},"properties":{"geoid":"08031004102","county_fips":"08031","designated":true}},{"type":"Feature","geometry":{"type":"Polygon","coordinates":[[[-104.922274000428,39.783775999923],[-104.927001999957,39.783777999791],[-104.927025000421,39.787087999783],[-104.927133000376,39.790185000094],[-104.927033999744,39.791054000034],[-104.939881999585,39.790993999974],[-104.940322999626,39.78910299974],[-104.940448000198,39.781382000155],[-104.940541999909,39.777925000252],[-104.940486999657,39.772886000333],[-104.940506999749,39.765799999965],[-104.940577999894,39.761957000073],[-104.939679999918,39.761994000019],[-104.922291000147,39.762006000259],[-104.922317000086,39.774624999944],[-104.922274000428,39.783775999923]]]},"properties":{"geoid":"08031004101","county_fips":"08031","designated":true}},{"type":"Feature","geometry":{"type":"Polygon","coordinates":[[[-104.96886100027,39.790973999943],[-104.970015000339,39.790234999701],[-104.973690000081,39.787527000297],[-104.975156000319,39.786354999974],[-104.975425999758,39.785448000042],[-104.975556000352,39.783390999836],[-104.976209000105,39.781901999793],[-104.976524999575,39.781661999758],[-104.977822999583,39.779524999993],[-104.977998000384,39.779005000343],[-104.977832999629,39.776356000165],[-104.978415000135,39.77530600026],[-104.978016999752,39.774946999971],[-104.971915000047,39.770300000343],[-104.968476000306,39.772909999775],[-104.959400000292,39.772892999941],[-104.951943999603,39.772912999705],[-104.940486999657,39.772886000333],[-104.940541999909,39.777925000252],[-104.940448000198,39.781382000155],[-104.940322999626,39.78910299974],[-104.939881999585,39.790993999974],[-104.940534000411,39.791086000045],[-104.940835999637,39.791880000028],[-104.940534000411,39.794786000297],[-104.941634000053,39.794885999687],[-104.942865999939,39.794563999779],[-104.947887000269,39.794671000336],[-104.955624000267,39.794686000072],[-104.960253999886,39.79116200001],[-104.960638000026,39.790979000123],[-104.96886100027,39.790973999943]]]},"properties":{"geoid":"08031003500","county_fips":"08031","designated":true}},{"type":"Feature","geometry":{"type":"Polygon","coordinates":[[[-104.959400000292,39.772892999941],[-104.959730000005,39.771914000004],[-104.959751999746,39.761991000304],[-104.945025999938,39.761928000045],[-104.943286999889,39.761716000326],[-104.940577999894,39.761957000073],[-104.940506999749,39.765799999965],[-104.940486999657,39.772886000333],[-104.951943999603,39.772912999705],[-104.959400000292,39.772892999941]]]},"properties":{"geoid":"08031003602","county_fips":"08031","designated":true}},{"type":"Feature","geometry":{"type":"Polygon","coordinates":[[[-105.02517500023,39.736581000233],[-105.025135000047,39.725542000108],[-105.022298000005,39.725512000207],[-105.018669000293,39.725318999676],[-105.015767999779,39.725502000006],[-105.015649999779,39.727349999827],[-105.01591900029,39.72813899998],[-105.016734000425,39.72919900024],[-105.016966000229,39.729830999792],[-105.016994999643,39.734776999944],[-105.017212000276,39.736049000304],[-105.018060999848,39.738095999928],[-105.017982000205,39.73890800005],[-105.016260999699,39.743388999836],[-105.017892999618,39.745004999949],[-105.018982000288,39.746383999759],[-105.02054899991,39.746483000283],[-105.020508999727,39.74759899975],[-105.023616000105,39.747587999877],[-105.023623999603,39.746361000181],[-105.025212999864,39.746362999755],[-105.02522499956,39.739823999766],[-105.02517500023,39.736581000233]]]},"properties":{"geoid":"08031000800","county_fips":"08031","designated":true}},{"type":"Feature","geometry":{"type":"Polygon","coordinates":[[[-105.02517500023,39.736581000233],[-105.02522499956,39.739823999766],[-105.025212999864,39.746362999755],[-105.03577100001,39.746377999659],[-105.035765000162,39.743949999758],[-105.03930799966,39.743953000259],[-105.039300000163,39.73434399991],[-105.03841999973,39.733994000258],[-105.036848000086,39.734313999694],[-105.035703000238,39.734926999887],[-105.035056000333,39.735851000217],[-105.034586999804,39.735929000256],[-105.033764000172,39.735284000305],[-105.032436999851,39.734974000056],[-105.031214000186,39.735331999832],[-105.029200999601,39.735542000043],[-105.02703200028,39.735931000132],[-105.02517500023,39.736581000233]]]},"properties":{"geoid":"08031000702","county_fips":"08031","designated":true}},{"type":"Feature","geometry":{"type":"Polygon","coordinates":[[[-104.828228999635,39.773173999993],[-104.809879000138,39.773187000098],[-104.809901999704,39.776759000214],[-104.811548999692,39.776844999782],[-104.818939000259,39.778941000115],[-104.819816000318,39.779102000231],[-104.82398399998,39.779108999897],[-104.824686000137,39.779014999683],[-104.825699999565,39.780629000031],[-104.828823999661,39.783267999935],[-104.831203999768,39.784332000204],[-104.832233999988,39.782854999871],[-104.832914000404,39.782380000205],[-104.835662999684,39.781200999739],[-104.838472000136,39.780511000277],[-104.839796000084,39.779320000255],[-104.842418999865,39.781048999807],[-104.843049999877,39.781340999706],[-104.846288999601,39.782346999987],[-104.847010000025,39.782385999929],[-104.847032999591,39.774007999837],[-104.828130999725,39.772370999695],[-104.828228999635,39.773173999993]]]},"properties":{"geoid":"08031008312","county_fips":"08031","designated":true}},{"type":"Feature","geometry":{"type":"Polygon","coordinates":[[[-105.025083999993,39.703946999937],[-105.025092000389,39.711174000019],[-105.028767000131,39.71114599999],[-105.033677000133,39.711225000289],[-105.039696999823,39.711249999744],[-105.039690999975,39.704138000042],[-105.0395090004,39.703934999953],[-105.034447000062,39.704024000076],[-105.025216000237,39.704004999718],[-105.025083999993,39.703946999937]]]},"properties":{"geoid":"08031004505","county_fips":"08031","designated":true}},{"type":"Feature","geometry":{"type":"Polygon","coordinates":[[[-104.743571000098,38.81492699982],[-104.743202999852,38.816106999939],[-104.743292000439,38.818757999798],[-104.743238000012,38.821113999978],[-104.742862000268,38.823598000078],[-104.741627999834,38.825328999864],[-104.748712999903,38.825298000343],[-104.757471999725,38.825352000178],[-104.757456999656,38.823430000051],[-104.757554999566,38.815799000083],[-104.757522999779,38.813779000337],[-104.75346700027,38.813769000068],[-104.752160999865,38.813535000221],[-104.746341000192,38.810986000077],[-104.746065999833,38.811201999885],[-104.743571000098,38.81492699982]]]},"properties":{"geoid":"08041006302","county_fips":"08041","designated":true}},{"type":"Feature","geometry":{"type":"Polygon","coordinates":[[[-104.701515999966,38.838962000296],[-104.701520999989,38.842359999906],[-104.701423999904,38.84406500035],[-104.701645999662,38.844723999658],[-104.700052000276,38.845304000085],[-104.699364000363,38.846184999953],[-104.699349000294,38.849039000206],[-104.69908399998,38.850012000201],[-104.698134000126,38.851032999736],[-104.697975000118,38.851500999831],[-104.697903000148,38.854023999862],[-104.698233999686,38.855132000067],[-104.699638999824,38.85645499979],[-104.700177999774,38.85727600016],[-104.700924000312,38.859267999721],[-104.705589000092,38.859277000297],[-104.709057000145,38.861286000141],[-104.71382800023,38.86819399977],[-104.715187000338,38.868872999792],[-104.720016000149,38.868902999753],[-104.719987999661,38.864602999688],[-104.720033999692,38.851645999861],[-104.720591999909,38.84868199994],[-104.720667000252,38.846948999723],[-104.720659999681,38.838944000299],[-104.717600000057,38.838915000176],[-104.712243000166,38.838956000298],[-104.704606999552,38.838922999946],[-104.701515999966,38.838962000296]]]},"properties":{"geoid":"08041005000","county_fips":"08041","designated":true}},{"type":"Feature","geometry":{"type":"Polygon","coordinates":[[[-104.775837000188,38.847740000199],[-104.775841000386,38.841690000001],[-104.775885999694,38.839822000239],[-104.771908999828,38.839812999999],[-104.768502999699,38.839620999988],[-104.757423000219,38.839652000269],[-104.757522999779,38.8420679998],[-104.757393000082,38.842071999857],[-104.757497999664,38.845112000197],[-104.757425999694,38.850557999921],[-104.757361000295,38.859230000307],[-104.764299000052,38.859209000346],[-104.77242900041,38.85909299995],[-104.775736999731,38.858957999932],[-104.77582399977,38.851860000044],[-104.775837000188,38.847740000199]]]},"properties":{"geoid":"08041002000","county_fips":"08041","designated":true}},{"type":"Feature","geometry":{"type":"Polygon","coordinates":[[[-104.818606000173,38.821548000055],[-104.808355999999,38.821238999802],[-104.808298000272,38.825682000144],[-104.808166000028,38.830504000006],[-104.808164000378,38.832612000194],[-104.808026000286,38.83904899987],[-104.817837000069,38.839362999878],[-104.817883000099,38.837936000166],[-104.818324999965,38.830540000067],[-104.8184239997,38.828045000327],[-104.81831300027,38.828043000254],[-104.818606000173,38.821548000055]]]},"properties":{"geoid":"08041002200","county_fips":"08041","designated":true}},{"type":"Feature","geometry":{"type":"Polygon","coordinates":[[[-104.81721100008,38.9156689997],[-104.818300999676,38.914667000264],[-104.824033000384,38.910344000152],[-104.825256000049,38.909087000334],[-104.825639000364,38.908374000246],[-104.828463999811,38.901553999697],[-104.830100999754,38.897349000001],[-104.831234999731,38.894608999774],[-104.832300000111,38.892323000153],[-104.834792000371,38.887543999889],[-104.835493999629,38.88582600025],[-104.835948000089,38.883853999855],[-104.836088999656,38.882441000054],[-104.835996999594,38.880285000065],[-104.835161000441,38.876346000199],[-104.833076999712,38.876325999756],[-104.829627000101,38.876007999719],[-104.827673999791,38.875181999876],[-104.826384000178,38.874818000217],[-104.822422000381,38.874459999894],[-104.819229999613,38.874392999861],[-104.812829000158,38.874166999997],[-104.812814999914,38.878655999857],[-104.812593000156,38.887646999939],[-104.816699999719,38.889085000128],[-104.81903299997,38.889076999708],[-104.819089000047,38.891114999718],[-104.818992999787,38.892461999753],[-104.818447999989,38.89609200011],[-104.815916000444,38.911751999985],[-104.815836999903,38.911872000033],[-104.814491000214,38.920110999716],[-104.814733999888,38.920514999805],[-104.814935999555,38.919727999679],[-104.815817999637,38.917830000064],[-104.81721100008,38.9156689997]]]},"properties":{"geoid":"08041000302","county_fips":"08041","designated":true}},{"type":"Feature","geometry":{"type":"Polygon","coordinates":[[[-104.686184000261,37.684407999843],[-104.686134999857,37.6882209997],[-104.685845000327,37.688837999998],[-104.682552000176,37.692183999857],[-104.682316000175,37.69292300006],[-104.68228199984,37.698972000001],[-104.682173999884,37.699316000141],[-104.677991000154,37.702052000291],[-104.67772599984,37.702981999653],[-104.678597999876,37.702442999788],[-104.679269000071,37.702412999956],[-104.679929000395,37.702969000225],[-104.680584999623,37.70261099976],[-104.683103999647,37.701776999807],[-104.684381999564,37.701802999791],[-104.685158000239,37.702857000353],[-104.684462999755,37.704155999979],[-104.685923000145,37.704679999656],[-104.687088000084,37.704124000139],[-104.688274999765,37.703028000127],[-104.689103000318,37.70183299987],[-104.690052000347,37.701344999732],[-104.690796000337,37.701859999859],[-104.690864999934,37.702381000075],[-104.691654999954,37.702599000283],[-104.69287799962,37.702570999836],[-104.693276000003,37.702159999871],[-104.694932000212,37.701115999708],[-104.696262000008,37.700911999944],[-104.698035000392,37.700337999763],[-104.698924000147,37.700418999914],[-104.700898000373,37.700083999654],[-104.701840999656,37.69954500004],[-104.702899000363,37.699550000325],[-104.703625999736,37.699940000174],[-104.70445599994,37.69982199967],[-104.705454000373,37.698635000171],[-104.7080870002,37.698756999991],[-104.709268000032,37.699447000077],[-104.710012999847,37.700269000091],[-104.712103000424,37.700699999998],[-104.712546000115,37.700011000253],[-104.712440999634,37.699368999752],[-104.713506999839,37.699476999688],[-104.714156000293,37.700512999838],[-104.714865999947,37.701171000234],[-104.715880000274,37.701596999727],[-104.71636800017,37.701400000089],[-104.717384000146,37.699969000244],[-104.718068999687,37.699513000342],[-104.719599000397,37.699417999802],[-104.721231000316,37.698414000172],[-104.722002999895,37.698215999819],[-104.7225319998,37.697566000163],[-104.722578999655,37.696628000321],[-104.723382000095,37.696136999729],[-104.724485999934,37.696143999739],[-104.72523800032,37.695538999722],[-104.726569999765,37.695262999841],[-104.726780999653,37.694850999756],[-104.727723000009,37.694722999885],[-104.72872700029,37.693994999879],[-104.729435000294,37.693207999982],[-104.729570000013,37.692616000001],[-104.73047700021,37.692394999832],[-104.730805000273,37.691047999866],[-104.732016000243,37.690219000123],[-104.733493000351,37.689753999687],[-104.734593999818,37.689060000303],[-104.735685999962,37.687690000175],[-104.737002000413,37.686953999687],[-104.738045999978,37.686587000135],[-104.738798000363,37.68506500002],[-104.739205000069,37.684842999842],[-104.738687000035,37.684369000312],[-104.738791999617,37.683965000133],[-104.74025700003,37.683505000242],[-104.742275999564,37.682165999675],[-104.743308000332,37.681676999899],[-104.744255999638,37.68064000002],[-104.744300000019,37.680042999781],[-104.745501999768,37.678677999737],[-104.745864999991,37.677107999975],[-104.746750000446,37.676798999845],[-104.748158999885,37.675774999968],[-104.748753000086,37.675109000065],[-104.748610999796,37.673464000105],[-104.750456000151,37.672354000296],[-104.751789000319,37.670974000055],[-104.752463999814,37.669889000024],[-104.752533000309,37.668287000217],[-104.752367999554,37.666633000249],[-104.753581999897,37.665228999909],[-104.752622999823,37.664488000064],[-104.751740999741,37.663491999826],[-104.751667000121,37.661834000257],[-104.751922000389,37.661198999712],[-104.752839999558,37.661590999694],[-104.754058000098,37.661027000336],[-104.754578999607,37.660463000248],[-104.754467000352,37.660019999797],[-104.754910000043,37.659354999909],[-104.768232000435,37.672766000215],[-104.769587000345,37.674275999757],[-104.770544999697,37.67567400016],[-104.771071000127,37.677028000315],[-104.771142000272,37.679665999754],[-104.770317999916,37.681937000135],[-104.760675000363,37.69441100025],[-104.760769000074,37.694519999713],[-104.762508999948,37.693701000339],[-104.763144999983,37.693232999986],[-104.763194000387,37.692315999753],[-104.763980000209,37.69135100006],[-104.765305999807,37.690870999848],[-104.765259999776,37.689738000215],[-104.766023000032,37.689156000095],[-104.767989999688,37.68851100024],[-104.769636999676,37.688238999919],[-104.77015300006,37.68798800023],[-104.772456999999,37.688542000216],[-104.774288999935,37.688626999854],[-104.77810900034,37.687645000354],[-104.77925199964,37.687260999727],[-104.782169999872,37.685310999826],[-104.783045000281,37.684477000057],[-104.784266000297,37.684196999892],[-104.785714999918,37.684236000225],[-104.788192999935,37.682820999951],[-104.790701999913,37.682629000195],[-104.79454200041,37.681356000242],[-104.798038000053,37.681094000202],[-104.798946999899,37.680937999961],[-104.80034799984,37.680405999881],[-104.801197000309,37.680396000284],[-104.80270700003,37.680863000289],[-104.804750999678,37.68018299966],[-104.805959000173,37.679307000197],[-104.807237999915,37.678918999853],[-104.808463000129,37.678178999824],[-104.80902399982,37.677599000002],[-104.811440999737,37.676732999982],[-104.813300000336,37.676302999781],[-104.813423000359,37.67562799978],[-104.81479099979,37.67374099975],[-104.815892000155,37.672735999753],[-104.816853999704,37.672255000236],[-104.818344000232,37.671856000231],[-104.819586000164,37.671902999825],[-104.820792000111,37.672238999834],[-104.821196000342,37.671897999809],[-104.823559999657,37.671529000269],[-104.825883999688,37.670849000126],[-104.82744700001,37.670664000243],[-104.828525999736,37.670340999676],[-104.830293000272,37.669559999715],[-104.831684999992,37.668770999849],[-104.83219499963,37.668260000092],[-104.832671999656,37.667117999783],[-104.834066999749,37.665917999964],[-104.822464000213,37.652687000279],[-104.822669000253,37.652527000144],[-104.823176000416,37.650406000114],[-104.821540000299,37.64758900024],[-104.819246000405,37.644822000135],[-104.818622999891,37.643425999985],[-104.81742500034,37.641379000075],[-104.817056000269,37.640994000321],[-104.817867000206,37.639947999724],[-104.818955999977,37.638005999987],[-104.820362999766,37.637144999934],[-104.820619999684,37.636657999846],[-104.822220999641,37.635054999844],[-104.825974000099,37.634745000151],[-104.825860000297,37.634558000204],[-104.825871000167,37.631869999686],[-104.825979999947,37.63178999965],[-104.831001000277,37.631742000014],[-104.831212000164,37.631593999874],[-104.831454000014,37.628188000061],[-104.828760999912,37.628437000051],[-104.825162000338,37.628987000162],[-104.824356000424,37.629650999916],[-104.822829999911,37.630223000052],[-104.821793999844,37.630405999838],[-104.818340000034,37.630613000078],[-104.816728000206,37.630109000063],[-104.815835000253,37.630155000192],[-104.814021999686,37.630704000122],[-104.81229500023,37.630864999871],[-104.809127999577,37.630681000231],[-104.808034999608,37.629650999916],[-104.805443999614,37.629192999793],[-104.804793000409,37.628977000041],[-104.805862000089,37.628025999895],[-104.806960999906,37.626785999871],[-104.808669999818,37.625587999954],[-104.808175000249,37.624538000195],[-104.808460999581,37.623328999792],[-104.809044999737,37.622592000331],[-104.810685999877,37.621237999943],[-104.810392000149,37.620570999937],[-104.810797000205,37.61996800009],[-104.812101999886,37.619498999674],[-104.811820999679,37.618871000242],[-104.812195999598,37.618451999899],[-104.813897999837,37.617958000145],[-104.815898999828,37.618940999904],[-104.815462999809,37.617246000078],[-104.814800999836,37.616735000123],[-104.812794999822,37.616142999946],[-104.811120000245,37.615154999919],[-104.806210000243,37.612644999688],[-104.805094999635,37.61159800018],[-104.804249000436,37.612105999709],[-104.803261000049,37.612319999763],[-104.804189999987,37.611551000134],[-104.804651000119,37.610716000189],[-104.806210000243,37.61005400035],[-104.809594999558,37.607963999932],[-104.810235999615,37.607424000311],[-104.812146000267,37.60641499994],[-104.813020999778,37.605650000054],[-104.814436999788,37.605762999935],[-104.815821999835,37.604717000244],[-104.816406999816,37.603978999994],[-104.817412999746,37.603413000338],[-104.819305999782,37.603650000216],[-104.819238999834,37.602420000151],[-104.820582999874,37.601583000276],[-104.820434999736,37.600834999902],[-104.820978999709,37.600227000296],[-104.821829000004,37.600615999709],[-104.822227000387,37.599757999928],[-104.822876999767,37.600070000282],[-104.824173999951,37.599709000272],[-104.825030000093,37.599788999956],[-104.825863999596,37.599177999673],[-104.826210000101,37.597308000345],[-104.827000000121,37.596137000239],[-104.827730999692,37.596403999798],[-104.828754000239,37.596222999647],[-104.829028999701,37.595600000279],[-104.830269999808,37.594942999939],[-104.830093000256,37.593784999676],[-104.830361000045,37.593339000048],[-104.83172799965,37.592961999725],[-104.8320840002,37.591951000209],[-104.832737999778,37.591323000208],[-104.833415999646,37.591498000354],[-104.83447099998,37.59083699971],[-104.83439900001,37.589958000178],[-104.835075000228,37.589765000084],[-104.835851999829,37.588713999778],[-104.83727700006,37.58732499967],[-104.839107000346,37.586836999813],[-104.839545000014,37.586934000235],[-104.839790000236,37.586296999894],[-104.84041700005,37.585909999987],[-104.840956999825,37.586134000132],[-104.842227000244,37.585262999832],[-104.843434000016,37.586427999968],[-104.844475999932,37.585986999779],[-104.845390999626,37.586385000311],[-104.847224000285,37.585663999756],[-104.849056000221,37.585924000149],[-104.850045000433,37.585818999935],[-104.84979099999,37.584548000182],[-104.848345999668,37.582790000236],[-104.848450000323,37.581872999895],[-104.849509999782,37.581967999944],[-104.852287000448,37.581858999682],[-104.853259999868,37.581689000047],[-104.855872999603,37.580784000334],[-104.855545000439,37.58025299996],[-104.852711999697,37.577490999966],[-104.852576000153,37.576818999938],[-104.85271699972,37.575342999769],[-104.852243999892,37.574186000327],[-104.85325599967,37.573557999965],[-104.853576000235,37.572966999707],[-104.853042000308,37.57251500001],[-104.850345000008,37.571467999679],[-104.848343000193,37.570817],[-104.847897999954,37.570895999758],[-104.846641999779,37.569997000006],[-104.846225999852,37.570169999694],[-104.843912999692,37.571864000227],[-104.842900999914,37.572250000177],[-104.841881999565,37.572365000207],[-104.840203999614,37.572952000329],[-104.837175999777,37.573587999896],[-104.836229000296,37.573385000315],[-104.833317999737,37.573303999682],[-104.832495000104,37.573442000022],[-104.830606000267,37.574680999883],[-104.829315999756,37.575189000157],[-104.828705999661,37.575719000035],[-104.827566999661,37.576186999955],[-104.826403000445,37.575993999754],[-104.825341000438,37.575449000112],[-104.823362000189,37.575287999995],[-104.820536000018,37.575337000067],[-104.819253999903,37.575005999765],[-104.817536999595,37.576570999701],[-104.815158000211,37.577839999828],[-104.813664000384,37.579563999974],[-104.81198499971,37.581114000351],[-104.811163999728,37.581719000262],[-104.80948199958,37.582590000027],[-104.807776999866,37.584436000299],[-104.805103999856,37.588458999815],[-104.804916000433,37.589258999843],[-104.80484299974,37.591247000334],[-104.804403000422,37.591988999796],[-104.803341000415,37.592671000294],[-104.80071899956,37.590408999945],[-104.800543999658,37.589796000003],[-104.795943000351,37.590550000207],[-104.794802999628,37.590183999745],[-104.793076000172,37.590871000188],[-104.789968999794,37.59087000009],[-104.7852789999,37.590090999719],[-104.784012999679,37.589700999979],[-104.783494999645,37.589747000193],[-104.780014000071,37.590867999895],[-104.777165000334,37.591209999749],[-104.77486399987,37.591004000233],[-104.773425000294,37.591049000259],[-104.772072999859,37.590706000278],[-104.766982999932,37.591910999723],[-104.766228999897,37.590953999698],[-104.764388999565,37.589499999714],[-104.763781000018,37.588480999824],[-104.761123000076,37.582028000137],[-104.760090000382,37.579296000261],[-104.759447999601,37.579900999995],[-104.759446999776,37.581122000044],[-104.759779999862,37.581687999826],[-104.759324999577,37.581996000325],[-104.758564999694,37.581952000026],[-104.75783099975,37.582608000224],[-104.758215999715,37.583303000287],[-104.757142999837,37.585552000128],[-104.756037000347,37.58682100023],[-104.75678999966,37.588282000088],[-104.756895999965,37.58945899993],[-104.756085000028,37.59001600012],[-104.755604999629,37.589850999738],[-104.755811000392,37.589256000197],[-104.755326999795,37.589109000315],[-104.75436799972,37.589955999958],[-104.752770999961,37.590090000323],[-104.750917000283,37.591532999907],[-104.750542000365,37.591683000244],[-104.749769999887,37.593215999854],[-104.74819499987,37.593874999896],[-104.747116999969,37.594110000155],[-104.745679000218,37.593816000057],[-104.744623999884,37.595193000267],[-104.743718000411,37.595984000251],[-104.743713000388,37.59702000016],[-104.743381999952,37.598022999839],[-104.74360399971,37.59906599974],[-104.743017000079,37.599838000272],[-104.742227999884,37.599596999716],[-104.741729999941,37.598937999815],[-104.740519999796,37.599711000229],[-104.739822999662,37.601340999722],[-104.739380999796,37.601467999829],[-104.737518999723,37.601154999685],[-104.735952999926,37.600607000009],[-104.735372999968,37.600745000271],[-104.734807000253,37.601434999878],[-104.733645999614,37.602403999648],[-104.732602000049,37.602678999717],[-104.732388999613,37.60397600023],[-104.732016000243,37.604166999925],[-104.730693999945,37.604024000002],[-104.729631000113,37.604669000208],[-104.729686000364,37.60501999985],[-104.730582999617,37.605412000241],[-104.730386999798,37.605961999894],[-104.730817999793,37.607384000315],[-104.73051400002,37.60756600023],[-104.729137000368,37.607186999647],[-104.728257999761,37.607341999833],[-104.727936000444,37.608093999716],[-104.728004000216,37.608928000067],[-104.729139999843,37.609646999704],[-104.729452000013,37.610673000334],[-104.728878999727,37.611300999979],[-104.728235000195,37.611404999997],[-104.727424000258,37.610488999815],[-104.726122999877,37.610157000139],[-104.725424000093,37.610603000005],[-104.725189999741,37.61142800016],[-104.726582000359,37.612632000089],[-104.726609999948,37.613193000344],[-104.725506000109,37.614157000304],[-104.72424300026,37.61439100005],[-104.722948999551,37.615122000347],[-104.723033000115,37.615802999661],[-104.723767000059,37.616257999764],[-104.723606000401,37.618086999806],[-104.722876999581,37.619381000034],[-104.722792999916,37.620151999925],[-104.72309300039,37.620907000278],[-104.722429999692,37.622303000174],[-104.722295999798,37.623489999864],[-104.721657000289,37.624110000072],[-104.719970000118,37.624847999777],[-104.717634000392,37.626088000115],[-104.717215000092,37.627603999691],[-104.71604500013,37.628529000216],[-104.715031999629,37.628856000321],[-104.715213000277,37.629869999986],[-104.714993000169,37.630369999799],[-104.71550600018,37.63102900008],[-104.715081000032,37.632254000225],[-104.715420999791,37.633604999865],[-104.714903999582,37.634202999646],[-104.71339600041,37.63459799981],[-104.71024499965,37.634700999746],[-104.708815000296,37.634962999932],[-104.707761999611,37.635857000002],[-104.708573000446,37.638943999776],[-104.708428999608,37.64009500015],[-104.708036000146,37.640431999871],[-104.704666000002,37.640595000164],[-104.704331000266,37.640779000153],[-104.704030999792,37.642554000318],[-104.704799000071,37.643133000037],[-104.704512999841,37.643708999927],[-104.703377000214,37.644431999999],[-104.702648000293,37.645971000348],[-104.702511000026,37.646728000291],[-104.702829999868,37.647425000308],[-104.70264499992,37.648134999981],[-104.701575000416,37.648833000338],[-104.70050199964,37.651635000094],[-104.701653000233,37.651890999664],[-104.701629999769,37.652456000129],[-104.701132999651,37.652857999798],[-104.69992400023,37.652992999889],[-104.699571999877,37.653448999882],[-104.699540999915,37.654215000029],[-104.698628999696,37.655233999681],[-104.697447999863,37.656208999817],[-104.698237000059,37.656745000249],[-104.69743000032,37.657645999985],[-104.698122000431,37.658455000189],[-104.698123000256,37.659182999817],[-104.696838999593,37.659579999912],[-104.696631999903,37.659911000128],[-104.697164000181,37.660353999807],[-104.696578000375,37.661188999659],[-104.695241999833,37.661422000095],[-104.695220999917,37.661785000266],[-104.694055000153,37.662604000032],[-104.692440999777,37.662626000152],[-104.692549999557,37.663404000334],[-104.692090999973,37.664886000047],[-104.691582000159,37.665776999678],[-104.686257000056,37.666925000136],[-104.686296000414,37.669740999804],[-104.686298000064,37.678897999921],[-104.686184000261,37.684407999843]]]},"properties":{"geoid":"08055960600","county_fips":"08055","designated":true}},{"type":"Feature","geometry":{"type":"Polygon","coordinates":[[[-104.84709399969,39.73613500029],[-104.826458999623,39.736088000223],[-104.825502999921,39.736261000269],[-104.825460000263,39.740290000273],[-104.843254000091,39.740306999867],[-104.847013000398,39.740205999697],[-104.84709399969,39.73613500029]]]},"properties":{"geoid":"08005007301","county_fips":"08005","designated":true}},{"type":"Feature","geometry":{"type":"Polygon","coordinates":[[[-105.015171999928,39.642286000267],[-105.015582000007,39.638536000207],[-105.016094000193,39.637564999886],[-105.01780599958,39.635921999874],[-105.018066999696,39.63449500032],[-105.017343999622,39.633618000082],[-105.015608999771,39.633076999752],[-105.014863999956,39.632491999779],[-105.014690999704,39.631928999674],[-105.014139000233,39.632123999956],[-105.011344000024,39.632406999697],[-105.00882300035,39.632260000179],[-105.008492999739,39.633406999913],[-105.006588000008,39.633138000036],[-105.006253000273,39.63292800018],[-105.004878000271,39.633388999882],[-105.00447200039,39.6331440003],[-104.987902000053,39.633119999935],[-104.987763000136,39.642179000298],[-104.995932999778,39.642149999696],[-105.006993000064,39.642251000237],[-105.015171999928,39.642286000267]]]},"properties":{"geoid":"08005006200","county_fips":"08005","designated":true}},{"type":"Feature","geometry":{"type":"Polygon","coordinates":[[[-104.987813000364,39.651453999962],[-104.984659000131,39.651238999745],[-104.978288999738,39.651260999792],[-104.973120000169,39.651376999984],[-104.971294999906,39.65132099982],[-104.971171000057,39.654969999769],[-104.971193999623,39.658592000161],[-104.971133000422,39.660428000294],[-104.97698700043,39.660449000187],[-104.978225000164,39.66053099971],[-104.987599999929,39.660473000057],[-104.987592000432,39.655002000056],[-104.987813000364,39.651453999962]]]},"properties":{"geoid":"08005005951","county_fips":"08005","designated":true}},{"type":"Feature","geometry":{"type":"Polygon","coordinates":[[[-105.006264000143,39.653603999932],[-105.006470999832,39.652988999675],[-105.007761000343,39.651579000247],[-105.008517000029,39.651200999712],[-105.01209800006,39.650374999931],[-105.013410000312,39.649739000315],[-105.014165999997,39.647933000285],[-105.014993999653,39.644820999992],[-105.015171999928,39.642286000267],[-105.006993000064,39.642251000237],[-104.995932999778,39.642149999696],[-104.987763000136,39.642179000298],[-104.98769399964,39.650656000114],[-104.987813000364,39.651453999962],[-104.988538000088,39.6517710001],[-104.990180000053,39.652995000291],[-104.991196999854,39.653239000001],[-104.997019000075,39.653224999996],[-105.00207600039,39.653271999805],[-105.006264000143,39.653603999932]]]},"properties":{"geoid":"08005006000","county_fips":"08005","designated":true}},{"type":"Feature","geometry":{"type":"Polygon","coordinates":[[[-105.006264000143,39.653603999932],[-105.00207600039,39.653271999805],[-104.997019000075,39.653224999996],[-104.991196999854,39.653239000001],[-104.990180000053,39.652995000291],[-104.988538000088,39.6517710001],[-104.987813000364,39.651453999962],[-104.987592000432,39.655002000056],[-104.987599999929,39.660473000057],[-104.98757200034,39.667682000147],[-104.992299000044,39.667678999786],[-104.999906000345,39.667883999781],[-105.004373999583,39.666306000055],[-105.004443999903,39.664952000058],[-105.004862000378,39.664463000246],[-105.004493000307,39.660785999678],[-105.004881999571,39.660455000155],[-105.003832000158,39.660486999978],[-105.002979000388,39.65953200028],[-105.002772999625,39.6586119999],[-105.00308399997,39.658104999663],[-105.005408999825,39.656290999893],[-105.005947999776,39.65515600015],[-105.006264000143,39.653603999932]]]},"properties":{"geoid":"08005005700","county_fips":"08005","designated":true}},{"type":"Feature","geometry":{"type":"Polygon","coordinates":[[[-104.757497999664,38.780596999659],[-104.757548999718,38.789040000341],[-104.760014000214,38.789246999831],[-104.761273999689,38.789737999967],[-104.762867000149,38.790739999901],[-104.769890000294,38.795510000066],[-104.770918999791,38.795959000329],[-104.772807999628,38.796436000018],[-104.780484000424,38.797216000068],[-104.782605000065,38.79771099967],[-104.78388899983,38.798263000073],[-104.788050999644,38.79636299992],[-104.789203999888,38.796022000181],[-104.791780999639,38.795877000251],[-104.793451000091,38.796157999659],[-104.796202999744,38.796210000317],[-104.797501999577,38.796029000083],[-104.795601000044,38.792321999845],[-104.794466000242,38.790668000132],[-104.790174999658,38.785616000278],[-104.784606000056,38.778968000271],[-104.783388000413,38.777199000224],[-104.78278699964,38.776042000175],[-104.781608000356,38.773134999732],[-104.780584999808,38.771142000219],[-104.77889199979,38.76842300026],[-104.777075999747,38.766165000249],[-104.775873999998,38.764836000146],[-104.774223999637,38.763242000323],[-104.771990999843,38.761384999678],[-104.765643000091,38.756752000346],[-104.763324000083,38.754714000315],[-104.758526000234,38.750004999677],[-104.7326570003,38.724455999985],[-104.731241000291,38.725348000337],[-104.733130999953,38.726345000336],[-104.734894000292,38.728061999801],[-104.73515299986,38.728808999661],[-104.734481999665,38.729125999941],[-104.732566999889,38.729237000303],[-104.731648999822,38.729486000299],[-104.726669000398,38.73229499968],[-104.731078000084,38.73711600021],[-104.734858000307,38.741126000043],[-104.741343000327,38.748176000182],[-104.745263000292,38.752371999668],[-104.748829000254,38.756085999974],[-104.75430699962,38.761981000143],[-104.755491999651,38.763136000116],[-104.760747000333,38.767961000046],[-104.758880000237,38.76923800009],[-104.757552999916,38.770847999856],[-104.757311999891,38.771732999793],[-104.757522999779,38.777077000317],[-104.757497999664,38.780596999659]]]},"properties":{"geoid":"08041004501","county_fips":"08041","designated":true}},{"type":"Feature","geometry":{"type":"Polygon","coordinates":[[[-104.720659999681,38.838944000299],[-104.720668000077,38.83250900017],[-104.720857000223,38.831190000137],[-104.721627000152,38.829653000258],[-104.729147000414,38.817232000265],[-104.729790999946,38.815820000258],[-104.730002999659,38.813929000011],[-104.730124999857,38.805270000029],[-104.730217999744,38.791561999925],[-104.729600000151,38.789677999788],[-104.728812999605,38.788676000331],[-104.727805000025,38.787922000149],[-104.723343999561,38.785710000127],[-104.721987000002,38.784732000289],[-104.720888000185,38.783161000305],[-104.720601999954,38.781387999963],[-104.720525999787,38.771263999772],[-104.720375000174,38.770316999665],[-104.719808999561,38.769123000317],[-104.71907799999,38.768221000031],[-104.717584999988,38.767102000325],[-104.715369999737,38.76630200015],[-104.714202000324,38.766148999773],[-104.705432999558,38.766138999824],[-104.701119000306,38.766182000226],[-104.697391999787,38.766155000302],[-104.690158999579,38.766210000343],[-104.687498000163,38.765903000059],[-104.686375000057,38.765509999721],[-104.684983000337,38.764740999876],[-104.68370500042,38.763627000024],[-104.683029000202,38.762452000064],[-104.682671999827,38.760982999979],[-104.679789999579,38.761218999906],[-104.675727000398,38.762096999781],[-104.67433499978,38.762252999819],[-104.669300000104,38.762239999946],[-104.669299000279,38.769212000084],[-104.669069999951,38.770103000204],[-104.668336000007,38.770958999799],[-104.665489999744,38.773257000078],[-104.664908999961,38.774295999676],[-104.664851000235,38.775957000095],[-104.664841000189,38.780956000313],[-104.659556000269,38.780954000319],[-104.659136999969,38.781622000344],[-104.656795000395,38.784412999806],[-104.656134000246,38.786582000173],[-104.655427999891,38.787392000243],[-104.653758000337,38.788735999953],[-104.653424000426,38.789473999782],[-104.653520999612,38.79055200004],[-104.655492000364,38.794454999661],[-104.656175000254,38.795289999707],[-104.658889000272,38.797651999665],[-104.65957800001,38.798910999839],[-104.65999700031,38.800952999811],[-104.660522000016,38.80171999975],[-104.661409000121,38.802369999678],[-104.664756999625,38.80387300025],[-104.667181000113,38.805823999978],[-104.668827000276,38.807262999807],[-104.669700000137,38.808277000039],[-104.677752999604,38.818910999979],[-104.680367000063,38.821665000209],[-104.681682999615,38.823176999863],[-104.682716000208,38.82528199984],[-104.682768000086,38.829214999818],[-104.682778000132,38.838153999886],[-104.68534800021,38.838817000303],[-104.688325999818,38.838942999716],[-104.701515999966,38.838962000296],[-104.704606999552,38.838922999946],[-104.712243000166,38.838956000298],[-104.717600000057,38.838915000176],[-104.720659999681,38.838944000299]]]},"properties":{"geoid":"08041004008","county_fips":"08041","designated":true}},{"type":"Feature","geometry":{"type":"Polygon","coordinates":[[[-105.004881999571,39.660455000155],[-105.010665000332,39.660506999859],[-105.007716999962,39.66421999999],[-105.006470999832,39.666913000164],[-105.006637000412,39.667985999954],[-105.006422000327,39.671411999869],[-105.006420999604,39.673180000047],[-105.00664300026,39.675002999822],[-105.006439000045,39.676283999759],[-105.006576000313,39.676777999741],[-105.008636999679,39.676779999949],[-105.008664000342,39.678626999911],[-105.015695999809,39.678683999805],[-105.015747999688,39.672082000221],[-105.015713000426,39.667750000248],[-105.015799999566,39.660507999853],[-105.02298199972,39.660525999742],[-105.023002999637,39.656829999736],[-105.025183999552,39.656815999767],[-105.030838000442,39.657186999735],[-105.032037999643,39.657087000307],[-105.032092999894,39.653277000298],[-105.032509999646,39.652855000307],[-105.028085000066,39.652439999898],[-105.025284000009,39.652078999818],[-105.016541000081,39.652804999898],[-105.01412300034,39.653068000136],[-105.012053999679,39.653602999838],[-105.010384000125,39.653810999675],[-105.006264000143,39.653603999932],[-105.005947999776,39.65515600015],[-105.005408999825,39.656290999893],[-105.00308399997,39.658104999663],[-105.002772999625,39.6586119999],[-105.002979000388,39.65953200028],[-105.003832000158,39.660486999978],[-105.004881999571,39.660455000155]]]},"properties":{"geoid":"08005005551","county_fips":"08005","designated":true}},{"type":"Feature","geometry":{"type":"Polygon","coordinates":[[[-104.817837000069,38.839362999878],[-104.824913999742,38.83962699993],[-104.825050000185,38.837347000004],[-104.826390000026,38.836928999662],[-104.830447000258,38.836938000266],[-104.830503000335,38.835644000087],[-104.830843000093,38.834828000262],[-104.831503000417,38.834087000088],[-104.833725000341,38.832080000328],[-104.834224999933,38.831156999683],[-104.834597000377,38.829843999858],[-104.836292000045,38.823029999692],[-104.836039000325,38.821250999987],[-104.834717000027,38.819627999739],[-104.831182000027,38.816902999825],[-104.829890999691,38.816160000241],[-104.828093000091,38.815510000136],[-104.825332000217,38.815028000345],[-104.822347000037,38.814891000264],[-104.822366000304,38.817685000165],[-104.822588999887,38.819815999882],[-104.822408000137,38.821676000195],[-104.818606000173,38.821548000055],[-104.81831300027,38.828043000254],[-104.8184239997,38.828045000327],[-104.818324999965,38.830540000067],[-104.817883000099,38.837936000166],[-104.817837000069,38.839362999878]]]},"properties":{"geoid":"08041002300","county_fips":"08041","designated":true}},{"type":"Feature","geometry":{"type":"Polygon","coordinates":[[[-104.884658999945,39.737274000037],[-104.879959000005,39.737275999873],[-104.879964999853,39.736473999858],[-104.865834000072,39.736433999882],[-104.865834000072,39.736476999994],[-104.848210000124,39.736473999858],[-104.84709399969,39.73613500029],[-104.847013000398,39.740205999697],[-104.847091000215,39.740206999918],[-104.884207000033,39.740212000333],[-104.884646000424,39.740155999667],[-104.884658999945,39.737274000037]]]},"properties":{"geoid":"08005007302","county_fips":"08005","designated":true}},{"type":"Feature","geometry":{"type":"Polygon","coordinates":[[[-105.032092999894,39.653277000298],[-105.034016999892,39.653464999894],[-105.034447000062,39.652977999928],[-105.034631000185,39.651425999917],[-105.034658999774,39.643990999839],[-105.031237999577,39.643987000291],[-105.031338000034,39.643086999924],[-105.029768999864,39.643038000306],[-105.029978999926,39.642245000072],[-105.020667999736,39.642326000181],[-105.015171999928,39.642286000267],[-105.014993999653,39.644820999992],[-105.014165999997,39.647933000285],[-105.013410000312,39.649739000315],[-105.01209800006,39.650374999931],[-105.008517000029,39.651200999712],[-105.007761000343,39.651579000247],[-105.006470999832,39.652988999675],[-105.006264000143,39.653603999932],[-105.010384000125,39.653810999675],[-105.012053999679,39.653602999838],[-105.01412300034,39.653068000136],[-105.016541000081,39.652804999898],[-105.025284000009,39.652078999818],[-105.028085000066,39.652439999898],[-105.032509999646,39.652855000307],[-105.032092999894,39.653277000298]]]},"properties":{"geoid":"08005005552","county_fips":"08005","designated":true}},{"type":"Feature","geometry":{"type":"Polygon","coordinates":[[[-104.82383800039,39.69660800027],[-104.809869000092,39.696601999986],[-104.809988999743,39.708626999922],[-104.812373000048,39.708619000015],[-104.814240000144,39.709045000018],[-104.816631999947,39.710721999746],[-104.8184200004,39.711134999828],[-104.826947000418,39.711160000006],[-104.827082000137,39.709001000091],[-104.827433999591,39.707825999742],[-104.828400000237,39.705652000069],[-104.828879999738,39.703825999941],[-104.829369000358,39.696620000146],[-104.82383800039,39.69660800027]]]},"properties":{"geoid":"08005081100","county_fips":"08005","designated":true}},{"type":"Feature","geometry":{"type":"Polygon","coordinates":[[[-106.577965999975,39.057908000205],[-106.578022999876,39.056254000318],[-106.577550999873,39.05320999983],[-106.580730000221,39.0487170002],[-106.58424500013,39.047187000056],[-106.589133000391,39.045581999848],[-106.594963999934,39.045396999982],[-106.597232999713,39.044821000112],[-106.597219000368,39.043674999682],[-106.597796999778,39.039248999843],[-106.598935999778,39.036768000195],[-106.599515999736,39.03378799984],[-106.597940999718,39.031665999848],[-106.594377000303,39.029959000316],[-106.592596000421,39.027626999779],[-106.5916919997,39.024922999974],[-106.594921000276,39.020808999655],[-106.595179000019,39.016859999749],[-106.594953999888,39.01375200028],[-106.595162000301,39.010304999852],[-106.594701000168,39.00756799981],[-106.594455000121,39.00418500034],[-106.595430000089,39.002132000084],[-106.598297000268,38.998744000322],[-106.599213999612,38.997994000241],[-106.596316000369,38.992719000285],[-106.595815999879,38.992394000039],[-106.595508999732,38.991277000086],[-106.594152999997,38.990935999987],[-106.592532999774,38.9909520002],[-106.591083000327,38.991297000255],[-106.590433000049,38.991270999684],[-106.589275999607,38.991879000277],[-106.587785999978,38.992256999664],[-106.586801999789,38.99269400005],[-106.585595000017,38.992697000191],[-106.584656999859,38.992110000104],[-106.583757000233,38.991973999702],[-106.582768999846,38.991476000301],[-106.580940000283,38.991969999707],[-106.579522999551,38.991702000208],[-106.578967999707,38.991200000252],[-106.577160999886,38.990444000038],[-106.574721000402,38.992821000061],[-106.570608999919,38.993941999966],[-106.569833000142,38.994480999898],[-106.568521999715,38.994477999834],[-106.567184000421,38.99396699976],[-106.566129000087,38.993792000321],[-106.562855000203,38.996403000072],[-106.561553999821,38.997004000193],[-106.560427000415,38.998231999901],[-106.559100999919,38.998623999978],[-106.556854999706,38.998146000228],[-106.55618400041,38.998120000079],[-106.554532000399,38.998757000283],[-106.554211000009,38.998711000195],[-106.552183000254,38.993475999739],[-106.551234000225,38.99207500003],[-106.550162999997,38.991544999797],[-106.546761999891,38.991078000008],[-106.545441000316,38.990381999794],[-106.544267000156,38.989143999982],[-106.543102000217,38.988510000144],[-106.542149999815,38.988276999987],[-106.539812000439,38.986559000068],[-106.536053000133,38.983491000058],[-106.534179000364,38.982291999719],[-106.532884999655,38.981989999681],[-106.53202000019,38.981385999932],[-106.529618000342,38.980779999954],[-106.52838899993,38.980727000171],[-106.526286999658,38.976588000136],[-106.525490999789,38.974339000168],[-106.524626000324,38.972315999653],[-106.524422999935,38.971092999984],[-106.521861000253,38.968666000274],[-106.522232999798,38.967969999729],[-106.523146999667,38.965534999692],[-106.524056000412,38.964205000257],[-106.525844999792,38.96312399975],[-106.528511000129,38.959882999705],[-106.527086999724,38.956914000262],[-106.526683000391,38.955411000334],[-106.526285999833,38.955052000114],[-106.524536999737,38.954584999938],[-106.523121999553,38.954445000089],[-106.522010000216,38.953874999894],[-106.520667000001,38.95369500013],[-106.519876999981,38.953968999651],[-106.51828400042,38.951517000008],[-106.516700000181,38.950346999854],[-106.515986000328,38.949443000264],[-106.515737999733,38.948663999714],[-106.514298000332,38.948241999695],[-106.513195000318,38.947487000301],[-106.508076999903,38.945889999701],[-106.507162000209,38.946092000332],[-106.505312999657,38.944400000202],[-106.505839000086,38.942919999709],[-106.505892999615,38.940928999826],[-106.505583999818,38.939456999877],[-106.504371000199,38.936848999746],[-106.503893000348,38.93657900006],[-106.502694999898,38.936444999741],[-106.501792999725,38.935292999651],[-106.50058299958,38.934748000313],[-106.498759999865,38.93468999996],[-106.496257999559,38.933469999854],[-106.493855999711,38.931089000111],[-106.49234599999,38.930149000314],[-106.490714000071,38.929685000315],[-106.489938000294,38.926315999965],[-106.489173000388,38.925818000141],[-106.488830000256,38.925133000249],[-106.487358999995,38.923507000197],[-106.486718999763,38.923169999887],[-106.485651999733,38.922107999755],[-106.484060999821,38.92134499997],[-106.482120000106,38.920929999703],[-106.480904999938,38.918643000255],[-106.479759000265,38.918217999995],[-106.474912000012,38.916122999946],[-106.472208999865,38.915926999713],[-106.470043999843,38.913053000193],[-106.469010000324,38.912394000259],[-106.467482999986,38.912259999686],[-106.467026999877,38.911599999818],[-106.465322999987,38.910788999869],[-106.465031999734,38.910354000129],[-106.463475999983,38.910744000236],[-106.462941000231,38.911123999731],[-106.461941000148,38.911302999658],[-106.458730000013,38.910108000003],[-106.457811000121,38.910077999963],[-106.453808000315,38.912755000278],[-106.4499510001,38.913012000159],[-106.448005000361,38.914361999988],[-106.446064999572,38.913865999893],[-106.444757000416,38.914577999815],[-106.443704999556,38.914651999811],[-106.443087999788,38.915273999754],[-106.442149999629,38.915573999984],[-106.439332999679,38.915458000027],[-106.437175000229,38.914905999873],[-106.436952999572,38.916316999951],[-106.436519999927,38.916446999787],[-106.434863999719,38.91818399992],[-106.434333000164,38.919999000052],[-106.433714999673,38.920492000213],[-106.432061999837,38.923043000083],[-106.430261999688,38.924908999826],[-106.429458000323,38.925280999815],[-106.427921999764,38.925590000234],[-106.427448000111,38.925921999941],[-106.424951999653,38.92609499995],[-106.422913000028,38.927518000195],[-106.42183099993,38.92806800002],[-106.42116099956,38.928093000006],[-106.419353999738,38.927677000043],[-106.418227000332,38.926630000308],[-106.418244000051,38.925395999724],[-106.417963999668,38.924662999833],[-106.417868000307,38.923428999977],[-106.417370000365,38.922316999706],[-106.417180000394,38.920897999787],[-106.415980000295,38.919416999989],[-106.415627000117,38.918530000209],[-106.414273999857,38.918128999805],[-106.413165999819,38.916268000252],[-106.412091000292,38.915665000288],[-106.40760200024,38.914761999796],[-106.406070999704,38.912981999949],[-106.40497699991,38.912669000262],[-106.403207999724,38.910865000162],[-106.402123999975,38.910616999861],[-106.399496999996,38.911942999989],[-106.393959000356,38.912248999727],[-106.393074999725,38.913702000096],[-106.39338600007,38.914427000329],[-106.39299100006,38.917718000294],[-106.392344000155,38.918775000341],[-106.388994000102,38.919981000302],[-106.386912999746,38.921121000168],[-106.38625699962,38.922968999751],[-106.384545000233,38.923147999855],[-106.383451000439,38.922963999953],[-106.382998999629,38.923932000228],[-106.380836000155,38.925684999818],[-106.380359999954,38.924870999872],[-106.379068999618,38.924219999915],[-106.376982000312,38.922673999852],[-106.377174999758,38.921552999952],[-106.37704900026,38.920481000132],[-106.377168000085,38.917980999997],[-106.376495000241,38.916771999733],[-106.376698999557,38.915723000121],[-106.375745000403,38.913039000338],[-106.376112999751,38.911796999677],[-106.376222000429,38.909539000166],[-106.375579999648,38.908716000327],[-106.373439999741,38.906608000006],[-106.372211000228,38.906396999959],[-106.367481999976,38.906916999952],[-106.365773000064,38.909871000183],[-106.364879000286,38.910286999696],[-106.364244999901,38.910935999727],[-106.361544000302,38.912338999851],[-106.361150999942,38.91228500035],[-106.357072999793,38.912945000138],[-106.354793999968,38.911628000094],[-106.353034999828,38.910935999727],[-106.351500999817,38.909888000117],[-106.348730999723,38.909089000226],[-106.34733399998,38.908466999904],[-106.346729999733,38.907600000306],[-106.345240999929,38.907066999713],[-106.344049000225,38.907606000105],[-106.338725999771,38.908732999839],[-106.33812800027,38.90872000013],[-106.334984000082,38.911666000151],[-106.331055999721,38.91169499996],[-106.330693000396,38.911446999764],[-106.327883999944,38.911050999818],[-106.326098999864,38.911003999816],[-106.324893999741,38.908317000305],[-106.325118000047,38.908008999773],[-106.324114999592,38.904796000309],[-106.324719999664,38.902928999795],[-106.323795999749,38.900780999918],[-106.323476999907,38.899354999818],[-106.322888999553,38.898018999846],[-106.320863000347,38.895859999953],[-106.320555000375,38.894708000174],[-106.32131299971,38.892599000124],[-106.323019000148,38.891807000309],[-106.324709999618,38.890515000316],[-106.326038999589,38.8889269997],[-106.326697000263,38.887317999895],[-106.326456000239,38.886867999664],[-106.326446000193,38.884100999988],[-106.327334000123,38.882919000065],[-106.327504999827,38.88229699986],[-106.330521999794,38.881772000088],[-106.331756000228,38.881321999693],[-106.332482999601,38.88069600021],[-106.33406500019,38.881308999862],[-106.334343999849,38.880057000046],[-106.335245000198,38.87927000034],[-106.33606799983,38.87631299971],[-106.336589000237,38.875736999956],[-106.336779000208,38.874993999823],[-106.336191999679,38.873589000144],[-106.335846000072,38.872290000244],[-106.336188000379,38.871879999859],[-106.338818999658,38.871722999758],[-106.340853999983,38.870782999831],[-106.342674000224,38.869351000144],[-106.344779999796,38.8686049999],[-106.345577000387,38.867968999954],[-106.346981999628,38.867213000138],[-106.347687000158,38.865971999728],[-106.348938000311,38.865111999753],[-106.349249999582,38.864386000102],[-106.349047000091,38.863451000173],[-106.349235000412,38.862612000143],[-106.348980000143,38.861910000095],[-106.349105999642,38.858209000219],[-106.348905999625,38.856338000159],[-106.349303000184,38.854887000009],[-106.351125999899,38.855503000148],[-106.352693000419,38.855633999735],[-106.354672999595,38.855557000151],[-106.355705000363,38.855292000093],[-106.356891000218,38.855318000176],[-106.360565999961,38.85379999965],[-106.362371999957,38.853375999941],[-106.364300000153,38.853419000183],[-106.365044000142,38.852984999943],[-106.365378000053,38.851718999966],[-106.365310000281,38.85055000006],[-106.365371000381,38.84760600008],[-106.364458000337,38.846184999953],[-106.365099000394,38.845428000321],[-106.36644199971,38.844680999757],[-106.368077000003,38.842843999743],[-106.368357000385,38.842087000246],[-106.36917400017,38.84151499966],[-106.370125999673,38.840484999809],[-106.370385999964,38.839710999773],[-106.37020400039,38.838719000295],[-106.371524999964,38.838074999782],[-106.374578999741,38.837385999818],[-106.376009999819,38.836415999736],[-106.378819000271,38.836124999653],[-106.379020000113,38.835131999932],[-106.380484999627,38.833594999801],[-106.381746999651,38.832856999992],[-106.382822000077,38.831579000283],[-106.383135999896,38.830562000095],[-106.383058999903,38.82960200023],[-106.383588999633,38.828504000201],[-106.383740999969,38.825834000077],[-106.383632000189,38.82470500024],[-106.387848000429,38.82380399987],[-106.391268999729,38.822759999702],[-106.395023999837,38.82239300011],[-106.396692999567,38.822709999746],[-106.397528999618,38.82313400024],[-106.399020999795,38.825298000343],[-106.401134999763,38.825976999795],[-106.403504999824,38.826596999941],[-106.405284000057,38.828397999737],[-106.406987000121,38.829334000006],[-106.407500999957,38.829204000296],[-106.409778000132,38.827541999788],[-106.411887999902,38.825735999688],[-106.414762999579,38.824363000286],[-106.415812000065,38.824326999901],[-106.416263000152,38.823850000075],[-106.415838999829,38.821504000019],[-106.415334000214,38.819442000114],[-106.415355999956,38.81784499971],[-106.414990000258,38.816612999961],[-106.415044999611,38.815282000304],[-106.415658999904,38.814667000048],[-106.416024999602,38.813787000132],[-106.417175000371,38.813355000139],[-106.420551000363,38.811608999957],[-106.421018000343,38.810414000157],[-106.422431999804,38.809295999938],[-106.422711000362,38.807632999937],[-106.422336000443,38.806731000238],[-106.421726000348,38.806193000237],[-106.421475000278,38.805436000185],[-106.420665999991,38.804148999872],[-106.419633000296,38.80339399987],[-106.418581000335,38.802954000245],[-106.418609999749,38.802559000264],[-106.418008999874,38.801762999701],[-106.417910999965,38.800691000001],[-106.416053999915,38.799875000035],[-106.415054999657,38.799635999979],[-106.414473000049,38.798557999883],[-106.414892000349,38.797887000334],[-106.41451700043,38.796984999777],[-106.414363000444,38.795202999871],[-106.414038999681,38.794124999935],[-106.413457000073,38.793102000107],[-106.412870000442,38.790911000285],[-106.413091000375,38.789999000262],[-106.414518000255,38.789444999817],[-106.415470999583,38.788748000011],[-106.416586000192,38.787623000115],[-106.416818999821,38.786847999693],[-106.416634999698,38.785196000291],[-106.416032999998,38.784100999669],[-106.415602999828,38.782602000071],[-106.41473699964,38.780186000294],[-106.413816000098,38.779092999814],[-106.414828999701,38.776282000267],[-106.414904999869,38.774959000029],[-106.415498000246,38.774417000048],[-106.415360999979,38.773740000282],[-106.415498000246,38.772440999822],[-106.416426000359,38.770946000111],[-106.417452000381,38.770474000086],[-106.418058000278,38.76827000023],[-106.41922999989,38.766298000039],[-106.419259000202,38.765999999897],[-106.417142999686,38.764434999804],[-106.417116999747,38.763572000094],[-106.416264999802,38.761728000301],[-106.416371999932,38.760720000093],[-106.416149000349,38.759237000057],[-106.415099000038,38.757095000119],[-106.416686999576,38.756040999801],[-106.417279999953,38.755425999723],[-106.418696999787,38.753195000278],[-106.419537000037,38.752562999784],[-106.419952999963,38.75152900029],[-106.419969999682,38.75073100011],[-106.419636999596,38.749995000268],[-106.41840100041,38.749149999956],[-106.418229999807,38.747418999916],[-106.418201000393,38.745129000323],[-106.418011000422,38.742028000176],[-106.418658000328,38.73963199997],[-106.420050000047,38.738804999711],[-106.418492999573,38.735304000216],[-106.416751999874,38.733755999756],[-106.416664999835,38.727813999788],[-106.417430999566,38.725674999867],[-106.419184999684,38.723988999951],[-106.423467000047,38.720846999989],[-106.422785999807,38.718857000133],[-106.423221999825,38.716165999895],[-106.424708999979,38.712692999896],[-106.425274999694,38.710306999977],[-106.426400000348,38.710064999667],[-106.429468000368,38.709810999926],[-106.431655999956,38.708708000182],[-106.433013000414,38.708695999981],[-106.434588000432,38.709269999733],[-106.436515999729,38.709033000238],[-106.438141999801,38.708631000203],[-106.443492999844,38.709230999906],[-106.444231999811,38.708713000324],[-106.444680000423,38.708037000177],[-106.444553000201,38.706925999838],[-106.445529999819,38.705533000274],[-106.447601999955,38.704841999672],[-106.448313000332,38.704927999977],[-106.44942100037,38.702944999901],[-106.450135000223,38.702659999834],[-106.452126000167,38.69877699983],[-106.451466999668,38.698254000059],[-106.445266000229,38.697856000156],[-106.444564999897,38.698016000049],[-106.443835000151,38.697260999892],[-106.442638000424,38.696894999822],[-106.441849000229,38.696070999938],[-106.440213999937,38.695658999941],[-106.439454000053,38.694880999817],[-106.438432000229,38.694491999736],[-106.436504000034,38.694606999823],[-106.435423999585,38.694194999808],[-106.434400999936,38.693530999778],[-106.432035999898,38.692730000029],[-106.429845999762,38.691676999759],[-106.42724700027,38.691242000302],[-106.425874999743,38.690853000065],[-106.423713999919,38.690578000207],[-106.420532000096,38.690623000256],[-106.418983999843,38.69034900008],[-106.418019999745,38.690348000216],[-106.415274999765,38.691286000082],[-106.413436000156,38.691286000082],[-106.409552000176,38.69229199975],[-106.408645999805,38.692360999703],[-106.407449000079,38.693093000197],[-106.404499000059,38.693962000084],[-106.403213999571,38.694075999809],[-106.399825999884,38.695013000073],[-106.399038000412,38.695333000301],[-106.395766000177,38.695652000007],[-106.391939999924,38.695605000035],[-106.389721000373,38.696107999663],[-106.3863620001,38.69642700012],[-106.385048000198,38.696335000022],[-106.382098000179,38.69672300012],[-106.378856000081,38.697681999736],[-106.378446999827,38.698024999966],[-106.376518999632,38.698573999808],[-106.375579999648,38.698617999986],[-106.372510999803,38.699603000259],[-106.37113800035,38.699672000171],[-106.370262999941,38.700061999851],[-106.366233000371,38.700589999729],[-106.364218000137,38.70125499984],[-106.36138399957,38.701232999865],[-106.360129000118,38.701645999708],[-106.357968000294,38.701875000125],[-106.356712000118,38.702150999716],[-106.355310000353,38.702243000044],[-106.352449000022,38.703135999701],[-106.350959000392,38.70327399965],[-106.349499000002,38.702863000175],[-106.348360000002,38.702795000229],[-106.347301000368,38.703237999811],[-106.347686000333,38.702467999769],[-106.345845000176,38.702629999946],[-106.344907999843,38.702478999918],[-106.34432700006,38.702714000023],[-106.343279000296,38.70450200029],[-106.342522999713,38.704981999854],[-106.341344000428,38.705274000174],[-106.340350000193,38.705939999837],[-106.338510999686,38.705392999768],[-106.336472000061,38.705618000097],[-106.335287999855,38.706268000185],[-106.333588000164,38.706793999837],[-106.332260000018,38.706910000105],[-106.331014999713,38.706614000207],[-106.330304000234,38.706797999776],[-106.329777999804,38.707355999712],[-106.32904399986,38.707648000151],[-106.327996000097,38.707646999827],[-106.324825000144,38.709037000053],[-106.322705000328,38.708719000072],[-106.320392000169,38.709257000027],[-106.319822000256,38.709508000142],[-106.317761999816,38.711033000197],[-106.31685299997,38.712124999754],[-106.315838999644,38.712417999897],[-106.315246000165,38.713375000236],[-106.314663999659,38.713642000244],[-106.312780999669,38.713507000002],[-106.311674000355,38.713795000303],[-106.309783999794,38.713724000225],[-106.308325999952,38.71409099991],[-106.307277000364,38.713641000004],[-106.306745999911,38.711807999755],[-106.305627999828,38.711358000198],[-106.304927000394,38.71068600025],[-106.304298000032,38.710532999845],[-106.30287500035,38.710663999671],[-106.301252999578,38.710457000013],[-106.300513999611,38.709874999742],[-106.299833000269,38.709791999959],[-106.298726000057,38.709281000238],[-106.297248000123,38.708916999909],[-106.294869999666,38.708842000067],[-106.293581999703,38.709107000277],[-106.292657999788,38.709819999761],[-106.290787000393,38.710171999746],[-106.288834000083,38.709627999995],[-106.285842000231,38.7094870002],[-106.281954000053,38.709610000275],[-106.28045199983,38.710016000173],[-106.278313999572,38.710123000326],[-106.277415999597,38.710579000239],[-106.276307999559,38.71190399993],[-106.274452000232,38.713163000186],[-106.27322299982,38.713631999949],[-106.27029700009,38.713889999676],[-106.268671000019,38.713786999804],[-106.263951999813,38.71324999984],[-106.262204000441,38.713595999718],[-106.257910000382,38.715629000279],[-106.257096999897,38.715758999669],[-106.252601999997,38.715402000186],[-106.250887000237,38.715012000061],[-106.247213000319,38.7133189999],[-106.244357000011,38.710833000055],[-106.242679000061,38.709903000212],[-106.24070200036,38.709255000126],[-106.240513000214,38.709012999759],[-106.239087000159,38.70930499974],[-106.237569999867,38.709118000106],[-106.235388000127,38.709360000117],[-106.233266999588,38.709438999908],[-106.230535000027,38.710179999948],[-106.228611999854,38.71115699999],[-106.226157000302,38.711545000282],[-106.224790999624,38.711399000108],[-106.223603999943,38.710954000064],[-106.219382999679,38.710019999933],[-106.218228999611,38.710096999818],[-106.215954999809,38.710547999886],[-106.21450000034,38.710656000224],[-106.212075000027,38.710401000195],[-106.202824999936,38.711120999914],[-106.202126000152,38.711490999753],[-106.201552000042,38.712495000004],[-106.200710000143,38.713072999684],[-106.1985359999,38.713337000088],[-106.197324000105,38.712914000085],[-106.196522000389,38.712883000043],[-106.191526999999,38.714470999976],[-106.185426999943,38.717474000104],[-106.183136000423,38.718155000209],[-106.182466000053,38.71862099965],[-106.181295000266,38.719886000259],[-106.179663000347,38.72271099972],[-106.179700000157,38.722836999801],[-106.177509000196,38.724132000061],[-106.175567999581,38.725739000196],[-106.174892000262,38.727199999795],[-106.174349999939,38.730012000092],[-106.173662999851,38.731200999974],[-106.173129999748,38.731620999697],[-106.170712999831,38.73237400005],[-106.167784999553,38.732532999802],[-106.163387999562,38.732995000206],[-106.161103999715,38.733609000148],[-106.158531999987,38.733345000349],[-106.153066000317,38.733110000032],[-106.150584000102,38.733577000012],[-106.120163000367,38.740971999787],[-106.118637999679,38.741160000009],[-106.105985999657,38.741145000088],[-106.090518000408,38.741146999797],[-106.088569000296,38.74111399968],[-106.086106000348,38.740880000258],[-106.083600999669,38.73975599989],[-106.082655999838,38.741714999786],[-106.081279000187,38.744670000052],[-106.080884000177,38.74605699968],[-106.080999999629,38.747831000063],[-106.081674000197,38.752690000146],[-106.082263000376,38.75402300028],[-106.082935000396,38.754875000093],[-106.088970000154,38.760718999812],[-106.090510000012,38.762062999979],[-106.092182000114,38.76330599991],[-106.096553000166,38.766070999853],[-106.097651000158,38.766691999736],[-106.102587999924,38.769813999829],[-106.104174999637,38.771170999925],[-106.105009000039,38.772249999679],[-106.105743999807,38.773713999817],[-106.106974999869,38.777192999923],[-106.107708999813,38.778417999679],[-106.109247999846,38.779751000323],[-106.112033999834,38.781340999656],[-106.112826000402,38.781995999782],[-106.113699000263,38.783157999705],[-106.114167000068,38.784455999695],[-106.114204999703,38.785804999781],[-106.11357600024,38.78892199993],[-106.113510000117,38.790501999882],[-106.114131999908,38.79475500025],[-106.114008999885,38.801972999855],[-106.11419800003,38.803318000148],[-106.115552000115,38.807285000028],[-106.117200999753,38.811810000209],[-106.119409000331,38.818024000166],[-106.120051000214,38.81931099968],[-106.122087000364,38.822565999652],[-106.123402999916,38.824919000272],[-106.127759999724,38.834069000257],[-106.13119599999,38.838911999825],[-106.131949000201,38.84029499994],[-106.132570999991,38.841800000335],[-106.133699999946,38.844033999892],[-106.136966000332,38.849140999653],[-106.1397430001,38.853237000134],[-106.142380000124,38.857272000258],[-106.143740999882,38.858917999748],[-106.145659000032,38.860449999888],[-106.148112999759,38.862146000229],[-106.150175999673,38.86369700034],[-106.15115499984,38.864653000289],[-106.157447000414,38.872458000322],[-106.158512999721,38.873900999966],[-106.159107999747,38.874974999776],[-106.161162000339,38.87994900015],[-106.161767000412,38.880875999918],[-106.162596999717,38.88169500014],[-106.164534000133,38.882985999751],[-106.165356999766,38.883859000311],[-106.166370000267,38.886481000305],[-106.16734799971,38.888123999994],[-106.170621999595,38.8914450002],[-106.172642999676,38.89311899979],[-106.173440000268,38.894261000029],[-106.173663999675,38.895684000293],[-106.173573000337,38.901753000269],[-106.173766999608,38.902379000155],[-106.175127000439,38.903738000021],[-106.175811999979,38.904940999988],[-106.177017999926,38.906210999991],[-106.178057000367,38.907595999741],[-106.178696999701,38.908872000173],[-106.180542999881,38.913209000293],[-106.18092500037,38.914626999982],[-106.183250000226,38.930259000034],[-106.183767000435,38.931479000169],[-106.190869000223,38.942262000325],[-106.191923999659,38.943931000101],[-106.202142000046,38.959493000105],[-106.204319999588,38.962837999971],[-106.204897999896,38.963929000061],[-106.207069999591,38.968621999795],[-106.208437999919,38.970307999879],[-106.211591000328,38.972998000202],[-106.214616999618,38.976460000288],[-106.215507000095,38.978341000298],[-106.216232999643,38.981072999763],[-106.216570999752,38.981956000156],[-106.218810000292,38.98533300014],[-106.219239999564,38.986510000028],[-106.219786000085,38.9905460003],[-106.220069999768,38.991824000075],[-106.221722999603,38.996988999705],[-106.222294000239,38.997887999883],[-106.225464000366,39.000745000003],[-106.226800999835,39.001475000165],[-106.228092000171,39.001710000226],[-106.234398999915,39.00236000022],[-106.236705000402,39.002904999672],[-106.23849600033,39.003816999806],[-106.239811999882,39.004877000265],[-106.242185000316,39.007180000258],[-106.24298200001,39.008709000068],[-106.243108000406,39.00956800024],[-106.242802000085,39.011383999941],[-106.242013999714,39.012704999688],[-106.239299999696,39.015683000019],[-106.238807999602,39.01679999996],[-106.238995999923,39.018143000307],[-106.239758000354,39.019132000323],[-106.243022000193,39.021749000002],[-106.243922999643,39.022730999913],[-106.244610999556,39.023788000038],[-106.245459000201,39.025919999702],[-106.24619200032,39.028275000243],[-106.246588000155,39.028847000317],[-106.247557000276,39.029590999909],[-106.249509999687,39.030594999924],[-106.25047299996,39.031797000211],[-106.251739000181,39.032627999821],[-106.25260700002,39.032861999701],[-106.257382000302,39.033718999679],[-106.258628000432,39.034436000339],[-106.259456999912,39.035407000157],[-106.2617020003,39.037266000323],[-106.263941999767,39.038663000068],[-106.264495999786,39.039238000055],[-106.266069999979,39.042950999971],[-106.26618600033,39.043509999764],[-106.266064999956,39.046239999968],[-106.26636700008,39.047307000321],[-106.267706000096,39.049455999941],[-106.268633000384,39.051725999862],[-106.269351000434,39.052453999689],[-106.271954000124,39.053334000339],[-106.272606999877,39.053976999836],[-106.272888000084,39.054897000295],[-106.272799000396,39.056425000219],[-106.296775000295,39.056436999731],[-106.308685999802,39.05615000002],[-106.322383000113,39.056238000228],[-106.34715499988,39.056461999755],[-106.368630000197,39.056472000041],[-106.375579999648,39.056305000099],[-106.389067999722,39.056294999789],[-106.457394000369,39.056910999769],[-106.495065999856,39.057251999864],[-106.50058299958,39.057475000066],[-106.510863999716,39.057533000316],[-106.577965999975,39.057908000205]]]},"properties":{"geoid":"08015000401","county_fips":"08015","designated":true}},{"type":"Feature","geometry":{"type":"Polygon","coordinates":[[[-106.952691999912,38.550703000257],[-106.953102999815,38.549501999689],[-106.952727000072,38.548082000081],[-106.953707999888,38.546860999904],[-106.954681000206,38.546222999837],[-106.95555900009,38.544777000013],[-106.956676000349,38.543935000147],[-106.957354000216,38.542738000329],[-106.957287000269,38.541667000172],[-106.958781999921,38.540399000082],[-106.958514000133,38.539250000282],[-106.958442999988,38.537924000218],[-106.957772999618,38.536050000153],[-106.958082000313,38.534323999857],[-106.95780199993,38.532737999802],[-106.957018999582,38.531940000184],[-106.955204000263,38.531511000002],[-106.948206000232,38.534315999688],[-106.947730000031,38.53332799978],[-106.948956999895,38.53285200023],[-106.949433999921,38.530973000253],[-106.949104000208,38.530335999785],[-106.947680999628,38.529845000187],[-106.945202999611,38.530451999777],[-106.943162000336,38.530813999782],[-106.941984999803,38.530748000239],[-106.940817000389,38.530072000199],[-106.940353999709,38.528948000095],[-106.94032799977,38.521379999836],[-106.939842000421,38.521421000243],[-106.939797000215,38.522363000254],[-106.938909000285,38.522141999732],[-106.938203999756,38.522781999925],[-106.937655999584,38.522588999876],[-106.937465999614,38.521944000252],[-106.936156999734,38.522086999697],[-106.936479999775,38.5229380003],[-106.935838999717,38.52345899966],[-106.936247000146,38.524167000257],[-106.93544500043,38.524530000325],[-106.935852000136,38.524968999891],[-106.93501899956,38.525874000093],[-106.934785000106,38.526448000156],[-106.933884999583,38.526640999694],[-106.932764999849,38.525707999931],[-106.931891999988,38.52590500025],[-106.931820000018,38.526380000035],[-106.932314999587,38.526791999948],[-106.932734999712,38.528439999908],[-106.93230500044,38.528591999914],[-106.931825999866,38.528085000046],[-106.930963999875,38.528502000107],[-106.930799000019,38.527872999732],[-106.929855999838,38.527459999654],[-106.929361000268,38.52815399998],[-106.929906999891,38.529164000072],[-106.929737000012,38.529918999812],[-106.929203000085,38.53015200024],[-106.928768999716,38.530845999901],[-106.92817399969,38.531146000058],[-106.927516999739,38.532126000004],[-106.928013999856,38.532313000007],[-106.927963999627,38.533190999879],[-106.927387999867,38.533255000096],[-106.924710999659,38.534466999998],[-106.922837999715,38.534381000242],[-106.922157000373,38.534172000014],[-106.921686000195,38.533373000193],[-106.920927000137,38.533103000103],[-106.920467999654,38.532549000286],[-106.91926300043,38.532813999873],[-106.917386000289,38.534087999778],[-106.916433999886,38.535118000046],[-106.915280999643,38.53495000028],[-106.914590000255,38.533810000039],[-106.913986000007,38.533591000125],[-106.913853999763,38.53402500024],[-106.912068999683,38.534249999844],[-106.91130700015,38.53528099982],[-106.910554999764,38.535263999774],[-106.909968000133,38.535781000186],[-106.908177000205,38.53570599965],[-106.905698000364,38.536806999807],[-106.906004999612,38.537637000157],[-106.905448000119,38.538540999955],[-106.902826000162,38.538473999896],[-106.900683999707,38.540765000001],[-106.900056999893,38.540295000279],[-106.898681000067,38.540620999886],[-106.896269999997,38.540390000037],[-106.894977000012,38.540751000081],[-106.894053000097,38.540741000236],[-106.893155999947,38.540053000292],[-106.891802999686,38.53970899996],[-106.890235000239,38.539064999776],[-106.88978099978,38.539724999799],[-106.891488999867,38.540566999769],[-106.890879999597,38.541145999851],[-106.888369999793,38.541610999771],[-106.887806999554,38.541566000296],[-106.88746400032,38.540997999732],[-106.888000999722,38.540464999905],[-106.887595999666,38.540164000111],[-106.886554999576,38.540226000043],[-106.886123999581,38.539734999785],[-106.885427000345,38.539583999993],[-106.885387999987,38.540132999774],[-106.886008999953,38.540688000054],[-106.886274000267,38.541722999827],[-106.886096999816,38.542058999651],[-106.885263000313,38.54211799988],[-106.883828000037,38.541597000015],[-106.882725999847,38.540769999922],[-106.882483999998,38.539705999682],[-106.881705999673,38.539737000204],[-106.880854999553,38.540151999778],[-106.880509999772,38.542981000229],[-106.879966999624,38.54327699973],[-106.879873999737,38.54416400026],[-106.88098099995,38.544008000234],[-106.882909000146,38.544081000248],[-106.884669000111,38.544445000113],[-106.886025999671,38.544509000154],[-106.894067000341,38.544479000076],[-106.89385300008,38.545221000014],[-106.894038000028,38.547160000263],[-106.895670999773,38.548405000307],[-106.897768999847,38.548954999929],[-106.899225999865,38.54886399987],[-106.900158000175,38.549230000269],[-106.902022999723,38.549460000104],[-106.903100999624,38.550169000281],[-106.904586999953,38.549781000324],[-106.905869000068,38.549918000242],[-106.905956000107,38.551612000088],[-106.906799999656,38.553167999906],[-106.906886999694,38.553945999832],[-106.906711999792,38.555411000215],[-106.907322999712,38.557745000258],[-106.907178999772,38.56025100015],[-106.914889999831,38.560604999749],[-106.921136000374,38.560269000184],[-106.922082999855,38.560501999939],[-106.926988999659,38.56048099985],[-106.931496000153,38.559158000162],[-106.941347999944,38.560320999709],[-106.942406999578,38.559724000018],[-106.942897000022,38.558932999804],[-106.942414000149,38.558295999682],[-106.942603000295,38.557566000034],[-106.9437909998,38.556676000172],[-106.944420999987,38.555764000131],[-106.944658999638,38.554990000198],[-106.944148000175,38.55318299989],[-106.944630000224,38.55164499978],[-106.945472999948,38.55093100019],[-106.946002999677,38.550955999769],[-106.947370000181,38.551509999731],[-106.948084999859,38.551324999851],[-106.948413999747,38.552232000177],[-106.948575000303,38.553490000098],[-106.949864999916,38.55487900008],[-106.949678000318,38.553540000278],[-106.950018999902,38.551577000292],[-106.95070799964,38.550704999667],[-106.952691999912,38.550703000257]]]},"properties":{"geoid":"08051963700","county_fips":"08051","designated":true}},{"type":"Feature","geometry":{"type":"Polygon","coordinates":[[[-104.445157000328,37.067386000228],[-104.430286999682,37.073070999727],[-104.428135000079,37.07428200012],[-104.426636000229,37.074426000068],[-104.425606000009,37.074733999953],[-104.425005999959,37.075292000096],[-104.423358999971,37.075635999793],[-104.421813000266,37.076225000183],[-104.420470999876,37.077142999771],[-104.418859000048,37.077529000118],[-104.417944000354,37.0781059999],[-104.416929000203,37.078145999727],[-104.415534999935,37.078772000149],[-104.413889999597,37.078884000348],[-104.412385999724,37.079545999732],[-104.411404000083,37.080255000355],[-104.410456999704,37.081359000117],[-104.408592000156,37.082600999982],[-104.407987000083,37.083339000235],[-104.405288000134,37.083882000243],[-104.404246000219,37.084343000332],[-104.402923000096,37.085562999857],[-104.402020000097,37.08615100013],[-104.401764000004,37.08678899996],[-104.401692999859,37.088621000192],[-104.401437999591,37.089709999782],[-104.400830000044,37.090288000344],[-104.399891000061,37.092007000247],[-104.399100000215,37.092805000248],[-104.397105999898,37.096804999948],[-104.396634999719,37.09799400009],[-104.396510000046,37.099464999936],[-104.395315999794,37.101337000149],[-104.394288999948,37.102486000238],[-104.392820000235,37.103556000258],[-104.390046999767,37.105280000037],[-104.385493000316,37.107960999787],[-104.384390000301,37.108541000298],[-104.383858000024,37.108069000145],[-104.377480000134,37.112834000024],[-104.373138000395,37.11662399991],[-104.369739999763,37.120886999686],[-104.369035999957,37.123729000354],[-104.368426999686,37.12477299985],[-104.36687199976,37.126440000224],[-104.366629000085,37.127247999815],[-104.367245999853,37.130535999869],[-104.368896000214,37.137484999708],[-104.370393000415,37.138526000114],[-104.370667999876,37.140125000135],[-104.371584000293,37.140856000152],[-104.37201100009,37.141623000166],[-104.37172300021,37.144609000252],[-104.37119699978,37.146846999653],[-104.369964000069,37.148753000062],[-104.373746999767,37.148984000094],[-104.37700099956,37.149299000236],[-104.37974399989,37.149762999657],[-104.383263999822,37.149962999862],[-104.384102000421,37.150355999735],[-104.384530999868,37.150957000039],[-104.384663999938,37.151796000168],[-104.385265999637,37.153077000111],[-104.386638999989,37.154198000273],[-104.389024999943,37.154367999747],[-104.390234000263,37.153987000352],[-104.392661000226,37.152723999887],[-104.395309000122,37.151613000348],[-104.396345000189,37.151366000116],[-104.401107000053,37.150532000081],[-104.403124999762,37.149911999953],[-104.405300999655,37.148677000176],[-104.406535000089,37.147523000027],[-104.407079999887,37.147608999735],[-104.40751699973,37.148294000174],[-104.409317999704,37.154668000202],[-104.409927999799,37.154980999897],[-104.414216999835,37.155055000213],[-104.417612000093,37.156326999879],[-104.421756000364,37.157182999859],[-104.426134999913,37.158195999724],[-104.430589999631,37.158912999868],[-104.432713999645,37.15937299987],[-104.437500999623,37.161015000245],[-104.443359999654,37.162832000285],[-104.445162000351,37.162973999952],[-104.447112000287,37.162924000322],[-104.452506999813,37.163008000226],[-104.453241999582,37.163067999998],[-104.456694999566,37.164626000126],[-104.459027999818,37.167025999846],[-104.459913000273,37.167809999781],[-104.46098600015,37.16836800003],[-104.464029999881,37.170479000115],[-104.465676000044,37.171300000089],[-104.468492000169,37.171884999655],[-104.470767999621,37.17201899971],[-104.471236000324,37.172277000129],[-104.471919000214,37.173529000119],[-104.473522999646,37.174381000221],[-104.474689000309,37.175213999911],[-104.47624699971,37.175153999761],[-104.481892000379,37.172763000158],[-104.487553999868,37.17783099968],[-104.486272999578,37.179105000169],[-104.482740000126,37.183661999985],[-104.483223,37.183901999751],[-104.483571000154,37.184645999833],[-104.483402999925,37.185317000299],[-104.483802999958,37.186456999799],[-104.483591000246,37.186928999778],[-104.484233999953,37.188250000058],[-104.486081999782,37.189463999913],[-104.486439999983,37.190673000227],[-104.487733999793,37.190323000176],[-104.488637999616,37.18985300013],[-104.488821999739,37.189350999652],[-104.487120000398,37.188720000061],[-104.486244999989,37.187384000013],[-104.486398999975,37.186534000128],[-104.487457999609,37.185304000077],[-104.488430000102,37.184434999746],[-104.488897000083,37.183511000013],[-104.490226999878,37.181872999674],[-104.491580999963,37.179795000152],[-104.492492000357,37.178811000091],[-104.493211000233,37.177015000061],[-104.494130000125,37.176166999988],[-104.495685999876,37.175308999693],[-104.496542000019,37.174418000196],[-104.498434000229,37.17326000016],[-104.50059199968,37.172516000312],[-104.505879000149,37.17256799997],[-104.507258000348,37.172311999766],[-104.506053000226,37.169156999697],[-104.50544300013,37.168117000036],[-104.502094999728,37.163375000188],[-104.501391999746,37.163464000021],[-104.499517999977,37.16420999966],[-104.49574600015,37.164235000128],[-104.495808000075,37.162462000253],[-104.491176999732,37.162322999927],[-104.489673999684,37.161841999873],[-104.488339999691,37.160836000313],[-104.487533999777,37.159482000033],[-104.487012000443,37.157774000131],[-104.485792000252,37.156811999924],[-104.485138999601,37.155571000009],[-104.485132999753,37.153316999656],[-104.484858000292,37.152516000126],[-104.48330400019,37.152096000089],[-104.481299999827,37.150294000093],[-104.481155000062,37.149481999928],[-104.480072000139,37.148558000221],[-104.480683999884,37.14708299986],[-104.480134000063,37.146073000275],[-104.480171999698,37.145183000146],[-104.479728000182,37.144686000264],[-104.479671000281,37.143926000064],[-104.478631000015,37.141778000119],[-104.476851999783,37.140240000328],[-104.476229999992,37.139935999767],[-104.475725000377,37.139098999929],[-104.474890999975,37.138647000211],[-104.473462000445,37.137287000312],[-104.470138000332,37.135765999982],[-104.467608000437,37.133506000151],[-104.466738999876,37.132288000227],[-104.465941000358,37.13214000009],[-104.465676999869,37.131628999804],[-104.466006999582,37.131159999732],[-104.466014000153,37.12985700008],[-104.46633399982,37.127855000133],[-104.466074000427,37.126920999853],[-104.466589999913,37.12429599973],[-104.466111000237,37.122885000239],[-104.465660000151,37.122254000073],[-104.465344999608,37.121189000281],[-104.465253000445,37.118748000011],[-104.464814000054,37.117702999821],[-104.464305000241,37.115718000051],[-104.464573999854,37.115065000109],[-104.463423999984,37.114435999986],[-104.461046000425,37.111180000267],[-104.461993999731,37.107502999704],[-104.461602999918,37.106362000056],[-104.459961999778,37.104897000309],[-104.459375999972,37.103824000129],[-104.457765999794,37.102547000191],[-104.457434000431,37.101378000087],[-104.457845000335,37.09792700007],[-104.457769999992,37.096735000271],[-104.45728499957,37.095489000216],[-104.456647999711,37.094444000074],[-104.455917999965,37.092563000189],[-104.455805999812,37.091550999647],[-104.456384999945,37.090194000151],[-104.456415999907,37.089003000158],[-104.455615000016,37.087629999968],[-104.452557000041,37.085317999831],[-104.451756999975,37.084265000146],[-104.451185000413,37.082502999964],[-104.450156000018,37.080143999785],[-104.449241000324,37.077511000338],[-104.445954000021,37.069498000204],[-104.445157000328,37.067386000228]]]},"properties":{"geoid":"08071000500","county_fips":"08071","designated":true}},{"type":"Feature","geometry":{"type":"Polygon","coordinates":[[[-106.550034999951,39.658961000246],[-106.55038599958,39.657488999993],[-106.55109100011,39.656444999882],[-106.551471000052,39.655442999977],[-106.551579000007,39.65276999966],[-106.55298499997,39.650931999876],[-106.553749000051,39.647757000237],[-106.554943000303,39.644040000164],[-106.555721999554,39.642567999684],[-106.555760000087,39.641431000299],[-106.553518999898,39.639596000193],[-106.551352000226,39.638748000259],[-106.549224999839,39.638156999993],[-106.548517999659,39.63701800006],[-106.547725000164,39.636711000002],[-106.546140999925,39.636979000178],[-106.546115999811,39.636192999993],[-106.543093999821,39.635593000304],[-106.535518000381,39.634905999749],[-106.533720999706,39.634590000143],[-106.529387000363,39.634824999943],[-106.527523999567,39.633874000082],[-106.526182999901,39.632898000148],[-106.524524000217,39.632034999874],[-106.522579000303,39.632007000268],[-106.522861000335,39.630986000035],[-106.52200199982,39.630799999667],[-106.522955000047,39.62972500013],[-106.523288999958,39.628099000276],[-106.523150999865,39.626580000313],[-106.520661999978,39.623697000095],[-106.519773000224,39.623579999994],[-106.518516000223,39.624739000314],[-106.51589900029,39.626413000124],[-106.516446999562,39.628964000042],[-106.512776999843,39.62753100012],[-106.512632000078,39.628094000038],[-106.510159999909,39.628054999967],[-106.507677999695,39.626493000298],[-106.505695000146,39.625975999686],[-106.504459000062,39.624922000229],[-106.503402999903,39.625641000335],[-106.50294199977,39.626427000023],[-106.501138000322,39.625879999994],[-106.495713999586,39.625114999875],[-106.492848999955,39.624587999748],[-106.490421000168,39.623963999655],[-106.488763000309,39.623715999714],[-106.486768000167,39.623685000005],[-106.484956000322,39.622739999708],[-106.484850999842,39.623117000287],[-106.483963999737,39.623039000049],[-106.479630000394,39.623404000245],[-106.478308000096,39.623259999802],[-106.47623799961,39.623280999914],[-106.473577000194,39.623105999939],[-106.471726999816,39.622390000039],[-106.470321999678,39.622156999921],[-106.469001000103,39.622394000144],[-106.46796599986,39.621990000129],[-106.466237999681,39.620330000322],[-106.465252999667,39.618957999761],[-106.462454000159,39.618408999689],[-106.46096600018,39.617872999741],[-106.458500999684,39.617987999969],[-106.457649999564,39.617527000065],[-106.456958000351,39.616300999876],[-106.457098999918,39.614021000025],[-106.457601000058,39.613156000317],[-106.457847999931,39.612049999954],[-106.457522000416,39.611595000005],[-106.455601999718,39.610652000077],[-106.452687999684,39.610145999801],[-106.448362999663,39.608423999761],[-106.446960999897,39.609075000017],[-106.446109999777,39.609924999697],[-106.443553999943,39.61346700033],[-106.442333999753,39.614577000064],[-106.443220999857,39.615839999808],[-106.443953000151,39.6177779998],[-106.444215999917,39.61949199982],[-106.44481900034,39.621655000163],[-106.444713000035,39.622715000038],[-106.445026000029,39.624006000137],[-106.445749999927,39.624988999679],[-106.447372999626,39.6255880002],[-106.448402999846,39.626757999868],[-106.449021000337,39.62865799998],[-106.448375000257,39.629345000317],[-106.440186000347,39.632200000215],[-106.44165699971,39.634096000196],[-106.44207600001,39.635655000107],[-106.442254000285,39.637214999803],[-106.442743999831,39.639224999901],[-106.442502999807,39.640362000275],[-106.44176399984,39.640977000097],[-106.441326999997,39.640774999988],[-106.439818000101,39.641018999936],[-106.437745999966,39.640540000341],[-106.436398999554,39.640763999681],[-106.435765000067,39.641123000185],[-106.435062000085,39.642051000221],[-106.434930999666,39.643088999724],[-106.435138000253,39.644049999719],[-106.436754000279,39.646697000143],[-106.436581000027,39.647330000212],[-106.437612999897,39.648163999711],[-106.438542999659,39.649198000198],[-106.439217000227,39.650244000073],[-106.440350000379,39.650392000243],[-106.442450999928,39.649357000166],[-106.443794000143,39.648971000028],[-106.445194000259,39.649007000276],[-106.446384000312,39.649596000199],[-106.447338000364,39.650664999958],[-106.447641000313,39.651751999887],[-106.448622000129,39.653001000215],[-106.44884899991,39.654377000345],[-106.449629999709,39.654961999867],[-106.452664000292,39.655094999921],[-106.455482999892,39.656159000123],[-106.456339000035,39.656967999879],[-106.456934000062,39.65931500027],[-106.455534999771,39.66084299977],[-106.45541699977,39.661845000228],[-106.454046999791,39.663807999885],[-106.453816999638,39.66450500034],[-106.454832999614,39.66629399975],[-106.456328999989,39.667040999851],[-106.457492000279,39.667991000074],[-106.45854400024,39.669220999889],[-106.459248999871,39.669518999966],[-106.460734000376,39.670778999751],[-106.462006000445,39.672264000197],[-106.460279000091,39.673604999806],[-106.460037000242,39.674196999699],[-106.457592999663,39.676134999952],[-106.456246999973,39.677548000286],[-106.455657999794,39.677834999764],[-106.454621999727,39.677893000054],[-106.453388000191,39.679115999723],[-106.45245599988,39.679695000321],[-106.450674999998,39.680374999669],[-106.449048000101,39.681791999804],[-106.449150000208,39.682736000322],[-106.448065999562,39.684416999895],[-106.446272000159,39.685664000278],[-106.446140999739,39.686648000246],[-106.446876000407,39.687746999699],[-106.44756599997,39.688396000213],[-106.448362999663,39.688621000289],[-106.451558999729,39.687553999961],[-106.451962000136,39.68784600009],[-106.45110299962,39.688594999961],[-106.450839000029,39.689301000225],[-106.451355000413,39.690034000235],[-106.452880000203,39.691033000331],[-106.454711000314,39.691595000009],[-106.455903000017,39.69167099987],[-106.455663999642,39.692565999671],[-106.456272999913,39.693748000012],[-106.458030000404,39.695815999685],[-106.458947999572,39.696182999683],[-106.458919000158,39.69703899987],[-106.460530999986,39.698261999811],[-106.464296999965,39.69765600025],[-106.466410999934,39.69668299998],[-106.467046999968,39.695863999728],[-106.468113999998,39.695031000296],[-106.468765999926,39.693328999665],[-106.469880999637,39.692025999805],[-106.470513000372,39.691667999859],[-106.471089000132,39.691767999699],[-106.470608999733,39.692252000028],[-106.470083000201,39.693338999691],[-106.470017000079,39.694043000118],[-106.470633000022,39.69448499989],[-106.470752999673,39.695169000171],[-106.470260999578,39.695669999695],[-106.470233999814,39.696581000023],[-106.469649999658,39.697047999894],[-106.469621000244,39.697903999721],[-106.470970000306,39.697184000266],[-106.473341000192,39.6968029999],[-106.474055000045,39.697424999687],[-106.475846999798,39.697230999895],[-106.476364000007,39.697421999926],[-106.475544999674,39.698415000112],[-106.477196999685,39.699304000201],[-106.476784000131,39.699659999704],[-106.477342000348,39.7000770001],[-106.477344999823,39.700788000251],[-106.477853999636,39.702240999755],[-106.479191000003,39.702566999797],[-106.480285999621,39.702523999962],[-106.481469000002,39.702187000201],[-106.4821929999,39.702213000248],[-106.484204999761,39.701413000344],[-106.485890000283,39.700597999964],[-106.487550999616,39.700271000187],[-106.489791999806,39.700349999805],[-106.490611999963,39.700520000043],[-106.492654999787,39.700601999691],[-106.493606000364,39.700896000123],[-106.506486999817,39.69950700009],[-106.508071000055,39.698991000233],[-106.516757000082,39.697787000079],[-106.518487999736,39.697769999677],[-106.519497999864,39.697233000202],[-106.520728000101,39.696914999729],[-106.521347000417,39.696200999953],[-106.522114999798,39.695860999899],[-106.522805000259,39.695136000331],[-106.525007999916,39.695093000013],[-106.525356999895,39.694566000295],[-106.52566999989,39.692939999796],[-106.526140000243,39.692506999733],[-106.52806599989,39.692056999983],[-106.529033000361,39.691684000148],[-106.529594999877,39.690595999751],[-106.530292000011,39.689832999966],[-106.532929000036,39.688966000041],[-106.534615000382,39.687060999935],[-106.535289999877,39.686088999955],[-106.536300000005,39.685326000135],[-106.537593999816,39.684688999675],[-106.538305000193,39.683860000211],[-106.539335000413,39.683514000172],[-106.539626999593,39.682268000047],[-106.540799999928,39.68151000001],[-106.542477000053,39.681077000161],[-106.544091000429,39.680153999906],[-106.545043999758,39.67899600017],[-106.545719000151,39.677508000011],[-106.546473000186,39.676267000284],[-106.54866900017,39.67460299996],[-106.549507999696,39.673548999675],[-106.54941499981,39.672746999831],[-106.549819999866,39.671878999895],[-106.550580999574,39.670972999888],[-106.552129999652,39.669852999903],[-106.552996999666,39.668106999848],[-106.553622999655,39.667431000307],[-106.553964000137,39.665904999707],[-106.553857999831,39.664833999965],[-106.554092000183,39.664404999744],[-106.553915999558,39.663148999717],[-106.55305899959,39.662022000341],[-106.552533999884,39.661965999811],[-106.552382000446,39.660923000233],[-106.551820000031,39.661345000068],[-106.550958999866,39.661323999755],[-106.550352999968,39.660668000078],[-106.550039999974,39.659856000051],[-106.550034999951,39.658961000246]]]},"properties":{"geoid":"08037000503","county_fips":"08037","designated":true}},{"type":"Feature","geometry":{"type":"Polygon","coordinates":[[[-105.134853000129,38.44260299967],[-105.134885999741,38.441415000043],[-105.134397999844,38.439185000141],[-105.13458699999,38.438711999936],[-105.133687000365,38.437783999786],[-105.133638999786,38.437053000225],[-105.13284999959,38.435811000162],[-105.132467000174,38.434404000293],[-105.132155999829,38.430992000056],[-105.131910999607,38.430656999885],[-105.130933999989,38.430425999855],[-105.12983900037,38.428540999977],[-105.129866999959,38.427915000115],[-105.129113999748,38.426975000336],[-105.129701000278,38.426535999716],[-105.129596999622,38.425145999979],[-105.129820999928,38.424013999919],[-105.129110000449,38.423206000011],[-105.129117999946,38.422332999951],[-105.129901000294,38.420575000001],[-105.129810999882,38.42004699984],[-105.127793999999,38.418699999796],[-105.127563999845,38.417871000106],[-105.128312000032,38.417002999685],[-105.130769999957,38.416323000107],[-105.130722000277,38.415922000301],[-105.128768000142,38.414766999948],[-105.128655999989,38.414509000317],[-105.129146000434,38.412789999858],[-105.129378000237,38.410938000173],[-105.129337000229,38.40989999975],[-105.128409000117,38.408993000239],[-105.125168999669,38.40822799975],[-105.124357999732,38.407788999937],[-105.123869000011,38.406728999859],[-105.122366999788,38.406284999988],[-105.122073999885,38.405960999825],[-105.123441000389,38.406176000026],[-105.125372999884,38.40514299967],[-105.128947000242,38.404964999825],[-105.132144000134,38.405497999844],[-105.134556000028,38.40579599968],[-105.13551000008,38.406146999653],[-105.137061999633,38.407102000301],[-105.137783000057,38.407181000027],[-105.138255999885,38.406602000131],[-105.139149999662,38.406103000327],[-105.138829999995,38.403833000318],[-105.138775999568,38.401970999776],[-105.139363000097,38.401010000182],[-105.142267999911,38.40002800006],[-105.143977999648,38.400155000075],[-105.145961000095,38.399528999926],[-105.147245999685,38.399628000335],[-105.147803999902,38.400446999928],[-105.150219000169,38.400387000141],[-105.151490000413,38.400536000188],[-105.153269999572,38.400497999743],[-105.155246000347,38.400663999691],[-105.156578999617,38.400538000248],[-105.158206000412,38.401170000235],[-105.159092999618,38.401049000029],[-105.160655999941,38.401565999813],[-105.162694999566,38.399830000202],[-105.16421699988,38.399303000205],[-105.165473000056,38.39934200027],[-105.165400000261,38.39805999967],[-105.164030000283,38.397219999958],[-105.163250000308,38.396550000231],[-105.161942000254,38.396672999686],[-105.148499000386,38.390249999749],[-105.143099999764,38.387820000062],[-105.141378000331,38.386840000074],[-105.121433999652,38.377276999704],[-105.107973000241,38.377030000093],[-105.101110999755,38.376949999811],[-105.078027999808,38.376576000132],[-105.077530999691,38.377219999706],[-105.076742000394,38.377576999657],[-105.076219000337,38.378758000103],[-105.076560999745,38.37950500035],[-105.077301000435,38.380076999944],[-105.076483999752,38.38042299966],[-105.076122000253,38.382121000225],[-105.076456999988,38.382515999991],[-105.077532000414,38.382910999712],[-105.077050000365,38.38335099983],[-105.077740999753,38.383377999659],[-105.077671000331,38.384158999657],[-105.074531000341,38.384950000016],[-105.073783999978,38.385603999937],[-105.073609000076,38.386323999775],[-105.072687999636,38.387362000076],[-105.072130000318,38.387119999715],[-105.069652000301,38.387323999747],[-105.068632999952,38.387241999859],[-105.068150999903,38.38755500029],[-105.067663000007,38.388478000167],[-105.066007999623,38.388258000195],[-105.065058999594,38.388323999975],[-105.062266999758,38.389399999698],[-105.061126000108,38.390648000331],[-105.060996000412,38.39155899972],[-105.059890000024,38.393880000299],[-105.058227000142,38.394891999878],[-105.055946999595,38.396097999762],[-105.056563000436,38.397745999935],[-105.057058000005,38.399542000144],[-105.056534999949,38.400669000184],[-105.057093000165,38.403184999787],[-105.057155999915,38.404283999964],[-105.056779000346,38.404696000346],[-105.057078999922,38.405240000204],[-105.056596999873,38.40797],[-105.056709000026,38.408525000024],[-105.056295999574,38.410211999691],[-105.056764000277,38.411309999775],[-105.056436000214,38.411959000182],[-105.054543000179,38.41301900027],[-105.054996999741,38.413842999745],[-105.054766999587,38.414173000219],[-105.055144000054,38.415030000269],[-105.054292000109,38.415348000237],[-105.053244000346,38.416634000308],[-105.053159999782,38.417039999745],[-105.053795999816,38.417887000265],[-105.053342000255,38.418391999743],[-105.053215999858,38.420320000321],[-105.053040999956,38.420660999798],[-105.053837999649,38.42165199978],[-105.066640000358,38.42500999986],[-105.078329999932,38.428109999731],[-105.098860000417,38.433379999658],[-105.113740000211,38.437179999901],[-105.134853000129,38.44260299967]]]},"properties":{"geoid":"08043978200","county_fips":"08043","designated":true}},{"type":"Feature","geometry":{"type":"Polygon","coordinates":[[[-104.027911999753,38.140505000104],[-104.027190000403,38.140489000166],[-104.022159000027,38.140951000321],[-104.020732000148,38.141298999865],[-104.019434999964,38.141858000278],[-104.017834000007,38.142057999738],[-104.015061000438,38.142808999772],[-104.013416999924,38.143772999749],[-104.011795000051,38.144989000253],[-104.010226999705,38.145737000105],[-104.009122000041,38.145758999672],[-104.007751000237,38.145547000285],[-104.006536000069,38.144462999749],[-104.005105999816,38.143541000098],[-104.002560999853,38.142770000177],[-104.000968000292,38.143331999701],[-103.999228000417,38.145782999964],[-103.998286999886,38.146256000216],[-103.994695999809,38.146653999908],[-103.993246000363,38.146353000332],[-103.991202999641,38.145432999874],[-103.987599000044,38.14277599979],[-103.984213000006,38.14091399989],[-103.982706999585,38.140667000162],[-103.980703999945,38.140578999948],[-103.977753000101,38.141067999841],[-103.975990999587,38.140807999946],[-103.974991000402,38.140336000139],[-103.97420899988,38.139232999732],[-103.974127999689,38.138626999839],[-103.974803999906,38.13718199993],[-103.97549199982,38.136607000353],[-103.976957000233,38.134348000054],[-103.976407000412,38.132989999952],[-103.974377999934,38.132119000115],[-103.970030000347,38.131617000109],[-103.966784999876,38.131674000178],[-103.963053000233,38.13088899974],[-103.960155000092,38.130401000048],[-103.954947000164,38.130811999664],[-103.952460999752,38.130545000192],[-103.951269999873,38.130204000053],[-103.949776999871,38.129004000112],[-103.94823199999,38.128157999684],[-103.944585999662,38.126687000203],[-103.940467000404,38.125898000115],[-103.936723999991,38.125005000286],[-103.935067999782,38.124804000078],[-103.933989000057,38.124417000101],[-103.932789999782,38.124431000127],[-103.930120000145,38.125005000286],[-103.92904100042,38.127328000051],[-103.925929999844,38.129645999987],[-103.923399000124,38.13042399987],[-103.921055000002,38.129503999953],[-103.920152000004,38.129273999928],[-103.919902999583,38.127531000195],[-103.918686999591,38.125541999721],[-103.916302000359,38.124728999837],[-103.914395999905,38.124760000314],[-103.913487000059,38.125081000186],[-103.91097999973,38.126563000078],[-103.910874000323,38.127945000133],[-103.911732999941,38.129884999849],[-103.913524999694,38.131623999785],[-103.913042999645,38.133567999949],[-103.912507000068,38.134345999716],[-103.910158999748,38.134582000296],[-103.907960000289,38.134553999896],[-103.906193999577,38.134859999851],[-103.904260000432,38.134286999982],[-103.902064000448,38.133975000114],[-103.900239000185,38.133010000163],[-103.898511999831,38.131131999917],[-103.898538999595,38.1304829999],[-103.899045999758,38.128473000079],[-103.900289000414,38.127280999951],[-103.900811999572,38.125984999729],[-103.900661999784,38.125409000332],[-103.896489999924,38.124793999909],[-103.895058999846,38.124739999962],[-103.892529999776,38.125242999856],[-103.888747000079,38.125416999835],[-103.886845999648,38.125277999873],[-103.883682000266,38.124576999933],[-103.881096000295,38.124562999935],[-103.878000999612,38.124648999778],[-103.873248999794,38.126298999682],[-103.870940999657,38.127807999848],[-103.868671999878,38.128808999662],[-103.866261999634,38.128760000025],[-103.86348999989,38.128071999734],[-103.860286000326,38.126131999888],[-103.858342000237,38.125425000043],[-103.856506000103,38.125185999712],[-103.855083000421,38.125504000022],[-103.852776000109,38.125343000162],[-103.850334999902,38.12504799996],[-103.849109999689,38.124458000219],[-103.846210999723,38.123404999808],[-103.844592000222,38.120793999852],[-103.841687000409,38.11734600023],[-103.840435000431,38.116165000071],[-103.837702999971,38.114162999747],[-103.835615999767,38.113340000059],[-103.834296000018,38.113436000004],[-103.831448000105,38.114205000061],[-103.828709999798,38.114410000116],[-103.827827999716,38.114116999747],[-103.825907999917,38.11306199983],[-103.824480000212,38.113039000193],[-103.821865999753,38.113516000333],[-103.818591000044,38.114834999743],[-103.813764999707,38.117419000186],[-103.811910000205,38.117845000012],[-103.809817999978,38.117509000147],[-103.807315999673,38.116400000002],[-103.805027999627,38.11457799995],[-103.803033000383,38.112532999993],[-103.791266999742,38.112437000275],[-103.781254000293,38.112647000202],[-103.770329999551,38.11292499989],[-103.761483999691,38.113071000085],[-103.75067399965,38.113213999674],[-103.747590999562,38.113074999806],[-103.714096999783,38.113120999756],[-103.70132699976,38.113153000319],[-103.69173899956,38.1130400003],[-103.673738000043,38.11290599994],[-103.646515999848,38.113146000285],[-103.625500000015,38.11333500025],[-103.619172000354,38.113355000191],[-103.619114999554,38.129503999953],[-103.619074000444,38.130772000152],[-103.619010999797,38.143151999751],[-103.619138999843,38.155354000025],[-103.619282999783,38.171455000081],[-103.617104000416,38.171464000199],[-103.601074999679,38.171719000235],[-103.583935000327,38.172715000038],[-103.560332999624,38.172763999816],[-103.559473000182,38.172672000205],[-103.535791000011,38.172655000265],[-103.50936399986,38.172513999897],[-103.509445000051,38.1834880003],[-103.509421999586,38.192957000067],[-103.509552000181,38.204075000096],[-103.509553000006,38.21621299996],[-103.509610999732,38.218136999794],[-103.509662999611,38.22862699996],[-103.50957999977,38.23088900001],[-103.509711000189,38.232118999818],[-103.509703999618,38.234869999924],[-103.509803000251,38.24815400032],[-103.509790999657,38.250057999909],[-103.509879000419,38.264090999919],[-103.510060000169,38.265168999986],[-103.50176400013,38.265016000087],[-103.501642999756,38.276535000011],[-103.501630000235,38.293972000339],[-103.501610000144,38.322509999672],[-103.501575999809,38.326251000074],[-103.501386999663,38.326974999788],[-103.501747000411,38.342294999736],[-103.506984999578,38.342255999915],[-103.506876999623,38.356934999693],[-103.506770000391,38.375003000162],[-103.506669000109,38.40791800025],[-103.506290999817,38.429252000179],[-103.505821000362,38.458799999919],[-103.505252000274,38.491281000193],[-103.50465300005,38.500001000136],[-103.50466599957,38.516408999857],[-103.519060000015,38.516603999967],[-103.567530999671,38.517261000288],[-103.612982999712,38.517879000264],[-103.612990000283,38.522548000135],[-103.648613999923,38.522616999755],[-103.677918000298,38.522210000343],[-103.68208599996,38.522432000052],[-103.687699999769,38.522358999856],[-103.699577999664,38.522260999881],[-103.705724999575,38.522244000274],[-103.706528000015,38.521939999831],[-103.708693999861,38.52198099992],[-103.709554000202,38.521838000265],[-103.713455999725,38.521817000129],[-103.715475999982,38.521567999763],[-103.719029000424,38.521795999988],[-103.733541999796,38.521932999797],[-103.750887999911,38.522230999661],[-103.760806999648,38.522108999857],[-103.770029000151,38.522152000053],[-103.779152999845,38.521771000112],[-103.799310000062,38.521838999669],[-103.851707000429,38.522020999881],[-103.872608999562,38.522116999977],[-103.875508000426,38.522771999691],[-103.879943000051,38.522751999922],[-103.886150000237,38.522632999882],[-103.888312999711,38.522740000199],[-103.896439999695,38.52289499987],[-103.900245000033,38.522823000237],[-103.906256000399,38.522893999778],[-103.910516000123,38.523329999929],[-103.919131999829,38.523112999921],[-103.923897000066,38.523143999862],[-103.9255540001,38.523087999801],[-103.931451999591,38.523173999702],[-103.947334000015,38.523187000143],[-103.947770000033,38.523237000307],[-103.951849999832,38.523031000308],[-103.95193699987,38.523190999792],[-103.962250999618,38.52321200023],[-103.962566000161,38.523134999767],[-103.985038000187,38.522774999972],[-103.999020000005,38.522726999676],[-104.017285000011,38.522593999655],[-104.029696999833,38.522370000247],[-104.034469999568,38.522307999685],[-104.036194000447,38.522202000233],[-104.037227999967,38.522478999745],[-104.040054000138,38.522272999685],[-104.041338999727,38.522342000272],[-104.049724000353,38.522412000189],[-104.053921000328,38.522392999716],[-104.054193000314,38.519611000166],[-104.05455200034,38.507218999909],[-104.054654000447,38.502541999696],[-104.054588000325,38.498475000076],[-104.054712000173,38.491897999738],[-104.055016999772,38.484116999859],[-104.05523500023,38.4733320001],[-104.055594000255,38.465164000229],[-104.055576999638,38.464486000217],[-104.056313999955,38.438682000104],[-104.056349000115,38.435690000264],[-104.056186999734,38.422467000027],[-104.056134999855,38.413359000218],[-104.055937000387,38.403022000335],[-104.055935999663,38.392680000159],[-104.055837999754,38.375195000225],[-104.055759000111,38.367845999744],[-104.055698999837,38.356927000264],[-104.055483999752,38.336139999953],[-104.055424000376,38.323657000157],[-104.055359000078,38.319812999901],[-104.055248999575,38.309062000152],[-104.055004000251,38.289354999687],[-104.054724999694,38.261888999875],[-104.055075000396,38.261649999777],[-104.057564000283,38.261648000112],[-104.058167999632,38.261402000018],[-104.058401999984,38.260841000052],[-104.058470999581,38.257641000139],[-104.058488000198,38.252204999777],[-104.058320999793,38.232994999667],[-104.058298000227,38.225828000042],[-104.058396999961,38.210843999697],[-104.058451000388,38.199961000343],[-104.058372999672,38.187643000019],[-104.058325999816,38.187124000053],[-104.058349000281,38.178715999672],[-104.058229999557,38.174078999913],[-104.05837500022,38.165619000075],[-104.058328000364,38.164466000079],[-104.058263999892,38.155743999813],[-104.058242000151,38.14649199972],[-104.055959000128,38.146019000292],[-104.053579999846,38.146181999771],[-104.050406000419,38.146549000181],[-104.049178999657,38.146272999954],[-104.047913000334,38.145238000225],[-104.047446000354,38.142885000209],[-104.047564000354,38.14228499992],[-104.047044999597,38.141389000061],[-104.045958000374,38.141313000185],[-104.043984000148,38.141594000094],[-104.042910000446,38.141504000151],[-104.039552999822,38.141531000287],[-104.036216000188,38.141396999932],[-104.034262999879,38.140797000123],[-104.031747000228,38.140510000172],[-104.027911999753,38.140505000104]]]},"properties":{"geoid":"08025969600","county_fips":"08025","designated":true}},{"type":"Feature","geometry":{"type":"Polygon","coordinates":[[[-103.714917999765,39.272321000077],[-103.715045999812,39.249986999743],[-103.714894000374,39.24418700027],[-103.715074000299,39.229741999762],[-103.715148999744,39.21532599994],[-103.715171000384,39.201364999943],[-103.714920000313,39.179022000187],[-103.715116000132,39.17814900016],[-103.715076999774,39.171723000285],[-103.715285000186,39.157636000302],[-103.715341000263,39.135288999852],[-103.71526799957,39.13351499982],[-103.715254000224,39.128245999883],[-103.698654999575,39.128143999754],[-103.646751000025,39.127956000305],[-103.628573999883,39.127926999864],[-103.601776999836,39.127897000115],[-103.563449000223,39.127965000223],[-103.54587200013,39.128003999856],[-103.529312999664,39.128014999749],[-103.484860999706,39.127999999895],[-103.483330000069,39.127644000334],[-103.482658999875,39.127143000149],[-103.479861000191,39.124127999756],[-103.479976999644,39.126791999778],[-103.479477999876,39.127646000325],[-103.480204000323,39.128059999988],[-103.481058999742,39.129546000091],[-103.481836000242,39.131711000175],[-103.483381999948,39.133832999706],[-103.485155000332,39.134623000278],[-103.487146000277,39.134763000257],[-103.488378000163,39.135787000283],[-103.489078999597,39.136827999846],[-103.489128999826,39.138718999996],[-103.489685000393,39.139500000258],[-103.490553000231,39.139780999876],[-103.491455000404,39.140909000297],[-103.49228300006,39.141211999709],[-103.492909999873,39.14071000009],[-103.493595000312,39.140939000076],[-103.496891999763,39.141277000097],[-103.498751000361,39.14106599979],[-103.499532999986,39.140312999895],[-103.500501000281,39.139956000051],[-103.50162000019,39.140780999794],[-103.501347000378,39.143817999719],[-103.501677000091,39.145470999962],[-103.501714999726,39.146600999926],[-103.502631000143,39.148376000154],[-103.503427999836,39.148411999831],[-103.503030000351,39.147718999856],[-103.504514000132,39.147071999677],[-103.50508499987,39.148111000166],[-103.504434999591,39.149824000266],[-103.504508000285,39.151080999764],[-103.506650999667,39.152402000021],[-103.50634199987,39.153474999763],[-103.49175300033,39.14359899982],[-103.491561999636,39.143952000249],[-103.491568000382,39.147058999839],[-103.491455000404,39.167145000285],[-103.491349999924,39.183440000198],[-103.491327000358,39.190399999699],[-103.49132499981,39.21077700027],[-103.491303999893,39.243923999796],[-103.491309999741,39.24948199997],[-103.491274999581,39.262677000215],[-103.491307000266,39.265019999909],[-103.491317000312,39.275170999886],[-103.488105000352,39.275307000325],[-103.485859999964,39.275646000289],[-103.4824160002,39.276437999821],[-103.478998000376,39.27691200002],[-103.467558000148,39.277304000195],[-103.445091000145,39.278045999859],[-103.434897999873,39.278368000142],[-103.434871000108,39.287623000154],[-103.453562999912,39.287684999918],[-103.471995000322,39.287798999857],[-103.491359000145,39.287677999892],[-103.49132300016,39.309801000209],[-103.491302000244,39.312158000256],[-103.491302000244,39.336063999807],[-103.491272999931,39.347359999829],[-103.491380000061,39.37619900033],[-103.491313000114,39.383015999763],[-103.491337000404,39.388075999894],[-103.491450000381,39.399229999692],[-103.491410000199,39.403675000289],[-103.491390999932,39.418201999898],[-103.491411999848,39.432420000218],[-103.491392999582,39.453121000021],[-103.491414000396,39.463346999961],[-103.491334000031,39.469833000084],[-103.491065000417,39.476244000228],[-103.491048999625,39.479031999849],[-103.491076000288,39.490530999839],[-103.491057000021,39.505939000095],[-103.49107200009,39.517143000288],[-103.491005999967,39.528214000257],[-103.491009000341,39.534269999861],[-103.490971999632,39.547426999655],[-103.491046999975,39.554080000194],[-103.491022999686,39.564962000043],[-103.491544000093,39.565930000239],[-103.492031999989,39.565991000136],[-103.502968000427,39.566015000229],[-103.52308700011,39.566094000272],[-103.529618999985,39.566102000062],[-103.544503999802,39.566065000337],[-103.563780999586,39.566069000233],[-103.582812000221,39.566134999874],[-103.598432999631,39.566123000196],[-103.604130000179,39.566162999808],[-103.61309200039,39.566174000199],[-103.629327000093,39.566221000277],[-103.631820000178,39.565758999968],[-103.635100999735,39.565759999946],[-103.63777299992,39.566222000249],[-103.658161000115,39.566287999744],[-103.658599999608,39.565908000069],[-103.659916000058,39.566355999809],[-103.667694999889,39.566327999953],[-103.683859000345,39.566350999959],[-103.684045999943,39.566330999864],[-103.69911700043,39.566257999918],[-103.714355000424,39.566330999864],[-103.714116999874,39.548748000304],[-103.714397000257,39.533939999777],[-103.714331000135,39.511284000113],[-103.714337999807,39.505088999807],[-103.714290999952,39.499989999716],[-103.714496999816,39.490615999976],[-103.714496999816,39.483902999926],[-103.71466599987,39.467614999897],[-103.714764999604,39.46201200003],[-103.714836999574,39.447913000042],[-103.714891000001,39.447114999736],[-103.715055999858,39.432629999665],[-103.715070000101,39.427314000196],[-103.715202000346,39.418088000169],[-103.715287999661,39.394637999885],[-103.715251999676,39.374987000102],[-103.714849000168,39.373882999837],[-103.714795999567,39.344539999687],[-103.715076999774,39.309884999658],[-103.715458000439,39.302340000093],[-103.714891999826,39.285153999686],[-103.714917999765,39.272321000077]]]},"properties":{"geoid":"08073961700","county_fips":"08073","designated":true}},{"type":"Feature","geometry":{"type":"Polygon","coordinates":[[[-108.295164000413,37.215008999774],[-108.308670999855,37.215084000076],[-108.324866000273,37.215528999767],[-108.335765999827,37.216275999686],[-108.335884999653,37.216110999811],[-108.337884999818,37.216091999972],[-108.338617000112,37.216443000114],[-108.341223000175,37.215800999722],[-108.361720999975,37.216018000061],[-108.367579000181,37.215966999665],[-108.375640000044,37.216011000037],[-108.391750000074,37.215991000066],[-108.39550900038,37.216026000191],[-108.401272999976,37.215975999906],[-108.424626000259,37.215940999759],[-108.445632999872,37.215917000057],[-108.445734999979,37.208081999997],[-108.445721999561,37.200784000272],[-108.445921999577,37.156473000308],[-108.467208999573,37.15647200013],[-108.470863000297,37.156429999779],[-108.481227000274,37.156984999763],[-108.500633999754,37.156740999706],[-108.501812000112,37.156708999828],[-108.513586000251,37.156614000289],[-108.544546999761,37.156534999895],[-108.544647000219,37.159423999841],[-108.544715999816,37.187794000267],[-108.544745999953,37.189966000355],[-108.544864999779,37.215723999913],[-108.554343000374,37.215747000282],[-108.554396000078,37.218065000348],[-108.554341999651,37.226744999702],[-108.554658999843,37.249995999739],[-108.554637999927,37.265634999947],[-108.597227999811,37.265501999679],[-108.609318000317,37.265455999978],[-108.609248999822,37.261215999862],[-108.618623999586,37.261108000216],[-108.618529999875,37.257057000109],[-108.618391999783,37.253870000179],[-108.618397999631,37.251718999845],[-108.641690999639,37.251677000268],[-108.641540999851,37.247909000098],[-108.637083999586,37.247920999865],[-108.63703699973,37.24124100033],[-108.641227000032,37.241332000188],[-108.64102600019,37.230556999858],[-108.645634999893,37.23043199992],[-108.645732999803,37.217127000304],[-108.645714000434,37.216388000318],[-108.676731999847,37.216797999721],[-108.679117999802,37.21668799989],[-108.681959000041,37.216699000238],[-108.686855999624,37.216814999908],[-108.709429999757,37.216893000128],[-108.709439999803,37.217969999985],[-108.718479999832,37.217941999894],[-108.718469999786,37.216650999879],[-108.727376999746,37.216623000013],[-108.727731999573,37.223726999714],[-108.718744000321,37.223739999758],[-108.718816000291,37.225535999931],[-108.718996000216,37.239609000011],[-108.718971999927,37.242039999892],[-108.72565399959,37.241928000168],[-108.732902999691,37.241892000144],[-108.732942999874,37.245006999804],[-108.725220999945,37.245039999892],[-108.702204000121,37.245202000247],[-108.70136800007,37.2451920002],[-108.70140300023,37.24193400017],[-108.696673999978,37.24191300016],[-108.696586000114,37.242427999669],[-108.696935000094,37.255831999872],[-108.70111500035,37.255850999708],[-108.701212000434,37.265677999769],[-108.701180999574,37.266341999913],[-108.692276000162,37.266371000055],[-108.692282999835,37.270117999694],[-108.687566000177,37.270153999813],[-108.687637000322,37.279512000135],[-108.687659000063,37.288025000149],[-108.682643999581,37.28804100013],[-108.68272700032,37.303274000043],[-108.682687999962,37.306077000107],[-108.682766999605,37.316949000234],[-108.692112000131,37.316949999714],[-108.69217300023,37.32590699981],[-108.692984999992,37.326334000195],[-108.694801999859,37.326793000204],[-108.69439000013,37.327673999891],[-108.693840000309,37.327910999735],[-108.692119999628,37.327838999744],[-108.691866000083,37.327251000209],[-108.690937000146,37.326410999831],[-108.690408000241,37.326981999897],[-108.689769999658,37.327154000255],[-108.689675999947,37.327953999687],[-108.684018999583,37.327948000111],[-108.683939000115,37.330563000031],[-108.683989000344,37.340467999892],[-108.696424999558,37.340428000322],[-108.69641500041,37.337629000271],[-108.705616999923,37.337710000147],[-108.718347999588,37.337702000084],[-108.721736000173,37.33785099996],[-108.722054000191,37.333765999937],[-108.718797999849,37.333680000233],[-108.718740999948,37.331881000106],[-108.721193000025,37.331361000302],[-108.721942999862,37.331065000235],[-108.722300000238,37.331806000357],[-108.723387000359,37.33241499973],[-108.723600999721,37.333200999872],[-108.724117000105,37.333688999982],[-108.72350500036,37.33422800015],[-108.724743000094,37.334249000125],[-108.72590499966,37.333963999662],[-108.726201999761,37.3346770002],[-108.727481000401,37.33432600022],[-108.728031000222,37.334611000024],[-108.728031000222,37.33536300033],[-108.7285059997,37.335966999729],[-108.729909000189,37.335599000257],[-108.73013599997,37.33458800023],[-108.730555000269,37.334401000311],[-108.732322999733,37.335213999803],[-108.732646999598,37.336350999957],[-108.733554999619,37.336279000198],[-108.735102999873,37.335865999828],[-108.736533000126,37.335745000185],[-108.737056000183,37.335513999742],[-108.737723000179,37.335738999803],[-108.73808100038,37.336617999712],[-108.738832000042,37.33717800016],[-108.739540000047,37.337352999801],[-108.741315000081,37.337402000313],[-108.742142999736,37.337596000059],[-108.742101999729,37.338020999889],[-108.745599999919,37.337995999882],[-108.753489000253,37.338068000138],[-108.755799000039,37.338028999919],[-108.755800999689,37.340199999653],[-108.760267000175,37.340172],[-108.760218999596,37.337979999816],[-108.75769100025,37.338036999947],[-108.757563000203,37.336968999696],[-108.756891000184,37.335106999886],[-108.757538000089,37.334618999702],[-108.757303999737,37.334141000295],[-108.757758000197,37.333741999913],[-108.760284999719,37.333771999763],[-108.772391999943,37.333404000252],[-108.772344000262,37.329777000147],[-108.770744999955,37.329709999926],[-108.766717000035,37.329863000033],[-108.766554999653,37.326951000131],[-108.786900000191,37.327059999643],[-108.819173999779,37.327157999777],[-108.81943200042,37.316698000193],[-108.822067999722,37.316719000066],[-108.822112999927,37.313039000262],[-108.833642999668,37.313067000026],[-108.833656000087,37.316815999915],[-108.837536999694,37.316846000094],[-108.837571000029,37.313179999936],[-108.842174999709,37.313290999904],[-108.842091999869,37.316624999975],[-108.859639999649,37.316810000164],[-108.864113999633,37.316875000064],[-108.864213000265,37.317694000279],[-108.864209999892,37.323706999701],[-108.858525999763,37.323711000121],[-108.858370999953,37.327391999653],[-108.871686999599,37.327478000127],[-108.871545000207,37.323788000301],[-108.885730000414,37.32367999972],[-108.8858840004,37.319576999944],[-108.880632000092,37.319447999921],[-108.880520999763,37.316641999787],[-108.898379999889,37.316626999659],[-108.898495000415,37.312494000179],[-108.899853999624,37.313380000095],[-108.900021000029,37.314182999677],[-108.900611000033,37.314808999936],[-108.900781999737,37.316271000067],[-108.900446000176,37.318021000044],[-108.900612999682,37.319400000005],[-108.900130999634,37.319700000224],[-108.900561999629,37.320858000282],[-108.900031000075,37.321956999956],[-108.900525999644,37.322667999908],[-108.901098000104,37.322273999937],[-108.902726999651,37.322387000294],[-108.902474999756,37.323611999671],[-108.901688999933,37.323938000017],[-108.90156599991,37.324627999999],[-108.901117000371,37.324961000127],[-108.902596000129,37.32469200019],[-108.903347999617,37.324091999833],[-108.903500999778,37.322909000288],[-108.903860999628,37.322317999666],[-108.904535000195,37.322077000248],[-108.905538999578,37.322210999955],[-108.906992000295,37.32329699984],[-108.905110000131,37.323307000229],[-108.905124000374,37.327342999755],[-108.918424000127,37.32729199971],[-108.918424000127,37.32320699985],[-108.913484999813,37.323242000176],[-108.912309000003,37.322964000196],[-108.911848999695,37.32192600026],[-108.911627999763,37.322727999868],[-108.910981999682,37.323238999843],[-108.907625999782,37.322017999896],[-108.906758999769,37.32266599967],[-108.906126999932,37.322172000075],[-108.906265000024,37.320898000271],[-108.90588000006,37.320431000214],[-108.906608999981,37.319651000311],[-108.906870999922,37.318448000231],[-108.904376000187,37.316645999869],[-108.903137999554,37.316342999711],[-108.902663000077,37.31590899968],[-108.902402999786,37.31501900011],[-108.901227999801,37.313239000081],[-108.900980000104,37.312293999806],[-108.90007999958,37.310832999768],[-108.898912000166,37.310090999745],[-108.900031000075,37.306704000315],[-108.916098000447,37.306603999996],[-108.916212000249,37.284070000113],[-108.916341000121,37.273173000279],[-108.916320000204,37.268921000036],[-108.924525000007,37.268744999662],[-108.924583999558,37.265782000083],[-108.92506899998,37.257198000327],[-108.925154000369,37.24870299997],[-108.925048999889,37.240651999807],[-108.932174000141,37.240422000235],[-108.935297000413,37.240459000027],[-108.959445999666,37.240366000264],[-108.963118999759,37.240217000305],[-108.967759000322,37.240313000317],[-108.999821000198,37.24040799971],[-109.002067000411,37.240261000117],[-109.003141999938,37.240041000084],[-109.008682000127,37.239998999719],[-109.008857999854,37.236325000344],[-109.023041000412,37.23628399989],[-109.036353999685,37.23617499971],[-109.036429999853,37.239949000309],[-109.04555899957,37.239902000233],[-109.0454869996,37.21084400014],[-109.04597799987,37.201831000173],[-109.045994999588,37.177279000018],[-109.045710000081,37.155372999987],[-109.045320999919,37.124994999714],[-109.045296999629,37.118562999825],[-109.045156000062,37.112064000332],[-109.045201000268,37.097502999843],[-109.045245999576,37.093318999792],[-109.045131999773,37.092678000275],[-109.044995000404,37.086429000235],[-109.045058000153,37.074660999763],[-109.045166000108,37.072741999789],[-109.045188999674,37.053779000269],[-109.045231000405,37.023554999644],[-109.045515999912,36.999997000077],[-109.045223000009,36.999083999767],[-109.034011000286,36.999056999808],[-109.030425000232,36.999009999884],[-109.000658000074,36.998934999824],[-108.961070999913,36.998918000163],[-108.948366000187,36.998895999964],[-108.916574999574,36.998864000119],[-108.875317000034,36.998839000298],[-108.856881000324,36.998917000056],[-108.826432999925,36.998964000038],[-108.810320000421,36.998940000356],[-108.792066000286,36.998844000119],[-108.778763999985,36.998902999995],[-108.769865000421,36.998892000253],[-108.766763999891,36.99884899994],[-108.750649999663,36.998898000178],[-108.749155000011,36.998863000011],[-108.737067999878,36.998867999831],[-108.701461999781,36.998973000275],[-108.682092999935,36.998968999851],[-108.647138999766,36.999100000003],[-108.625645999907,36.999109000225],[-108.620309000108,36.999286999918],[-108.619062999978,36.999201999818],[-108.590827000355,36.999211000027],[-108.557069999912,36.999269000234],[-108.539178000175,36.999269000234],[-108.50064200015,36.999276000231],[-108.50017699982,36.999165999688],[-108.48473700016,36.999268000131],[-108.481103000425,36.999312999693],[-108.466149999939,36.999326000294],[-108.451493999553,36.999385999897],[-108.447226000332,36.999356999844],[-108.438849999927,36.999411000255],[-108.421901000371,36.999439000188],[-108.403739000297,36.99949800032],[-108.379202999633,36.999512999653],[-108.380740000016,37.000840000254],[-108.381068999904,37.00146800004],[-108.380094999761,37.003452999643],[-108.379611999887,37.004177000165],[-108.378144999824,37.005642000208],[-108.376252999614,37.006863999842],[-108.376991999581,37.007274999647],[-108.377282000009,37.009233999742],[-108.376731000363,37.009940999659],[-108.376855000212,37.010622999923],[-108.376677999761,37.011838000263],[-108.375638000394,37.012996000019],[-108.374788999924,37.013652000243],[-108.375096999896,37.015560000234],[-108.374060000003,37.016589999645],[-108.374322999769,37.017922999667],[-108.373213000081,37.018736000053],[-108.372821000444,37.01997400018],[-108.371956999905,37.020188999848],[-108.371780000353,37.021239000196],[-108.372597000138,37.022765999957],[-108.373343999602,37.024692999774],[-108.372505999901,37.025755999936],[-108.372319000304,37.028480999792],[-108.371800000445,37.029104999696],[-108.368681000371,37.02887500017],[-108.367739000015,37.028467000156],[-108.365826999713,37.028278999877],[-108.364008000196,37.027690999905],[-108.361838999976,37.026828000092],[-108.360191000163,37.026762999782],[-108.359022999851,37.025938000064],[-108.356706000391,37.025776000027],[-108.355558999995,37.025554999702],[-108.35552300001,37.026456999717],[-108.356426000009,37.027621000254],[-108.356440000252,37.028431000261],[-108.355707999958,37.030186000046],[-108.355030999916,37.031158000329],[-108.353137999881,37.032578999916],[-108.352863000419,37.033289999964],[-108.354789000066,37.03483600008],[-108.355117999954,37.035569999764],[-108.354695000355,37.037063999845],[-108.354541000369,37.038356000287],[-108.354059000321,37.039002000151],[-108.353249000209,37.039027999964],[-108.352459000188,37.039432999733],[-108.350711999743,37.040702000174],[-108.34985399995,37.042603000239],[-108.349196000174,37.043156999874],[-108.348885999655,37.043829000079],[-108.347187999613,37.045912000294],[-108.347002999665,37.047772000153],[-108.345723999923,37.048468999645],[-108.34304400024,37.048794999683],[-108.342225999733,37.049500999807],[-108.341152999855,37.05101500024],[-108.339222000185,37.051957999822],[-108.337366999784,37.052321000107],[-108.335783000444,37.053610000111],[-108.334791999684,37.054220000075],[-108.334355999666,37.054871000157],[-108.334219000297,37.055857000193],[-108.334717000239,37.057165000004],[-108.334292999916,37.058207999959],[-108.334718999889,37.059815000126],[-108.333387000443,37.060797999689],[-108.333451999842,37.061445999964],[-108.334172000441,37.062063999955],[-108.334460000321,37.062759000115],[-108.334167000418,37.063932000097],[-108.334313000008,37.064561000179],[-108.333465000261,37.065614999648],[-108.333177000381,37.067443000078],[-108.330453000318,37.067875999985],[-108.329047000354,37.068358000167],[-108.328265999656,37.069120999644],[-108.32788300024,37.070095000057],[-108.327730999904,37.071246999679],[-108.32803800005,37.072023999685],[-108.33017399976,37.074589000047],[-108.329058000225,37.07507300021],[-108.328335000151,37.07566000033],[-108.326813999662,37.075433999927],[-108.325700999601,37.076156999745],[-108.325936999603,37.078042000276],[-108.326165999932,37.078684000081],[-108.326750999913,37.079157000319],[-108.325674999662,37.079526999952],[-108.324534999837,37.08047800004],[-108.32410600039,37.081345999938],[-108.324763000341,37.082339000074],[-108.325087000206,37.08337799974],[-108.324627999723,37.084396999808],[-108.323600999877,37.085209000316],[-108.323262999768,37.086501000174],[-108.323312000172,37.087814000103],[-108.322419000219,37.08876100014],[-108.322348000074,37.089845000306],[-108.323070000322,37.090714999661],[-108.322157000278,37.092496999973],[-108.322074000437,37.093434999743],[-108.32061900007,37.095444999867],[-108.320593999956,37.096124000191],[-108.321065000134,37.097100000281],[-108.318758999647,37.097173999889],[-108.317340999988,37.097534999686],[-108.316900999772,37.099168999993],[-108.316261000437,37.099835000029],[-108.316308000293,37.100682999951],[-108.316643999854,37.101143000105],[-108.316622999937,37.102363000006],[-108.314601000031,37.104035999688],[-108.3128179996,37.10408299981],[-108.31214599958,37.104473999836],[-108.310590999654,37.104622000334],[-108.31013000042,37.105400000135],[-108.310290000253,37.107332000117],[-108.311230000062,37.108887999814],[-108.31117300016,37.109841999936],[-108.310038000358,37.110546999832],[-108.309721999991,37.111154000109],[-108.309845000014,37.112812999915],[-108.311418000383,37.114165000349],[-108.311799000149,37.116824000335],[-108.311336000367,37.117690000146],[-108.310703999632,37.117887999959],[-108.310512000011,37.118655999956],[-108.309624000082,37.119338999764],[-108.309619999884,37.119838999813],[-108.31050299979,37.121550000227],[-108.310559999692,37.122170000025],[-108.311122999932,37.123126000222],[-108.310993000235,37.124151999995],[-108.309658000417,37.124967000244],[-108.309631999579,37.126681000349],[-108.309771000395,37.127302000224],[-108.310480000224,37.128461999881],[-108.310326000238,37.129347999776],[-108.309841999641,37.129968000157],[-108.30835799986,37.130909000111],[-108.307243999975,37.131825999894],[-108.30657299978,37.132784000146],[-108.30504999964,37.134562999778],[-108.304108000182,37.135431999971],[-108.302595000089,37.135733000085],[-108.30151299999,37.136439999675],[-108.300892999849,37.138787000077],[-108.294227000079,37.144447000157],[-108.292518999992,37.145336000029],[-108.291479999551,37.145429000199],[-108.290458999552,37.145975000026],[-108.290149999756,37.146959000171],[-108.290815999927,37.148172000183],[-108.291241000075,37.149328000284],[-108.290214000228,37.152206999758],[-108.290169000022,37.154201000183],[-108.29188999963,37.156031999768],[-108.294410000377,37.157172000146],[-108.296073000259,37.158422000214],[-108.295761999914,37.159696000061],[-108.295011000252,37.160565000024],[-108.294509000112,37.161814999829],[-108.29387999975,37.162393999914],[-108.293640000448,37.163603999764],[-108.294044999606,37.164760000168],[-108.295062000306,37.166257999723],[-108.295881999565,37.16708499997],[-108.296418999865,37.168135999783],[-108.29741499975,37.171160000285],[-108.29730799962,37.172104000215],[-108.295401000239,37.175310000338],[-108.295152999644,37.177764000184],[-108.294622000089,37.180191999706],[-108.294600000348,37.181862999818],[-108.295010000427,37.183753999711],[-108.295583999639,37.185282000246],[-108.295925000121,37.186873999942],[-108.295641000439,37.18863300014],[-108.295720999906,37.190070999677],[-108.293790000236,37.192518000091],[-108.292899999758,37.194322999982],[-108.292732000427,37.195331999938],[-108.29280900042,37.197237999914],[-108.29263000032,37.198318999752],[-108.293273000027,37.199992999721],[-108.29288300004,37.202461999665],[-108.293803999582,37.203337000243],[-108.294857000266,37.205602000202],[-108.297161000205,37.207556999819],[-108.297466999629,37.208430000298],[-108.297264000137,37.21014900035],[-108.297445999712,37.21141699977],[-108.297283000404,37.213233000036],[-108.295962999756,37.214511999804],[-108.295164000413,37.215008999774]]]},"properties":{"geoid":"08083941100","county_fips":"08083","designated":true}}],"meta":{"source":"CDFI Fund — Designated Qualified Opportunity Zones shapefile","url":"https://www.cdfifund.gov/opportunity-zones","source_url":"https://www.cdfifund.gov/system/files/documents/opportunity-zones=8764.-9-10-2019.zip","related_source_urls":["https://home.treasury.gov/policy-issues/tax-policy/data-transparency/qualified-opportunity-zones","https://www.irs.gov/irb/2018-28_IRB#NOT-2018-48","https://www.irs.gov/irb/2019-29_IRB#NOTICE-2019-42"],"state":"Colorado","state_fips":"08","vintage":"2018 designations (Notice 2018-48, amplified by Notice 2019-42)","generated":"2026-07-18T20:19:41Z","last_verified":"2026-07-18","review_by":"2026-10-18","feature_count":126,"designated_count":126,"note":"Rebuild via scripts/market/fetch_opportunity_zones.py"}}
