{"type":"FeatureCollection","meta":{"source":"data/market/tract_boundaries_co.geojson","generated_by":"scripts/market-analysis/build_pma_tract_display_geometry.mjs","source_sha256":"5deb47908bc5198ca52f065401a8830db352357453ec5cb6e911ed9673790678","simplify_tolerance_deg":0.0012,"point_on_surface":"Computed at build time from canonical tract geometry; Census INTPT is used only when it falls inside the tract polygon.","purpose":"Lazy-loaded display geometry for PMA included-tract fills; analysis still uses tract_centroids_co.json and ACS tract metrics."},"features":[{"type":"Feature","properties":{"GEOID":"08059011601","COUNTY":"059","NAME":null,"point_on_surface":{"lon":-105.067306,"lat":39.722067,"method":"largest-ring-centroid"}},"geometry":{"type":"Polygon","coordinates":[[[-105.0815,39.7256],[-105.0815,39.7185],[-105.0533,39.7184],[-105.0533,39.7258],[-105.0627,39.7257],[-105.0815,39.7256]]]}},{"type":"Feature","properties":{"GEOID":"08059011602","COUNTY":"059","NAME":null,"point_on_surface":{"lon":-105.067529,"lat":39.7148,"method":"largest-ring-centroid"}},"geometry":{"type":"Polygon","coordinates":[[[-105.0815,39.7185],[-105.0815,39.711],[-105.0533,39.7113],[-105.0533,39.7184],[-105.0815,39.7185]]]}},{"type":"Feature","properties":{"GEOID":"08059011701","COUNTY":"059","NAME":null,"point_on_surface":{"lon":-105.095838,"lat":39.703698,"method":"largest-ring-centroid"}},"geometry":{"type":"Polygon","coordinates":[[[-105.1123,39.6966],[-105.0815,39.6966],[-105.0815,39.711],[-105.1097,39.711],[-105.1099,39.7004],[-105.1123,39.6966]]]}},{"type":"Feature","properties":{"GEOID":"08059011708","COUNTY":"059","NAME":null,"point_on_surface":{"lon":-105.12106,"lat":39.704693,"method":"largest-ring-centroid"}},"geometry":{"type":"Polygon","coordinates":[[[-105.1329,39.7096],[-105.1294,39.6965],[-105.1099,39.7004],[-105.1097,39.711],[-105.1305,39.7106],[-105.1329,39.7096]]]}},{"type":"Feature","properties":{"GEOID":"08059011709","COUNTY":"059","NAME":null,"point_on_surface":{"lon":-105.121652,"lat":39.691262,"method":"largest-ring-centroid"}},"geometry":{"type":"Polygon","coordinates":[[[-105.1294,39.6965],[-105.1294,39.6821],[-105.1203,39.6821],[-105.1099,39.7004],[-105.1294,39.6965]]]}},{"type":"Feature","properties":{"GEOID":"08059011710","COUNTY":"059","NAME":null,"point_on_surface":{"lon":-105.108488,"lat":39.688724,"method":"largest-ring-centroid"}},"geometry":{"type":"Polygon","coordinates":[[[-105.1123,39.6966],[-105.1203,39.6821],[-105.1002,39.6822],[-105.1004,39.6965],[-105.1123,39.6966]]]}},{"type":"Feature","properties":{"GEOID":"08059011711","COUNTY":"059","NAME":null,"point_on_surface":{"lon":-105.136365,"lat":39.696822,"method":"largest-ring-centroid"}},"geometry":{"type":"Polygon","coordinates":[[[-105.1485,39.6933],[-105.1286,39.6874],[-105.1329,39.7096],[-105.1472,39.6947],[-105.1485,39.6933]]]}},{"type":"Feature","properties":{"GEOID":"08059011712","COUNTY":"059","NAME":null,"point_on_surface":{"lon":-105.14384,"lat":39.685488,"method":"largest-ring-centroid"}},"geometry":{"type":"Polygon","coordinates":[[[-105.1485,39.6933],[-105.1608,39.6814],[-105.1435,39.6798],[-105.1294,39.6821],[-105.1286,39.6874],[-105.1485,39.6933]]]}},{"type":"Feature","properties":{"GEOID":"08005083800","COUNTY":"005","NAME":null,"point_on_surface":{"lon":-104.815,"lat":39.645875,"method":"largest-ring-centroid"}},"geometry":{"type":"Polygon","coordinates":[[[-104.82,39.6531],[-104.8197,39.6385],[-104.8103,39.6385],[-104.81,39.6531],[-104.82,39.6531]]]}},{"type":"Feature","properties":{"GEOID":"08005004951","COUNTY":"005","NAME":null,"point_on_surface":{"lon":-104.9313,"lat":39.6978,"method":"largest-ring-centroid"}},"geometry":{"type":"Polygon","coordinates":[[[-104.9317,39.7002],[-104.934,39.6966],[-104.9282,39.6966],[-104.9317,39.7002]]]}},{"type":"Feature","properties":{"GEOID":"08005086500","COUNTY":"005","NAME":null,"point_on_surface":{"lon":-104.75743,"lat":39.579687,"method":"largest-ring-centroid"}},"geometry":{"type":"Polygon","coordinates":[[[-104.7955,39.5696],[-104.7911,39.566],[-104.7663,39.5659],[-104.7185,39.5897],[-104.7447,39.5952],[-104.7955,39.5696]]]}},{"type":"Feature","properties":{"GEOID":"08005080600","COUNTY":"005","NAME":null,"point_on_surface":{"lon":-104.838096,"lat":39.678472,"method":"largest-ring-centroid"}},"geometry":{"type":"Polygon","coordinates":[[[-104.8472,39.6821],[-104.8473,39.6748],[-104.8289,39.6749],[-104.8289,39.6821],[-104.8472,39.6821]]]}},{"type":"Feature","properties":{"GEOID":"08005007106","COUNTY":"005","NAME":null,"point_on_surface":{"lon":-104.564258,"lat":39.603696,"method":"largest-ring-centroid"}},"geometry":{"type":"Polygon","coordinates":[[[-104.7163,39.6386],[-104.7166,39.6137],[-104.697,39.6095],[-104.6421,39.5659],[-104.4429,39.5638],[-104.4337,39.6365],[-104.6253,39.6384],[-104.7163,39.6386]]]}},{"type":"Feature","properties":{"GEOID":"08005005551","COUNTY":"005","NAME":null,"point_on_surface":{"lon":-105.015428,"lat":39.656092,"method":"largest-ring-centroid"}},"geometry":{"type":"Polygon","coordinates":[[[-105.0253,39.6568],[-105.0322,39.6533],[-105.0062,39.6537],[-105.0044,39.6605],[-105.0253,39.6568]]]}},{"type":"Feature","properties":{"GEOID":"08005005630","COUNTY":"005","NAME":null,"point_on_surface":{"lon":-104.951014,"lat":39.573318,"method":"largest-ring-centroid"}},"geometry":{"type":"Polygon","coordinates":[[[-104.9603,39.5806],[-104.9605,39.5661],[-104.9419,39.566],[-104.9416,39.5806],[-104.9603,39.5806]]]}},{"type":"Feature","properties":{"GEOID":"08005005552","COUNTY":"005","NAME":null,"point_on_surface":{"lon":-105.021089,"lat":39.648428,"method":"largest-ring-centroid"}},"geometry":{"type":"Polygon","coordinates":[[[-105.0336,39.6533],[-105.03,39.6422],[-105.0152,39.6423],[-105.0062,39.6537],[-105.0322,39.6533],[-105.0336,39.6533]]]}},{"type":"Feature","properties":{"GEOID":"08005005553","COUNTY":"005","NAME":null,"point_on_surface":{"lon":-105.024739,"lat":39.633411,"method":"largest-ring-centroid"}},"geometry":{"type":"Polygon","coordinates":[[[-105.0348,39.6278],[-105.0302,39.6241],[-105.0183,39.6242],[-105.0147,39.6319],[-105.0152,39.6423],[-105.03,39.6422],[-105.0347,39.6386],[-105.0348,39.6278]]]}},{"type":"Feature","properties":{"GEOID":"08005005611","COUNTY":"005","NAME":null,"point_on_surface":{"lon":-104.974152,"lat":39.602388,"method":"largest-ring-centroid"}},"geometry":{"type":"Polygon","coordinates":[[[-104.9882,39.6028],[-104.9883,39.5951],[-104.9602,39.5952],[-104.96,39.6097],[-104.9881,39.6096],[-104.9882,39.6028]]]}},{"type":"Feature","properties":{"GEOID":"08083941100","COUNTY":"083","NAME":null,"point_on_surface":{"lon":-108.725506,"lat":37.137431,"method":"largest-ring-centroid"}},"geometry":{"type":"Polygon","coordinates":[[[-109.0455,37.2399],[-109.0452,36.999],[-108.3793,36.9996],[-108.2952,37.215],[-108.5446,37.1565],[-108.5546,37.2656],[-108.6457,37.2164],[-108.7056,37.3377],[-108.8857,37.3237],[-109.0455,37.2399]]]}},{"type":"Feature","properties":{"GEOID":"08077001001","COUNTY":"077","NAME":null,"point_on_surface":{"lon":-108.530401,"lat":39.100611,"method":"largest-ring-centroid"}},"geometry":{"type":"Polygon","coordinates":[[[-108.54,39.1117],[-108.5524,39.0919],[-108.5152,39.0918],[-108.5111,39.1081],[-108.54,39.1117]]]}},{"type":"Feature","properties":{"GEOID":"08077001402","COUNTY":"077","NAME":null,"point_on_surface":{"lon":-108.674996,"lat":39.101387,"method":"largest-ring-centroid"}},"geometry":{"type":"Polygon","coordinates":[[[-108.7383,39.1414],[-108.6827,39.0849],[-108.6346,39.0781],[-108.6253,39.0881],[-108.6602,39.1088],[-108.7187,39.1294],[-108.7383,39.1414]]]}},{"type":"Feature","properties":{"GEOID":"08077001600","COUNTY":"077","NAME":null,"point_on_surface":{"lon":-108.53266,"lat":39.154632,"method":"largest-ring-centroid"}},"geometry":{"type":"Polygon","coordinates":[[[-108.5074,39.2334],[-108.644,39.1122],[-108.5895,39.1138],[-108.54,39.1117],[-108.4816,39.105],[-108.4594,39.1621],[-108.5074,39.2334]]]}},{"type":"Feature","properties":{"GEOID":"08077001102","COUNTY":"077","NAME":null,"point_on_surface":{"lon":-108.48846,"lat":39.092468,"method":"largest-ring-centroid"}},"geometry":{"type":"Polygon","coordinates":[[[-108.4967,39.1076],[-108.4966,39.0778],[-108.4778,39.0817],[-108.4816,39.105],[-108.4967,39.1076]]]}},{"type":"Feature","properties":{"GEOID":"08077001404","COUNTY":"077","NAME":null,"point_on_surface":{"lon":-108.640533,"lat":39.071567,"method":"largest-ring-centroid"}},"geometry":{"type":"Polygon","coordinates":[[[-108.6827,39.0849],[-108.6043,39.0517],[-108.6346,39.0781],[-108.6827,39.0849]]]}},{"type":"Feature","properties":{"GEOID":"08005005612","COUNTY":"005","NAME":null,"point_on_surface":{"lon":-104.97398,"lat":39.616895,"method":"largest-ring-centroid"}},"geometry":{"type":"Polygon","coordinates":[[[-104.9881,39.6132],[-104.9881,39.6096],[-104.96,39.6097],[-104.9598,39.6242],[-104.988,39.6241],[-104.9881,39.6132]]]}},{"type":"Feature","properties":{"GEOID":"08005005614","COUNTY":"005","NAME":null,"point_on_surface":{"lon":-104.9528,"lat":39.601644,"method":"largest-ring-centroid"}},"geometry":{"type":"Polygon","coordinates":[[[-104.96,39.6097],[-104.9602,39.5952],[-104.9414,39.5952],[-104.9506,39.6097],[-104.96,39.6097]]]}},{"type":"Feature","properties":{"GEOID":"08005005619","COUNTY":"005","NAME":null,"point_on_surface":{"lon":-105.042201,"lat":39.619403,"method":"largest-ring-centroid"}},"geometry":{"type":"Polygon","coordinates":[[[-105.0535,39.6209],[-105.0536,39.6097],[-105.0375,39.6096],[-105.0278,39.6124],[-105.0302,39.6241],[-105.0348,39.6278],[-105.0534,39.6315],[-105.0535,39.6295],[-105.0535,39.6209]]]}},{"type":"Feature","properties":{"GEOID":"08005005620","COUNTY":"005","NAME":null,"point_on_surface":{"lon":-105.025197,"lat":39.619717,"method":"largest-ring-centroid"}},"geometry":{"type":"Polygon","coordinates":[[[-105.0302,39.6241],[-105.0278,39.6124],[-105.0252,39.6132],[-105.0183,39.6242],[-105.0302,39.6241]]]}},{"type":"Feature","properties":{"GEOID":"08001009553","COUNTY":"001","NAME":null,"point_on_surface":{"lon":-104.996224,"lat":39.810883,"method":"largest-ring-centroid"}},"geometry":{"type":"Polygon","coordinates":[[[-105.0064,39.791],[-104.9888,39.791],[-104.9832,39.828],[-105.0062,39.8309],[-105.0063,39.8015],[-105.0064,39.791]]]}},{"type":"Feature","properties":{"GEOID":"08005005621","COUNTY":"005","NAME":null,"point_on_surface":{"lon":-105.048358,"lat":39.598349,"method":"largest-ring-centroid"}},"geometry":{"type":"Polygon","coordinates":[[[-105.054,39.5807],[-105.054,39.5758],[-105.0375,39.6096],[-105.0536,39.6097],[-105.0537,39.5952],[-105.054,39.5807]]]}},{"type":"Feature","properties":{"GEOID":"08041001800","COUNTY":"041","NAME":null,"point_on_surface":{"lon":-104.802255,"lat":38.843063,"method":"largest-ring-centroid"}},"geometry":{"type":"Polygon","coordinates":[[[-104.8101,38.8475],[-104.8104,38.8391],[-104.7944,38.8386],[-104.7942,38.847],[-104.8101,38.8475]]]}},{"type":"Feature","properties":{"GEOID":"08077001705","COUNTY":"077","NAME":null,"point_on_surface":{"lon":-108.445813,"lat":39.088171,"method":"largest-ring-centroid"}},"geometry":{"type":"Polygon","coordinates":[[[-108.4579,39.0879],[-108.4595,39.0773],[-108.43,39.0809],[-108.4443,39.1054],[-108.4579,39.0879]]]}},{"type":"Feature","properties":{"GEOID":"08123001412","COUNTY":"123","NAME":null,"point_on_surface":{"lon":-104.794275,"lat":40.414053,"method":"largest-ring-centroid"}},"geometry":{"type":"Polygon","coordinates":[[[-104.8135,40.4213],[-104.8133,40.4068],[-104.7751,40.4068],[-104.7752,40.4213],[-104.8135,40.4213]]]}},{"type":"Feature","properties":{"GEOID":"08123001409","COUNTY":"123","NAME":null,"point_on_surface":{"lon":-104.745712,"lat":40.399525,"method":"largest-ring-centroid"}},"geometry":{"type":"Polygon","coordinates":[[[-104.7563,40.4069],[-104.7562,40.3923],[-104.735,40.3924],[-104.7351,40.4065],[-104.7563,40.4069]]]}},{"type":"Feature","properties":{"GEOID":"08014980100","COUNTY":"014","NAME":null,"point_on_surface":{"lon":-105.102533,"lat":39.957433,"method":"largest-ring-centroid"}},"geometry":{"type":"Polygon","coordinates":[[[-105.1092,39.9566],[-105.091,39.9578],[-105.1074,39.9579],[-105.1092,39.9566]]]}},{"type":"Feature","properties":{"GEOID":"08059010502","COUNTY":"059","NAME":null,"point_on_surface":{"lon":-105.094628,"lat":39.767422,"method":"largest-ring-centroid"}},"geometry":{"type":"Polygon","coordinates":[[[-105.1096,39.7751],[-105.1096,39.7547],[-105.0814,39.7548],[-105.0814,39.7845],[-105.1096,39.7751]]]}},{"type":"Feature","properties":{"GEOID":"08059010503","COUNTY":"059","NAME":null,"point_on_surface":{"lon":-105.12611,"lat":39.76814,"method":"largest-ring-centroid"}},"geometry":{"type":"Polygon","coordinates":[[[-105.1434,39.7735],[-105.1432,39.7619],[-105.1096,39.762],[-105.1096,39.7751],[-105.1434,39.7735]]]}},{"type":"Feature","properties":{"GEOID":"08059010504","COUNTY":"059","NAME":null,"point_on_surface":{"lon":-105.127047,"lat":39.75823,"method":"largest-ring-centroid"}},"geometry":{"type":"Polygon","coordinates":[[[-105.1432,39.7619],[-105.1456,39.7546],[-105.1096,39.7547],[-105.1096,39.762],[-105.1432,39.7619]]]}},{"type":"Feature","properties":{"GEOID":"08059010604","COUNTY":"059","NAME":null,"point_on_surface":{"lon":-105.067898,"lat":39.780612,"method":"largest-ring-centroid"}},"geometry":{"type":"Polygon","coordinates":[[[-105.0814,39.7844],[-105.0814,39.7766],[-105.0533,39.7766],[-105.0532,39.7837],[-105.0743,39.7858],[-105.0814,39.7845],[-105.0814,39.7844]]]}},{"type":"Feature","properties":{"GEOID":"08059010702","COUNTY":"059","NAME":null,"point_on_surface":{"lon":-105.05963,"lat":39.76183,"method":"largest-ring-centroid"}},"geometry":{"type":"Polygon","coordinates":[[[-105.0647,39.7694],[-105.0673,39.7548],[-105.0532,39.7548],[-105.0532,39.7693],[-105.0647,39.7694]]]}},{"type":"Feature","properties":{"GEOID":"08059010801","COUNTY":"059","NAME":null,"point_on_surface":{"lon":-105.125962,"lat":39.750975,"method":"largest-ring-centroid"}},"geometry":{"type":"Polygon","coordinates":[[[-105.1424,39.7545],[-105.1424,39.7473],[-105.1096,39.7474],[-105.1096,39.7547],[-105.1424,39.7545]]]}},{"type":"Feature","properties":{"GEOID":"08059009838","COUNTY":"059","NAME":null,"point_on_surface":{"lon":-105.175818,"lat":39.817398,"method":"largest-ring-centroid"}},"geometry":{"type":"Polygon","coordinates":[[[-105.1651,39.827],[-105.1972,39.8127],[-105.1652,39.8125],[-105.1651,39.827]]]}},{"type":"Feature","properties":{"GEOID":"08041002000","COUNTY":"041","NAME":null,"point_on_surface":{"lon":-104.766591,"lat":38.849392,"method":"largest-ring-centroid"}},"geometry":{"type":"Polygon","coordinates":[[[-104.7759,38.8399],[-104.7575,38.8396],[-104.7574,38.8592],[-104.7757,38.859],[-104.7758,38.8507],[-104.7759,38.8399]]]}},{"type":"Feature","properties":{"GEOID":"08013013202","COUNTY":"013","NAME":null,"point_on_surface":{"lon":-105.220524,"lat":40.139878,"method":"largest-ring-centroid"}},"geometry":{"type":"Polygon","coordinates":[[[-105.2823,40.1337],[-105.2823,40.1145],[-105.1832,40.1125],[-105.1784,40.1379],[-105.1781,40.1877],[-105.2823,40.1337]]]}},{"type":"Feature","properties":{"GEOID":"08013012401","COUNTY":"013","NAME":null,"point_on_surface":{"lon":-105.275567,"lat":40.004345,"method":"largest-ring-centroid"}},"geometry":{"type":"Polygon","coordinates":[[[-105.2823,40.0105],[-105.2819,40.0001],[-105.2636,40.0001],[-105.277,40.0105],[-105.2823,40.0105]]]}},{"type":"Feature","properties":{"GEOID":"08013012510","COUNTY":"013","NAME":null,"point_on_surface":{"lon":-105.279348,"lat":39.94788,"method":"largest-ring-centroid"}},"geometry":{"type":"Polygon","coordinates":[[[-105.3271,39.9815],[-105.3147,39.9139],[-105.2389,39.9144],[-105.2335,39.9588],[-105.2409,39.9756],[-105.2602,39.98],[-105.3271,39.9815]]]}},{"type":"Feature","properties":{"GEOID":"08013013302","COUNTY":"013","NAME":null,"point_on_surface":{"lon":-105.114769,"lat":40.167162,"method":"largest-ring-centroid"}},"geometry":{"type":"Polygon","coordinates":[[[-105.1309,40.174],[-105.1308,40.1663],[-105.1025,40.1558],[-105.1025,40.1739],[-105.1165,40.174],[-105.1309,40.174]]]}},{"type":"Feature","properties":{"GEOID":"08013013305","COUNTY":"013","NAME":null,"point_on_surface":{"lon":-105.123892,"lat":40.195892,"method":"largest-ring-centroid"}},"geometry":{"type":"Polygon","coordinates":[[[-105.1311,40.2032],[-105.1309,40.1886],[-105.1168,40.1885],[-105.1168,40.2032],[-105.1311,40.2032]]]}},{"type":"Feature","properties":{"GEOID":"08013013307","COUNTY":"013","NAME":null,"point_on_surface":{"lon":-105.123783,"lat":40.181249,"method":"largest-ring-centroid"}},"geometry":{"type":"Polygon","coordinates":[[[-105.1309,40.1886],[-105.1309,40.174],[-105.1165,40.174],[-105.1168,40.1885],[-105.1309,40.1886]]]}},{"type":"Feature","properties":{"GEOID":"08001008100","COUNTY":"001","NAME":null,"point_on_surface":{"lon":-104.837011,"lat":39.746567,"method":"largest-ring-centroid"}},"geometry":{"type":"Polygon","coordinates":[[[-104.8471,39.7438],[-104.8471,39.7402],[-104.8252,39.7403],[-104.8265,39.751],[-104.8469,39.7547],[-104.8471,39.7438]]]}},{"type":"Feature","properties":{"GEOID":"08001008200","COUNTY":"001","NAME":null,"point_on_surface":{"lon":-104.83706,"lat":39.759108,"method":"largest-ring-centroid"}},"geometry":{"type":"Polygon","coordinates":[[[-104.8283,39.7692],[-104.8555,39.7578],[-104.8265,39.751],[-104.8283,39.7692]]]}},{"type":"Feature","properties":{"GEOID":"08001008308","COUNTY":"001","NAME":null,"point_on_surface":{"lon":-104.818484,"lat":39.756951,"method":"largest-ring-centroid"}},"geometry":{"type":"Polygon","coordinates":[[[-104.8283,39.7692],[-104.8252,39.7403],[-104.8101,39.7401],[-104.8099,39.7728],[-104.8282,39.7724],[-104.8283,39.7692]]]}},{"type":"Feature","properties":{"GEOID":"08013013308","COUNTY":"013","NAME":null,"point_on_surface":{"lon":-105.109509,"lat":40.181293,"method":"largest-ring-centroid"}},"geometry":{"type":"Polygon","coordinates":[[[-105.1168,40.1885],[-105.1165,40.174],[-105.1025,40.1739],[-105.1023,40.1886],[-105.1168,40.1885]]]}},{"type":"Feature","properties":{"GEOID":"08013013401","COUNTY":"013","NAME":null,"point_on_surface":{"lon":-105.091325,"lat":40.163166,"method":"largest-ring-centroid"}},"geometry":{"type":"Polygon","coordinates":[[[-105.1025,40.1558],[-105.0742,40.1531],[-105.0883,40.174],[-105.1025,40.1739],[-105.1025,40.1558]]]}},{"type":"Feature","properties":{"GEOID":"08013013208","COUNTY":"013","NAME":null,"point_on_surface":{"lon":-105.142761,"lat":40.18138,"method":"largest-ring-centroid"}},"geometry":{"type":"Polygon","coordinates":[[[-105.1547,40.1887],[-105.1546,40.1742],[-105.1309,40.174],[-105.1309,40.1886],[-105.1547,40.1887]]]}},{"type":"Feature","properties":{"GEOID":"08013013210","COUNTY":"013","NAME":null,"point_on_surface":{"lon":-105.121373,"lat":40.153345,"method":"largest-ring-centroid"}},"geometry":{"type":"Polygon","coordinates":[[[-105.1308,40.1433],[-105.1309,40.1379],[-105.1025,40.1558],[-105.1308,40.1663],[-105.1308,40.1433]]]}},{"type":"Feature","properties":{"GEOID":"08001008309","COUNTY":"001","NAME":null,"point_on_surface":{"lon":-104.790839,"lat":39.757447,"method":"largest-ring-centroid"}},"geometry":{"type":"Polygon","coordinates":[[[-104.8099,39.7728],[-104.8101,39.7401],[-104.7725,39.7403],[-104.7722,39.7764],[-104.8099,39.7728]]]}},{"type":"Feature","properties":{"GEOID":"08001008505","COUNTY":"001","NAME":null,"point_on_surface":{"lon":-104.975746,"lat":39.89205,"method":"largest-ring-centroid"}},"geometry":{"type":"Polygon","coordinates":[[[-104.9875,39.8979],[-104.9874,39.8853],[-104.9626,39.8852],[-104.9664,39.8995],[-104.9777,39.8997],[-104.9875,39.8979]]]}},{"type":"Feature","properties":{"GEOID":"08001008506","COUNTY":"001","NAME":null,"point_on_surface":{"lon":-104.983323,"lat":39.906663,"method":"largest-ring-centroid"}},"geometry":{"type":"Polygon","coordinates":[[[-104.9896,39.9141],[-104.9875,39.8979],[-104.9777,39.8997],[-104.978,39.9142],[-104.9896,39.9141]]]}},{"type":"Feature","properties":{"GEOID":"08001008507","COUNTY":"001","NAME":null,"point_on_surface":{"lon":-104.968183,"lat":39.906861,"method":"largest-ring-centroid"}},"geometry":{"type":"Polygon","coordinates":[[[-104.978,39.9142],[-104.9777,39.8997],[-104.9664,39.8995],[-104.9588,39.8995],[-104.9582,39.9139],[-104.978,39.9142]]]}},{"type":"Feature","properties":{"GEOID":"08013013211","COUNTY":"013","NAME":null,"point_on_surface":{"lon":-105.092101,"lat":40.111233,"method":"largest-ring-centroid"}},"geometry":{"type":"Polygon","coordinates":[[[-105.1309,40.1379],[-105.1313,40.0728],[-105.0555,40.0694],[-105.0553,40.1523],[-105.1025,40.1558],[-105.1309,40.1379]]]}},{"type":"Feature","properties":{"GEOID":"08055960600","COUNTY":"055","NAME":null,"point_on_surface":{"lon":-104.760798,"lat":37.649191,"method":"largest-ring-centroid"}},"geometry":{"type":"Polygon","coordinates":[[[-104.8054,37.612],[-104.745,37.5947],[-104.6831,37.7018],[-104.8341,37.6659],[-104.8054,37.612]]]}},{"type":"Feature","properties":{"GEOID":"08005007109","COUNTY":"005","NAME":null,"point_on_surface":{"lon":-104.683443,"lat":39.659909,"method":"largest-ring-centroid"}},"geometry":{"type":"Polygon","coordinates":[[[-104.6957,39.6965],[-104.7161,39.682],[-104.7163,39.6386],[-104.6253,39.6384],[-104.6782,39.682],[-104.6957,39.6965]]]}},{"type":"Feature","properties":{"GEOID":"08005081001","COUNTY":"005","NAME":null,"point_on_surface":{"lon":-104.822651,"lat":39.717982,"method":"largest-ring-centroid"}},"geometry":{"type":"Polygon","coordinates":[[[-104.8248,39.7256],[-104.8269,39.7112],[-104.8194,39.7111],[-104.8194,39.7256],[-104.8248,39.7256]]]}},{"type":"Feature","properties":{"GEOID":"08005081101","COUNTY":"005","NAME":null,"point_on_surface":{"lon":-104.820073,"lat":39.703828,"method":"largest-ring-centroid"}},"geometry":{"type":"Polygon","coordinates":[[[-104.8292,39.7012],[-104.8295,39.6966],[-104.8192,39.6966],[-104.8099,39.701],[-104.81,39.7086],[-104.8269,39.7112],[-104.8292,39.7012]]]}},{"type":"Feature","properties":{"GEOID":"08005087302","COUNTY":"005","NAME":null,"point_on_surface":{"lon":-104.887574,"lat":39.671594,"method":"largest-ring-centroid"}},"geometry":{"type":"Polygon","coordinates":[[[-104.9036,39.6767],[-104.9035,39.6746],[-104.8793,39.6639],[-104.8753,39.6748],[-104.9036,39.6767]]]}},{"type":"Feature","properties":{"GEOID":"08005980000","COUNTY":"005","NAME":null,"point_on_surface":{"lon":-104.846487,"lat":39.634467,"method":"largest-ring-centroid"}},"geometry":{"type":"Polygon","coordinates":[[[-104.8756,39.645],[-104.8759,39.6242],[-104.8525,39.6241],[-104.8199,39.6057],[-104.8105,39.6104],[-104.8288,39.6303],[-104.8318,39.6531],[-104.8487,39.6592],[-104.8756,39.645]]]}},{"type":"Feature","properties":{"GEOID":"08005083202","COUNTY":"005","NAME":null,"point_on_surface":{"lon":-104.72745,"lat":39.646145,"method":"largest-ring-centroid"}},"geometry":{"type":"Polygon","coordinates":[[[-104.7417,39.6531],[-104.7351,39.6384],[-104.7163,39.6386],[-104.7162,39.653],[-104.7417,39.6531]]]}},{"type":"Feature","properties":{"GEOID":"08005083600","COUNTY":"005","NAME":null,"point_on_surface":{"lon":-104.821666,"lat":39.634066,"method":"largest-ring-centroid"}},"geometry":{"type":"Polygon","coordinates":[[[-104.8289,39.6386],[-104.8288,39.6303],[-104.8103,39.6314],[-104.8227,39.6386],[-104.8289,39.6386]]]}},{"type":"Feature","properties":{"GEOID":"08005006860","COUNTY":"005","NAME":null,"point_on_surface":{"lon":-104.884873,"lat":39.603281,"method":"largest-ring-centroid"}},"geometry":{"type":"Polygon","coordinates":[[[-104.8855,39.6095],[-104.8934,39.6093],[-104.885,39.5948],[-104.8761,39.6023],[-104.8855,39.6095]]]}},{"type":"Feature","properties":{"GEOID":"08005006861","COUNTY":"005","NAME":null,"point_on_surface":{"lon":-104.857333,"lat":39.602457,"method":"largest-ring-centroid"}},"geometry":{"type":"Polygon","coordinates":[[[-104.8667,39.6096],[-104.8668,39.595],[-104.8481,39.5951],[-104.8479,39.6101],[-104.8667,39.6096]]]}},{"type":"Feature","properties":{"GEOID":"08005006859","COUNTY":"005","NAME":null,"point_on_surface":{"lon":-104.891787,"lat":39.617612,"method":"largest-ring-centroid"}},"geometry":{"type":"Polygon","coordinates":[[[-104.9019,39.6241],[-104.8934,39.6093],[-104.8855,39.6095],[-104.8853,39.6241],[-104.9019,39.6241]]]}},{"type":"Feature","properties":{"GEOID":"08005086002","COUNTY":"005","NAME":null,"point_on_surface":{"lon":-104.720102,"lat":39.620194,"method":"largest-ring-centroid"}},"geometry":{"type":"Polygon","coordinates":[[[-104.7263,39.6239],[-104.7213,39.6058],[-104.7228,39.6011],[-104.7168,39.6022],[-104.7163,39.6386],[-104.7192,39.6386],[-104.7263,39.6239]]]}},{"type":"Feature","properties":{"GEOID":"08005086801","COUNTY":"005","NAME":null,"point_on_surface":{"lon":-104.894875,"lat":39.694006,"method":"largest-ring-centroid"}},"geometry":{"type":"Polygon","coordinates":[[[-104.9035,39.6985],[-104.9035,39.6893],[-104.8941,39.6927],[-104.8895,39.6893],[-104.8858,39.6893],[-104.8858,39.6965],[-104.9035,39.6985]]]}},{"type":"Feature","properties":{"GEOID":"08059011725","COUNTY":"059","NAME":null,"point_on_surface":{"lon":-105.152567,"lat":39.6768,"method":"largest-ring-centroid"}},"geometry":{"type":"Polygon","coordinates":[[[-105.1608,39.6814],[-105.1534,39.6692],[-105.1435,39.6798],[-105.1608,39.6814]]]}},{"type":"Feature","properties":{"GEOID":"08059011726","COUNTY":"059","NAME":null,"point_on_surface":{"lon":-105.129745,"lat":39.67409,"method":"largest-ring-centroid"}},"geometry":{"type":"Polygon","coordinates":[[[-105.1435,39.6798],[-105.1534,39.6692],[-105.1504,39.6656],[-105.1097,39.6691],[-105.1097,39.6821],[-105.1294,39.6821],[-105.1435,39.6798]]]}},{"type":"Feature","properties":{"GEOID":"08059011727","COUNTY":"059","NAME":null,"point_on_surface":{"lon":-105.096875,"lat":39.676954,"method":"largest-ring-centroid"}},"geometry":{"type":"Polygon","coordinates":[[[-105.1097,39.6821],[-105.1097,39.6691],[-105.0814,39.6749],[-105.0814,39.6822],[-105.1002,39.6822],[-105.1097,39.6821]]]}},{"type":"Feature","properties":{"GEOID":"08059011724","COUNTY":"059","NAME":null,"point_on_surface":{"lon":-105.173322,"lat":39.668246,"method":"largest-ring-centroid"}},"geometry":{"type":"Polygon","coordinates":[[[-105.1608,39.6814],[-105.1924,39.6758],[-105.1865,39.6525],[-105.1504,39.6656],[-105.1534,39.6692],[-105.1608,39.6814]]]}},{"type":"Feature","properties":{"GEOID":"08005086001","COUNTY":"005","NAME":null,"point_on_surface":{"lon":-104.730361,"lat":39.618285,"method":"largest-ring-centroid"}},"geometry":{"type":"Polygon","coordinates":[[[-104.7382,39.6272],[-104.7387,39.6191],[-104.7213,39.6058],[-104.7263,39.6239],[-104.7382,39.6272]]]}},{"type":"Feature","properties":{"GEOID":"08005007108","COUNTY":"005","NAME":null,"point_on_surface":{"lon":-104.750483,"lat":39.707026,"method":"largest-ring-centroid"}},"geometry":{"type":"Polygon","coordinates":[[[-104.7912,39.7403],[-104.7912,39.7138],[-104.7536,39.682],[-104.7161,39.682],[-104.6957,39.6965],[-104.7806,39.7403],[-104.7912,39.7403]]]}},{"type":"Feature","properties":{"GEOID":"08005007112","COUNTY":"005","NAME":null,"point_on_surface":{"lon":-104.700311,"lat":39.598709,"method":"largest-ring-centroid"}},"geometry":{"type":"Polygon","coordinates":[[[-104.7166,39.6137],[-104.7168,39.6022],[-104.7075,39.5981],[-104.6796,39.5735],[-104.697,39.6095],[-104.7166,39.6137]]]}},{"type":"Feature","properties":{"GEOID":"08005007110","COUNTY":"005","NAME":null,"point_on_surface":{"lon":-104.711922,"lat":39.722043,"method":"largest-ring-centroid"}},"geometry":{"type":"Polygon","coordinates":[[[-104.7806,39.7403],[-104.6957,39.6965],[-104.6782,39.682],[-104.6783,39.74],[-104.7725,39.7403],[-104.7806,39.7403]]]}},{"type":"Feature","properties":{"GEOID":"08005087301","COUNTY":"005","NAME":null,"point_on_surface":{"lon":-104.897639,"lat":39.6689,"method":"largest-ring-centroid"}},"geometry":{"type":"Polygon","coordinates":[[[-104.9035,39.6746],[-104.9035,39.6676],[-104.8902,39.6645],[-104.89,39.6676],[-104.9035,39.6746]]]}},{"type":"Feature","properties":{"GEOID":"08005005701","COUNTY":"005","NAME":null,"point_on_surface":{"lon":-104.995022,"lat":39.663933,"method":"largest-ring-centroid"}},"geometry":{"type":"Polygon","coordinates":[[[-105.0003,39.6677],[-105.0044,39.6605],[-104.9876,39.6605],[-104.9876,39.6677],[-105.0003,39.6677]]]}},{"type":"Feature","properties":{"GEOID":"08005006864","COUNTY":"005","NAME":null,"point_on_surface":{"lon":-104.847754,"lat":39.579434,"method":"largest-ring-centroid"}},"geometry":{"type":"Polygon","coordinates":[[[-104.8668,39.595],[-104.8768,39.5805],[-104.8724,39.566],[-104.8141,39.566],[-104.8312,39.595],[-104.8481,39.5951],[-104.8668,39.595]]]}},{"type":"Feature","properties":{"GEOID":"08005005702","COUNTY":"005","NAME":null,"point_on_surface":{"lon":-104.995968,"lat":39.656427,"method":"largest-ring-centroid"}},"geometry":{"type":"Polygon","coordinates":[[[-105.0038,39.6605],[-105.0062,39.6537],[-104.9877,39.6515],[-104.9876,39.6605],[-105.0038,39.6605]]]}},{"type":"Feature","properties":{"GEOID":"08005083201","COUNTY":"005","NAME":null,"point_on_surface":{"lon":-104.746052,"lat":39.645219,"method":"largest-ring-centroid"}},"geometry":{"type":"Polygon","coordinates":[[[-104.7537,39.6531],[-104.7542,39.6385],[-104.7351,39.6384],[-104.7417,39.6531],[-104.7537,39.6531]]]}},{"type":"Feature","properties":{"GEOID":"08005086802","COUNTY":"005","NAME":null,"point_on_surface":{"lon":-104.880337,"lat":39.693368,"method":"largest-ring-centroid"}},"geometry":{"type":"Polygon","coordinates":[[[-104.8858,39.6965],[-104.8858,39.6893],[-104.8753,39.6892],[-104.8753,39.6984],[-104.8858,39.6965]]]}},{"type":"Feature","properties":{"GEOID":"08005007113","COUNTY":"005","NAME":null,"point_on_surface":{"lon":-104.671796,"lat":39.580216,"method":"largest-ring-centroid"}},"geometry":{"type":"Polygon","coordinates":[[[-104.697,39.6095],[-104.6796,39.5735],[-104.6795,39.5659],[-104.6421,39.5659],[-104.697,39.6095]]]}},{"type":"Feature","properties":{"GEOID":"08005006863","COUNTY":"005","NAME":null,"point_on_surface":{"lon":-104.812335,"lat":39.580014,"method":"largest-ring-centroid"}},"geometry":{"type":"Polygon","coordinates":[[[-104.8312,39.595],[-104.8141,39.566],[-104.7911,39.566],[-104.7955,39.5696],[-104.8133,39.5949],[-104.8312,39.595]]]}},{"type":"Feature","properties":{"GEOID":"08005007111","COUNTY":"005","NAME":null,"point_on_surface":{"lon":-104.637305,"lat":39.695752,"method":"largest-ring-centroid"}},"geometry":{"type":"Polygon","coordinates":[[[-104.6783,39.74],[-104.6782,39.682],[-104.6253,39.6384],[-104.6038,39.6382],[-104.6031,39.7399],[-104.6783,39.74]]]}},{"type":"Feature","properties":{"GEOID":"08005006854","COUNTY":"005","NAME":null,"point_on_surface":{"lon":-104.880083,"lat":39.636896,"method":"largest-ring-centroid"}},"geometry":{"type":"Polygon","coordinates":[[[-104.8851,39.639],[-104.8853,39.6241],[-104.8759,39.6242],[-104.8756,39.645],[-104.877,39.6531],[-104.8801,39.6531],[-104.8851,39.639]]]}},{"type":"Feature","properties":{"GEOID":"08005006862","COUNTY":"005","NAME":null,"point_on_surface":{"lon":-104.835399,"lat":39.605086,"method":"largest-ring-centroid"}},"geometry":{"type":"Polygon","coordinates":[[[-104.8525,39.6241],[-104.8479,39.6101],[-104.8481,39.5951],[-104.8133,39.5949],[-104.8199,39.6057],[-104.8525,39.6241]]]}},{"type":"Feature","properties":{"GEOID":"08005083700","COUNTY":"005","NAME":null,"point_on_surface":{"lon":-104.817223,"lat":39.624828,"method":"largest-ring-centroid"}},"geometry":{"type":"Polygon","coordinates":[[[-104.8288,39.6303],[-104.8152,39.6142],[-104.8104,39.6204],[-104.8103,39.6314],[-104.8288,39.6303]]]}},{"type":"Feature","properties":{"GEOID":"08005081002","COUNTY":"005","NAME":null,"point_on_surface":{"lon":-104.81468,"lat":39.717656,"method":"largest-ring-centroid"}},"geometry":{"type":"Polygon","coordinates":[[[-104.8194,39.7256],[-104.8194,39.7111],[-104.81,39.7086],[-104.8104,39.7256],[-104.8194,39.7256]]]}},{"type":"Feature","properties":{"GEOID":"08005081102","COUNTY":"005","NAME":null,"point_on_surface":{"lon":-104.813,"lat":39.698067,"method":"largest-ring-centroid"}},"geometry":{"type":"Polygon","coordinates":[[[-104.8099,39.701],[-104.8192,39.6966],[-104.8099,39.6966],[-104.8099,39.701]]]}},{"type":"Feature","properties":{"GEOID":"08059011904","COUNTY":"059","NAME":null,"point_on_surface":{"lon":-105.07274,"lat":39.650313,"method":"largest-ring-centroid"}},"geometry":{"type":"Polygon","coordinates":[[[-105.0817,39.6388],[-105.0733,39.6387],[-105.0571,39.6529],[-105.072,39.66],[-105.0815,39.6621],[-105.0813,39.6529],[-105.0817,39.6388]]]}},{"type":"Feature","properties":{"GEOID":"08007974202","COUNTY":"007","NAME":null,"point_on_surface":{"lon":-107.091133,"lat":37.264767,"method":"largest-ring-centroid"}},"geometry":{"type":"Polygon","coordinates":[[[-107.1336,37.2385],[-107.0527,37.2677],[-107.0871,37.2881],[-107.1336,37.2385]]]}},{"type":"Feature","properties":{"GEOID":"08007974201","COUNTY":"007","NAME":null,"point_on_surface":{"lon":-107.115833,"lat":37.2867,"method":"largest-ring-centroid"}},"geometry":{"type":"Polygon","coordinates":[[[-107.1268,37.3335],[-107.1336,37.2385],[-107.0871,37.2881],[-107.1268,37.3335]]]}},{"type":"Feature","properties":{"GEOID":"08013012104","COUNTY":"013","NAME":null,"point_on_surface":{"lon":-105.286933,"lat":40.048467,"method":"largest-ring-centroid"}},"geometry":{"type":"Polygon","coordinates":[[[-105.2821,40.0618],[-105.2966,40.0427],[-105.2821,40.0409],[-105.2821,40.0618]]]}},{"type":"Feature","properties":{"GEOID":"08085966301","COUNTY":"085","NAME":null,"point_on_surface":{"lon":-107.870567,"lat":38.4783,"method":"largest-ring-centroid"}},"geometry":{"type":"Polygon","coordinates":[[[-107.8571,38.4882],[-107.8798,38.4773],[-107.8748,38.4694],[-107.8571,38.4882]]]}},{"type":"Feature","properties":{"GEOID":"08085966302","COUNTY":"085","NAME":null,"point_on_surface":{"lon":-107.884781,"lat":38.492525,"method":"largest-ring-centroid"}},"geometry":{"type":"Polygon","coordinates":[[[-107.9124,38.5111],[-107.9117,38.5038],[-107.8856,38.4751],[-107.8571,38.4882],[-107.8471,38.4888],[-107.9124,38.5111]]]}},{"type":"Feature","properties":{"GEOID":"08101002300","COUNTY":"101","NAME":null,"point_on_surface":{"lon":-104.627876,"lat":38.228479,"method":"largest-ring-centroid"}},"geometry":{"type":"Polygon","coordinates":[[[-104.639,38.235],[-104.6391,38.2186],[-104.6154,38.2217],[-104.6186,38.2386],[-104.623,38.2386],[-104.639,38.235]]]}},{"type":"Feature","properties":{"GEOID":"08101002500","COUNTY":"101","NAME":null,"point_on_surface":{"lon":-104.629017,"lat":38.245719,"method":"largest-ring-centroid"}},"geometry":{"type":"Polygon","coordinates":[[[-104.6346,38.2514],[-104.6345,38.2405],[-104.6232,38.2406],[-104.6231,38.2495],[-104.6301,38.2514],[-104.6346,38.2514]]]}},{"type":"Feature","properties":{"GEOID":"08101002600","COUNTY":"101","NAME":null,"point_on_surface":{"lon":-104.642063,"lat":38.238005,"method":"largest-ring-centroid"}},"geometry":{"type":"Polygon","coordinates":[[[-104.6505,38.2428],[-104.6437,38.2199],[-104.6391,38.2186],[-104.639,38.235],[-104.6345,38.2405],[-104.6346,38.2514],[-104.6439,38.2513],[-104.6505,38.2428]]]}},{"type":"Feature","properties":{"GEOID":"08101002700","COUNTY":"101","NAME":null,"point_on_surface":{"lon":-104.6522,"lat":38.232733,"method":"largest-ring-centroid"}},"geometry":{"type":"Polygon","coordinates":[[[-104.6624,38.2355],[-104.6437,38.2199],[-104.6505,38.2428],[-104.6624,38.2355]]]}},{"type":"Feature","properties":{"GEOID":"08085966401","COUNTY":"085","NAME":null,"point_on_surface":{"lon":-107.858967,"lat":38.460567,"method":"largest-ring-centroid"}},"geometry":{"type":"Polygon","coordinates":[[[-107.8463,38.4672],[-107.8663,38.46],[-107.8643,38.4545],[-107.8463,38.4672]]]}},{"type":"Feature","properties":{"GEOID":"08085966402","COUNTY":"085","NAME":null,"point_on_surface":{"lon":-107.861746,"lat":38.472684,"method":"largest-ring-centroid"}},"geometry":{"type":"Polygon","coordinates":[[[-107.8856,38.4751],[-107.8727,38.4575],[-107.8463,38.4672],[-107.8471,38.4888],[-107.8571,38.4882],[-107.8748,38.4694],[-107.8798,38.4773],[-107.8856,38.4751]]]}},{"type":"Feature","properties":{"GEOID":"08101002801","COUNTY":"101","NAME":null,"point_on_surface":{"lon":-104.659547,"lat":38.224549,"method":"largest-ring-centroid"}},"geometry":{"type":"Polygon","coordinates":[[[-104.6624,38.2355],[-104.6727,38.2292],[-104.6621,38.2149],[-104.6437,38.2199],[-104.6624,38.2355]]]}},{"type":"Feature","properties":{"GEOID":"08013012101","COUNTY":"013","NAME":null,"point_on_surface":{"lon":-105.2891,"lat":40.029904,"method":"largest-ring-centroid"}},"geometry":{"type":"Polygon","coordinates":[[[-105.2966,40.0427],[-105.2939,40.015],[-105.2841,40.0181],[-105.2821,40.0267],[-105.2821,40.0409],[-105.2966,40.0427]]]}},{"type":"Feature","properties":{"GEOID":"08013012105","COUNTY":"013","NAME":null,"point_on_surface":{"lon":-105.275606,"lat":40.049632,"method":"largest-ring-centroid"}},"geometry":{"type":"Polygon","coordinates":[[[-105.2821,40.0618],[-105.2821,40.0364],[-105.2727,40.0364],[-105.2651,40.0547],[-105.2816,40.0651],[-105.2821,40.0618]]]}},{"type":"Feature","properties":{"GEOID":"08031003402","COUNTY":"031","NAME":null,"point_on_surface":{"lon":-104.966078,"lat":39.697338,"method":"largest-ring-centroid"}},"geometry":{"type":"Polygon","coordinates":[[[-104.9734,39.7075],[-104.9734,39.6898],[-104.9595,39.6847],[-104.9593,39.7075],[-104.9734,39.7075]]]}},{"type":"Feature","properties":{"GEOID":"08031003602","COUNTY":"031","NAME":null,"point_on_surface":{"lon":-104.950061,"lat":39.76742,"method":"largest-ring-centroid"}},"geometry":{"type":"Polygon","coordinates":[[[-104.9594,39.7729],[-104.9597,39.762],[-104.9407,39.7619],[-104.9405,39.7729],[-104.9594,39.7729]]]}},{"type":"Feature","properties":{"GEOID":"08031003300","COUNTY":"031","NAME":null,"point_on_surface":{"lon":-104.950674,"lat":39.72903,"method":"largest-ring-centroid"}},"geometry":{"type":"Polygon","coordinates":[[[-104.9602,39.7291],[-104.9602,39.7256],[-104.9406,39.7256],[-104.9406,39.7321],[-104.9598,39.7334],[-104.9602,39.7291]]]}},{"type":"Feature","properties":{"GEOID":"08031003401","COUNTY":"031","NAME":null,"point_on_surface":{"lon":-104.966734,"lat":39.712222,"method":"largest-ring-centroid"}},"geometry":{"type":"Polygon","coordinates":[[[-104.9734,39.7165],[-104.9734,39.7075],[-104.9593,39.7075],[-104.9593,39.7153],[-104.9732,39.7184],[-104.9734,39.7165]]]}},{"type":"Feature","properties":{"GEOID":"08105977001","COUNTY":"105","NAME":null,"point_on_surface":{"lon":-106.459479,"lat":37.567016,"method":"largest-ring-centroid"}},"geometry":{"type":"Polygon","coordinates":[[[-106.6938,37.8352],[-106.7108,37.4042],[-106.1489,37.4011],[-106.1495,37.5602],[-106.1967,37.5855],[-106.3304,37.6755],[-106.3558,37.6632],[-106.405,37.6735],[-106.3506,37.685],[-106.2526,37.7481],[-106.5864,37.7478],[-106.6938,37.8352]]]}},{"type":"Feature","properties":{"GEOID":"08105977002","COUNTY":"105","NAME":null,"point_on_surface":{"lon":-106.13983,"lat":37.612199,"method":"largest-ring-centroid"}},"geometry":{"type":"Polygon","coordinates":[[[-106.2526,37.7481],[-106.3506,37.685],[-106.3304,37.6755],[-106.1967,37.5855],[-106.2042,37.6242],[-106.0941,37.5828],[-106.1495,37.5602],[-106.1489,37.4011],[-106.0393,37.4008],[-106.0384,37.7484],[-106.2526,37.7481]]]}},{"type":"Feature","properties":{"GEOID":"08013013506","COUNTY":"013","NAME":null,"point_on_surface":{"lon":-105.083651,"lat":40.195944,"method":"largest-ring-centroid"}},"geometry":{"type":"Polygon","coordinates":[[[-105.0931,40.2032],[-105.0931,40.1886],[-105.0883,40.1886],[-105.0742,40.1887],[-105.0742,40.2033],[-105.0931,40.2032]]]}},{"type":"Feature","properties":{"GEOID":"08013013508","COUNTY":"013","NAME":null,"point_on_surface":{"lon":-105.064718,"lat":40.18895,"method":"largest-ring-centroid"}},"geometry":{"type":"Polygon","coordinates":[[[-105.0742,40.1887],[-105.0741,40.1741],[-105.0553,40.1746],[-105.0552,40.2037],[-105.0742,40.2033],[-105.0742,40.1887]]]}},{"type":"Feature","properties":{"GEOID":"08013061400","COUNTY":"013","NAME":null,"point_on_surface":{"lon":-105.156432,"lat":39.921394,"method":"largest-ring-centroid"}},"geometry":{"type":"Polygon","coordinates":[[[-105.166,39.9141],[-105.1471,39.9139],[-105.147,39.9289],[-105.1658,39.9287],[-105.166,39.9141]]]}},{"type":"Feature","properties":{"GEOID":"08001008709","COUNTY":"001","NAME":null,"point_on_surface":{"lon":-104.919261,"lat":39.798445,"method":"largest-ring-centroid"}},"geometry":{"type":"Polygon","coordinates":[[[-104.9399,39.791],[-104.9223,39.7838],[-104.9034,39.7838],[-104.9035,39.813],[-104.9315,39.8128],[-104.9399,39.791]]]}},{"type":"Feature","properties":{"GEOID":"08014030800","COUNTY":"014","NAME":null,"point_on_surface":{"lon":-105.0437,"lat":39.921463,"method":"largest-ring-centroid"}},"geometry":{"type":"Polygon","coordinates":[[[-105.0531,39.9287],[-105.0529,39.9142],[-105.0344,39.9142],[-105.0344,39.9287],[-105.0531,39.9287]]]}},{"type":"Feature","properties":{"GEOID":"08014031300","COUNTY":"014","NAME":null,"point_on_surface":{"lon":-105.023265,"lat":39.97078,"method":"largest-ring-centroid"}},"geometry":{"type":"Polygon","coordinates":[[[-105.0585,39.9753],[-105.0527,39.9577],[-105.0156,39.9577],[-104.9882,39.9685],[-104.9878,39.9815],[-105.0184,39.9842],[-105.0528,39.9777],[-105.0585,39.9753]]]}},{"type":"Feature","properties":{"GEOID":"08001008536","COUNTY":"001","NAME":null,"point_on_surface":{"lon":-104.807243,"lat":39.905893,"method":"largest-ring-centroid"}},"geometry":{"type":"Polygon","coordinates":[[[-104.819,39.9143],[-104.8319,39.8997],[-104.8185,39.8988],[-104.7713,39.9054],[-104.8162,39.9143],[-104.819,39.9143]]]}},{"type":"Feature","properties":{"GEOID":"08001008546","COUNTY":"001","NAME":null,"point_on_surface":{"lon":-104.931015,"lat":39.924628,"method":"largest-ring-centroid"}},"geometry":{"type":"Polygon","coordinates":[[[-104.9403,39.9284],[-104.9402,39.9209],[-104.9219,39.9207],[-104.9219,39.9285],[-104.9402,39.9284],[-104.9403,39.9284]]]}},{"type":"Feature","properties":{"GEOID":"08001009206","COUNTY":"001","NAME":null,"point_on_surface":{"lon":-104.949487,"lat":39.881324,"method":"largest-ring-centroid"}},"geometry":{"type":"Polygon","coordinates":[[[-104.9589,39.8851],[-104.9589,39.8778],[-104.9402,39.8774],[-104.9402,39.885],[-104.9589,39.8851]]]}},{"type":"Feature","properties":{"GEOID":"08001009751","COUNTY":"001","NAME":null,"point_on_surface":{"lon":-105.03948,"lat":39.798198,"method":"largest-ring-centroid"}},"geometry":{"type":"Polygon","coordinates":[[[-105.0533,39.7911],[-105.0251,39.794],[-105.0252,39.8038],[-105.044,39.8043],[-105.0528,39.8025],[-105.0533,39.7911]]]}},{"type":"Feature","properties":{"GEOID":"08123001404","COUNTY":"123","NAME":null,"point_on_surface":{"lon":-104.764925,"lat":40.368849,"method":"largest-ring-centroid"}},"geometry":{"type":"Polygon","coordinates":[[[-104.813,40.3776],[-104.7596,40.3543],[-104.7377,40.3595],[-104.7349,40.3776],[-104.794,40.3778],[-104.813,40.3776]]]}},{"type":"Feature","properties":{"GEOID":"08031980100","COUNTY":"031","NAME":null,"point_on_surface":{"lon":-104.856416,"lat":39.786532,"method":"largest-ring-centroid"}},"geometry":{"type":"Polygon","coordinates":[[[-104.866,39.7984],[-104.8659,39.7756],[-104.847,39.774],[-104.8472,39.7982],[-104.866,39.7984]]]}},{"type":"Feature","properties":{"GEOID":"08069001307","COUNTY":"069","NAME":null,"point_on_surface":{"lon":-105.036674,"lat":40.604943,"method":"largest-ring-centroid"}},"geometry":{"type":"Polygon","coordinates":[[[-105.0772,40.616],[-105.0764,40.6134],[-105.0577,40.596],[-105.0015,40.5956],[-105.0015,40.6102],[-105.0772,40.616]]]}},{"type":"Feature","properties":{"GEOID":"08069001606","COUNTY":"069","NAME":null,"point_on_surface":{"lon":-105.042864,"lat":40.501188,"method":"largest-ring-centroid"}},"geometry":{"type":"Polygon","coordinates":[[[-105.0436,40.5234],[-105.0489,40.4946],[-105.0394,40.4774],[-105.0394,40.5232],[-105.0436,40.5234]]]}},{"type":"Feature","properties":{"GEOID":"08069002803","COUNTY":"069","NAME":null,"point_on_surface":{"lon":-105.647808,"lat":40.422083,"method":"largest-ring-centroid"}},"geometry":{"type":"Polygon","coordinates":[[[-105.8225,40.4768],[-105.6533,40.2605],[-105.5617,40.2615],[-105.5707,40.3487],[-105.5567,40.3658],[-105.4988,40.4256],[-105.5178,40.5191],[-105.7354,40.5474],[-105.8225,40.4768]]]}},{"type":"Feature","properties":{"GEOID":"08069000401","COUNTY":"069","NAME":null,"point_on_surface":{"lon":-105.1021,"lat":40.591533,"method":"largest-ring-centroid"}},"geometry":{"type":"Polygon","coordinates":[[[-105.0957,40.5963],[-105.1149,40.5892],[-105.0957,40.5891],[-105.0957,40.5963]]]}},{"type":"Feature","properties":{"GEOID":"08069000402","COUNTY":"069","NAME":null,"point_on_surface":{"lon":-105.114914,"lat":40.585589,"method":"largest-ring-centroid"}},"geometry":{"type":"Polygon","coordinates":[[[-105.1337,40.5895],[-105.1338,40.5819],[-105.0959,40.5818],[-105.0957,40.5891],[-105.1149,40.5892],[-105.1337,40.5895]]]}},{"type":"Feature","properties":{"GEOID":"08069000504","COUNTY":"069","NAME":null,"point_on_surface":{"lon":-105.105459,"lat":40.570978,"method":"largest-ring-centroid"}},"geometry":{"type":"Polygon","coordinates":[[[-105.1151,40.5746],[-105.1151,40.5675],[-105.096,40.5672],[-105.0959,40.5746],[-105.1151,40.5746]]]}},{"type":"Feature","properties":{"GEOID":"08069000506","COUNTY":"069","NAME":null,"point_on_surface":{"lon":-105.124497,"lat":40.571222,"method":"largest-ring-centroid"}},"geometry":{"type":"Polygon","coordinates":[[[-105.1338,40.575],[-105.1339,40.5678],[-105.1151,40.5675],[-105.1151,40.5746],[-105.1338,40.575]]]}},{"type":"Feature","properties":{"GEOID":"08069000801","COUNTY":"069","NAME":null,"point_on_surface":{"lon":-105.062512,"lat":40.573731,"method":"largest-ring-centroid"}},"geometry":{"type":"Polygon","coordinates":[[[-105.0665,40.5814],[-105.0669,40.5671],[-105.0579,40.5671],[-105.0579,40.5779],[-105.0633,40.5815],[-105.0665,40.5814]]]}},{"type":"Feature","properties":{"GEOID":"08069000802","COUNTY":"069","NAME":null,"point_on_surface":{"lon":-105.053,"lat":40.5707,"method":"largest-ring-centroid"}},"geometry":{"type":"Polygon","coordinates":[[[-105.0579,40.5779],[-105.0579,40.5671],[-105.0432,40.5671],[-105.0579,40.5779]]]}},{"type":"Feature","properties":{"GEOID":"08073961800","COUNTY":"073","NAME":null,"point_on_surface":{"lon":-103.501154,"lat":38.926032,"method":"largest-ring-centroid"}},"geometry":{"type":"Polygon","coordinates":[[[-104.0555,38.8689],[-104.0543,38.5224],[-103.5047,38.5164],[-103.1729,38.5253],[-103.1729,38.6125],[-103.163,39.0376],[-103.1544,39.5656],[-103.4912,39.5657],[-103.4844,39.128],[-103.7152,39.1283],[-103.7197,38.8668],[-104.0555,38.8689]]]}},{"type":"Feature","properties":{"GEOID":"08073961700","COUNTY":"073","NAME":null,"point_on_surface":{"lon":-103.601306,"lat":39.345858,"method":"largest-ring-centroid"}},"geometry":{"type":"Polygon","coordinates":[[[-103.7144,39.5663],[-103.7152,39.1283],[-103.4844,39.128],[-103.4912,39.5657],[-103.7071,39.5663],[-103.7144,39.5663]]]}},{"type":"Feature","properties":{"GEOID":"08123000100","COUNTY":"123","NAME":null,"point_on_surface":{"lon":-104.691734,"lat":40.42242,"method":"largest-ring-centroid"}},"geometry":{"type":"Polygon","coordinates":[[[-104.6966,40.4331],[-104.6963,40.4138],[-104.6853,40.4137],[-104.6889,40.4314],[-104.6966,40.4331]]]}},{"type":"Feature","properties":{"GEOID":"08037000404","COUNTY":"037","NAME":null,"point_on_surface":{"lon":-106.718473,"lat":39.59938,"method":"largest-ring-centroid"}},"geometry":{"type":"Polygon","coordinates":[[[-106.6786,39.7291],[-106.8109,39.749],[-106.8748,39.6527],[-106.8763,39.6462],[-106.7812,39.636],[-106.7285,39.4708],[-106.6855,39.4415],[-106.5611,39.4298],[-106.6997,39.628],[-106.6465,39.666],[-106.6786,39.7291]]]}},{"type":"Feature","properties":{"GEOID":"08037000405","COUNTY":"037","NAME":null,"point_on_surface":{"lon":-106.813887,"lat":39.570439,"method":"largest-ring-centroid"}},"geometry":{"type":"Polygon","coordinates":[[[-106.8763,39.6462],[-106.8899,39.5546],[-106.7285,39.4708],[-106.7812,39.636],[-106.8763,39.6462]]]}},{"type":"Feature","properties":{"GEOID":"08037000505","COUNTY":"037","NAME":null,"point_on_surface":{"lon":-106.480963,"lat":39.645722,"method":"largest-ring-centroid"}},"geometry":{"type":"Polygon","coordinates":[[[-106.4463,39.6857],[-106.5557,39.6423],[-106.4856,39.623],[-106.4483,39.6084],[-106.4423,39.6146],[-106.4463,39.6857]]]}},{"type":"Feature","properties":{"GEOID":"08037000504","COUNTY":"037","NAME":null,"point_on_surface":{"lon":-106.526928,"lat":39.633864,"method":"largest-ring-centroid"}},"geometry":{"type":"Polygon","coordinates":[[[-106.5557,39.6423],[-106.5212,39.6315],[-106.4856,39.623],[-106.5557,39.6423]]]}},{"type":"Feature","properties":{"GEOID":"08063962400","COUNTY":"063","NAME":null,"point_on_surface":{"lon":-102.788376,"lat":39.30303,"method":"largest-ring-centroid"}},"geometry":{"type":"Polygon","coordinates":[[[-103.1544,39.5656],[-103.163,39.0376],[-102.4099,39.0442],[-102.4257,39.5707],[-102.8029,39.5678],[-103.1544,39.5656]]]}},{"type":"Feature","properties":{"GEOID":"08041006702","COUNTY":"041","NAME":null,"point_on_surface":{"lon":-104.897092,"lat":38.852876,"method":"largest-ring-centroid"}},"geometry":{"type":"Polygon","coordinates":[[[-104.9403,38.8507],[-104.8726,38.8513],[-104.872,38.8531],[-104.882,38.8565],[-104.9403,38.8507]]]}},{"type":"Feature","properties":{"GEOID":"08041003913","COUNTY":"041","NAME":null,"point_on_surface":{"lon":-104.575634,"lat":39.082893,"method":"largest-ring-centroid"}},"geometry":{"type":"Polygon","coordinates":[[[-104.6032,39.0714],[-104.6075,39.0404],[-104.5481,39.0425],[-104.5518,39.1294],[-104.5937,39.1294],[-104.6032,39.0714]]]}},{"type":"Feature","properties":{"GEOID":"08041003712","COUNTY":"041","NAME":null,"point_on_surface":{"lon":-104.851328,"lat":39.053111,"method":"largest-ring-centroid"}},"geometry":{"type":"Polygon","coordinates":[[[-104.8628,39.0923],[-104.8512,39.0421],[-104.843,39.0423],[-104.8515,39.0566],[-104.8595,39.0784],[-104.8628,39.0923]]]}},{"type":"Feature","properties":{"GEOID":"08041007104","COUNTY":"041","NAME":null,"point_on_surface":{"lon":-104.758372,"lat":38.974179,"method":"largest-ring-centroid"}},"geometry":{"type":"Polygon","coordinates":[[[-104.7709,38.9822],[-104.7577,38.966],[-104.7438,38.9682],[-104.7658,38.9843],[-104.7709,38.9822]]]}},{"type":"Feature","properties":{"GEOID":"08041004405","COUNTY":"041","NAME":null,"point_on_surface":{"lon":-104.805632,"lat":38.73369,"method":"largest-ring-centroid"}},"geometry":{"type":"Polygon","coordinates":[[[-104.8109,38.7494],[-104.8186,38.7198],[-104.7991,38.721],[-104.7929,38.7346],[-104.8003,38.7491],[-104.8109,38.7494]]]}},{"type":"Feature","properties":{"GEOID":"08041007402","COUNTY":"041","NAME":null,"point_on_surface":{"lon":-104.80031,"lat":39.113291,"method":"largest-ring-centroid"}},"geometry":{"type":"Polygon","coordinates":[[[-104.8306,39.1298],[-104.8287,39.0928],[-104.7707,39.1],[-104.7666,39.1297],[-104.7699,39.1297],[-104.8306,39.1298]]]}},{"type":"Feature","properties":{"GEOID":"08041007802","COUNTY":"041","NAME":null,"point_on_surface":{"lon":-104.799388,"lat":38.900368,"method":"largest-ring-centroid"}},"geometry":{"type":"Polygon","coordinates":[[[-104.8166,38.9068],[-104.8182,38.8976],[-104.7855,38.8892],[-104.7831,38.897],[-104.7897,38.91],[-104.8166,38.9068]]]}},{"type":"Feature","properties":{"GEOID":"08041007801","COUNTY":"041","NAME":null,"point_on_surface":{"lon":-104.783177,"lat":38.904891,"method":"largest-ring-centroid"}},"geometry":{"type":"Polygon","coordinates":[[[-104.7897,38.91],[-104.7831,38.897],[-104.7757,38.9045],[-104.788,38.9121],[-104.7897,38.91]]]}},{"type":"Feature","properties":{"GEOID":"08031005300","COUNTY":"031","NAME":null,"point_on_surface":{"lon":-104.935375,"lat":39.673372,"method":"largest-ring-centroid"}},"geometry":{"type":"Polygon","coordinates":[[[-104.9407,39.6784],[-104.9407,39.6683],[-104.9257,39.6675],[-104.934,39.6784],[-104.9404,39.6829],[-104.9407,39.6784]]]}},{"type":"Feature","properties":{"GEOID":"08031012001","COUNTY":"031","NAME":null,"point_on_surface":{"lon":-105.060144,"lat":39.644119,"method":"largest-ring-centroid"}},"geometry":{"type":"Polygon","coordinates":[[[-105.0571,39.6529],[-105.0733,39.6387],[-105.0533,39.6388],[-105.0531,39.6534],[-105.0571,39.6529]]]}},{"type":"Feature","properties":{"GEOID":"08003960100","COUNTY":"003","NAME":null,"point_on_surface":{"lon":-105.931755,"lat":37.458969,"method":"largest-ring-centroid"}},"geometry":{"type":"Polygon","coordinates":[[[-106.0393,37.577],[-106.0389,37.3569],[-105.7607,37.3568],[-105.8531,37.4666],[-105.8559,37.4667],[-105.9284,37.4299],[-105.9304,37.4901],[-105.8209,37.464],[-105.8615,37.5751],[-106.0393,37.577]]]}},{"type":"Feature","properties":{"GEOID":"08003960300","COUNTY":"003","NAME":null,"point_on_surface":{"lon":-105.906875,"lat":37.460894,"method":"largest-ring-centroid"}},"geometry":{"type":"Polygon","coordinates":[[[-105.9304,37.4901],[-105.9284,37.4299],[-105.8559,37.4667],[-105.8743,37.4666],[-105.9304,37.4901]]]}},{"type":"Feature","properties":{"GEOID":"08059010901","COUNTY":"059","NAME":null,"point_on_surface":{"lon":-105.145491,"lat":39.731767,"method":"largest-ring-centroid"}},"geometry":{"type":"Polygon","coordinates":[[[-105.1655,39.7321],[-105.1654,39.7253],[-105.1306,39.7253],[-105.1283,39.7401],[-105.1471,39.7391],[-105.1655,39.7321]]]}},{"type":"Feature","properties":{"GEOID":"08059010902","COUNTY":"059","NAME":null,"point_on_surface":{"lon":-105.119571,"lat":39.732601,"method":"largest-ring-centroid"}},"geometry":{"type":"Polygon","coordinates":[[[-105.1283,39.7401],[-105.1306,39.7253],[-105.1098,39.7254],[-105.1095,39.7401],[-105.1283,39.7401]]]}},{"type":"Feature","properties":{"GEOID":"08059011000","COUNTY":"059","NAME":null,"point_on_surface":{"lon":-105.095464,"lat":39.747458,"method":"largest-ring-centroid"}},"geometry":{"type":"Polygon","coordinates":[[[-105.1096,39.7547],[-105.1095,39.7401],[-105.0813,39.7402],[-105.0814,39.7548],[-105.1096,39.7547]]]}},{"type":"Feature","properties":{"GEOID":"08059011202","COUNTY":"059","NAME":null,"point_on_surface":{"lon":-105.095589,"lat":39.718271,"method":"largest-ring-centroid"}},"geometry":{"type":"Polygon","coordinates":[[[-105.1098,39.7254],[-105.1097,39.711],[-105.0815,39.711],[-105.0815,39.7256],[-105.0909,39.7256],[-105.1098,39.7254]]]}},{"type":"Feature","properties":{"GEOID":"08059011300","COUNTY":"059","NAME":null,"point_on_surface":{"lon":-105.061238,"lat":39.751419,"method":"largest-ring-centroid"}},"geometry":{"type":"Polygon","coordinates":[[[-105.072,39.7548],[-105.0662,39.7476],[-105.0532,39.7476],[-105.0532,39.7548],[-105.0673,39.7548],[-105.072,39.7548]]]}},{"type":"Feature","properties":{"GEOID":"08003960000","COUNTY":"003","NAME":null,"point_on_surface":{"lon":-105.739822,"lat":37.6109,"method":"largest-ring-centroid"}},"geometry":{"type":"Polygon","coordinates":[[[-106.0384,37.7484],[-106.0393,37.577],[-105.8615,37.5751],[-105.8209,37.464],[-105.8531,37.4666],[-105.7607,37.3568],[-105.7433,37.3568],[-105.4855,37.5779],[-105.4573,37.7515],[-105.8093,37.7505],[-106.0384,37.7484]]]}},{"type":"Feature","properties":{"GEOID":"08055960901","COUNTY":"055","NAME":null,"point_on_surface":{"lon":-104.96666,"lat":37.749856,"method":"largest-ring-centroid"}},"geometry":{"type":"Polygon","coordinates":[[[-105.4573,37.7515],[-105.4855,37.5779],[-105.2956,37.6544],[-105.19,37.6141],[-105.0696,37.5414],[-104.8054,37.612],[-104.8341,37.6659],[-104.6831,37.7018],[-104.745,37.5947],[-104.6699,37.495],[-104.5486,37.5747],[-104.3511,37.8175],[-104.572,37.8797],[-105.0137,37.8813],[-105.0499,37.9155],[-105.2131,37.981],[-105.4732,37.896],[-105.4573,37.7515]]]}},{"type":"Feature","properties":{"GEOID":"08055960902","COUNTY":"055","NAME":null,"point_on_surface":{"lon":-104.956541,"lat":37.468871,"method":"largest-ring-centroid"}},"geometry":{"type":"Polygon","coordinates":[[[-105.19,37.6141],[-105.1646,37.2891],[-105.0284,37.3395],[-104.7489,37.407],[-104.6704,37.495],[-104.745,37.5947],[-104.8054,37.612],[-105.0696,37.5414],[-105.19,37.6141]]]}},{"type":"Feature","properties":{"GEOID":"08045951702","COUNTY":"045","NAME":null,"point_on_surface":{"lon":-107.306033,"lat":39.536467,"method":"largest-ring-centroid"}},"geometry":{"type":"Polygon","coordinates":[[[-107.3247,39.5485],[-107.3016,39.504],[-107.2918,39.5569],[-107.3247,39.5485]]]}},{"type":"Feature","properties":{"GEOID":"08045951902","COUNTY":"045","NAME":null,"point_on_surface":{"lon":-107.511108,"lat":39.642051,"method":"largest-ring-centroid"}},"geometry":{"type":"Polygon","coordinates":[[[-107.5784,39.8287],[-107.6668,39.5892],[-107.4067,39.4139],[-107.4074,39.5617],[-107.3897,39.7043],[-107.4765,39.8283],[-107.5784,39.8287]]]}},{"type":"Feature","properties":{"GEOID":"08031005502","COUNTY":"031","NAME":null,"point_on_surface":{"lon":-105.042395,"lat":39.646374,"method":"largest-ring-centroid"}},"geometry":{"type":"Polygon","coordinates":[[[-105.0531,39.6534],[-105.0533,39.6398],[-105.0347,39.6386],[-105.03,39.6422],[-105.0336,39.6533],[-105.0414,39.6543],[-105.0531,39.6534]]]}},{"type":"Feature","properties":{"GEOID":"08031005503","COUNTY":"031","NAME":null,"point_on_surface":{"lon":-105.043642,"lat":39.63437,"method":"largest-ring-centroid"}},"geometry":{"type":"Polygon","coordinates":[[[-105.0533,39.6388],[-105.0534,39.6315],[-105.0348,39.6278],[-105.0347,39.6386],[-105.0533,39.6398],[-105.0533,39.6388]]]}},{"type":"Feature","properties":{"GEOID":"08031006804","COUNTY":"031","NAME":null,"point_on_surface":{"lon":-104.894362,"lat":39.630338,"method":"largest-ring-centroid"}},"geometry":{"type":"Polygon","coordinates":[[[-104.8929,39.6357],[-104.9071,39.6343],[-104.9019,39.6241],[-104.8853,39.6241],[-104.8851,39.639],[-104.8929,39.6357]]]}},{"type":"Feature","properties":{"GEOID":"08035013907","COUNTY":"035","NAME":null,"point_on_surface":{"lon":-104.759793,"lat":39.494667,"method":"largest-ring-centroid"}},"geometry":{"type":"Polygon","coordinates":[[[-104.7752,39.511],[-104.7684,39.4931],[-104.7688,39.4785],[-104.7396,39.492],[-104.7565,39.504],[-104.7752,39.511]]]}},{"type":"Feature","properties":{"GEOID":"08035014602","COUNTY":"035","NAME":null,"point_on_surface":{"lon":-104.707574,"lat":39.247748,"method":"largest-ring-centroid"}},"geometry":{"type":"Polygon","coordinates":[[[-104.737,39.2706],[-104.7699,39.1297],[-104.6629,39.1295],[-104.6633,39.362],[-104.7528,39.3911],[-104.737,39.2706]]]}},{"type":"Feature","properties":{"GEOID":"08075966101","COUNTY":"075","NAME":null,"point_on_surface":{"lon":-103.250667,"lat":40.627867,"method":"largest-ring-centroid"}},"geometry":{"type":"Polygon","coordinates":[[[-103.203,40.682],[-103.3157,40.5855],[-103.2333,40.6161],[-103.203,40.682]]]}},{"type":"Feature","properties":{"GEOID":"08075966102","COUNTY":"075","NAME":null,"point_on_surface":{"lon":-103.199514,"lat":40.65663,"method":"largest-ring-centroid"}},"geometry":{"type":"Polygon","coordinates":[[[-103.203,40.682],[-103.2333,40.6161],[-103.2115,40.6255],[-103.1603,40.6847],[-103.203,40.682]]]}},{"type":"Feature","properties":{"GEOID":"08059980400","COUNTY":"059","NAME":null,"point_on_surface":{"lon":-105.103567,"lat":39.641033,"method":"largest-ring-centroid"}},"geometry":{"type":"Polygon","coordinates":[[[-105.0911,39.6387],[-105.1098,39.6457],[-105.1098,39.6387],[-105.0911,39.6387]]]}},{"type":"Feature","properties":{"GEOID":"08001009309","COUNTY":"001","NAME":null,"point_on_surface":{"lon":-105.019972,"lat":39.841931,"method":"largest-ring-centroid"}},"geometry":{"type":"Polygon","coordinates":[[[-105.0248,39.8491],[-105.0248,39.836],[-105.0155,39.8336],[-105.0153,39.849],[-105.0248,39.8491]]]}},{"type":"Feature","properties":{"GEOID":"08001008705","COUNTY":"001","NAME":null,"point_on_surface":{"lon":-104.921882,"lat":39.819509,"method":"largest-ring-centroid"}},"geometry":{"type":"Polygon","coordinates":[[[-104.9275,39.8272],[-104.9315,39.8128],[-104.9129,39.8129],[-104.9155,39.8272],[-104.9241,39.8272],[-104.9275,39.8272]]]}},{"type":"Feature","properties":{"GEOID":"08001008901","COUNTY":"001","NAME":null,"point_on_surface":{"lon":-104.946055,"lat":39.810172,"method":"largest-ring-centroid"}},"geometry":{"type":"Polygon","coordinates":[[[-104.9675,39.7933],[-104.9689,39.791],[-104.9497,39.7946],[-104.9399,39.791],[-104.9275,39.8272],[-104.9482,39.8308],[-104.9675,39.7933]]]}},{"type":"Feature","properties":{"GEOID":"08001009321","COUNTY":"001","NAME":null,"point_on_surface":{"lon":-105.02025,"lat":39.878,"method":"largest-ring-centroid"}},"geometry":{"type":"Polygon","coordinates":[[[-105.025,39.8852],[-105.025,39.8708],[-105.0155,39.8708],[-105.0155,39.8852],[-105.025,39.8852]]]}},{"type":"Feature","properties":{"GEOID":"08123001005","COUNTY":"123","NAME":null,"point_on_surface":{"lon":-104.720547,"lat":40.374769,"method":"largest-ring-centroid"}},"geometry":{"type":"Polygon","coordinates":[[[-104.7349,40.3776],[-104.7377,40.3595],[-104.6964,40.3651],[-104.6962,40.3701],[-104.7158,40.3849],[-104.7159,40.3921],[-104.735,40.3924],[-104.735,40.3847],[-104.7349,40.3776]]]}},{"type":"Feature","properties":{"GEOID":"08001008402","COUNTY":"001","NAME":null,"point_on_surface":{"lon":-104.05205,"lat":39.871119,"method":"largest-ring-centroid"}},"geometry":{"type":"Polygon","coordinates":[[[-104.4146,40.0007],[-104.3801,39.7381],[-103.7065,39.7399],[-103.7057,40.0014],[-104.1503,40.0009],[-104.4146,40.0007]]]}},{"type":"Feature","properties":{"GEOID":"08001007900","COUNTY":"001","NAME":null,"point_on_surface":{"lon":-104.873709,"lat":39.747748,"method":"largest-ring-centroid"}},"geometry":{"type":"Polygon","coordinates":[[[-104.8847,39.7475],[-104.8846,39.7438],[-104.8658,39.7438],[-104.8659,39.7547],[-104.8847,39.7475]]]}},{"type":"Feature","properties":{"GEOID":"08001008401","COUNTY":"001","NAME":null,"point_on_surface":{"lon":-104.502678,"lat":39.866483,"method":"largest-ring-centroid"}},"geometry":{"type":"Polygon","coordinates":[[[-104.6256,39.8225],[-104.5825,39.7396],[-104.3801,39.7381],[-104.4146,40.0007],[-104.6041,40.0006],[-104.6073,39.8991],[-104.6256,39.8225]]]}},{"type":"Feature","properties":{"GEOID":"08001008802","COUNTY":"001","NAME":null,"point_on_surface":{"lon":-104.912164,"lat":39.852813,"method":"largest-ring-centroid"}},"geometry":{"type":"Polygon","coordinates":[[[-104.938,39.8561],[-104.9482,39.8308],[-104.9241,39.8272],[-104.8817,39.8562],[-104.8651,39.8707],[-104.9135,39.8742],[-104.938,39.8561]]]}},{"type":"Feature","properties":{"GEOID":"08001009103","COUNTY":"001","NAME":null,"point_on_surface":{"lon":-104.926998,"lat":39.874757,"method":"largest-ring-centroid"}},"geometry":{"type":"Polygon","coordinates":[[[-104.9402,39.8774],[-104.9403,39.8559],[-104.9135,39.8742],[-104.9022,39.8852],[-104.9402,39.885],[-104.9402,39.8774]]]}},{"type":"Feature","properties":{"GEOID":"08001009408","COUNTY":"001","NAME":null,"point_on_surface":{"lon":-105.038918,"lat":39.906941,"method":"largest-ring-centroid"}},"geometry":{"type":"Polygon","coordinates":[[[-105.0529,39.9142],[-105.053,39.8998],[-105.0249,39.8996],[-105.025,39.9142],[-105.0344,39.9142],[-105.0529,39.9142]]]}},{"type":"Feature","properties":{"GEOID":"08001009606","COUNTY":"001","NAME":null,"point_on_surface":{"lon":-105.029757,"lat":39.815693,"method":"largest-ring-centroid"}},"geometry":{"type":"Polygon","coordinates":[[[-105.0344,39.8273],[-105.0347,39.8043],[-105.0252,39.8038],[-105.0248,39.8273],[-105.0344,39.8273]]]}},{"type":"Feature","properties":{"GEOID":"08059009901","COUNTY":"059","NAME":null,"point_on_surface":{"lon":-105.203329,"lat":39.75717,"method":"largest-ring-centroid"}},"geometry":{"type":"Polygon","coordinates":[[[-105.2355,39.7528],[-105.2238,39.7455],[-105.2003,39.7463],[-105.1798,39.7618],[-105.1748,39.7715],[-105.198,39.7684],[-105.2226,39.7567],[-105.2355,39.7528]]]}},{"type":"Feature","properties":{"GEOID":"08059010001","COUNTY":"059","NAME":null,"point_on_surface":{"lon":-105.202111,"lat":39.738186,"method":"largest-ring-centroid"}},"geometry":{"type":"Polygon","coordinates":[[[-105.2003,39.7463],[-105.2238,39.7455],[-105.2092,39.7301],[-105.1941,39.7253],[-105.1842,39.7458],[-105.2003,39.7463]]]}},{"type":"Feature","properties":{"GEOID":"08099000100","COUNTY":"099","NAME":null,"point_on_surface":{"lon":-102.614713,"lat":38.185343,"method":"largest-ring-centroid"}},"geometry":{"type":"Polygon","coordinates":[[[-102.7423,38.267],[-102.7417,38.097],[-102.6516,38.1045],[-102.6043,38.1061],[-102.4976,38.0945],[-102.4797,38.2679],[-102.7423,38.267]]]}},{"type":"Feature","properties":{"GEOID":"08099000600","COUNTY":"099","NAME":null,"point_on_surface":{"lon":-102.150253,"lat":37.95216,"method":"largest-ring-centroid"}},"geometry":{"type":"Polygon","coordinates":[[[-102.2111,38.2682],[-102.266,38.1578],[-102.2557,37.6442],[-102.0416,37.6443],[-102.0445,38.2687],[-102.2111,38.2682]]]}},{"type":"Feature","properties":{"GEOID":"08014030600","COUNTY":"014","NAME":null,"point_on_surface":{"lon":-105.024989,"lat":39.935862,"method":"largest-ring-centroid"}},"geometry":{"type":"Polygon","coordinates":[[[-105.0344,39.9432],[-105.0344,39.9287],[-105.0155,39.9285],[-105.0157,39.9431],[-105.0344,39.9432]]]}},{"type":"Feature","properties":{"GEOID":"08069001807","COUNTY":"069","NAME":null,"point_on_surface":{"lon":-105.087079,"lat":40.440387,"method":"largest-ring-centroid"}},"geometry":{"type":"Polygon","coordinates":[[[-105.0964,40.451],[-105.0966,40.429],[-105.0775,40.4305],[-105.0774,40.4511],[-105.0964,40.451]]]}},{"type":"Feature","properties":{"GEOID":"08069001901","COUNTY":"069","NAME":null,"point_on_surface":{"lon":-105.104969,"lat":40.399673,"method":"largest-ring-centroid"}},"geometry":{"type":"Polygon","coordinates":[[[-105.1209,40.4072],[-105.1252,40.3929],[-105.0969,40.3928],[-105.0779,40.4022],[-105.0874,40.4049],[-105.1209,40.4072]]]}},{"type":"Feature","properties":{"GEOID":"08077001702","COUNTY":"077","NAME":null,"point_on_surface":{"lon":-108.408222,"lat":39.118633,"method":"largest-ring-centroid"}},"geometry":{"type":"Polygon","coordinates":[[[-108.4594,39.1621],[-108.4816,39.105],[-108.4443,39.1054],[-108.43,39.0809],[-108.4294,39.0667],[-108.3502,39.0987],[-108.3244,39.1318],[-108.4594,39.1621]]]}},{"type":"Feature","properties":{"GEOID":"08077000900","COUNTY":"077","NAME":null,"point_on_surface":{"lon":-108.607043,"lat":39.091946,"method":"largest-ring-centroid"}},"geometry":{"type":"Polygon","coordinates":[[[-108.644,39.1122],[-108.6602,39.1088],[-108.5658,39.0543],[-108.5645,39.0644],[-108.5895,39.0919],[-108.5895,39.1138],[-108.644,39.1122]]]}},{"type":"Feature","properties":{"GEOID":"08077001200","COUNTY":"077","NAME":null,"point_on_surface":{"lon":-108.456912,"lat":39.052148,"method":"largest-ring-centroid"}},"geometry":{"type":"Polygon","coordinates":[[[-108.4967,39.0532],[-108.501,39.0204],[-108.3502,39.0987],[-108.4595,39.0551],[-108.4782,39.0577],[-108.4967,39.0532]]]}},{"type":"Feature","properties":{"GEOID":"08077001800","COUNTY":"077","NAME":null,"point_on_surface":{"lon":-107.995669,"lat":39.212816,"method":"largest-ring-centroid"}},"geometry":{"type":"Polygon","coordinates":[[[-108.5702,39.3665],[-108.5074,39.2334],[-108.4594,39.1621],[-108.3244,39.1318],[-108.237,39.0812],[-108.2304,38.8778],[-108.032,39.0273],[-107.776,39.0478],[-107.7216,39.0652],[-107.5006,39.2179],[-107.3945,39.2563],[-107.4309,39.3662],[-107.8841,39.3662],[-108.5702,39.3665]]]}},{"type":"Feature","properties":{"GEOID":"08047013801","COUNTY":"047","NAME":null,"point_on_surface":{"lon":-105.592417,"lat":39.888512,"method":"largest-ring-centroid"}},"geometry":{"type":"Polygon","coordinates":[[[-105.6758,39.9325],[-105.6903,39.852],[-105.5834,39.8221],[-105.4532,39.9342],[-105.5011,39.9324],[-105.6758,39.9325]]]}},{"type":"Feature","properties":{"GEOID":"08047013802","COUNTY":"047","NAME":null,"point_on_surface":{"lon":-105.469227,"lat":39.83302,"method":"largest-ring-centroid"}},"geometry":{"type":"Polygon","coordinates":[[[-105.4532,39.9342],[-105.5834,39.8221],[-105.5482,39.7818],[-105.5083,39.7642],[-105.3979,39.746],[-105.3979,39.9129],[-105.4532,39.9342]]]}},{"type":"Feature","properties":{"GEOID":"08077001403","COUNTY":"077","NAME":null,"point_on_surface":{"lon":-108.603344,"lat":39.06548,"method":"largest-ring-centroid"}},"geometry":{"type":"Polygon","coordinates":[[[-108.6253,39.0881],[-108.6346,39.0781],[-108.6043,39.0517],[-108.5762,39.0477],[-108.5694,39.0555],[-108.6253,39.0881]]]}},{"type":"Feature","properties":{"GEOID":"08069000100","COUNTY":"069","NAME":null,"point_on_surface":{"lon":-105.07595,"lat":40.58545,"method":"largest-ring-centroid"}},"geometry":{"type":"Polygon","coordinates":[[[-105.0861,40.5871],[-105.0807,40.5781],[-105.0631,40.5815],[-105.0766,40.5952],[-105.0861,40.5871]]]}},{"type":"Feature","properties":{"GEOID":"08035014109","COUNTY":"035","NAME":null,"point_on_surface":{"lon":-104.954447,"lat":39.546285,"method":"largest-ring-centroid"}},"geometry":{"type":"Polygon","coordinates":[[[-104.9594,39.5522],[-104.9613,39.5403],[-104.9482,39.5427],[-104.9446,39.545],[-104.9553,39.5531],[-104.9594,39.5522]]]}},{"type":"Feature","properties":{"GEOID":"08035014110","COUNTY":"035","NAME":null,"point_on_surface":{"lon":-104.949888,"lat":39.558179,"method":"largest-ring-centroid"}},"geometry":{"type":"Polygon","coordinates":[[[-104.9605,39.5661],[-104.9553,39.5531],[-104.9446,39.545],[-104.9419,39.566],[-104.9605,39.5661]]]}},{"type":"Feature","properties":{"GEOID":"08035014112","COUNTY":"035","NAME":null,"point_on_surface":{"lon":-104.918923,"lat":39.548212,"method":"largest-ring-centroid"}},"geometry":{"type":"Polygon","coordinates":[[[-104.9199,39.5538],[-104.931,39.5426],[-104.9194,39.5444],[-104.9134,39.542],[-104.9116,39.5551],[-104.9199,39.5538]]]}},{"type":"Feature","properties":{"GEOID":"08123002007","COUNTY":"123","NAME":null,"point_on_surface":{"lon":-105.048199,"lat":40.023096,"method":"largest-ring-centroid"}},"geometry":{"type":"Polygon","coordinates":[[[-105.0554,40.0148],[-105.0555,40.0003],[-105.0371,40.0005],[-105.0369,40.0147],[-105.0555,40.0658],[-105.0555,40.0366],[-105.0554,40.0148]]]}},{"type":"Feature","properties":{"GEOID":"08123002014","COUNTY":"123","NAME":null,"point_on_surface":{"lon":-104.932669,"lat":40.095066,"method":"largest-ring-centroid"}},"geometry":{"type":"Polygon","coordinates":[[[-104.9416,40.1022],[-104.9413,40.088],[-104.9241,40.0877],[-104.9238,40.1022],[-104.9416,40.1022]]]}},{"type":"Feature","properties":{"GEOID":"08031000401","COUNTY":"031","NAME":null,"point_on_surface":{"lon":-105.018225,"lat":39.772954,"method":"largest-ring-centroid"}},"geometry":{"type":"Polygon","coordinates":[[[-105.0253,39.7766],[-105.0252,39.7693],[-105.0112,39.7693],[-105.0112,39.7766],[-105.0253,39.7766]]]}},{"type":"Feature","properties":{"GEOID":"08123002203","COUNTY":"123","NAME":null,"point_on_surface":{"lon":-104.886385,"lat":40.480446,"method":"largest-ring-centroid"}},"geometry":{"type":"Polygon","coordinates":[[[-104.9077,40.509],[-104.9077,40.48],[-104.8891,40.4652],[-104.8892,40.4476],[-104.8563,40.4796],[-104.9077,40.509]]]}},{"type":"Feature","properties":{"GEOID":"08123002209","COUNTY":"123","NAME":null,"point_on_surface":{"lon":-104.858617,"lat":40.442722,"method":"largest-ring-centroid"}},"geometry":{"type":"Polygon","coordinates":[[[-104.9124,40.4616],[-104.9073,40.4068],[-104.8135,40.4213],[-104.8116,40.4516],[-104.8163,40.4804],[-104.8563,40.4796],[-104.8892,40.4476],[-104.9077,40.4629],[-104.9124,40.4616]]]}},{"type":"Feature","properties":{"GEOID":"08123002101","COUNTY":"123","NAME":null,"point_on_surface":{"lon":-104.851543,"lat":40.351212,"method":"largest-ring-centroid"}},"geometry":{"type":"Polygon","coordinates":[[[-104.9072,40.4068],[-104.9064,40.349],[-104.886,40.2621],[-104.8801,40.2581],[-104.8737,40.2713],[-104.7596,40.3543],[-104.813,40.3776],[-104.8135,40.4213],[-104.9072,40.4068]]]}},{"type":"Feature","properties":{"GEOID":"08069001112","COUNTY":"069","NAME":null,"point_on_surface":{"lon":-105.126857,"lat":40.54176,"method":"largest-ring-centroid"}},"geometry":{"type":"Polygon","coordinates":[[[-105.134,40.557],[-105.1409,40.5285],[-105.1151,40.5309],[-105.1151,40.5528],[-105.134,40.557]]]}},{"type":"Feature","properties":{"GEOID":"08069001113","COUNTY":"069","NAME":null,"point_on_surface":{"lon":-105.105611,"lat":40.530875,"method":"largest-ring-centroid"}},"geometry":{"type":"Polygon","coordinates":[[[-105.1151,40.5309],[-105.1151,40.5235],[-105.0961,40.5236],[-105.0961,40.5382],[-105.1151,40.5382],[-105.1151,40.5309]]]}},{"type":"Feature","properties":{"GEOID":"08069001602","COUNTY":"069","NAME":null,"point_on_surface":{"lon":-105.0356,"lat":40.5428,"method":"largest-ring-centroid"}},"geometry":{"type":"Polygon","coordinates":[[[-105.0433,40.5526],[-105.0433,40.538],[-105.0202,40.5378],[-105.0433,40.5526]]]}},{"type":"Feature","properties":{"GEOID":"08069001706","COUNTY":"069","NAME":null,"point_on_surface":{"lon":-105.057789,"lat":40.415738,"method":"largest-ring-centroid"}},"geometry":{"type":"Polygon","coordinates":[[[-105.0585,40.4289],[-105.0761,40.4217],[-105.073,40.4072],[-105.0363,40.4072],[-105.0363,40.4126],[-105.0585,40.4289]]]}},{"type":"Feature","properties":{"GEOID":"08069001707","COUNTY":"069","NAME":null,"point_on_surface":{"lon":-105.071005,"lat":40.433928,"method":"largest-ring-centroid"}},"geometry":{"type":"Polygon","coordinates":[[[-105.0775,40.4305],[-105.0761,40.4217],[-105.0585,40.4289],[-105.0774,40.4511],[-105.0775,40.4305]]]}},{"type":"Feature","properties":{"GEOID":"08069001114","COUNTY":"069","NAME":null,"point_on_surface":{"lon":-105.100466,"lat":40.509827,"method":"largest-ring-centroid"}},"geometry":{"type":"Polygon","coordinates":[[[-105.1151,40.5235],[-105.1156,40.4944],[-105.0909,40.4946],[-105.0808,40.5236],[-105.0961,40.5236],[-105.1151,40.5235]]]}},{"type":"Feature","properties":{"GEOID":"08069001306","COUNTY":"069","NAME":null,"point_on_surface":{"lon":-105.036077,"lat":40.588863,"method":"largest-ring-centroid"}},"geometry":{"type":"Polygon","coordinates":[[[-105.0767,40.5962],[-105.0631,40.5815],[-105.0014,40.5812],[-105.0015,40.5956],[-105.0577,40.596],[-105.0767,40.5962]]]}},{"type":"Feature","properties":{"GEOID":"08069001601","COUNTY":"069","NAME":null,"point_on_surface":{"lon":-105.027474,"lat":40.574573,"method":"largest-ring-centroid"}},"geometry":{"type":"Polygon","coordinates":[[[-105.0631,40.5815],[-105.0432,40.5671],[-105.0015,40.5666],[-105.0014,40.5812],[-105.0631,40.5815]]]}},{"type":"Feature","properties":{"GEOID":"08069001708","COUNTY":"069","NAME":null,"point_on_surface":{"lon":-105.061361,"lat":40.48712,"method":"largest-ring-centroid"}},"geometry":{"type":"Polygon","coordinates":[[[-105.0773,40.4948],[-105.0774,40.4802],[-105.042,40.4801],[-105.0489,40.4946],[-105.0582,40.4945],[-105.0773,40.4948]]]}},{"type":"Feature","properties":{"GEOID":"08069001304","COUNTY":"069","NAME":null,"point_on_surface":{"lon":-105.086169,"lat":40.609826,"method":"largest-ring-centroid"}},"geometry":{"type":"Polygon","coordinates":[[[-105.0956,40.603],[-105.0768,40.5952],[-105.0772,40.616],[-105.0953,40.6254],[-105.0956,40.603]]]}},{"type":"Feature","properties":{"GEOID":"08069001305","COUNTY":"069","NAME":null,"point_on_surface":{"lon":-105.070267,"lat":40.601867,"method":"largest-ring-centroid"}},"geometry":{"type":"Polygon","coordinates":[[[-105.0764,40.6134],[-105.0767,40.5962],[-105.0577,40.596],[-105.0764,40.6134]]]}},{"type":"Feature","properties":{"GEOID":"08045951701","COUNTY":"045","NAME":null,"point_on_surface":{"lon":-107.333033,"lat":39.537567,"method":"largest-ring-centroid"}},"geometry":{"type":"Polygon","coordinates":[[[-107.3728,39.5602],[-107.3016,39.504],[-107.3247,39.5485],[-107.3728,39.5602]]]}},{"type":"Feature","properties":{"GEOID":"08045951901","COUNTY":"045","NAME":null,"point_on_surface":{"lon":-107.599619,"lat":39.445792,"method":"largest-ring-centroid"}},"geometry":{"type":"Polygon","coordinates":[[[-107.7002,39.5479],[-107.7535,39.3662],[-107.4267,39.3662],[-107.4067,39.4139],[-107.6668,39.5892],[-107.7002,39.5479]]]}},{"type":"Feature","properties":{"GEOID":"08005086300","COUNTY":"005","NAME":null,"point_on_surface":{"lon":-104.79591,"lat":39.589616,"method":"largest-ring-centroid"}},"geometry":{"type":"Polygon","coordinates":[[[-104.8133,39.5949],[-104.8012,39.579],[-104.7732,39.595],[-104.7919,39.5949],[-104.8133,39.5949]]]}},{"type":"Feature","properties":{"GEOID":"08005085200","COUNTY":"005","NAME":null,"point_on_surface":{"lon":-104.752235,"lat":39.601563,"method":"largest-ring-centroid"}},"geometry":{"type":"Polygon","coordinates":[[[-104.756,39.6095],[-104.7732,39.595],[-104.7415,39.5953],[-104.7344,39.6055],[-104.7555,39.612],[-104.756,39.6095]]]}},{"type":"Feature","properties":{"GEOID":"08005085500","COUNTY":"005","NAME":null,"point_on_surface":{"lon":-104.783148,"lat":39.616446,"method":"largest-ring-centroid"}},"geometry":{"type":"Polygon","coordinates":[[[-104.7916,39.6182],[-104.7917,39.6106],[-104.773,39.6096],[-104.7732,39.6188],[-104.7915,39.6261],[-104.7916,39.6182]]]}},{"type":"Feature","properties":{"GEOID":"08005085600","COUNTY":"005","NAME":null,"point_on_surface":{"lon":-104.766038,"lat":39.61282,"method":"largest-ring-centroid"}},"geometry":{"type":"Polygon","coordinates":[[[-104.7732,39.6188],[-104.773,39.6096],[-104.756,39.6095],[-104.7555,39.612],[-104.7732,39.6188]]]}},{"type":"Feature","properties":{"GEOID":"08005085100","COUNTY":"005","NAME":null,"point_on_surface":{"lon":-104.777945,"lat":39.60319,"method":"largest-ring-centroid"}},"geometry":{"type":"Polygon","coordinates":[[[-104.7917,39.6106],[-104.7919,39.5949],[-104.7732,39.595],[-104.756,39.6095],[-104.773,39.6096],[-104.7917,39.6106]]]}},{"type":"Feature","properties":{"GEOID":"08005086100","COUNTY":"005","NAME":null,"point_on_surface":{"lon":-104.733332,"lat":39.609378,"method":"largest-ring-centroid"}},"geometry":{"type":"Polygon","coordinates":[[[-104.7387,39.6191],[-104.7447,39.6078],[-104.7228,39.6011],[-104.7213,39.6058],[-104.7387,39.6191]]]}},{"type":"Feature","properties":{"GEOID":"08005086700","COUNTY":"005","NAME":null,"point_on_surface":{"lon":-104.696248,"lat":39.577146,"method":"largest-ring-centroid"}},"geometry":{"type":"Polygon","coordinates":[[[-104.7075,39.5981],[-104.707,39.566],[-104.6795,39.5659],[-104.6796,39.5735],[-104.7075,39.5981]]]}},{"type":"Feature","properties":{"GEOID":"08005085900","COUNTY":"005","NAME":null,"point_on_surface":{"lon":-104.739812,"lat":39.632792,"method":"largest-ring-centroid"}},"geometry":{"type":"Polygon","coordinates":[[[-104.7632,39.6385],[-104.7544,39.6266],[-104.7382,39.6272],[-104.7263,39.6239],[-104.7192,39.6386],[-104.7542,39.6385],[-104.7632,39.6385]]]}},{"type":"Feature","properties":{"GEOID":"08005085300","COUNTY":"005","NAME":null,"point_on_surface":{"lon":-104.727244,"lat":39.597456,"method":"largest-ring-centroid"}},"geometry":{"type":"Polygon","coordinates":[[[-104.7344,39.6055],[-104.7415,39.5953],[-104.7185,39.5897],[-104.7143,39.6011],[-104.7228,39.6011],[-104.7344,39.6055]]]}},{"type":"Feature","properties":{"GEOID":"08005086600","COUNTY":"005","NAME":null,"point_on_surface":{"lon":-104.726,"lat":39.576997,"method":"largest-ring-centroid"}},"geometry":{"type":"Polygon","coordinates":[[[-104.7663,39.5659],[-104.707,39.566],[-104.7075,39.5981],[-104.7143,39.6011],[-104.7185,39.5897],[-104.7663,39.5659]]]}},{"type":"Feature","properties":{"GEOID":"08005083100","COUNTY":"005","NAME":null,"point_on_surface":{"lon":-104.763068,"lat":39.6749,"method":"largest-ring-centroid"}},"geometry":{"type":"Polygon","coordinates":[[[-104.7725,39.669],[-104.7724,39.6677],[-104.7536,39.6679],[-104.7536,39.682],[-104.7724,39.682],[-104.7725,39.6807],[-104.7725,39.669]]]}},{"type":"Feature","properties":{"GEOID":"08005085000","COUNTY":"005","NAME":null,"point_on_surface":{"lon":-104.804064,"lat":39.602729,"method":"largest-ring-centroid"}},"geometry":{"type":"Polygon","coordinates":[[[-104.8105,39.6104],[-104.8199,39.6057],[-104.8133,39.5949],[-104.7919,39.5949],[-104.7917,39.6106],[-104.8105,39.6104]]]}},{"type":"Feature","properties":{"GEOID":"08005087000","COUNTY":"005","NAME":null,"point_on_surface":{"lon":-104.870618,"lat":39.691115,"method":"largest-ring-centroid"}},"geometry":{"type":"Polygon","coordinates":[[[-104.8753,39.6965],[-104.8753,39.6857],[-104.8659,39.6857],[-104.866,39.6966],[-104.8753,39.6965]]]}},{"type":"Feature","properties":{"GEOID":"08005083000","COUNTY":"005","NAME":null,"point_on_surface":{"lon":-104.734876,"lat":39.667533,"method":"largest-ring-centroid"}},"geometry":{"type":"Polygon","coordinates":[[[-104.7537,39.6531],[-104.7162,39.653],[-104.7161,39.682],[-104.7536,39.682],[-104.7536,39.6679],[-104.7537,39.6531]]]}},{"type":"Feature","properties":{"GEOID":"08005007301","COUNTY":"005","NAME":null,"point_on_surface":{"lon":-104.836261,"lat":39.73818,"method":"largest-ring-centroid"}},"geometry":{"type":"Polygon","coordinates":[[[-104.847,39.7402],[-104.8471,39.7361],[-104.8282,39.7361],[-104.8255,39.7363],[-104.8255,39.7403],[-104.847,39.7402]]]}},{"type":"Feature","properties":{"GEOID":"08005087100","COUNTY":"005","NAME":null,"point_on_surface":{"lon":-104.870106,"lat":39.67997,"method":"largest-ring-centroid"}},"geometry":{"type":"Polygon","coordinates":[[[-104.8753,39.6857],[-104.8753,39.6784],[-104.8661,39.6709],[-104.8659,39.6857],[-104.8753,39.6857]]]}},{"type":"Feature","properties":{"GEOID":"08005086900","COUNTY":"005","NAME":null,"point_on_surface":{"lon":-104.880042,"lat":39.685642,"method":"largest-ring-centroid"}},"geometry":{"type":"Polygon","coordinates":[[[-104.8858,39.6893],[-104.8895,39.6893],[-104.8753,39.6784],[-104.8753,39.6892],[-104.8858,39.6893]]]}},{"type":"Feature","properties":{"GEOID":"08005082900","COUNTY":"005","NAME":null,"point_on_surface":{"lon":-104.766038,"lat":39.687448,"method":"largest-ring-centroid"}},"geometry":{"type":"Polygon","coordinates":[[[-104.7724,39.6966],[-104.7724,39.682],[-104.7536,39.682],[-104.77,39.6967],[-104.7724,39.6966]]]}},{"type":"Feature","properties":{"GEOID":"08005081700","COUNTY":"005","NAME":null,"point_on_surface":{"lon":-104.801616,"lat":39.62448,"method":"largest-ring-centroid"}},"geometry":{"type":"Polygon","coordinates":[[[-104.8103,39.6314],[-104.8104,39.6204],[-104.7916,39.6182],[-104.7915,39.6261],[-104.8103,39.6326],[-104.8103,39.6314]]]}},{"type":"Feature","properties":{"GEOID":"08059011720","COUNTY":"059","NAME":null,"point_on_surface":{"lon":-105.174044,"lat":39.700446,"method":"largest-ring-centroid"}},"geometry":{"type":"Polygon","coordinates":[[[-105.2019,39.7024],[-105.1924,39.6758],[-105.1608,39.6814],[-105.1485,39.6933],[-105.1472,39.6947],[-105.1478,39.7096],[-105.1654,39.7253],[-105.1797,39.7253],[-105.2019,39.7024]]]}},{"type":"Feature","properties":{"GEOID":"08059011721","COUNTY":"059","NAME":null,"point_on_surface":{"lon":-105.154813,"lat":39.720004,"method":"largest-ring-centroid"}},"geometry":{"type":"Polygon","coordinates":[[[-105.1654,39.7253],[-105.1478,39.7096],[-105.1512,39.7253],[-105.1654,39.7253]]]}},{"type":"Feature","properties":{"GEOID":"08009964700","COUNTY":"009","NAME":null,"point_on_surface":{"lon":-102.603915,"lat":37.437468,"method":"largest-ring-centroid"}},"geometry":{"type":"Polygon","coordinates":[[[-102.7127,37.6436],[-102.8472,37.5812],[-102.7656,37.5275],[-102.7782,37.2095],[-102.3798,37.3018],[-102.4009,37.5046],[-102.54,37.6437],[-102.7127,37.6436]]]}},{"type":"Feature","properties":{"GEOID":"08009964600","COUNTY":"009","NAME":null,"point_on_surface":{"lon":-102.56385,"lat":37.237237,"method":"interior-grid"}},"geometry":{"type":"Polygon","coordinates":[[[-103.0759,37.6434],[-103.0861,37.0002],[-102.0421,36.993],[-102.0416,37.6443],[-102.54,37.6437],[-102.4009,37.5046],[-102.3798,37.3018],[-102.7782,37.2095],[-102.7656,37.5275],[-102.8472,37.5812],[-102.7127,37.6436],[-102.7476,37.6436],[-103.0759,37.6434]]]}},{"type":"Feature","properties":{"GEOID":"08041004501","COUNTY":"041","NAME":null,"point_on_surface":{"lon":-104.763722,"lat":38.767996,"method":"largest-ring-centroid"}},"geometry":{"type":"Polygon","coordinates":[[[-104.7975,38.796],[-104.7759,38.7648],[-104.733,38.7248],[-104.7267,38.7323],[-104.7442,38.7512],[-104.7581,38.7701],[-104.7575,38.789],[-104.7755,38.7967],[-104.7839,38.7983],[-104.7975,38.796]]]}},{"type":"Feature","properties":{"GEOID":"08067970601","COUNTY":"067","NAME":null,"point_on_surface":{"lon":-107.675511,"lat":37.272305,"method":"largest-ring-centroid"}},"geometry":{"type":"Polygon","coordinates":[[[-107.7242,37.3354],[-107.7466,37.215],[-107.5953,37.2148],[-107.644,37.3491],[-107.7242,37.3354]]]}},{"type":"Feature","properties":{"GEOID":"08067970602","COUNTY":"067","NAME":null,"point_on_surface":{"lon":-107.551123,"lat":37.421549,"method":"largest-ring-centroid"}},"geometry":{"type":"Polygon","coordinates":[[[-107.644,37.3491],[-107.5953,37.2148],[-107.4821,37.2148],[-107.4822,37.6395],[-107.592,37.6396],[-107.644,37.3491]]]}},{"type":"Feature","properties":{"GEOID":"08067970706","COUNTY":"067","NAME":null,"point_on_surface":{"lon":-107.717093,"lat":37.498451,"method":"largest-ring-centroid"}},"geometry":{"type":"Polygon","coordinates":[[[-107.8061,37.6401],[-107.8334,37.385],[-107.7242,37.3354],[-107.644,37.3491],[-107.592,37.6396],[-107.8061,37.6401]]]}},{"type":"Feature","properties":{"GEOID":"08067970705","COUNTY":"067","NAME":null,"point_on_surface":{"lon":-107.856964,"lat":37.546275,"method":"largest-ring-centroid"}},"geometry":{"type":"Polygon","coordinates":[[[-107.9261,37.6398],[-107.8544,37.4021],[-107.8334,37.385],[-107.8061,37.6401],[-107.9261,37.6398]]]}},{"type":"Feature","properties":{"GEOID":"08041004200","COUNTY":"041","NAME":null,"point_on_surface":{"lon":-104.735597,"lat":38.758229,"method":"largest-ring-centroid"}},"geometry":{"type":"Polygon","coordinates":[[[-104.7442,38.7512],[-104.7407,38.7475],[-104.7231,38.7589],[-104.7391,38.7697],[-104.7442,38.7513],[-104.7442,38.7512]]]}},{"type":"Feature","properties":{"GEOID":"08041002501","COUNTY":"041","NAME":null,"point_on_surface":{"lon":-104.873452,"lat":38.811787,"method":"largest-ring-centroid"}},"geometry":{"type":"Polygon","coordinates":[[[-104.9024,38.811],[-104.8641,38.7909],[-104.8519,38.7985],[-104.8592,38.8283],[-104.8792,38.8308],[-104.9024,38.811]]]}},{"type":"Feature","properties":{"GEOID":"08041005400","COUNTY":"041","NAME":null,"point_on_surface":{"lon":-104.764946,"lat":38.802821,"method":"largest-ring-centroid"}},"geometry":{"type":"Polygon","coordinates":[[[-104.7713,38.812],[-104.7755,38.7967],[-104.7575,38.789],[-104.7575,38.8138],[-104.7663,38.8152],[-104.7713,38.812]]]}},{"type":"Feature","properties":{"GEOID":"08041000203","COUNTY":"041","NAME":null,"point_on_surface":{"lon":-104.805482,"lat":38.891468,"method":"largest-ring-centroid"}},"geometry":{"type":"Polygon","coordinates":[[[-104.8182,38.8976],[-104.8126,38.8876],[-104.7857,38.8892],[-104.8182,38.8976]]]}},{"type":"Feature","properties":{"GEOID":"08085966100","COUNTY":"085","NAME":null,"point_on_surface":{"lon":-108.609125,"lat":38.303539,"method":"largest-ring-centroid"}},"geometry":{"type":"Polygon","coordinates":[[[-109.0601,38.5],[-109.0426,38.153],[-107.9658,38.1523],[-107.9381,38.1739],[-108.0867,38.2758],[-108.1822,38.3237],[-108.5837,38.5],[-109.0601,38.5]]]}},{"type":"Feature","properties":{"GEOID":"08041004514","COUNTY":"041","NAME":null,"point_on_surface":{"lon":-104.6891,"lat":38.703567,"method":"largest-ring-centroid"}},"geometry":{"type":"Polygon","coordinates":[[[-104.6968,38.7084],[-104.6968,38.6939],[-104.6737,38.7084],[-104.6843,38.7084],[-104.6968,38.7084]]]}},{"type":"Feature","properties":{"GEOID":"08041004520","COUNTY":"041","NAME":null,"point_on_surface":{"lon":-104.693426,"lat":38.730009,"method":"largest-ring-centroid"}},"geometry":{"type":"Polygon","coordinates":[[[-104.6995,38.7233],[-104.6868,38.727],[-104.6921,38.7374],[-104.6952,38.7374],[-104.6995,38.7233]]]}},{"type":"Feature","properties":{"GEOID":"08041004517","COUNTY":"041","NAME":null,"point_on_surface":{"lon":-104.64309,"lat":38.624027,"method":"largest-ring-centroid"}},"geometry":{"type":"Polygon","coordinates":[[[-104.6887,38.684],[-104.6261,38.52],[-104.6124,38.5202],[-104.6276,38.694],[-104.654,38.694],[-104.6887,38.684]]]}},{"type":"Feature","properties":{"GEOID":"08041004516","COUNTY":"041","NAME":null,"point_on_surface":{"lon":-104.682412,"lat":38.58415,"method":"largest-ring-centroid"}},"geometry":{"type":"Polygon","coordinates":[[[-104.7091,38.6729],[-104.718,38.5196],[-104.6261,38.52],[-104.6887,38.684],[-104.6996,38.6881],[-104.7091,38.6729]]]}},{"type":"Feature","properties":{"GEOID":"08041003911","COUNTY":"041","NAME":null,"point_on_surface":{"lon":-104.402543,"lat":39.070651,"method":"largest-ring-centroid"}},"geometry":{"type":"Polygon","coordinates":[[[-104.5518,39.1294],[-104.5481,39.0425],[-104.5341,38.9547],[-104.4787,38.9542],[-104.4785,39.0264],[-104.2937,39.0267],[-104.167,39.1285],[-104.5049,39.1295],[-104.5518,39.1294]]]}},{"type":"Feature","properties":{"GEOID":"08041000103","COUNTY":"041","NAME":null,"point_on_surface":{"lon":-104.762767,"lat":38.887467,"method":"largest-ring-centroid"}},"geometry":{"type":"Polygon","coordinates":[[[-104.7741,38.8892],[-104.7571,38.8823],[-104.7571,38.8909],[-104.7741,38.8892]]]}},{"type":"Feature","properties":{"GEOID":"08041005121","COUNTY":"041","NAME":null,"point_on_surface":{"lon":-104.705993,"lat":38.933718,"method":"largest-ring-centroid"}},"geometry":{"type":"Polygon","coordinates":[[[-104.7197,38.9403],[-104.7195,38.926],[-104.6953,38.9261],[-104.6902,38.9414],[-104.7011,38.9411],[-104.7197,38.9403]]]}},{"type":"Feature","properties":{"GEOID":"08041002802","COUNTY":"041","NAME":null,"point_on_surface":{"lon":-104.797911,"lat":38.810726,"method":"largest-ring-centroid"}},"geometry":{"type":"Polygon","coordinates":[[[-104.8186,38.8216],[-104.8224,38.8149],[-104.8128,38.8126],[-104.7975,38.796],[-104.7839,38.7983],[-104.7806,38.8175],[-104.8084,38.8212],[-104.8186,38.8216]]]}},{"type":"Feature","properties":{"GEOID":"08041002902","COUNTY":"041","NAME":null,"point_on_surface":{"lon":-104.807833,"lat":38.801933,"method":"largest-ring-centroid"}},"geometry":{"type":"Polygon","coordinates":[[[-104.8128,38.8126],[-104.8132,38.7972],[-104.7975,38.796],[-104.8128,38.8126]]]}},{"type":"Feature","properties":{"GEOID":"08041002901","COUNTY":"041","NAME":null,"point_on_surface":{"lon":-104.817719,"lat":38.805649,"method":"largest-ring-centroid"}},"geometry":{"type":"Polygon","coordinates":[[[-104.8224,38.8149],[-104.8221,38.7974],[-104.8132,38.7972],[-104.8128,38.8126],[-104.8224,38.8149]]]}},{"type":"Feature","properties":{"GEOID":"08041005113","COUNTY":"041","NAME":null,"point_on_surface":{"lon":-104.702932,"lat":38.906089,"method":"largest-ring-centroid"}},"geometry":{"type":"Polygon","coordinates":[[[-104.7107,38.9098],[-104.7086,38.8982],[-104.6964,38.9027],[-104.6948,38.9123],[-104.7017,38.9119],[-104.7107,38.9098]]]}},{"type":"Feature","properties":{"GEOID":"08041005117","COUNTY":"041","NAME":null,"point_on_surface":{"lon":-104.706081,"lat":38.893535,"method":"largest-ring-centroid"}},"geometry":{"type":"Polygon","coordinates":[[[-104.7197,38.8937],[-104.7198,38.8853],[-104.7034,38.8866],[-104.6891,38.9009],[-104.6964,38.9027],[-104.7086,38.8982],[-104.7197,38.8937]]]}},{"type":"Feature","properties":{"GEOID":"08041005112","COUNTY":"041","NAME":null,"point_on_surface":{"lon":-104.7149,"lat":38.902781,"method":"largest-ring-centroid"}},"geometry":{"type":"Polygon","coordinates":[[[-104.7195,38.9109],[-104.7197,38.8937],[-104.7086,38.8982],[-104.7107,38.9098],[-104.7195,38.9109]]]}},{"type":"Feature","properties":{"GEOID":"08041005124","COUNTY":"041","NAME":null,"point_on_surface":{"lon":-104.689173,"lat":38.906574,"method":"largest-ring-centroid"}},"geometry":{"type":"Polygon","coordinates":[[[-104.6948,38.9123],[-104.6964,38.9027],[-104.6891,38.9009],[-104.6829,38.901],[-104.6829,38.9117],[-104.6948,38.9123]]]}},{"type":"Feature","properties":{"GEOID":"08041005123","COUNTY":"041","NAME":null,"point_on_surface":{"lon":-104.598837,"lat":38.88436,"method":"largest-ring-centroid"}},"geometry":{"type":"Polygon","coordinates":[[[-104.6806,38.8532],[-104.6828,38.8415],[-104.5536,38.8386],[-104.5527,38.9549],[-104.5782,38.9551],[-104.6635,38.864],[-104.6806,38.8532]]]}},{"type":"Feature","properties":{"GEOID":"08041005118","COUNTY":"041","NAME":null,"point_on_surface":{"lon":-104.71061,"lat":38.87782,"method":"largest-ring-centroid"}},"geometry":{"type":"Polygon","coordinates":[[[-104.7198,38.8853],[-104.7199,38.8721],[-104.7013,38.868],[-104.7034,38.8866],[-104.7198,38.8853]]]}},{"type":"Feature","properties":{"GEOID":"08041005119","COUNTY":"041","NAME":null,"point_on_surface":{"lon":-104.692519,"lat":38.877677,"method":"largest-ring-centroid"}},"geometry":{"type":"Polygon","coordinates":[[[-104.7034,38.8866],[-104.7013,38.868],[-104.6827,38.8681],[-104.6828,38.8872],[-104.7034,38.8866]]]}},{"type":"Feature","properties":{"GEOID":"08041003711","COUNTY":"041","NAME":null,"point_on_surface":{"lon":-104.837756,"lat":38.909104,"method":"largest-ring-centroid"}},"geometry":{"type":"Polygon","coordinates":[[[-104.852,38.9236],[-104.8445,38.8967],[-104.83,38.8969],[-104.8234,38.9104],[-104.8242,38.9145],[-104.852,38.9236]]]}},{"type":"Feature","properties":{"GEOID":"08041003710","COUNTY":"041","NAME":null,"point_on_surface":{"lon":-104.853244,"lat":38.912442,"method":"largest-ring-centroid"}},"geometry":{"type":"Polygon","coordinates":[[[-104.8637,38.9285],[-104.8509,38.8966],[-104.8445,38.8967],[-104.852,38.9236],[-104.8637,38.9285]]]}},{"type":"Feature","properties":{"GEOID":"08041003912","COUNTY":"041","NAME":null,"point_on_surface":{"lon":-104.597867,"lat":38.958833,"method":"largest-ring-centroid"}},"geometry":{"type":"Polygon","coordinates":[[[-104.6077,38.9772],[-104.6077,38.9442],[-104.5782,38.9551],[-104.6077,38.9772]]]}},{"type":"Feature","properties":{"GEOID":"08041005115","COUNTY":"041","NAME":null,"point_on_surface":{"lon":-104.682816,"lat":38.860953,"method":"largest-ring-centroid"}},"geometry":{"type":"Polygon","coordinates":[[[-104.695,38.8532],[-104.6806,38.8532],[-104.6635,38.864],[-104.6827,38.8681],[-104.6939,38.8682],[-104.695,38.8532]]]}},{"type":"Feature","properties":{"GEOID":"08029964600","COUNTY":"029","NAME":null,"point_on_surface":{"lon":-107.601486,"lat":38.974916,"method":"largest-ring-centroid"}},"geometry":{"type":"Polygon","coordinates":[[[-107.7216,39.0652],[-107.7159,38.8025],[-107.5006,38.7992],[-107.5006,39.2179],[-107.7216,39.0652]]]}},{"type":"Feature","properties":{"GEOID":"08029964700","COUNTY":"029","NAME":null,"point_on_surface":{"lon":-108.035635,"lat":38.894822,"method":"largest-ring-centroid"}},"geometry":{"type":"Polygon","coordinates":[[[-108.2304,38.8778],[-108.0869,38.8785],[-108.0024,38.7727],[-107.9365,38.78],[-107.9142,38.8359],[-107.9294,38.8825],[-107.9469,38.9116],[-108.032,39.0273],[-108.2304,38.8778]]]}},{"type":"Feature","properties":{"GEOID":"08029964900","COUNTY":"029","NAME":null,"point_on_surface":{"lon":-107.937268,"lat":38.725497,"method":"largest-ring-centroid"}},"geometry":{"type":"Polygon","coordinates":[[[-108.0671,38.7469],[-107.9991,38.6685],[-107.8486,38.6681],[-107.837,38.7828],[-107.9365,38.78],[-108.0024,38.7727],[-108.0671,38.7469]]]}},{"type":"Feature","properties":{"GEOID":"08029965100","COUNTY":"029","NAME":null,"point_on_surface":{"lon":-108.054,"lat":38.694633,"method":"largest-ring-centroid"}},"geometry":{"type":"Polygon","coordinates":[[[-108.0671,38.7469],[-108.0958,38.6685],[-107.9991,38.6685],[-108.0671,38.7469]]]}},{"type":"Feature","properties":{"GEOID":"08029964800","COUNTY":"029","NAME":null,"point_on_surface":{"lon":-108.21046,"lat":38.770153,"method":"largest-ring-centroid"}},"geometry":{"type":"Polygon","coordinates":[[[-108.2304,38.8778],[-108.379,38.8291],[-108.3787,38.6681],[-108.0958,38.6685],[-108.0671,38.7469],[-108.0024,38.7727],[-108.0869,38.8785],[-108.2304,38.8778]]]}},{"type":"Feature","properties":{"GEOID":"08031001707","COUNTY":"031","NAME":null,"point_on_surface":{"lon":-104.994662,"lat":39.743331,"method":"largest-ring-centroid"}},"geometry":{"type":"Polygon","coordinates":[[[-105.0004,39.7455],[-104.9986,39.7402],[-104.9874,39.7401],[-104.9965,39.7485],[-105.0004,39.7455]]]}},{"type":"Feature","properties":{"GEOID":"08031004307","COUNTY":"031","NAME":null,"point_on_surface":{"lon":-104.935257,"lat":39.736929,"method":"largest-ring-centroid"}},"geometry":{"type":"Polygon","coordinates":[[[-104.9406,39.7401],[-104.9406,39.7347],[-104.9304,39.7329],[-104.9304,39.7401],[-104.9406,39.7401]]]}},{"type":"Feature","properties":{"GEOID":"08031002704","COUNTY":"031","NAME":null,"point_on_surface":{"lon":-104.983637,"lat":39.737625,"method":"largest-ring-centroid"}},"geometry":{"type":"Polygon","coordinates":[[[-104.9874,39.7401],[-104.9874,39.7353],[-104.9799,39.7351],[-104.9799,39.74],[-104.9874,39.7401]]]}},{"type":"Feature","properties":{"GEOID":"08031002706","COUNTY":"031","NAME":null,"point_on_surface":{"lon":-104.983625,"lat":39.729655,"method":"largest-ring-centroid"}},"geometry":{"type":"Polygon","coordinates":[[[-104.9874,39.7273],[-104.9799,39.7273],[-104.9798,39.732],[-104.9874,39.732],[-104.9874,39.7273]]]}},{"type":"Feature","properties":{"GEOID":"08031002804","COUNTY":"031","NAME":null,"point_on_surface":{"lon":-104.977313,"lat":39.71835,"method":"largest-ring-centroid"}},"geometry":{"type":"Polygon","coordinates":[[[-104.9803,39.7215],[-104.9803,39.7165],[-104.9734,39.7165],[-104.9732,39.7184],[-104.9803,39.7215]]]}},{"type":"Feature","properties":{"GEOID":"08031002102","COUNTY":"031","NAME":null,"point_on_surface":{"lon":-104.997124,"lat":39.714219,"method":"largest-ring-centroid"}},"geometry":{"type":"Polygon","coordinates":[[[-105.0158,39.7255],[-105.0001,39.7112],[-104.9924,39.6967],[-104.9874,39.6966],[-104.9875,39.7184],[-105.0002,39.7265],[-105.0158,39.7255]]]}},{"type":"Feature","properties":{"GEOID":"08031002101","COUNTY":"031","NAME":null,"point_on_surface":{"lon":-104.9917,"lat":39.723233,"method":"largest-ring-centroid"}},"geometry":{"type":"Polygon","coordinates":[[[-105.0002,39.7257],[-104.9875,39.7184],[-104.9874,39.7256],[-105.0002,39.7257]]]}},{"type":"Feature","properties":{"GEOID":"08031004310","COUNTY":"031","NAME":null,"point_on_surface":{"lon":-104.908137,"lat":39.732837,"method":"largest-ring-centroid"}},"geometry":{"type":"Polygon","coordinates":[[[-104.9128,39.7401],[-104.9128,39.7256],[-104.9034,39.7256],[-104.9035,39.7401],[-104.9128,39.7401]]]}},{"type":"Feature","properties":{"GEOID":"08031001601","COUNTY":"031","NAME":null,"point_on_surface":{"lon":-104.979105,"lat":39.766017,"method":"largest-ring-centroid"}},"geometry":{"type":"Polygon","coordinates":[[[-104.9848,39.7674],[-104.9877,39.7594],[-104.977,39.7596],[-104.9733,39.7621],[-104.9719,39.7703],[-104.9784,39.7753],[-104.9848,39.7674]]]}},{"type":"Feature","properties":{"GEOID":"08031001603","COUNTY":"031","NAME":null,"point_on_surface":{"lon":-104.986573,"lat":39.755325,"method":"largest-ring-centroid"}},"geometry":{"type":"Polygon","coordinates":[[[-104.9943,39.7543],[-104.9874,39.7489],[-104.977,39.7596],[-104.9877,39.7594],[-104.9943,39.7543]]]}},{"type":"Feature","properties":{"GEOID":"08031001704","COUNTY":"031","NAME":null,"point_on_surface":{"lon":-104.997834,"lat":39.750771,"method":"largest-ring-centroid"}},"geometry":{"type":"Polygon","coordinates":[[[-105.0034,39.75],[-105.0004,39.7455],[-104.9917,39.7523],[-104.996,39.7556],[-105.0034,39.75]]]}},{"type":"Feature","properties":{"GEOID":"08031005003","COUNTY":"031","NAME":null,"point_on_surface":{"lon":-104.907846,"lat":39.705928,"method":"largest-ring-centroid"}},"geometry":{"type":"Polygon","coordinates":[[[-104.9128,39.7114],[-104.9128,39.7028],[-104.9035,39.6985],[-104.9035,39.7113],[-104.9128,39.7114]]]}},{"type":"Feature","properties":{"GEOID":"08031000704","COUNTY":"031","NAME":null,"point_on_surface":{"lon":-105.046149,"lat":39.737473,"method":"largest-ring-centroid"}},"geometry":{"type":"Polygon","coordinates":[[[-105.0532,39.7403],[-105.0532,39.7349],[-105.0393,39.7343],[-105.0393,39.7403],[-105.0532,39.7404],[-105.0532,39.7403]]]}},{"type":"Feature","properties":{"GEOID":"08031001706","COUNTY":"031","NAME":null,"point_on_surface":{"lon":-104.990901,"lat":39.747476,"method":"largest-ring-centroid"}},"geometry":{"type":"Polygon","coordinates":[[[-104.9965,39.7485],[-104.9874,39.7415],[-104.9874,39.7489],[-104.9917,39.7523],[-104.9965,39.7485]]]}},{"type":"Feature","properties":{"GEOID":"08031002405","COUNTY":"031","NAME":null,"point_on_surface":{"lon":-104.982089,"lat":39.750696,"method":"largest-ring-centroid"}},"geometry":{"type":"Polygon","coordinates":[[[-104.9874,39.7489],[-104.9874,39.7474],[-104.9782,39.7475],[-104.9781,39.7532],[-104.9818,39.7559],[-104.9874,39.7489]]]}},{"type":"Feature","properties":{"GEOID":"08031004109","COUNTY":"031","NAME":null,"point_on_surface":{"lon":-104.873289,"lat":39.788286,"method":"largest-ring-centroid"}},"geometry":{"type":"Polygon","coordinates":[[[-104.866,39.7984],[-104.8845,39.7983],[-104.8762,39.7765],[-104.8659,39.7756],[-104.866,39.7984]]]}},{"type":"Feature","properties":{"GEOID":"08031004111","COUNTY":"031","NAME":null,"point_on_surface":{"lon":-104.891698,"lat":39.787314,"method":"largest-ring-centroid"}},"geometry":{"type":"Polygon","coordinates":[[[-104.9034,39.7838],[-104.9036,39.7783],[-104.8762,39.7765],[-104.8845,39.7983],[-104.9036,39.7984],[-104.9034,39.7839],[-104.9034,39.7838]]]}},{"type":"Feature","properties":{"GEOID":"08031004113","COUNTY":"031","NAME":null,"point_on_surface":{"lon":-104.89486,"lat":39.7698,"method":"largest-ring-centroid"}},"geometry":{"type":"Polygon","coordinates":[[[-104.9036,39.7783],[-104.9035,39.7614],[-104.8902,39.7599],[-104.8829,39.7771],[-104.9036,39.7783]]]}},{"type":"Feature","properties":{"GEOID":"08031005004","COUNTY":"031","NAME":null,"point_on_surface":{"lon":-104.908105,"lat":39.694383,"method":"largest-ring-centroid"}},"geometry":{"type":"Polygon","coordinates":[[[-104.9128,39.7028],[-104.9129,39.6909],[-104.9034,39.6855],[-104.9035,39.6985],[-104.9128,39.7028]]]}},{"type":"Feature","properties":{"GEOID":"08031006903","COUNTY":"031","NAME":null,"point_on_surface":{"lon":-104.908279,"lat":39.672889,"method":"largest-ring-centroid"}},"geometry":{"type":"Polygon","coordinates":[[[-104.9128,39.6785],[-104.9129,39.6676],[-104.9035,39.6676],[-104.9036,39.6767],[-104.9062,39.6784],[-104.9128,39.6785]]]}},{"type":"Feature","properties":{"GEOID":"08031006902","COUNTY":"031","NAME":null,"point_on_surface":{"lon":-104.921551,"lat":39.673489,"method":"largest-ring-centroid"}},"geometry":{"type":"Polygon","coordinates":[[[-104.9316,39.6785],[-104.934,39.6784],[-104.9257,39.6675],[-104.9129,39.6676],[-104.9128,39.6785],[-104.9223,39.6785],[-104.9316,39.6785]]]}},{"type":"Feature","properties":{"GEOID":"08031002604","COUNTY":"031","NAME":null,"point_on_surface":{"lon":-104.983651,"lat":39.7417,"method":"largest-ring-centroid"}},"geometry":{"type":"Polygon","coordinates":[[[-104.9874,39.7434],[-104.9874,39.7401],[-104.9799,39.74],[-104.9799,39.7433],[-104.9874,39.7434]]]}},{"type":"Feature","properties":{"GEOID":"08031004112","COUNTY":"031","NAME":null,"point_on_surface":{"lon":-104.895235,"lat":39.754625,"method":"largest-ring-centroid"}},"geometry":{"type":"Polygon","coordinates":[[[-104.9035,39.7614],[-104.9034,39.751],[-104.8847,39.7475],[-104.8902,39.7599],[-104.9035,39.7614]]]}},{"type":"Feature","properties":{"GEOID":"08031003005","COUNTY":"031","NAME":null,"point_on_surface":{"lon":-104.98164,"lat":39.691189,"method":"largest-ring-centroid"}},"geometry":{"type":"Polygon","coordinates":[[[-104.9874,39.6966],[-104.9875,39.6876],[-104.9734,39.6876],[-104.9734,39.6898],[-104.9804,39.6951],[-104.9874,39.6966]]]}},{"type":"Feature","properties":{"GEOID":"08031002705","COUNTY":"031","NAME":null,"point_on_surface":{"lon":-104.983665,"lat":39.733597,"method":"largest-ring-centroid"}},"geometry":{"type":"Polygon","coordinates":[[[-104.9874,39.7353],[-104.9874,39.732],[-104.9798,39.732],[-104.9799,39.7351],[-104.9874,39.7353]]]}},{"type":"Feature","properties":{"GEOID":"08031004406","COUNTY":"031","NAME":null,"point_on_surface":{"lon":-104.899435,"lat":39.727638,"method":"largest-ring-centroid"}},"geometry":{"type":"Polygon","coordinates":[[[-104.9034,39.7256],[-104.9037,39.7171],[-104.8913,39.7328],[-104.9035,39.7329],[-104.9034,39.7256]]]}},{"type":"Feature","properties":{"GEOID":"08031002707","COUNTY":"031","NAME":null,"point_on_surface":{"lon":-104.976378,"lat":39.729663,"method":"largest-ring-centroid"}},"geometry":{"type":"Polygon","coordinates":[[[-104.9798,39.732],[-104.9799,39.7273],[-104.9729,39.7273],[-104.973,39.7321],[-104.9798,39.732]]]}},{"type":"Feature","properties":{"GEOID":"08031002404","COUNTY":"031","NAME":null,"point_on_surface":{"lon":-104.976537,"lat":39.756926,"method":"largest-ring-centroid"}},"geometry":{"type":"Polygon","coordinates":[[[-104.9818,39.7559],[-104.9781,39.7532],[-104.9734,39.7546],[-104.9733,39.7621],[-104.977,39.7596],[-104.9818,39.7559]]]}},{"type":"Feature","properties":{"GEOID":"08031004407","COUNTY":"031","NAME":null,"point_on_surface":{"lon":-104.886799,"lat":39.719054,"method":"largest-ring-centroid"}},"geometry":{"type":"Polygon","coordinates":[[[-104.9037,39.7171],[-104.9035,39.7113],[-104.8929,39.7112],[-104.8854,39.7071],[-104.8706,39.7102],[-104.8753,39.7256],[-104.8847,39.7328],[-104.8913,39.7328],[-104.9037,39.7171]]]}},{"type":"Feature","properties":{"GEOID":"08031003502","COUNTY":"031","NAME":null,"point_on_surface":{"lon":-104.943367,"lat":39.7885,"method":"largest-ring-centroid"}},"geometry":{"type":"Polygon","coordinates":[[[-104.9497,39.7946],[-104.9405,39.7799],[-104.9399,39.791],[-104.9497,39.7946]]]}},{"type":"Feature","properties":{"GEOID":"08031012015","COUNTY":"031","NAME":null,"point_on_surface":{"lon":-105.093309,"lat":39.633737,"method":"largest-ring-centroid"}},"geometry":{"type":"Polygon","coordinates":[[[-105.0911,39.6387],[-105.1099,39.6299],[-105.0872,39.63],[-105.0817,39.6388],[-105.0911,39.6387]]]}},{"type":"Feature","properties":{"GEOID":"08031002805","COUNTY":"031","NAME":null,"point_on_surface":{"lon":-104.976875,"lat":39.713793,"method":"largest-ring-centroid"}},"geometry":{"type":"Polygon","coordinates":[[[-104.9803,39.7165],[-104.9804,39.7111],[-104.9734,39.7111],[-104.9734,39.7165],[-104.9803,39.7165]]]}},{"type":"Feature","properties":{"GEOID":"08031003801","COUNTY":"031","NAME":null,"point_on_surface":{"lon":-104.953564,"lat":39.719277,"method":"largest-ring-centroid"}},"geometry":{"type":"Polygon","coordinates":[[[-104.9602,39.7256],[-104.9593,39.7153],[-104.9462,39.7115],[-104.9498,39.7256],[-104.9602,39.7256]]]}},{"type":"Feature","properties":{"GEOID":"08031000503","COUNTY":"031","NAME":null,"point_on_surface":{"lon":-105.036331,"lat":39.753818,"method":"largest-ring-centroid"}},"geometry":{"type":"Polygon","coordinates":[[[-105.0393,39.7585],[-105.0358,39.7464],[-105.0346,39.7585],[-105.0393,39.7585]]]}},{"type":"Feature","properties":{"GEOID":"08031004110","COUNTY":"031","NAME":null,"point_on_surface":{"lon":-104.862264,"lat":39.767447,"method":"largest-ring-centroid"}},"geometry":{"type":"Polygon","coordinates":[[[-104.8829,39.7771],[-104.8902,39.7603],[-104.8555,39.7578],[-104.8283,39.7692],[-104.8282,39.7724],[-104.8762,39.7765],[-104.8829,39.7771]]]}},{"type":"Feature","properties":{"GEOID":"08031004108","COUNTY":"031","NAME":null,"point_on_surface":{"lon":-104.87448,"lat":39.755336,"method":"largest-ring-centroid"}},"geometry":{"type":"Polygon","coordinates":[[[-104.8902,39.7599],[-104.8847,39.7475],[-104.8659,39.7547],[-104.8469,39.7547],[-104.8555,39.7578],[-104.8902,39.7603],[-104.8902,39.7599]]]}},{"type":"Feature","properties":{"GEOID":"08031012016","COUNTY":"031","NAME":null,"point_on_surface":{"lon":-105.099409,"lat":39.627242,"method":"largest-ring-centroid"}},"geometry":{"type":"Polygon","coordinates":[[[-105.1099,39.6299],[-105.1075,39.6242],[-105.0913,39.6242],[-105.0912,39.6271],[-105.0872,39.63],[-105.1099,39.6299]]]}},{"type":"Feature","properties":{"GEOID":"08031003501","COUNTY":"031","NAME":null,"point_on_surface":{"lon":-104.958548,"lat":39.781522,"method":"largest-ring-centroid"}},"geometry":{"type":"Polygon","coordinates":[[[-104.9784,39.7753],[-104.9719,39.7703],[-104.9594,39.7729],[-104.9405,39.7729],[-104.9405,39.7799],[-104.9497,39.7946],[-104.9689,39.791],[-104.9784,39.7753]]]}},{"type":"Feature","properties":{"GEOID":"08031004308","COUNTY":"031","NAME":null,"point_on_surface":{"lon":-104.93571,"lat":39.729724,"method":"largest-ring-centroid"}},"geometry":{"type":"Polygon","coordinates":[[[-104.9406,39.7321],[-104.9406,39.7256],[-104.9305,39.7256],[-104.9304,39.7329],[-104.9406,39.7347],[-104.9406,39.7321]]]}},{"type":"Feature","properties":{"GEOID":"08031004309","COUNTY":"031","NAME":null,"point_on_surface":{"lon":-104.917676,"lat":39.732788,"method":"largest-ring-centroid"}},"geometry":{"type":"Polygon","coordinates":[[[-104.9223,39.7401],[-104.9228,39.7256],[-104.9128,39.7256],[-104.9128,39.7401],[-104.9223,39.7401]]]}},{"type":"Feature","properties":{"GEOID":"08031001705","COUNTY":"031","NAME":null,"point_on_surface":{"lon":-105.001179,"lat":39.754431,"method":"largest-ring-centroid"}},"geometry":{"type":"Polygon","coordinates":[[[-105.006,39.7521],[-105.0034,39.75],[-104.996,39.7556],[-105.0004,39.759],[-105.006,39.7521]]]}},{"type":"Feature","properties":{"GEOID":"08031001602","COUNTY":"031","NAME":null,"point_on_surface":{"lon":-104.992988,"lat":39.760675,"method":"largest-ring-centroid"}},"geometry":{"type":"Polygon","coordinates":[[[-105.0029,39.7606],[-104.9943,39.7543],[-104.9877,39.7594],[-104.9848,39.7674],[-104.9984,39.7621],[-105.0029,39.7606]]]}},{"type":"Feature","properties":{"GEOID":"08031001703","COUNTY":"031","NAME":null,"point_on_surface":{"lon":-105.00442,"lat":39.756522,"method":"largest-ring-centroid"}},"geometry":{"type":"Polygon","coordinates":[[[-105.0082,39.7548],[-105.006,39.7521],[-105.0004,39.759],[-105.0029,39.7606],[-105.0082,39.7548]]]}},{"type":"Feature","properties":{"GEOID":"08031980200","COUNTY":"031","NAME":null,"point_on_surface":{"lon":-105.007831,"lat":39.745512,"method":"largest-ring-centroid"}},"geometry":{"type":"Polygon","coordinates":[[[-105.0163,39.7434],[-105.0174,39.7405],[-104.9986,39.7402],[-105.0034,39.75],[-105.0082,39.7548],[-105.0095,39.7539],[-105.0163,39.7434]]]}},{"type":"Feature","properties":{"GEOID":"08067970703","COUNTY":"067","NAME":null,"point_on_surface":{"lon":-107.799855,"lat":37.293346,"method":"largest-ring-centroid"}},"geometry":{"type":"Polygon","coordinates":[[[-107.8696,37.263],[-107.8476,37.2149],[-107.7466,37.215],[-107.7242,37.3354],[-107.8334,37.385],[-107.8544,37.4021],[-107.8547,37.3315],[-107.8503,37.3105],[-107.8696,37.263]]]}},{"type":"Feature","properties":{"GEOID":"08019014702","COUNTY":"019","NAME":null,"point_on_surface":{"lon":-105.56776,"lat":39.733061,"method":"largest-ring-centroid"}},"geometry":{"type":"Polygon","coordinates":[[[-105.6903,39.852],[-105.7241,39.819],[-105.5635,39.7562],[-105.6609,39.6758],[-105.6324,39.5794],[-105.6062,39.652],[-105.3983,39.7141],[-105.3979,39.746],[-105.5083,39.7642],[-105.4966,39.7402],[-105.5568,39.755],[-105.5482,39.7818],[-105.5834,39.8221],[-105.6903,39.852]]]}},{"type":"Feature","properties":{"GEOID":"08101001600","COUNTY":"101","NAME":null,"point_on_surface":{"lon":-104.648693,"lat":38.26563,"method":"largest-ring-centroid"}},"geometry":{"type":"Polygon","coordinates":[[[-104.6621,38.2688],[-104.6615,38.2584],[-104.6439,38.2585],[-104.6336,38.2694],[-104.6332,38.2728],[-104.6493,38.2722],[-104.6621,38.2688]]]}},{"type":"Feature","properties":{"GEOID":"08101001700","COUNTY":"101","NAME":null,"point_on_surface":{"lon":-104.654324,"lat":38.249566,"method":"largest-ring-centroid"}},"geometry":{"type":"Polygon","coordinates":[[[-104.6621,38.2471],[-104.6624,38.2355],[-104.6505,38.2428],[-104.6439,38.2513],[-104.6439,38.2585],[-104.6615,38.2584],[-104.6621,38.2471]]]}},{"type":"Feature","properties":{"GEOID":"08091967601","COUNTY":"091","NAME":null,"point_on_surface":{"lon":-107.91736,"lat":38.262884,"method":"largest-ring-centroid"}},"geometry":{"type":"Polygon","coordinates":[[[-107.7831,38.3322],[-108.1324,38.3316],[-108.0867,38.2758],[-107.9381,38.1739],[-107.7636,38.1813],[-107.7831,38.3322]]]}},{"type":"Feature","properties":{"GEOID":"08091967602","COUNTY":"091","NAME":null,"point_on_surface":{"lon":-107.728837,"lat":38.108004,"method":"largest-ring-centroid"}},"geometry":{"type":"Polygon","coordinates":[[[-107.9658,38.1523],[-107.8998,38.0258],[-107.7354,37.9319],[-107.7383,37.9054],[-107.5689,37.965],[-107.5686,38.1473],[-107.635,38.3019],[-107.7831,38.3322],[-107.7636,38.1813],[-107.9381,38.1739],[-107.9658,38.1523]]]}},{"type":"Feature","properties":{"GEOID":"08041005601","COUNTY":"041","NAME":null,"point_on_surface":{"lon":-104.729578,"lat":38.890287,"method":"largest-ring-centroid"}},"geometry":{"type":"Polygon","coordinates":[[[-104.7384,38.897],[-104.7386,38.8857],[-104.7198,38.8853],[-104.7197,38.8937],[-104.7384,38.897]]]}},{"type":"Feature","properties":{"GEOID":"08041005602","COUNTY":"041","NAME":null,"point_on_surface":{"lon":-104.723353,"lat":38.879652,"method":"largest-ring-centroid"}},"geometry":{"type":"Polygon","coordinates":[[[-104.7297,38.8848],[-104.7226,38.8715],[-104.7199,38.8721],[-104.7198,38.8853],[-104.7297,38.8848]]]}},{"type":"Feature","properties":{"GEOID":"08031011902","COUNTY":"031","NAME":null,"point_on_surface":{"lon":-105.060819,"lat":39.661232,"method":"largest-ring-centroid"}},"geometry":{"type":"Polygon","coordinates":[[[-105.072,39.66],[-105.0571,39.6529],[-105.0531,39.6534],[-105.0533,39.6678],[-105.0673,39.6678],[-105.072,39.66]]]}},{"type":"Feature","properties":{"GEOID":"08031011903","COUNTY":"031","NAME":null,"point_on_surface":{"lon":-105.075415,"lat":39.665236,"method":"largest-ring-centroid"}},"geometry":{"type":"Polygon","coordinates":[[[-105.0814,39.6701],[-105.0815,39.6621],[-105.072,39.66],[-105.0673,39.6678],[-105.0814,39.6701]]]}},{"type":"Feature","properties":{"GEOID":"08041007205","COUNTY":"041","NAME":null,"point_on_surface":{"lon":-104.809777,"lat":39.007727,"method":"largest-ring-centroid"}},"geometry":{"type":"Polygon","coordinates":[[[-104.8311,39.0272],[-104.7983,38.9765],[-104.7934,38.9905],[-104.8086,39.0272],[-104.8281,39.0282],[-104.8311,39.0272]]]}},{"type":"Feature","properties":{"GEOID":"08041003002","COUNTY":"041","NAME":null,"point_on_surface":{"lon":-104.833782,"lat":38.8056,"method":"largest-ring-centroid"}},"geometry":{"type":"Polygon","coordinates":[[[-104.8408,38.809],[-104.8409,38.8016],[-104.8223,38.8067],[-104.8408,38.809]]]}},{"type":"Feature","properties":{"GEOID":"08041006701","COUNTY":"041","NAME":null,"point_on_surface":{"lon":-104.907766,"lat":38.860354,"method":"largest-ring-centroid"}},"geometry":{"type":"Polygon","coordinates":[[[-104.9228,38.8678],[-104.9403,38.8507],[-104.882,38.8565],[-104.8789,38.8677],[-104.9022,38.8678],[-104.9228,38.8678]]]}},{"type":"Feature","properties":{"GEOID":"08041003713","COUNTY":"041","NAME":null,"point_on_surface":{"lon":-104.940754,"lat":39.02939,"method":"largest-ring-centroid"}},"geometry":{"type":"Polygon","coordinates":[[[-105.0335,39.1298],[-105.0275,39.0196],[-104.9022,38.8678],[-104.8789,38.8677],[-104.8706,38.8778],[-104.8722,38.8979],[-104.8757,38.9157],[-104.8916,38.9547],[-104.9058,39.0062],[-104.8512,39.0421],[-104.8628,39.0923],[-104.8639,39.1299],[-105.0296,39.1298],[-105.0335,39.1298]]]}},{"type":"Feature","properties":{"GEOID":"08041007301","COUNTY":"041","NAME":null,"point_on_surface":{"lon":-104.831989,"lat":39.063847,"method":"largest-ring-centroid"}},"geometry":{"type":"Polygon","coordinates":[[[-104.7849,39.0565],[-104.8595,39.0784],[-104.8515,39.0566],[-104.8241,39.0566],[-104.7849,39.0565]]]}},{"type":"Feature","properties":{"GEOID":"08041004707","COUNTY":"041","NAME":null,"point_on_surface":{"lon":-104.7312,"lat":38.918167,"method":"largest-ring-centroid"}},"geometry":{"type":"Polygon","coordinates":[[[-104.7217,38.9209],[-104.7382,38.9203],[-104.7337,38.9133],[-104.7217,38.9209]]]}},{"type":"Feature","properties":{"GEOID":"08041007103","COUNTY":"041","NAME":null,"point_on_surface":{"lon":-104.746593,"lat":38.960733,"method":"largest-ring-centroid"}},"geometry":{"type":"Polygon","coordinates":[[[-104.7577,38.966],[-104.7644,38.9569],[-104.7393,38.9545],[-104.7273,38.9564],[-104.7438,38.9682],[-104.7577,38.966]]]}},{"type":"Feature","properties":{"GEOID":"08041003401","COUNTY":"041","NAME":null,"point_on_surface":{"lon":-104.98564,"lat":38.853397,"method":"largest-ring-centroid"}},"geometry":{"type":"Polygon","coordinates":[[[-105.0271,38.952],[-105.0725,38.805],[-104.9398,38.7923],[-104.9024,38.811],[-104.8792,38.8308],[-104.8665,38.8458],[-104.8726,38.8513],[-104.9403,38.8507],[-104.9228,38.8678],[-105.0271,38.9549],[-105.0271,38.952]]]}},{"type":"Feature","properties":{"GEOID":"08039961208","COUNTY":"039","NAME":null,"point_on_surface":{"lon":-104.586678,"lat":39.297368,"method":"largest-ring-centroid"}},"geometry":{"type":"Polygon","coordinates":[[[-104.6633,39.362],[-104.663,39.2167],[-104.5337,39.2415],[-104.4736,39.3466],[-104.6068,39.3616],[-104.6633,39.362]]]}},{"type":"Feature","properties":{"GEOID":"08039961209","COUNTY":"039","NAME":null,"point_on_surface":{"lon":-104.562017,"lat":39.19782,"method":"largest-ring-centroid"}},"geometry":{"type":"Polygon","coordinates":[[[-104.663,39.2167],[-104.6629,39.1295],[-104.5049,39.1295],[-104.4635,39.3466],[-104.4736,39.3466],[-104.5337,39.2415],[-104.663,39.2167]]]}},{"type":"Feature","properties":{"GEOID":"08039961206","COUNTY":"039","NAME":null,"point_on_surface":{"lon":-104.634684,"lat":39.412473,"method":"largest-ring-centroid"}},"geometry":{"type":"Polygon","coordinates":[[[-104.6627,39.4344],[-104.6633,39.362],[-104.6068,39.3616],[-104.6062,39.463],[-104.6623,39.4635],[-104.6627,39.4344]]]}},{"type":"Feature","properties":{"GEOID":"08039961207","COUNTY":"039","NAME":null,"point_on_surface":{"lon":-104.530851,"lat":39.405336,"method":"largest-ring-centroid"}},"geometry":{"type":"Polygon","coordinates":[[[-104.6062,39.463],[-104.6068,39.3616],[-104.4736,39.3466],[-104.4635,39.3466],[-104.4482,39.448],[-104.6062,39.463]]]}},{"type":"Feature","properties":{"GEOID":"08087000100","COUNTY":"087","NAME":null,"point_on_surface":{"lon":-103.834208,"lat":40.413887,"method":"largest-ring-centroid"}},"geometry":{"type":"Polygon","coordinates":[[[-103.5818,40.5234],[-104.1477,40.5244],[-104.1502,40.3055],[-103.9228,40.3218],[-103.8014,40.2689],[-103.7126,40.276],[-103.4647,40.4082],[-103.4654,40.4363],[-103.5818,40.5234]]]}},{"type":"Feature","properties":{"GEOID":"08087000700","COUNTY":"087","NAME":null,"point_on_surface":{"lon":-103.622733,"lat":40.248133,"method":"largest-ring-centroid"}},"geometry":{"type":"Polygon","coordinates":[[[-103.6612,40.2477],[-103.604,40.2201],[-103.603,40.2766],[-103.6612,40.2477]]]}},{"type":"Feature","properties":{"GEOID":"08087000200","COUNTY":"087","NAME":null,"point_on_surface":{"lon":-104.024337,"lat":40.150594,"method":"largest-ring-centroid"}},"geometry":{"type":"Polygon","coordinates":[[[-104.1502,40.3055],[-104.1503,40.0009],[-103.8661,40.0012],[-103.9243,40.2428],[-103.9228,40.3218],[-104.1502,40.3055]]]}},{"type":"Feature","properties":{"GEOID":"08087000600","COUNTY":"087","NAME":null,"point_on_surface":{"lon":-103.835993,"lat":40.148878,"method":"largest-ring-centroid"}},"geometry":{"type":"Polygon","coordinates":[[[-103.9243,40.2428],[-103.8661,40.0012],[-103.7916,40.0013],[-103.7922,40.1874],[-103.7126,40.276],[-103.8014,40.2689],[-103.8014,40.2637],[-103.7778,40.254],[-103.8298,40.2467],[-103.8298,40.254],[-103.9243,40.2428]]]}},{"type":"Feature","properties":{"GEOID":"08087000400","COUNTY":"087","NAME":null,"point_on_surface":{"lon":-103.798767,"lat":40.257233,"method":"largest-ring-centroid"}},"geometry":{"type":"Polygon","coordinates":[[[-103.8014,40.2637],[-103.8171,40.254],[-103.7778,40.254],[-103.8014,40.2637]]]}},{"type":"Feature","properties":{"GEOID":"08087000500","COUNTY":"087","NAME":null,"point_on_surface":{"lon":-103.812467,"lat":40.251567,"method":"largest-ring-centroid"}},"geometry":{"type":"Polygon","coordinates":[[[-103.8298,40.254],[-103.8298,40.2467],[-103.7778,40.254],[-103.8171,40.254],[-103.8298,40.254]]]}},{"type":"Feature","properties":{"GEOID":"08087000800","COUNTY":"087","NAME":null,"point_on_surface":{"lon":-103.612833,"lat":40.164377,"method":"largest-ring-centroid"}},"geometry":{"type":"Polygon","coordinates":[[[-103.7126,40.276],[-103.7922,40.1874],[-103.7916,40.0013],[-103.472,40.0015],[-103.4647,40.4082],[-103.7126,40.276]],[[-103.6612,40.2477],[-103.603,40.2766],[-103.604,40.2201],[-103.6612,40.2477]]]}},{"type":"Feature","properties":{"GEOID":"08087000300","COUNTY":"087","NAME":null,"point_on_surface":{"lon":-103.878061,"lat":40.275161,"method":"largest-ring-centroid"}},"geometry":{"type":"Polygon","coordinates":[[[-103.9228,40.3218],[-103.9243,40.2428],[-103.8298,40.254],[-103.8171,40.254],[-103.8014,40.2637],[-103.8014,40.2689],[-103.9228,40.3218]]]}},{"type":"Feature","properties":{"GEOID":"08031004006","COUNTY":"031","NAME":null,"point_on_surface":{"lon":-104.95005,"lat":39.673,"method":"largest-ring-centroid"}},"geometry":{"type":"Polygon","coordinates":[[[-104.9594,39.6784],[-104.9594,39.6676],[-104.9407,39.6676],[-104.9407,39.6784],[-104.9594,39.6784]]]}},{"type":"Feature","properties":{"GEOID":"08059012023","COUNTY":"059","NAME":null,"point_on_surface":{"lon":-105.098597,"lat":39.586899,"method":"largest-ring-centroid"}},"geometry":{"type":"Polygon","coordinates":[[[-105.1102,39.593],[-105.1055,39.5807],[-105.0872,39.5807],[-105.0915,39.5931],[-105.1102,39.593]]]}},{"type":"Feature","properties":{"GEOID":"08059012024","COUNTY":"059","NAME":null,"point_on_surface":{"lon":-105.125677,"lat":39.568501,"method":"largest-ring-centroid"}},"geometry":{"type":"Polygon","coordinates":[[[-105.146,39.5774],[-105.1307,39.5508],[-105.1212,39.5544],[-105.1102,39.5696],[-105.1055,39.5807],[-105.146,39.5774]]]}},{"type":"Feature","properties":{"GEOID":"08031004101","COUNTY":"031","NAME":null,"point_on_surface":{"lon":-104.931801,"lat":39.774738,"method":"largest-ring-centroid"}},"geometry":{"type":"Polygon","coordinates":[[[-104.9405,39.7729],[-104.9407,39.7619],[-104.9223,39.762],[-104.9223,39.7838],[-104.9399,39.791],[-104.9405,39.7799],[-104.9405,39.7729]]]}},{"type":"Feature","properties":{"GEOID":"08031004303","COUNTY":"031","NAME":null,"point_on_surface":{"lon":-104.931596,"lat":39.718341,"method":"largest-ring-centroid"}},"geometry":{"type":"Polygon","coordinates":[[[-104.9406,39.7116],[-104.9223,39.7113],[-104.9228,39.7256],[-104.9406,39.7256],[-104.9406,39.7116]]]}},{"type":"Feature","properties":{"GEOID":"08031003902","COUNTY":"031","NAME":null,"point_on_surface":{"lon":-104.949759,"lat":39.690169,"method":"largest-ring-centroid"}},"geometry":{"type":"Polygon","coordinates":[[[-104.9593,39.6966],[-104.9595,39.6847],[-104.9404,39.6829],[-104.9406,39.6966],[-104.9593,39.6966]]]}},{"type":"Feature","properties":{"GEOID":"08031004002","COUNTY":"031","NAME":null,"point_on_surface":{"lon":-104.94947,"lat":39.660628,"method":"largest-ring-centroid"}},"geometry":{"type":"Polygon","coordinates":[[[-104.9594,39.6615],[-104.955,39.653],[-104.9407,39.653],[-104.9407,39.6676],[-104.9594,39.6676],[-104.9594,39.6615]]]}},{"type":"Feature","properties":{"GEOID":"08031004003","COUNTY":"031","NAME":null,"point_on_surface":{"lon":-104.931387,"lat":39.65997,"method":"largest-ring-centroid"}},"geometry":{"type":"Polygon","coordinates":[[[-104.9407,39.6676],[-104.9407,39.653],[-104.9185,39.6531],[-104.9257,39.6675],[-104.9407,39.6683],[-104.9407,39.6676]]]}},{"type":"Feature","properties":{"GEOID":"08031004004","COUNTY":"031","NAME":null,"point_on_surface":{"lon":-104.919827,"lat":39.647384,"method":"largest-ring-centroid"}},"geometry":{"type":"Polygon","coordinates":[[[-104.9317,39.653],[-104.9132,39.6387],[-104.9101,39.6387],[-104.9185,39.6531],[-104.9317,39.653]]]}},{"type":"Feature","properties":{"GEOID":"08031004202","COUNTY":"031","NAME":null,"point_on_surface":{"lon":-104.912889,"lat":39.74558,"method":"largest-ring-centroid"}},"geometry":{"type":"Polygon","coordinates":[[[-104.9223,39.7511],[-104.9223,39.7401],[-104.9035,39.7401],[-104.9034,39.751],[-104.9223,39.7511]]]}},{"type":"Feature","properties":{"GEOID":"08059012038","COUNTY":"059","NAME":null,"point_on_surface":{"lon":-105.155988,"lat":39.630673,"method":"largest-ring-centroid"}},"geometry":{"type":"Polygon","coordinates":[[[-105.1723,39.6333],[-105.164,39.6235],[-105.1463,39.6241],[-105.1432,39.6393],[-105.1723,39.6333]]]}},{"type":"Feature","properties":{"GEOID":"08059012039","COUNTY":"059","NAME":null,"point_on_surface":{"lon":-105.13649,"lat":39.632569,"method":"largest-ring-centroid"}},"geometry":{"type":"Polygon","coordinates":[[[-105.1432,39.6393],[-105.1463,39.6241],[-105.1287,39.6242],[-105.1286,39.6387],[-105.1317,39.6438],[-105.1432,39.6393]]]}},{"type":"Feature","properties":{"GEOID":"08031004302","COUNTY":"031","NAME":null,"point_on_surface":{"lon":-104.926486,"lat":39.732911,"method":"largest-ring-centroid"}},"geometry":{"type":"Polygon","coordinates":[[[-104.9304,39.7329],[-104.9305,39.7256],[-104.9228,39.7256],[-104.9223,39.7401],[-104.9304,39.7401],[-104.9304,39.7329]]]}},{"type":"Feature","properties":{"GEOID":"08031004005","COUNTY":"031","NAME":null,"point_on_surface":{"lon":-104.950519,"lat":39.681135,"method":"largest-ring-centroid"}},"geometry":{"type":"Polygon","coordinates":[[[-104.9595,39.6847],[-104.9594,39.6784],[-104.9407,39.6784],[-104.9404,39.6829],[-104.9595,39.6847]]]}},{"type":"Feature","properties":{"GEOID":"08001008524","COUNTY":"001","NAME":null,"point_on_surface":{"lon":-104.931143,"lat":39.942912,"method":"largest-ring-centroid"}},"geometry":{"type":"Polygon","coordinates":[[[-104.9403,39.9574],[-104.9402,39.9284],[-104.9219,39.9285],[-104.9221,39.9574],[-104.9403,39.9574]]]}},{"type":"Feature","properties":{"GEOID":"08001008526","COUNTY":"001","NAME":null,"point_on_surface":{"lon":-104.974301,"lat":39.943539,"method":"largest-ring-centroid"}},"geometry":{"type":"Polygon","coordinates":[[[-104.9881,39.9576],[-104.9878,39.9285],[-104.9652,39.9284],[-104.9593,39.9428],[-104.9594,39.9575],[-104.9881,39.9576]]]}},{"type":"Feature","properties":{"GEOID":"08001060100","COUNTY":"001","NAME":null,"point_on_surface":{"lon":-105.001795,"lat":39.943057,"method":"largest-ring-centroid"}},"geometry":{"type":"Polygon","coordinates":[[[-105.0156,39.9577],[-105.0155,39.9285],[-104.9878,39.9285],[-104.9881,39.9576],[-105.0156,39.9577]]]}},{"type":"Feature","properties":{"GEOID":"08001060200","COUNTY":"001","NAME":null,"point_on_surface":{"lon":-105.009697,"lat":39.920838,"method":"largest-ring-centroid"}},"geometry":{"type":"Polygon","coordinates":[[[-105.0344,39.9214],[-105.0344,39.9142],[-104.9899,39.9141],[-104.9878,39.9285],[-105.0155,39.9285],[-105.0344,39.9214]]]}},{"type":"Feature","properties":{"GEOID":"08001008508","COUNTY":"001","NAME":null,"point_on_surface":{"lon":-104.949351,"lat":39.906611,"method":"largest-ring-centroid"}},"geometry":{"type":"Polygon","coordinates":[[[-104.9582,39.9139],[-104.9588,39.8995],[-104.9402,39.8994],[-104.9402,39.9138],[-104.9582,39.9139]]]}},{"type":"Feature","properties":{"GEOID":"08043979100","COUNTY":"043","NAME":null,"point_on_surface":{"lon":-105.192348,"lat":38.417259,"method":"largest-ring-centroid"}},"geometry":{"type":"Polygon","coordinates":[[[-105.226,38.4391],[-105.2362,38.4205],[-105.1655,38.3989],[-105.1378,38.4072],[-105.1787,38.4222],[-105.226,38.4391]]]}},{"type":"Feature","properties":{"GEOID":"08043978800","COUNTY":"043","NAME":null,"point_on_surface":{"lon":-105.235864,"lat":38.432169,"method":"largest-ring-centroid"}},"geometry":{"type":"Polygon","coordinates":[[[-105.2457,38.4352],[-105.2362,38.4205],[-105.226,38.4391],[-105.2328,38.4394],[-105.2457,38.4352]]]}},{"type":"Feature","properties":{"GEOID":"08043980300","COUNTY":"043","NAME":null,"point_on_surface":{"lon":-105.153509,"lat":38.429235,"method":"largest-ring-centroid"}},"geometry":{"type":"Polygon","coordinates":[[[-105.1625,38.4497],[-105.1787,38.4222],[-105.1378,38.4072],[-105.1349,38.4426],[-105.1625,38.4497]]]}},{"type":"Feature","properties":{"GEOID":"08043978100","COUNTY":"043","NAME":null,"point_on_surface":{"lon":-105.02142,"lat":38.513791,"method":"largest-ring-centroid"}},"geometry":{"type":"Polygon","coordinates":[[[-105.1099,38.6478],[-105.1137,38.4372],[-105.056,38.3957],[-104.9407,38.3373],[-104.9422,38.6501],[-105.1099,38.6478]]]}},{"type":"Feature","properties":{"GEOID":"08043978200","COUNTY":"043","NAME":null,"point_on_surface":{"lon":-105.111754,"lat":38.412328,"method":"largest-ring-centroid"}},"geometry":{"type":"Polygon","coordinates":[[[-105.1655,38.3989],[-105.1633,38.3965],[-105.056,38.3957],[-105.1137,38.4372],[-105.1349,38.4426],[-105.1378,38.4072],[-105.1655,38.3989]]]}},{"type":"Feature","properties":{"GEOID":"08043978500","COUNTY":"043","NAME":null,"point_on_surface":{"lon":-105.237872,"lat":38.473593,"method":"largest-ring-centroid"}},"geometry":{"type":"Polygon","coordinates":[[[-105.2096,38.5035],[-105.2639,38.4802],[-105.252,38.4466],[-105.2458,38.4466],[-105.2274,38.4551],[-105.2096,38.5035]]]}},{"type":"Feature","properties":{"GEOID":"08043978600","COUNTY":"043","NAME":null,"point_on_surface":{"lon":-105.236614,"lat":38.444794,"method":"largest-ring-centroid"}},"geometry":{"type":"Polygon","coordinates":[[[-105.2458,38.4466],[-105.2457,38.4352],[-105.2328,38.4394],[-105.2271,38.4459],[-105.2274,38.4551],[-105.2458,38.4466]]]}},{"type":"Feature","properties":{"GEOID":"08043978300","COUNTY":"043","NAME":null,"point_on_surface":{"lon":-105.158874,"lat":38.54118,"method":"largest-ring-centroid"}},"geometry":{"type":"Polygon","coordinates":[[[-105.1904,38.6482],[-105.2096,38.5035],[-105.2274,38.4551],[-105.2271,38.4459],[-105.1625,38.4497],[-105.1137,38.4372],[-105.1099,38.6478],[-105.1904,38.6482]]]}},{"type":"Feature","properties":{"GEOID":"08043979200","COUNTY":"043","NAME":null,"point_on_surface":{"lon":-105.296213,"lat":38.372724,"method":"largest-ring-centroid"}},"geometry":{"type":"Polygon","coordinates":[[[-105.3752,38.4858],[-105.3689,38.2594],[-105.2792,38.2587],[-105.1633,38.3965],[-105.1655,38.3989],[-105.2362,38.4205],[-105.252,38.4466],[-105.2639,38.4802],[-105.3752,38.4858]]]}},{"type":"Feature","properties":{"GEOID":"08043978400","COUNTY":"043","NAME":null,"point_on_surface":{"lon":-105.193413,"lat":38.438797,"method":"largest-ring-centroid"}},"geometry":{"type":"Polygon","coordinates":[[[-105.2271,38.4459],[-105.2328,38.4394],[-105.226,38.4391],[-105.1787,38.4222],[-105.1625,38.4497],[-105.2271,38.4459]]]}},{"type":"Feature","properties":{"GEOID":"08059012041","COUNTY":"059","NAME":null,"point_on_surface":{"lon":-105.115503,"lat":39.632332,"method":"largest-ring-centroid"}},"geometry":{"type":"Polygon","coordinates":[[[-105.1286,39.6387],[-105.1287,39.6242],[-105.1075,39.6242],[-105.1099,39.6299],[-105.0911,39.6387],[-105.1098,39.6387],[-105.1286,39.6387]]]}},{"type":"Feature","properties":{"GEOID":"08059012043","COUNTY":"059","NAME":null,"point_on_surface":{"lon":-105.14585,"lat":39.614628,"method":"largest-ring-centroid"}},"geometry":{"type":"Polygon","coordinates":[[[-105.164,39.6235],[-105.1563,39.6003],[-105.1288,39.6097],[-105.1287,39.6242],[-105.1463,39.6241],[-105.164,39.6235]]]}},{"type":"Feature","properties":{"GEOID":"08043980100","COUNTY":"043","NAME":null,"point_on_surface":{"lon":-105.247867,"lat":38.4433,"method":"largest-ring-centroid"}},"geometry":{"type":"Polygon","coordinates":[[[-105.252,38.4466],[-105.2458,38.4367],[-105.2458,38.4466],[-105.252,38.4466]]]}},{"type":"Feature","properties":{"GEOID":"08031006701","COUNTY":"031","NAME":null,"point_on_surface":{"lon":-104.909165,"lat":39.630083,"method":"largest-ring-centroid"}},"geometry":{"type":"Polygon","coordinates":[[[-104.9132,39.6387],[-104.9134,39.6241],[-104.9019,39.6241],[-104.9101,39.6387],[-104.9132,39.6387]]]}},{"type":"Feature","properties":{"GEOID":"08031000102","COUNTY":"031","NAME":null,"point_on_surface":{"lon":-105.039056,"lat":39.780325,"method":"largest-ring-centroid"}},"geometry":{"type":"Polygon","coordinates":[[[-105.0532,39.7837],[-105.0533,39.7766],[-105.0253,39.7766],[-105.0253,39.7844],[-105.0532,39.7837]]]}},{"type":"Feature","properties":{"GEOID":"08031000202","COUNTY":"031","NAME":null,"point_on_surface":{"lon":-105.012444,"lat":39.780026,"method":"largest-ring-centroid"}},"geometry":{"type":"Polygon","coordinates":[[[-105.0253,39.7844],[-105.0253,39.7766],[-104.9982,39.7766],[-104.9983,39.7824],[-105.0251,39.7844],[-105.0253,39.7844]]]}},{"type":"Feature","properties":{"GEOID":"08031000301","COUNTY":"031","NAME":null,"point_on_surface":{"lon":-105.03925,"lat":39.772975,"method":"largest-ring-centroid"}},"geometry":{"type":"Polygon","coordinates":[[[-105.0533,39.7766],[-105.0532,39.7693],[-105.0252,39.7693],[-105.0253,39.7766],[-105.0533,39.7766]]]}},{"type":"Feature","properties":{"GEOID":"08031000302","COUNTY":"031","NAME":null,"point_on_surface":{"lon":-105.046239,"lat":39.763925,"method":"largest-ring-centroid"}},"geometry":{"type":"Polygon","coordinates":[[[-105.0532,39.7693],[-105.0532,39.7585],[-105.0393,39.7585],[-105.0393,39.7694],[-105.0532,39.7693]]]}},{"type":"Feature","properties":{"GEOID":"08013061300","COUNTY":"013","NAME":null,"point_on_surface":{"lon":-105.158967,"lat":39.9342,"method":"largest-ring-centroid"}},"geometry":{"type":"Polygon","coordinates":[[[-105.1637,39.945],[-105.1658,39.9287],[-105.1474,39.9289],[-105.1637,39.945]]]}},{"type":"Feature","properties":{"GEOID":"08013013212","COUNTY":"013","NAME":null,"point_on_surface":{"lon":-105.141999,"lat":40.153926,"method":"largest-ring-centroid"}},"geometry":{"type":"Polygon","coordinates":[[[-105.1546,40.1742],[-105.1498,40.1432],[-105.1497,40.1223],[-105.1308,40.1433],[-105.1309,40.174],[-105.1546,40.1742]]]}},{"type":"Feature","properties":{"GEOID":"08013013507","COUNTY":"013","NAME":null,"point_on_surface":{"lon":-105.081225,"lat":40.181341,"method":"largest-ring-centroid"}},"geometry":{"type":"Polygon","coordinates":[[[-105.0883,40.1886],[-105.0883,40.174],[-105.0741,40.1741],[-105.0742,40.1887],[-105.0883,40.1886]]]}},{"type":"Feature","properties":{"GEOID":"08031004801","COUNTY":"031","NAME":null,"point_on_surface":{"lon":-105.047444,"lat":39.660786,"method":"largest-ring-centroid"}},"geometry":{"type":"Polygon","coordinates":[[[-105.0533,39.6678],[-105.0531,39.6534],[-105.0414,39.6543],[-105.0417,39.6677],[-105.0533,39.6678]]]}},{"type":"Feature","properties":{"GEOID":"08031005001","COUNTY":"031","NAME":null,"point_on_surface":{"lon":-104.917273,"lat":39.702431,"method":"largest-ring-centroid"}},"geometry":{"type":"Polygon","coordinates":[[[-104.9223,39.7113],[-104.9221,39.6962],[-104.9129,39.6909],[-104.9128,39.7114],[-104.9223,39.7113]]]}},{"type":"Feature","properties":{"GEOID":"08033000100","COUNTY":"033","NAME":null,"point_on_surface":{"lon":-108.517449,"lat":37.750354,"method":"largest-ring-centroid"}},"geometry":{"type":"Polygon","coordinates":[[[-109.042,37.8811],[-109.0434,37.4848],[-108.9171,37.6319],[-108.6948,37.6315],[-107.9701,37.6396],[-107.8608,37.7755],[-107.9892,37.8566],[-108.1991,37.8242],[-108.2565,37.8946],[-109.042,37.8811]]]}},{"type":"Feature","properties":{"GEOID":"08059010304","COUNTY":"059","NAME":null,"point_on_surface":{"lon":-105.106072,"lat":39.809384,"method":"largest-ring-centroid"}},"geometry":{"type":"Polygon","coordinates":[[[-105.1033,39.817],[-105.1144,39.8122],[-105.1048,39.802],[-105.1002,39.8021],[-105.1033,39.817]]]}},{"type":"Feature","properties":{"GEOID":"08059010305","COUNTY":"059","NAME":null,"point_on_surface":{"lon":-105.091912,"lat":39.806926,"method":"largest-ring-centroid"}},"geometry":{"type":"Polygon","coordinates":[[[-105.1029,39.817],[-105.1002,39.8021],[-105.0766,39.802],[-105.078,39.8065],[-105.0908,39.8098],[-105.1029,39.817]]]}},{"type":"Feature","properties":{"GEOID":"08059010307","COUNTY":"059","NAME":null,"point_on_surface":{"lon":-105.116352,"lat":39.806546,"method":"largest-ring-centroid"}},"geometry":{"type":"Polygon","coordinates":[[[-105.1235,39.8127],[-105.1235,39.8018],[-105.1048,39.802],[-105.1144,39.8122],[-105.1235,39.8127]]]}},{"type":"Feature","properties":{"GEOID":"08059010308","COUNTY":"059","NAME":null,"point_on_surface":{"lon":-105.116284,"lat":39.796562,"method":"largest-ring-centroid"}},"geometry":{"type":"Polygon","coordinates":[[[-105.1379,39.8018],[-105.138,39.7867],[-105.0861,39.7975],[-105.0837,39.802],[-105.1235,39.8018],[-105.1379,39.8018]]]}},{"type":"Feature","properties":{"GEOID":"08059010402","COUNTY":"059","NAME":null,"point_on_surface":{"lon":-105.109482,"lat":39.787667,"method":"largest-ring-centroid"}},"geometry":{"type":"Polygon","coordinates":[[[-105.138,39.7867],[-105.1379,39.7799],[-105.0861,39.785],[-105.0861,39.7975],[-105.138,39.7867]]]}},{"type":"Feature","properties":{"GEOID":"08059010405","COUNTY":"059","NAME":null,"point_on_surface":{"lon":-105.080718,"lat":39.792889,"method":"largest-ring-centroid"}},"geometry":{"type":"Polygon","coordinates":[[[-105.0861,39.7975],[-105.0861,39.785],[-105.0743,39.7858],[-105.0766,39.802],[-105.0837,39.802],[-105.0861,39.7975]]]}},{"type":"Feature","properties":{"GEOID":"08059010406","COUNTY":"059","NAME":null,"point_on_surface":{"lon":-105.064488,"lat":39.793507,"method":"largest-ring-centroid"}},"geometry":{"type":"Polygon","coordinates":[[[-105.0766,39.7997],[-105.0743,39.7858],[-105.0627,39.7839],[-105.0533,39.7911],[-105.0528,39.8025],[-105.0673,39.8003],[-105.0766,39.7997]]]}},{"type":"Feature","properties":{"GEOID":"08059009831","COUNTY":"059","NAME":null,"point_on_surface":{"lon":-105.068436,"lat":39.859916,"method":"largest-ring-centroid"}},"geometry":{"type":"Polygon","coordinates":[[[-105.0816,39.8636],[-105.0817,39.8564],[-105.0533,39.856],[-105.0567,39.8636],[-105.0816,39.8636]]]}},{"type":"Feature","properties":{"GEOID":"08059009832","COUNTY":"059","NAME":null,"point_on_surface":{"lon":-105.058583,"lat":39.849099,"method":"largest-ring-centroid"}},"geometry":{"type":"Polygon","coordinates":[[[-105.0533,39.856],[-105.0648,39.8565],[-105.0627,39.8412],[-105.0532,39.8418],[-105.0533,39.856]]]}},{"type":"Feature","properties":{"GEOID":"08059009833","COUNTY":"059","NAME":null,"point_on_surface":{"lon":-105.072673,"lat":39.848893,"method":"largest-ring-centroid"}},"geometry":{"type":"Polygon","coordinates":[[[-105.0817,39.8564],[-105.0818,39.8418],[-105.0627,39.8412],[-105.0648,39.8565],[-105.0817,39.8564]]]}},{"type":"Feature","properties":{"GEOID":"08059009834","COUNTY":"059","NAME":null,"point_on_surface":{"lon":-105.088364,"lat":39.850548,"method":"largest-ring-centroid"}},"geometry":{"type":"Polygon","coordinates":[[[-105.1006,39.8564],[-105.0866,39.8418],[-105.0818,39.8418],[-105.0817,39.8564],[-105.1006,39.8564]]]}},{"type":"Feature","properties":{"GEOID":"08059009835","COUNTY":"059","NAME":null,"point_on_surface":{"lon":-105.101293,"lat":39.848062,"method":"largest-ring-centroid"}},"geometry":{"type":"Polygon","coordinates":[[[-105.1076,39.8566],[-105.1103,39.8534],[-105.1101,39.842],[-105.0866,39.8418],[-105.1006,39.8564],[-105.1076,39.8566]]]}},{"type":"Feature","properties":{"GEOID":"08059009836","COUNTY":"059","NAME":null,"point_on_surface":{"lon":-105.147805,"lat":39.836203,"method":"largest-ring-centroid"}},"geometry":{"type":"Polygon","coordinates":[[[-105.1653,39.8472],[-105.1651,39.827],[-105.1285,39.8271],[-105.1289,39.8421],[-105.1478,39.8459],[-105.1653,39.8472]]]}},{"type":"Feature","properties":{"GEOID":"08095967600","COUNTY":"095","NAME":null,"point_on_surface":{"lon":-102.220626,"lat":40.593521,"method":"largest-ring-centroid"}},"geometry":{"type":"Polygon","coordinates":[[[-102.3823,40.7493],[-102.3972,40.4397],[-102.0515,40.44],[-102.0514,40.7496],[-102.3823,40.7493]]]}},{"type":"Feature","properties":{"GEOID":"08095967700","COUNTY":"095","NAME":null,"point_on_surface":{"lon":-102.523984,"lat":40.594326,"method":"largest-ring-centroid"}},"geometry":{"type":"Polygon","coordinates":[[[-102.6513,40.7494],[-102.6648,40.4385],[-102.3972,40.4397],[-102.3823,40.7493],[-102.6513,40.7494]]]}},{"type":"Feature","properties":{"GEOID":"08113968101","COUNTY":"113","NAME":null,"point_on_surface":{"lon":-107.790705,"lat":37.908921,"method":"largest-ring-centroid"}},"geometry":{"type":"Polygon","coordinates":[[[-107.8355,37.9466],[-107.8312,37.8775],[-107.7825,37.8678],[-107.7383,37.9054],[-107.7354,37.9319],[-107.8355,37.9466]]]}},{"type":"Feature","properties":{"GEOID":"08057955600","COUNTY":"057","NAME":null,"point_on_surface":{"lon":-106.339376,"lat":40.669431,"method":"largest-ring-centroid"}},"geometry":{"type":"Polygon","coordinates":[[[-106.8578,41.0027],[-106.8699,40.9567],[-106.6369,40.7895],[-106.6808,40.5446],[-106.6572,40.4834],[-106.6521,40.4452],[-106.4434,40.3465],[-106.0898,40.3501],[-105.9597,40.3481],[-105.8549,40.4862],[-106.1906,40.9976],[-106.8578,41.0027]]]}},{"type":"Feature","properties":{"GEOID":"08005080200","COUNTY":"005","NAME":null,"point_on_surface":{"lon":-104.856554,"lat":39.689339,"method":"largest-ring-centroid"}},"geometry":{"type":"Polygon","coordinates":[[[-104.866,39.6966],[-104.8659,39.682],[-104.8472,39.6821],[-104.8471,39.6966],[-104.866,39.6966]]]}},{"type":"Feature","properties":{"GEOID":"08005081800","COUNTY":"005","NAME":null,"point_on_surface":{"lon":-104.817741,"lat":39.732997,"method":"largest-ring-centroid"}},"geometry":{"type":"Polygon","coordinates":[[[-104.8255,39.7363],[-104.8248,39.7256],[-104.8104,39.7256],[-104.81,39.7401],[-104.8255,39.7403],[-104.8255,39.7363]]]}},{"type":"Feature","properties":{"GEOID":"08005081900","COUNTY":"005","NAME":null,"point_on_surface":{"lon":-104.800678,"lat":39.732874,"method":"largest-ring-centroid"}},"geometry":{"type":"Polygon","coordinates":[[[-104.81,39.7401],[-104.8104,39.7256],[-104.7912,39.7256],[-104.7912,39.7403],[-104.81,39.7401]]]}},{"type":"Feature","properties":{"GEOID":"08031015300","COUNTY":"031","NAME":null,"point_on_surface":{"lon":-104.926727,"lat":39.704038,"method":"largest-ring-centroid"}},"geometry":{"type":"Polygon","coordinates":[[[-104.9317,39.7111],[-104.9317,39.7002],[-104.9282,39.6966],[-104.9223,39.6959],[-104.9223,39.7113],[-104.9317,39.7111]]]}},{"type":"Feature","properties":{"GEOID":"08005006808","COUNTY":"005","NAME":null,"point_on_surface":{"lon":-104.863152,"lat":39.616729,"method":"largest-ring-centroid"}},"geometry":{"type":"Polygon","coordinates":[[[-104.8759,39.6242],[-104.8761,39.6096],[-104.8479,39.6101],[-104.8525,39.6241],[-104.8759,39.6242]]]}},{"type":"Feature","properties":{"GEOID":"08005006815","COUNTY":"005","NAME":null,"point_on_surface":{"lon":-104.874342,"lat":39.596441,"method":"largest-ring-centroid"}},"geometry":{"type":"Polygon","coordinates":[[[-104.885,39.5948],[-104.8768,39.5805],[-104.8668,39.595],[-104.8667,39.6096],[-104.8761,39.6096],[-104.8761,39.6023],[-104.885,39.5948]]]}},{"type":"Feature","properties":{"GEOID":"08101000800","COUNTY":"101","NAME":null,"point_on_surface":{"lon":-104.596078,"lat":38.278564,"method":"largest-ring-centroid"}},"geometry":{"type":"Polygon","coordinates":[[[-104.604,38.2809],[-104.601,38.2699],[-104.589,38.2702],[-104.5891,38.286],[-104.602,38.2877],[-104.604,38.2809]]]}},{"type":"Feature","properties":{"GEOID":"08005015100","COUNTY":"005","NAME":null,"point_on_surface":{"lon":-104.917367,"lat":39.6638,"method":"largest-ring-centroid"}},"geometry":{"type":"Polygon","coordinates":[[[-104.9164,39.6676],[-104.9227,39.6676],[-104.913,39.6562],[-104.9164,39.6676]]]}},{"type":"Feature","properties":{"GEOID":"08041006302","COUNTY":"041","NAME":null,"point_on_surface":{"lon":-104.750393,"lat":38.819162,"method":"largest-ring-centroid"}},"geometry":{"type":"Polygon","coordinates":[[[-104.7575,38.8254],[-104.7575,38.8138],[-104.7463,38.811],[-104.7416,38.8253],[-104.7487,38.8253],[-104.7575,38.8254]]]}},{"type":"Feature","properties":{"GEOID":"08041004402","COUNTY":"041","NAME":null,"point_on_surface":{"lon":-104.773797,"lat":38.741886,"method":"largest-ring-centroid"}},"geometry":{"type":"Polygon","coordinates":[[[-104.7974,38.7657],[-104.8003,38.7491],[-104.7929,38.7346],[-104.7916,38.7237],[-104.733,38.7248],[-104.7759,38.7648],[-104.7974,38.7657]]]}},{"type":"Feature","properties":{"GEOID":"08041006901","COUNTY":"041","NAME":null,"point_on_surface":{"lon":-104.731249,"lat":38.947288,"method":"largest-ring-centroid"}},"geometry":{"type":"Polygon","coordinates":[[[-104.7393,38.9545],[-104.7397,38.9402],[-104.72,38.9403],[-104.7273,38.9564],[-104.7393,38.9545]]]}},{"type":"Feature","properties":{"GEOID":"08123002020","COUNTY":"123","NAME":null,"point_on_surface":{"lon":-104.935667,"lat":40.165533,"method":"largest-ring-centroid"}},"geometry":{"type":"Polygon","coordinates":[[[-104.9418,40.1755],[-104.9419,40.1458],[-104.9233,40.1753],[-104.9418,40.1755]]]}},{"type":"Feature","properties":{"GEOID":"08123002021","COUNTY":"123","NAME":null,"point_on_surface":{"lon":-104.915548,"lat":40.14711,"method":"largest-ring-centroid"}},"geometry":{"type":"Polygon","coordinates":[[[-104.9419,40.1386],[-104.942,40.1314],[-104.8861,40.1311],[-104.886,40.1455],[-104.9233,40.1753],[-104.9419,40.1458],[-104.9419,40.1386]]]}},{"type":"Feature","properties":{"GEOID":"08123001905","COUNTY":"123","NAME":null,"point_on_surface":{"lon":-104.801367,"lat":40.0946,"method":"largest-ring-centroid"}},"geometry":{"type":"Polygon","coordinates":[[[-104.8083,40.1018],[-104.8105,40.0802],[-104.7853,40.1018],[-104.8083,40.1018]]]}},{"type":"Feature","properties":{"GEOID":"08123002011","COUNTY":"123","NAME":null,"point_on_surface":{"lon":-104.992232,"lat":40.09431,"method":"largest-ring-centroid"}},"geometry":{"type":"Polygon","coordinates":[[[-104.9988,40.1023],[-105.0084,40.0874],[-104.9806,40.0873],[-104.9805,40.1023],[-104.9988,40.1023]]]}},{"type":"Feature","properties":{"GEOID":"08123002015","COUNTY":"123","NAME":null,"point_on_surface":{"lon":-104.903909,"lat":40.092514,"method":"largest-ring-centroid"}},"geometry":{"type":"Polygon","coordinates":[[[-104.9238,40.1022],[-104.9241,40.0877],[-104.9048,40.0825],[-104.8864,40.08],[-104.8863,40.102],[-104.9238,40.1022]]]}},{"type":"Feature","properties":{"GEOID":"08123002017","COUNTY":"123","NAME":null,"point_on_surface":{"lon":-104.98652,"lat":40.114488,"method":"largest-ring-centroid"}},"geometry":{"type":"Polygon","coordinates":[[[-104.9803,40.1388],[-104.9988,40.1023],[-104.9805,40.1023],[-104.9803,40.1315],[-104.9803,40.1388]]]}},{"type":"Feature","properties":{"GEOID":"08123002204","COUNTY":"123","NAME":null,"point_on_surface":{"lon":-104.896101,"lat":40.459305,"method":"largest-ring-centroid"}},"geometry":{"type":"Polygon","coordinates":[[[-104.9077,40.4654],[-104.9077,40.4629],[-104.8892,40.4476],[-104.8891,40.4652],[-104.9077,40.4654]]]}},{"type":"Feature","properties":{"GEOID":"08041006000","COUNTY":"041","NAME":null,"point_on_surface":{"lon":-104.748477,"lat":38.844502,"method":"largest-ring-centroid"}},"geometry":{"type":"Polygon","coordinates":[[[-104.7574,38.8544],[-104.7575,38.8396],[-104.7304,38.8393],[-104.7574,38.8544]]]}},{"type":"Feature","properties":{"GEOID":"08077000601","COUNTY":"077","NAME":null,"point_on_surface":{"lon":-108.533843,"lat":39.088225,"method":"largest-ring-centroid"}},"geometry":{"type":"Polygon","coordinates":[[[-108.5524,39.0919],[-108.5524,39.0846],[-108.5152,39.0846],[-108.5152,39.0918],[-108.5524,39.0919]]]}},{"type":"Feature","properties":{"GEOID":"08077000602","COUNTY":"077","NAME":null,"point_on_surface":{"lon":-108.533757,"lat":39.080975,"method":"largest-ring-centroid"}},"geometry":{"type":"Polygon","coordinates":[[[-108.5524,39.0846],[-108.5524,39.0774],[-108.5152,39.0773],[-108.5152,39.0846],[-108.5524,39.0846]]]}},{"type":"Feature","properties":{"GEOID":"08077001002","COUNTY":"077","NAME":null,"point_on_surface":{"lon":-108.568004,"lat":39.102829,"method":"largest-ring-centroid"}},"geometry":{"type":"Polygon","coordinates":[[[-108.5895,39.1138],[-108.5895,39.0919],[-108.5524,39.0919],[-108.54,39.1117],[-108.5895,39.1138]]]}},{"type":"Feature","properties":{"GEOID":"08077001302","COUNTY":"077","NAME":null,"point_on_surface":{"lon":-108.513236,"lat":39.036283,"method":"largest-ring-centroid"}},"geometry":{"type":"Polygon","coordinates":[[[-108.5246,39.0411],[-108.5407,39.0311],[-108.501,39.0204],[-108.4967,39.0532],[-108.5175,39.0486],[-108.5246,39.0411]]]}},{"type":"Feature","properties":{"GEOID":"08077001502","COUNTY":"077","NAME":null,"point_on_surface":{"lon":-108.789564,"lat":39.261422,"method":"largest-ring-centroid"}},"geometry":{"type":"Polygon","coordinates":[[[-109.0508,39.3667],[-109.0515,39.1165],[-108.9319,39.2028],[-108.7536,39.1581],[-108.7505,39.1642],[-108.7012,39.1788],[-108.7011,39.1643],[-108.7187,39.1294],[-108.6602,39.1088],[-108.644,39.1122],[-108.5074,39.2334],[-108.5702,39.3665],[-109.0508,39.3667]]]}},{"type":"Feature","properties":{"GEOID":"08123000600","COUNTY":"123","NAME":null,"point_on_surface":{"lon":-104.703702,"lat":40.443313,"method":"largest-ring-centroid"}},"geometry":{"type":"Polygon","coordinates":[[[-104.721,40.4524],[-104.7158,40.4375],[-104.6889,40.4314],[-104.693,40.4517],[-104.721,40.4524]]]}},{"type":"Feature","properties":{"GEOID":"08123000701","COUNTY":"123","NAME":null,"point_on_surface":{"lon":-104.684637,"lat":40.417936,"method":"largest-ring-centroid"}},"geometry":{"type":"Polygon","coordinates":[[[-104.6801,40.4101],[-104.6915,40.449],[-104.683,40.406],[-104.683,40.3933],[-104.6815,40.3937],[-104.6801,40.4101]]]}},{"type":"Feature","properties":{"GEOID":"08123000800","COUNTY":"123","NAME":null,"point_on_surface":{"lon":-104.690042,"lat":40.399346,"method":"largest-ring-centroid"}},"geometry":{"type":"Polygon","coordinates":[[[-104.6966,40.4062],[-104.6969,40.392],[-104.683,40.3933],[-104.683,40.406],[-104.6966,40.4062]]]}},{"type":"Feature","properties":{"GEOID":"08123000900","COUNTY":"123","NAME":null,"point_on_surface":{"lon":-104.706564,"lat":40.397249,"method":"largest-ring-centroid"}},"geometry":{"type":"Polygon","coordinates":[[[-104.7159,40.4003],[-104.7159,40.3921],[-104.6969,40.392],[-104.6969,40.3993],[-104.7067,40.4047],[-104.7159,40.4003]]]}},{"type":"Feature","properties":{"GEOID":"08123001415","COUNTY":"123","NAME":null,"point_on_surface":{"lon":-104.7581,"lat":40.433067,"method":"largest-ring-centroid"}},"geometry":{"type":"Polygon","coordinates":[[[-104.7447,40.441],[-104.7741,40.4293],[-104.7555,40.4289],[-104.7447,40.441]]]}},{"type":"Feature","properties":{"GEOID":"08123002008","COUNTY":"123","NAME":null,"point_on_surface":{"lon":-105.024683,"lat":40.005714,"method":"largest-ring-centroid"}},"geometry":{"type":"Polygon","coordinates":[[[-105.0369,40.0147],[-105.0371,40.0005],[-105.008,40.0005],[-105.0079,40.0058],[-105.0369,40.0147]]]}},{"type":"Feature","properties":{"GEOID":"08123002016","COUNTY":"123","NAME":null,"point_on_surface":{"lon":-104.914012,"lat":40.116717,"method":"largest-ring-centroid"}},"geometry":{"type":"Polygon","coordinates":[[[-104.942,40.1314],[-104.9416,40.1022],[-104.8863,40.102],[-104.8861,40.1311],[-104.942,40.1314]]]}},{"type":"Feature","properties":{"GEOID":"08123001413","COUNTY":"123","NAME":null,"point_on_surface":{"lon":-104.745564,"lat":40.425851,"method":"largest-ring-centroid"}},"geometry":{"type":"Polygon","coordinates":[[[-104.7555,40.4289],[-104.7564,40.4216],[-104.7352,40.4229],[-104.7351,40.4301],[-104.7555,40.4289]]]}},{"type":"Feature","properties":{"GEOID":"08123000704","COUNTY":"123","NAME":null,"point_on_surface":{"lon":-104.668067,"lat":40.387833,"method":"largest-ring-centroid"}},"geometry":{"type":"Polygon","coordinates":[[[-104.6779,40.3925],[-104.6747,40.3774],[-104.6516,40.3936],[-104.6779,40.3925]]]}},{"type":"Feature","properties":{"GEOID":"08111972600","COUNTY":"111","NAME":null,"point_on_surface":{"lon":-107.690405,"lat":37.763392,"method":"largest-ring-centroid"}},"geometry":{"type":"Polygon","coordinates":[[[-107.8608,37.7755],[-107.9701,37.6396],[-107.4822,37.6395],[-107.5689,37.965],[-107.7383,37.9054],[-107.7825,37.8678],[-107.8608,37.7755]]]}},{"type":"Feature","properties":{"GEOID":"08041005202","COUNTY":"041","NAME":null,"point_on_surface":{"lon":-104.762251,"lat":38.820122,"method":"largest-ring-centroid"}},"geometry":{"type":"Polygon","coordinates":[[[-104.7681,38.8254],[-104.7663,38.8152],[-104.7575,38.8138],[-104.7575,38.8254],[-104.7681,38.8254]]]}},{"type":"Feature","properties":{"GEOID":"08007940400","COUNTY":"007","NAME":null,"point_on_surface":{"lon":-107.231154,"lat":37.10709,"method":"largest-ring-centroid"}},"geometry":{"type":"Polygon","coordinates":[[[-107.4821,37.2148],[-107.4817,37.0001],[-106.9636,37.0001],[-107.0007,37.2186],[-107.4821,37.2148]]]}},{"type":"Feature","properties":{"GEOID":"08041005300","COUNTY":"041","NAME":null,"point_on_surface":{"lon":-104.777785,"lat":38.8058,"method":"largest-ring-centroid"}},"geometry":{"type":"Polygon","coordinates":[[[-104.7839,38.7983],[-104.7755,38.7967],[-104.7713,38.812],[-104.7803,38.8155],[-104.7839,38.7983]]]}},{"type":"Feature","properties":{"GEOID":"08041005502","COUNTY":"041","NAME":null,"point_on_surface":{"lon":-104.747439,"lat":38.889905,"method":"largest-ring-centroid"}},"geometry":{"type":"Polygon","coordinates":[[[-104.7571,38.8909],[-104.7571,38.8823],[-104.7386,38.8857],[-104.7384,38.897],[-104.7478,38.8971],[-104.7571,38.8909]]]}},{"type":"Feature","properties":{"GEOID":"08005005633","COUNTY":"005","NAME":null,"point_on_surface":{"lon":-105.002161,"lat":39.577976,"method":"largest-ring-centroid"}},"geometry":{"type":"Polygon","coordinates":[[[-105.0071,39.5822],[-105.0214,39.5781],[-104.9885,39.5735],[-104.9884,39.5785],[-105.0071,39.5822]]]}},{"type":"Feature","properties":{"GEOID":"08005005634","COUNTY":"005","NAME":null,"point_on_surface":{"lon":-105.015534,"lat":39.571588,"method":"largest-ring-centroid"}},"geometry":{"type":"Polygon","coordinates":[[[-105.0409,39.5662],[-104.9885,39.5661],[-104.9885,39.5735],[-105.0324,39.5811],[-105.0409,39.5662]]]}},{"type":"Feature","properties":{"GEOID":"08045951804","COUNTY":"045","NAME":null,"point_on_surface":{"lon":-107.225688,"lat":39.39863,"method":"largest-ring-centroid"}},"geometry":{"type":"Polygon","coordinates":[[[-107.3476,39.3661],[-107.1135,39.3661],[-107.1136,39.4016],[-107.2627,39.4566],[-107.3476,39.3661]]]}},{"type":"Feature","properties":{"GEOID":"08045951803","COUNTY":"045","NAME":null,"point_on_surface":{"lon":-107.1633,"lat":39.4485,"method":"largest-ring-centroid"}},"geometry":{"type":"Polygon","coordinates":[[[-107.1136,39.4873],[-107.2627,39.4566],[-107.1136,39.4016],[-107.1136,39.4213],[-107.1136,39.4873]]]}},{"type":"Feature","properties":{"GEOID":"08005005800","COUNTY":"005","NAME":null,"point_on_surface":{"lon":-104.979544,"lat":39.663852,"method":"largest-ring-centroid"}},"geometry":{"type":"Polygon","coordinates":[[[-104.9876,39.6677],[-104.9876,39.6605],[-104.9688,39.6604],[-104.9746,39.6677],[-104.9876,39.6677]]]}},{"type":"Feature","properties":{"GEOID":"08005005951","COUNTY":"005","NAME":null,"point_on_surface":{"lon":-104.979647,"lat":39.656082,"method":"largest-ring-centroid"}},"geometry":{"type":"Polygon","coordinates":[[[-104.9876,39.6605],[-104.9877,39.6515],[-104.9783,39.6513],[-104.9712,39.6531],[-104.9711,39.6604],[-104.9876,39.6605]]]}},{"type":"Feature","properties":{"GEOID":"08005005952","COUNTY":"005","NAME":null,"point_on_surface":{"lon":-104.963891,"lat":39.656759,"method":"largest-ring-centroid"}},"geometry":{"type":"Polygon","coordinates":[[[-104.9711,39.6604],[-104.9712,39.6531],[-104.955,39.653],[-104.9594,39.6615],[-104.9688,39.6604],[-104.9711,39.6604]]]}},{"type":"Feature","properties":{"GEOID":"08005006000","COUNTY":"005","NAME":null,"point_on_surface":{"lon":-104.999814,"lat":39.647155,"method":"largest-ring-centroid"}},"geometry":{"type":"Polygon","coordinates":[[[-105.0062,39.6537],[-105.0152,39.6423],[-104.9878,39.6422],[-104.9877,39.6515],[-105.0062,39.6537]]]}},{"type":"Feature","properties":{"GEOID":"08041006501","COUNTY":"041","NAME":null,"point_on_surface":{"lon":-104.736154,"lat":38.800798,"method":"largest-ring-centroid"}},"geometry":{"type":"Polygon","coordinates":[[[-104.7412,38.8087],[-104.7411,38.7923],[-104.7304,38.7959],[-104.7303,38.8063],[-104.7412,38.8087]]]}},{"type":"Feature","properties":{"GEOID":"08041008000","COUNTY":"041","NAME":null,"point_on_surface":{"lon":-104.840688,"lat":38.887494,"method":"largest-ring-centroid"}},"geometry":{"type":"Polygon","coordinates":[[[-104.8509,38.8966],[-104.8467,38.8761],[-104.8352,38.8764],[-104.83,38.8969],[-104.8445,38.8967],[-104.8509,38.8966]]]}},{"type":"Feature","properties":{"GEOID":"08041003708","COUNTY":"041","NAME":null,"point_on_surface":{"lon":-104.864585,"lat":38.909452,"method":"largest-ring-centroid"}},"geometry":{"type":"Polygon","coordinates":[[[-104.8637,38.9285],[-104.8757,38.9157],[-104.8722,38.8979],[-104.8509,38.8966],[-104.8637,38.9285]]]}},{"type":"Feature","properties":{"GEOID":"08041004008","COUNTY":"041","NAME":null,"point_on_surface":{"lon":-104.696808,"lat":38.802131,"method":"largest-ring-centroid"}},"geometry":{"type":"Polygon","coordinates":[[[-104.7304,38.7959],[-104.7206,38.7809],[-104.6827,38.761],[-104.6596,38.7809],[-104.6828,38.8382],[-104.7207,38.8389],[-104.7303,38.8063],[-104.7304,38.7959]]]}},{"type":"Feature","properties":{"GEOID":"08041004901","COUNTY":"041","NAME":null,"point_on_surface":{"lon":-104.75792,"lat":38.90114,"method":"largest-ring-centroid"}},"geometry":{"type":"Polygon","coordinates":[[[-104.7601,38.9131],[-104.768,38.9014],[-104.7571,38.8909],[-104.7469,38.8978],[-104.7601,38.9131]]]}},{"type":"Feature","properties":{"GEOID":"08041005900","COUNTY":"041","NAME":null,"point_on_surface":{"lon":-104.736111,"lat":38.856314,"method":"largest-ring-centroid"}},"geometry":{"type":"Polygon","coordinates":[[[-104.7574,38.8592],[-104.7574,38.8544],[-104.7304,38.8393],[-104.7207,38.8389],[-104.7199,38.8721],[-104.7357,38.8679],[-104.7572,38.8678],[-104.7574,38.8592]]]}},{"type":"Feature","properties":{"GEOID":"08077001503","COUNTY":"077","NAME":null,"point_on_surface":{"lon":-108.7176,"lat":39.1691,"method":"largest-ring-centroid"}},"geometry":{"type":"Polygon","coordinates":[[[-108.7505,39.1642],[-108.7011,39.1643],[-108.7012,39.1788],[-108.7505,39.1642]]]}},{"type":"Feature","properties":{"GEOID":"08077001504","COUNTY":"077","NAME":null,"point_on_surface":{"lon":-108.726761,"lat":39.151705,"method":"largest-ring-centroid"}},"geometry":{"type":"Polygon","coordinates":[[[-108.7505,39.1642],[-108.7536,39.1581],[-108.7383,39.1414],[-108.7187,39.1294],[-108.7011,39.1643],[-108.7505,39.1642]]]}},{"type":"Feature","properties":{"GEOID":"08077001104","COUNTY":"077","NAME":null,"point_on_surface":{"lon":-108.505898,"lat":39.084471,"method":"largest-ring-centroid"}},"geometry":{"type":"Polygon","coordinates":[[[-108.5152,39.0846],[-108.5152,39.0773],[-108.4966,39.0778],[-108.4966,39.0918],[-108.5152,39.0918],[-108.5152,39.0846]]]}},{"type":"Feature","properties":{"GEOID":"08077001304","COUNTY":"077","NAME":null,"point_on_surface":{"lon":-108.535967,"lat":39.048,"method":"largest-ring-centroid"}},"geometry":{"type":"Polygon","coordinates":[[[-108.5658,39.0543],[-108.5246,39.0411],[-108.5175,39.0486],[-108.5658,39.0543]]]}},{"type":"Feature","properties":{"GEOID":"08077001103","COUNTY":"077","NAME":null,"point_on_surface":{"lon":-108.50499,"lat":39.099491,"method":"largest-ring-centroid"}},"geometry":{"type":"Polygon","coordinates":[[[-108.5111,39.1081],[-108.5152,39.0918],[-108.4966,39.0918],[-108.4967,39.1076],[-108.5111,39.1081]]]}},{"type":"Feature","properties":{"GEOID":"08077000801","COUNTY":"077","NAME":null,"point_on_surface":{"lon":-108.52543,"lat":39.060964,"method":"largest-ring-centroid"}},"geometry":{"type":"Polygon","coordinates":[[[-108.5645,39.0644],[-108.5658,39.0543],[-108.5175,39.0486],[-108.4967,39.0532],[-108.4966,39.0778],[-108.5524,39.0644],[-108.5611,39.0644],[-108.5645,39.0644]]]}},{"type":"Feature","properties":{"GEOID":"08077000802","COUNTY":"077","NAME":null,"point_on_surface":{"lon":-108.487367,"lat":39.067624,"method":"largest-ring-centroid"}},"geometry":{"type":"Polygon","coordinates":[[[-108.4966,39.0778],[-108.4967,39.0532],[-108.4782,39.0577],[-108.4778,39.0817],[-108.4966,39.0778]]]}},{"type":"Feature","properties":{"GEOID":"08077001303","COUNTY":"077","NAME":null,"point_on_surface":{"lon":-108.551164,"lat":39.043356,"method":"largest-ring-centroid"}},"geometry":{"type":"Polygon","coordinates":[[[-108.5762,39.0477],[-108.5407,39.0311],[-108.5246,39.0411],[-108.5694,39.0555],[-108.5762,39.0477]]]}},{"type":"Feature","properties":{"GEOID":"08115968300","COUNTY":"115","NAME":null,"point_on_surface":{"lon":-102.351905,"lat":40.875943,"method":"largest-ring-centroid"}},"geometry":{"type":"Polygon","coordinates":[[[-102.6535,41.0023],[-102.6513,40.7494],[-102.3823,40.7493],[-102.0514,40.7496],[-102.0517,41.0024],[-102.6535,41.0023]]]}},{"type":"Feature","properties":{"GEOID":"08014030900","COUNTY":"014","NAME":null,"point_on_surface":{"lon":-105.070674,"lat":39.94313,"method":"largest-ring-centroid"}},"geometry":{"type":"Polygon","coordinates":[[[-105.072,39.9577],[-105.0909,39.9361],[-105.0906,39.9288],[-105.0719,39.9288],[-105.0529,39.9432],[-105.0527,39.9577],[-105.0719,39.9579],[-105.072,39.9577]]]}},{"type":"Feature","properties":{"GEOID":"08123002009","COUNTY":"123","NAME":null,"point_on_surface":{"lon":-105.016121,"lat":40.053501,"method":"largest-ring-centroid"}},"geometry":{"type":"Polygon","coordinates":[[[-105.0555,40.0694],[-105.0369,40.0147],[-105.0079,40.0058],[-104.9792,40.0438],[-104.98,40.073],[-104.9752,40.0875],[-105.0554,40.0875],[-105.0555,40.0694]]]}},{"type":"Feature","properties":{"GEOID":"08005006712","COUNTY":"005","NAME":null,"point_on_surface":{"lon":-104.90573,"lat":39.610969,"method":"largest-ring-centroid"}},"geometry":{"type":"Polygon","coordinates":[[[-104.9228,39.6241],[-104.9228,39.6096],[-104.9041,39.6023],[-104.8979,39.595],[-104.885,39.5948],[-104.9019,39.6241],[-104.9134,39.6241],[-104.9228,39.6241]]]}},{"type":"Feature","properties":{"GEOID":"08005084900","COUNTY":"005","NAME":null,"point_on_surface":{"lon":-104.802799,"lat":39.614933,"method":"largest-ring-centroid"}},"geometry":{"type":"Polygon","coordinates":[[[-104.8104,39.6204],[-104.8152,39.6142],[-104.8105,39.6104],[-104.7917,39.6106],[-104.7916,39.6182],[-104.8104,39.6204]]]}},{"type":"Feature","properties":{"GEOID":"08041006801","COUNTY":"041","NAME":null,"point_on_surface":{"lon":-104.766145,"lat":38.936935,"method":"largest-ring-centroid"}},"geometry":{"type":"Polygon","coordinates":[[[-104.7751,38.9418],[-104.7751,38.9298],[-104.7532,38.9301],[-104.7568,38.938],[-104.7696,38.9485],[-104.7751,38.9418]]]}},{"type":"Feature","properties":{"GEOID":"08123002207","COUNTY":"123","NAME":null,"point_on_surface":{"lon":-104.927164,"lat":40.498006,"method":"largest-ring-centroid"}},"geometry":{"type":"Polygon","coordinates":[[[-104.9443,40.5228],[-104.9441,40.4793],[-104.9077,40.48],[-104.9077,40.509],[-104.9443,40.5228]]]}},{"type":"Feature","properties":{"GEOID":"08123002205","COUNTY":"123","NAME":null,"point_on_surface":{"lon":-104.9015,"lat":40.4702,"method":"largest-ring-centroid"}},"geometry":{"type":"Polygon","coordinates":[[[-104.9077,40.48],[-104.9077,40.4654],[-104.8891,40.4652],[-104.9077,40.48]]]}},{"type":"Feature","properties":{"GEOID":"08123002206","COUNTY":"123","NAME":null,"point_on_surface":{"lon":-104.922749,"lat":40.472733,"method":"largest-ring-centroid"}},"geometry":{"type":"Polygon","coordinates":[[[-104.9441,40.4793],[-104.9441,40.4735],[-104.9124,40.4616],[-104.9077,40.4629],[-104.9077,40.48],[-104.9441,40.4793]]]}},{"type":"Feature","properties":{"GEOID":"08123002210","COUNTY":"123","NAME":null,"point_on_surface":{"lon":-104.927671,"lat":40.43644,"method":"largest-ring-centroid"}},"geometry":{"type":"Polygon","coordinates":[[[-104.9441,40.4734],[-104.9446,40.407],[-104.9073,40.4068],[-104.9124,40.4616],[-104.9441,40.4735],[-104.9441,40.4734]]]}},{"type":"Feature","properties":{"GEOID":"08123001003","COUNTY":"123","NAME":null,"point_on_surface":{"lon":-104.706689,"lat":40.388768,"method":"largest-ring-centroid"}},"geometry":{"type":"Polygon","coordinates":[[[-104.7159,40.3921],[-104.7158,40.3849],[-104.6969,40.3861],[-104.6969,40.392],[-104.7159,40.3921]]]}},{"type":"Feature","properties":{"GEOID":"08123001414","COUNTY":"123","NAME":null,"point_on_surface":{"lon":-104.765443,"lat":40.425272,"method":"largest-ring-centroid"}},"geometry":{"type":"Polygon","coordinates":[[[-104.7741,40.4293],[-104.7752,40.4213],[-104.7564,40.4216],[-104.7555,40.4289],[-104.7741,40.4293]]]}},{"type":"Feature","properties":{"GEOID":"08123002012","COUNTY":"123","NAME":null,"point_on_surface":{"lon":-104.970772,"lat":40.109388,"method":"largest-ring-centroid"}},"geometry":{"type":"Polygon","coordinates":[[[-104.9805,40.1023],[-104.9806,40.0873],[-104.9612,40.0872],[-104.961,40.1314],[-104.9803,40.1315],[-104.9805,40.1023]]]}},{"type":"Feature","properties":{"GEOID":"08041004601","COUNTY":"041","NAME":null,"point_on_surface":{"lon":-104.470004,"lat":38.896353,"method":"largest-ring-centroid"}},"geometry":{"type":"Polygon","coordinates":[[[-104.5527,38.9549],[-104.5536,38.8386],[-104.3871,38.8383],[-104.3863,38.9539],[-104.5341,38.9547],[-104.5527,38.9549]]]}},{"type":"Feature","properties":{"GEOID":"08041006301","COUNTY":"041","NAME":null,"point_on_surface":{"lon":-104.735546,"lat":38.816523,"method":"largest-ring-centroid"}},"geometry":{"type":"Polygon","coordinates":[[[-104.7416,38.8253],[-104.7463,38.811],[-104.7303,38.8063],[-104.7249,38.8246],[-104.7416,38.8253]]]}},{"type":"Feature","properties":{"GEOID":"08041006802","COUNTY":"041","NAME":null,"point_on_surface":{"lon":-104.759609,"lat":38.949496,"method":"largest-ring-centroid"}},"geometry":{"type":"Polygon","coordinates":[[[-104.7644,38.9569],[-104.7696,38.9485],[-104.7568,38.938],[-104.7503,38.9567],[-104.7644,38.9569]]]}},{"type":"Feature","properties":{"GEOID":"08039961100","COUNTY":"039","NAME":null,"point_on_surface":{"lon":-103.953617,"lat":39.246391,"method":"largest-ring-centroid"}},"geometry":{"type":"Polygon","coordinates":[[[-104.1938,39.5652],[-104.2924,39.1287],[-104.0516,39.1284],[-104.0555,38.8689],[-103.7197,38.8668],[-103.7152,39.1283],[-103.7144,39.5663],[-104.1938,39.5652]]]}},{"type":"Feature","properties":{"GEOID":"08039961204","COUNTY":"039","NAME":null,"point_on_surface":{"lon":-104.545164,"lat":39.511953,"method":"largest-ring-centroid"}},"geometry":{"type":"Polygon","coordinates":[[[-104.6613,39.5215],[-104.6623,39.4635],[-104.6062,39.463],[-104.4482,39.448],[-104.4214,39.5637],[-104.6606,39.5659],[-104.6613,39.5215]]]}},{"type":"Feature","properties":{"GEOID":"08039961205","COUNTY":"039","NAME":null,"point_on_surface":{"lon":-104.353064,"lat":39.349693,"method":"largest-ring-centroid"}},"geometry":{"type":"Polygon","coordinates":[[[-104.4635,39.3466],[-104.5049,39.1295],[-104.2924,39.1287],[-104.1938,39.5652],[-104.4214,39.5637],[-104.4482,39.448],[-104.4635,39.3466]]]}},{"type":"Feature","properties":{"GEOID":"08005082300","COUNTY":"005","NAME":null,"point_on_surface":{"lon":-104.802036,"lat":39.681769,"method":"largest-ring-centroid"}},"geometry":{"type":"Polygon","coordinates":[[[-104.8099,39.6857],[-104.8099,39.6748],[-104.791,39.6821],[-104.791,39.6857],[-104.8099,39.6857]]]}},{"type":"Feature","properties":{"GEOID":"08005080800","COUNTY":"005","NAME":null,"point_on_surface":{"lon":-104.838794,"lat":39.699469,"method":"largest-ring-centroid"}},"geometry":{"type":"Polygon","coordinates":[[[-104.8472,39.7033],[-104.8471,39.6966],[-104.8295,39.6966],[-104.8292,39.7012],[-104.8472,39.7033]]]}},{"type":"Feature","properties":{"GEOID":"08001008538","COUNTY":"001","NAME":null,"point_on_surface":{"lon":-104.791562,"lat":39.888876,"method":"largest-ring-centroid"}},"geometry":{"type":"Polygon","coordinates":[[[-104.8185,39.8988],[-104.802,39.8855],[-104.7935,39.8708],[-104.791,39.8563],[-104.7713,39.9054],[-104.8185,39.8988]]]}},{"type":"Feature","properties":{"GEOID":"08001015000","COUNTY":"001","NAME":null,"point_on_surface":{"lon":-104.96645,"lat":39.823417,"method":"largest-ring-centroid"}},"geometry":{"type":"Polygon","coordinates":[[[-104.9832,39.828],[-104.9888,39.791],[-104.9675,39.7933],[-104.9482,39.8308],[-104.938,39.8561],[-104.9541,39.8562],[-104.955,39.8493],[-104.9836,39.8345],[-104.9832,39.828]]]}},{"type":"Feature","properties":{"GEOID":"08089968600","COUNTY":"089","NAME":null,"point_on_surface":{"lon":-103.543167,"lat":37.983433,"method":"largest-ring-centroid"}},"geometry":{"type":"Polygon","coordinates":[[[-103.5513,37.9916],[-103.5464,37.968],[-103.5318,37.9907],[-103.5513,37.9916]]]}},{"type":"Feature","properties":{"GEOID":"08089968300","COUNTY":"089","NAME":null,"point_on_surface":{"lon":-103.586759,"lat":37.976641,"method":"largest-ring-centroid"}},"geometry":{"type":"Polygon","coordinates":[[[-103.6328,38.0248],[-103.693,37.9594],[-103.5197,37.9378],[-103.4736,38.0129],[-103.5318,37.9907],[-103.5464,37.968],[-103.5513,37.9916],[-103.6328,38.0248]]]}},{"type":"Feature","properties":{"GEOID":"08089968400","COUNTY":"089","NAME":null,"point_on_surface":{"lon":-103.757707,"lat":37.848857,"method":"largest-ring-centroid"}},"geometry":{"type":"Polygon","coordinates":[[[-104.0591,38.0936],[-104.0611,37.7347],[-104.0582,37.6441],[-103.4043,37.6436],[-103.3986,38.0414],[-103.4736,38.0129],[-103.5197,37.9378],[-103.693,37.9594],[-103.803,38.1125],[-103.862,38.1271],[-103.9482,38.1282],[-104.0591,38.0936]]]}},{"type":"Feature","properties":{"GEOID":"08089968000","COUNTY":"089","NAME":null,"point_on_surface":{"lon":-104.021833,"lat":38.122767,"method":"largest-ring-centroid"}},"geometry":{"type":"Polygon","coordinates":[[[-104.0582,38.1465],[-104.0591,38.0936],[-103.9482,38.1282],[-104.0582,38.1465]]]}},{"type":"Feature","properties":{"GEOID":"08089968500","COUNTY":"089","NAME":null,"point_on_surface":{"lon":-103.511312,"lat":38.112375,"method":"largest-ring-centroid"}},"geometry":{"type":"Polygon","coordinates":[[[-103.6848,38.0647],[-103.6328,38.0248],[-103.5513,37.9916],[-103.5318,37.9907],[-103.3986,38.0414],[-103.3999,38.2654],[-103.5018,38.265],[-103.5094,38.1725],[-103.6737,38.1129],[-103.6848,38.0647]]]}},{"type":"Feature","properties":{"GEOID":"08089968200","COUNTY":"089","NAME":null,"point_on_surface":{"lon":-103.713838,"lat":38.044113,"method":"largest-ring-centroid"}},"geometry":{"type":"Polygon","coordinates":[[[-103.803,38.1125],[-103.693,37.9594],[-103.6328,38.0248],[-103.7476,38.1131],[-103.803,38.1125]]]}},{"type":"Feature","properties":{"GEOID":"08113968103","COUNTY":"113","NAME":null,"point_on_surface":{"lon":-107.991556,"lat":37.960402,"method":"largest-ring-centroid"}},"geometry":{"type":"Polygon","coordinates":[[[-108.0279,38.1526],[-108.1587,38.0627],[-108.1106,37.9927],[-108.1991,37.8242],[-107.9892,37.8566],[-107.8608,37.7755],[-107.7825,37.8678],[-107.8312,37.8775],[-107.8891,37.8854],[-107.8355,37.9466],[-107.7354,37.9319],[-107.8998,38.0258],[-107.9658,38.1523],[-108.0279,38.1526]]]}},{"type":"Feature","properties":{"GEOID":"08113968102","COUNTY":"113","NAME":null,"point_on_surface":{"lon":-107.851933,"lat":37.903167,"method":"largest-ring-centroid"}},"geometry":{"type":"Polygon","coordinates":[[[-107.8355,37.9466],[-107.8891,37.8854],[-107.8312,37.8775],[-107.8355,37.9466]]]}},{"type":"Feature","properties":{"GEOID":"08041005000","COUNTY":"041","NAME":null,"point_on_surface":{"lon":-104.711088,"lat":38.850768,"method":"largest-ring-centroid"}},"geometry":{"type":"Polygon","coordinates":[[[-104.72,38.8688],[-104.7207,38.8389],[-104.7015,38.839],[-104.6979,38.8532],[-104.72,38.8688]]]}},{"type":"Feature","properties":{"GEOID":"08013012206","COUNTY":"013","NAME":null,"point_on_surface":{"lon":-105.263892,"lat":40.017079,"method":"largest-ring-centroid"}},"geometry":{"type":"Polygon","coordinates":[[[-105.2728,40.0173],[-105.2725,40.0146],[-105.2586,40.0082],[-105.2584,40.0255],[-105.2637,40.0245],[-105.2728,40.0173]]]}},{"type":"Feature","properties":{"GEOID":"08013012107","COUNTY":"013","NAME":null,"point_on_surface":{"lon":-105.265581,"lat":40.03035,"method":"largest-ring-centroid"}},"geometry":{"type":"Polygon","coordinates":[[[-105.2727,40.0364],[-105.2718,40.0228],[-105.2584,40.0255],[-105.2584,40.0365],[-105.2727,40.0364]]]}},{"type":"Feature","properties":{"GEOID":"08013013214","COUNTY":"013","NAME":null,"point_on_surface":{"lon":-105.16822,"lat":40.122158,"method":"largest-ring-centroid"}},"geometry":{"type":"Polygon","coordinates":[[[-105.1832,40.1125],[-105.1877,40.0912],[-105.1497,40.1223],[-105.1498,40.1432],[-105.1784,40.1379],[-105.1832,40.1125]]]}},{"type":"Feature","properties":{"GEOID":"08013013215","COUNTY":"013","NAME":null,"point_on_surface":{"lon":-105.165758,"lat":40.163631,"method":"largest-ring-centroid"}},"geometry":{"type":"Polygon","coordinates":[[[-105.1781,40.1877],[-105.1784,40.1379],[-105.1498,40.1432],[-105.1546,40.1742],[-105.1547,40.1887],[-105.1781,40.1887],[-105.1781,40.1877]]]}},{"type":"Feature","properties":{"GEOID":"08119010104","COUNTY":"119","NAME":null,"point_on_surface":{"lon":-105.057909,"lat":38.969786,"method":"largest-ring-centroid"}},"geometry":{"type":"Polygon","coordinates":[[[-105.0889,38.9622],[-105.0271,38.952],[-105.0271,38.9549],[-105.0624,38.9967],[-105.0725,38.9795],[-105.0889,38.9622]]]}},{"type":"Feature","properties":{"GEOID":"08035014113","COUNTY":"035","NAME":null,"point_on_surface":{"lon":-104.908193,"lat":39.547338,"method":"largest-ring-centroid"}},"geometry":{"type":"Polygon","coordinates":[[[-104.9116,39.5551],[-104.9134,39.542],[-104.9043,39.5365],[-104.9042,39.551],[-104.906,39.5582],[-104.9116,39.5551]]]}},{"type":"Feature","properties":{"GEOID":"08035014114","COUNTY":"035","NAME":null,"point_on_surface":{"lon":-104.895371,"lat":39.558472,"method":"largest-ring-centroid"}},"geometry":{"type":"Polygon","coordinates":[[[-104.9044,39.566],[-104.906,39.5582],[-104.9042,39.551],[-104.8855,39.5509],[-104.8857,39.566],[-104.9044,39.566]]]}},{"type":"Feature","properties":{"GEOID":"08031000501","COUNTY":"031","NAME":null,"point_on_surface":{"lon":-105.045333,"lat":39.751043,"method":"largest-ring-centroid"}},"geometry":{"type":"Polygon","coordinates":[[[-105.0532,39.7585],[-105.0532,39.744],[-105.0393,39.7439],[-105.0358,39.7464],[-105.0393,39.7585],[-105.0532,39.7585]]]}},{"type":"Feature","properties":{"GEOID":"08031000600","COUNTY":"031","NAME":null,"point_on_surface":{"lon":-105.018769,"lat":39.751185,"method":"largest-ring-centroid"}},"geometry":{"type":"Polygon","coordinates":[[[-105.0252,39.7585],[-105.0252,39.7464],[-105.0163,39.7434],[-105.0095,39.7539],[-105.0127,39.7554],[-105.0252,39.7585]]]}},{"type":"Feature","properties":{"GEOID":"08123001600","COUNTY":"123","NAME":null,"point_on_surface":{"lon":-104.553733,"lat":40.377346,"method":"largest-ring-centroid"}},"geometry":{"type":"Polygon","coordinates":[[[-104.6586,40.3343],[-104.6024,40.276],[-104.4145,40.3492],[-104.6015,40.5221],[-104.6018,40.4497],[-104.6586,40.3343]]]}},{"type":"Feature","properties":{"GEOID":"08123000200","COUNTY":"123","NAME":null,"point_on_surface":{"lon":-104.690273,"lat":40.409791,"method":"largest-ring-centroid"}},"geometry":{"type":"Polygon","coordinates":[[[-104.6963,40.4138],[-104.6966,40.4062],[-104.683,40.406],[-104.6853,40.4137],[-104.6963,40.4138]]]}},{"type":"Feature","properties":{"GEOID":"08123002502","COUNTY":"123","NAME":null,"point_on_surface":{"lon":-104.387087,"lat":40.155973,"method":"largest-ring-centroid"}},"geometry":{"type":"Polygon","coordinates":[[[-104.671,40.0446],[-104.7162,40.0005],[-104.1503,40.0009],[-104.1502,40.306],[-104.4145,40.3492],[-104.6024,40.276],[-104.603,40.1455],[-104.671,40.0446]]]}},{"type":"Feature","properties":{"GEOID":"08031004201","COUNTY":"031","NAME":null,"point_on_surface":{"lon":-104.931436,"lat":39.745575,"method":"largest-ring-centroid"}},"geometry":{"type":"Polygon","coordinates":[[[-104.9406,39.751],[-104.9406,39.7401],[-104.9223,39.7401],[-104.9223,39.7511],[-104.9406,39.751]]]}},{"type":"Feature","properties":{"GEOID":"08123001500","COUNTY":"123","NAME":null,"point_on_surface":{"lon":-104.700347,"lat":40.494622,"method":"largest-ring-centroid"}},"geometry":{"type":"Polygon","coordinates":[[[-104.8163,40.4804],[-104.8116,40.4516],[-104.7348,40.4545],[-104.721,40.4524],[-104.6018,40.4497],[-104.6014,40.5427],[-104.7741,40.5386],[-104.8163,40.4804]]]}},{"type":"Feature","properties":{"GEOID":"08123000502","COUNTY":"123","NAME":null,"point_on_surface":{"lon":-104.705165,"lat":40.427594,"method":"largest-ring-centroid"}},"geometry":{"type":"Polygon","coordinates":[[[-104.7159,40.4289],[-104.7159,40.423],[-104.6962,40.4226],[-104.6966,40.4331],[-104.7015,40.4343],[-104.7159,40.4289]]]}},{"type":"Feature","properties":{"GEOID":"08123002300","COUNTY":"123","NAME":null,"point_on_surface":{"lon":-104.740685,"lat":40.594919,"method":"largest-ring-centroid"}},"geometry":{"type":"Polygon","coordinates":[[[-104.9439,40.6388],[-104.9441,40.5809],[-104.7741,40.5386],[-104.6014,40.5427],[-104.5253,40.6387],[-104.9439,40.6388]]]}},{"type":"Feature","properties":{"GEOID":"08123001700","COUNTY":"123","NAME":null,"point_on_surface":{"lon":-104.728194,"lat":40.310156,"method":"largest-ring-centroid"}},"geometry":{"type":"Polygon","coordinates":[[[-104.8737,40.2713],[-104.6024,40.276],[-104.6586,40.3343],[-104.6742,40.3774],[-104.6964,40.3651],[-104.7377,40.3595],[-104.7596,40.3543],[-104.8737,40.2713]]]}},{"type":"Feature","properties":{"GEOID":"08123002501","COUNTY":"123","NAME":null,"point_on_surface":{"lon":-104.234392,"lat":40.740328,"method":"largest-ring-centroid"}},"geometry":{"type":"Polygon","coordinates":[[[-104.9435,40.6532],[-104.9439,40.6388],[-104.5253,40.6387],[-104.6014,40.5427],[-104.6015,40.5221],[-104.4145,40.3492],[-104.1502,40.306],[-104.1477,40.5244],[-103.5818,40.5234],[-103.5737,40.8911],[-103.5738,41.0017],[-104.9434,40.9982],[-104.9435,40.6965],[-104.9435,40.6532]]]}},{"type":"Feature","properties":{"GEOID":"08123001800","COUNTY":"123","NAME":null,"point_on_surface":{"lon":-104.752134,"lat":40.208069,"method":"largest-ring-centroid"}},"geometry":{"type":"Polygon","coordinates":[[[-104.9418,40.1823],[-104.9418,40.1755],[-104.9233,40.1753],[-104.886,40.1455],[-104.603,40.1455],[-104.6024,40.276],[-104.8737,40.2713],[-104.9069,40.2041],[-104.9418,40.1823]]]}},{"type":"Feature","properties":{"GEOID":"08123001100","COUNTY":"123","NAME":null,"point_on_surface":{"lon":-104.72543,"lat":40.399406,"method":"largest-ring-centroid"}},"geometry":{"type":"Polygon","coordinates":[[[-104.7351,40.4065],[-104.735,40.3924],[-104.7159,40.3921],[-104.7159,40.4066],[-104.7351,40.4065]]]}},{"type":"Feature","properties":{"GEOID":"08031007006","COUNTY":"031","NAME":null,"point_on_surface":{"lon":-104.865863,"lat":39.654231,"method":"largest-ring-centroid"}},"geometry":{"type":"Polygon","coordinates":[[[-104.8664,39.6594],[-104.877,39.6531],[-104.8756,39.645],[-104.8487,39.6592],[-104.8663,39.6603],[-104.8664,39.6594]]]}},{"type":"Feature","properties":{"GEOID":"08031012010","COUNTY":"031","NAME":null,"point_on_surface":{"lon":-105.072784,"lat":39.627134,"method":"largest-ring-centroid"}},"geometry":{"type":"Polygon","coordinates":[[[-105.0914,39.6183],[-105.0914,39.6143],[-105.0535,39.6209],[-105.0535,39.6295],[-105.0591,39.6382],[-105.0817,39.6388],[-105.0872,39.63],[-105.0912,39.6271],[-105.0914,39.6183]]]}},{"type":"Feature","properties":{"GEOID":"08031000303","COUNTY":"031","NAME":null,"point_on_surface":{"lon":-105.032261,"lat":39.763925,"method":"largest-ring-centroid"}},"geometry":{"type":"Polygon","coordinates":[[[-105.0393,39.7694],[-105.0393,39.7585],[-105.0252,39.7585],[-105.0252,39.7693],[-105.0393,39.7694]]]}},{"type":"Feature","properties":{"GEOID":"08031000201","COUNTY":"031","NAME":null,"point_on_surface":{"lon":-105.011923,"lat":39.787765,"method":"largest-ring-centroid"}},"geometry":{"type":"Polygon","coordinates":[[[-105.0251,39.794],[-105.0251,39.7844],[-104.9983,39.7824],[-104.9978,39.791],[-105.0064,39.791],[-105.0251,39.794]]]}},{"type":"Feature","properties":{"GEOID":"08031003003","COUNTY":"031","NAME":null,"point_on_surface":{"lon":-104.967089,"lat":39.682967,"method":"largest-ring-centroid"}},"geometry":{"type":"Polygon","coordinates":[[[-104.9734,39.6898],[-104.9734,39.6785],[-104.9594,39.6784],[-104.9595,39.6847],[-104.9734,39.6898]]]}},{"type":"Feature","properties":{"GEOID":"08059011730","COUNTY":"059","NAME":null,"point_on_surface":{"lon":-105.102424,"lat":39.660757,"method":"largest-ring-centroid"}},"geometry":{"type":"Polygon","coordinates":[[[-105.1097,39.6677],[-105.1095,39.6539],[-105.0954,39.6536],[-105.0952,39.6677],[-105.1097,39.6677]]]}},{"type":"Feature","properties":{"GEOID":"08059011731","COUNTY":"059","NAME":null,"point_on_surface":{"lon":-105.146739,"lat":39.652424,"method":"largest-ring-centroid"}},"geometry":{"type":"Polygon","coordinates":[[[-105.1865,39.6525],[-105.1723,39.6333],[-105.1432,39.6393],[-105.1095,39.6539],[-105.1097,39.6691],[-105.1504,39.6656],[-105.1865,39.6525]]]}},{"type":"Feature","properties":{"GEOID":"08059011728","COUNTY":"059","NAME":null,"point_on_surface":{"lon":-105.09238,"lat":39.670178,"method":"largest-ring-centroid"}},"geometry":{"type":"Polygon","coordinates":[[[-105.1097,39.6691],[-105.1097,39.6677],[-105.0815,39.6677],[-105.0814,39.6749],[-105.1097,39.6691]]]}},{"type":"Feature","properties":{"GEOID":"08059011729","COUNTY":"059","NAME":null,"point_on_surface":{"lon":-105.088314,"lat":39.660438,"method":"largest-ring-centroid"}},"geometry":{"type":"Polygon","coordinates":[[[-105.0952,39.6677],[-105.0954,39.6536],[-105.0813,39.6529],[-105.0815,39.6677],[-105.0952,39.6677]]]}},{"type":"Feature","properties":{"GEOID":"08123001411","COUNTY":"123","NAME":null,"point_on_surface":{"lon":-104.765729,"lat":40.41415,"method":"largest-ring-centroid"}},"geometry":{"type":"Polygon","coordinates":[[[-104.7752,40.4213],[-104.7751,40.4068],[-104.7563,40.4069],[-104.7564,40.4216],[-104.7752,40.4213]]]}},{"type":"Feature","properties":{"GEOID":"08123002004","COUNTY":"123","NAME":null,"point_on_surface":{"lon":-104.947889,"lat":40.080794,"method":"largest-ring-centroid"}},"geometry":{"type":"Polygon","coordinates":[[[-104.9752,40.0875],[-104.98,40.073],[-104.9424,40.0731],[-104.9048,40.0825],[-104.9241,40.0877],[-104.9612,40.0872],[-104.9752,40.0875]]]}},{"type":"Feature","properties":{"GEOID":"08123002005","COUNTY":"123","NAME":null,"point_on_surface":{"lon":-104.958454,"lat":40.040169,"method":"largest-ring-centroid"}},"geometry":{"type":"Polygon","coordinates":[[[-104.98,40.073],[-104.9792,40.0438],[-104.9614,40.0003],[-104.9411,40.0003],[-104.9424,40.0731],[-104.98,40.073]]]}},{"type":"Feature","properties":{"GEOID":"08123002019","COUNTY":"123","NAME":null,"point_on_surface":{"lon":-104.960401,"lat":40.158774,"method":"largest-ring-centroid"}},"geometry":{"type":"Polygon","coordinates":[[[-104.9799,40.1753],[-104.9803,40.1388],[-104.9419,40.1386],[-104.9418,40.1823],[-104.9799,40.1753]]]}},{"type":"Feature","properties":{"GEOID":"08123002018","COUNTY":"123","NAME":null,"point_on_surface":{"lon":-104.961169,"lat":40.135064,"method":"largest-ring-centroid"}},"geometry":{"type":"Polygon","coordinates":[[[-104.9803,40.1388],[-104.9803,40.1315],[-104.942,40.1314],[-104.9419,40.1386],[-104.9803,40.1388]]]}},{"type":"Feature","properties":{"GEOID":"08123002006","COUNTY":"123","NAME":null,"point_on_surface":{"lon":-104.913495,"lat":40.039799,"method":"largest-ring-centroid"}},"geometry":{"type":"Polygon","coordinates":[[[-104.9424,40.0731],[-104.9411,40.0003],[-104.886,40.0004],[-104.8864,40.08],[-104.9048,40.0825],[-104.9424,40.0731]]]}},{"type":"Feature","properties":{"GEOID":"08031002901","COUNTY":"031","NAME":null,"point_on_surface":{"lon":-104.983895,"lat":39.703531,"method":"largest-ring-centroid"}},"geometry":{"type":"Polygon","coordinates":[[[-104.9876,39.7112],[-104.9874,39.6966],[-104.9804,39.6951],[-104.9804,39.7111],[-104.9876,39.7112]]]}},{"type":"Feature","properties":{"GEOID":"08035014139","COUNTY":"035","NAME":null,"point_on_surface":{"lon":-104.933711,"lat":39.554569,"method":"largest-ring-centroid"}},"geometry":{"type":"Polygon","coordinates":[[[-104.9446,39.545],[-104.931,39.5426],[-104.9199,39.5538],[-104.9291,39.566],[-104.9419,39.566],[-104.9446,39.545]]]}},{"type":"Feature","properties":{"GEOID":"08005080900","COUNTY":"005","NAME":null,"point_on_surface":{"lon":-104.837221,"lat":39.706782,"method":"largest-ring-centroid"}},"geometry":{"type":"Polygon","coordinates":[[[-104.8472,39.7112],[-104.8472,39.7033],[-104.8292,39.7012],[-104.8269,39.7112],[-104.8472,39.7112]]]}},{"type":"Feature","properties":{"GEOID":"08005080700","COUNTY":"005","NAME":null,"point_on_surface":{"lon":-104.838174,"lat":39.689303,"method":"largest-ring-centroid"}},"geometry":{"type":"Polygon","coordinates":[[[-104.8471,39.6966],[-104.8472,39.6821],[-104.8289,39.6821],[-104.8295,39.6966],[-104.8471,39.6966]]]}},{"type":"Feature","properties":{"GEOID":"08005080300","COUNTY":"005","NAME":null,"point_on_surface":{"lon":-104.856215,"lat":39.675581,"method":"largest-ring-centroid"}},"geometry":{"type":"Polygon","coordinates":[[[-104.8659,39.682],[-104.8661,39.6709],[-104.8473,39.6675],[-104.8472,39.6821],[-104.8659,39.682]]]}},{"type":"Feature","properties":{"GEOID":"08005080400","COUNTY":"005","NAME":null,"point_on_surface":{"lon":-104.85174,"lat":39.664339,"method":"largest-ring-centroid"}},"geometry":{"type":"Polygon","coordinates":[[[-104.8661,39.6709],[-104.8663,39.6603],[-104.8436,39.6585],[-104.8302,39.6676],[-104.8473,39.6675],[-104.8661,39.6709]]]}},{"type":"Feature","properties":{"GEOID":"08005081600","COUNTY":"005","NAME":null,"point_on_surface":{"lon":-104.812816,"lat":39.659182,"method":"largest-ring-centroid"}},"geometry":{"type":"Polygon","coordinates":[[[-104.8099,39.6689],[-104.8329,39.6542],[-104.7995,39.6531],[-104.8022,39.6676],[-104.8099,39.6689]]]}},{"type":"Feature","properties":{"GEOID":"08005082500","COUNTY":"005","NAME":null,"point_on_surface":{"lon":-104.796006,"lat":39.660709,"method":"largest-ring-centroid"}},"geometry":{"type":"Polygon","coordinates":[[[-104.8022,39.6676],[-104.7995,39.6531],[-104.7912,39.6531],[-104.791,39.6676],[-104.8022,39.6676]]]}},{"type":"Feature","properties":{"GEOID":"08031002902","COUNTY":"031","NAME":null,"point_on_surface":{"lon":-104.976734,"lat":39.701712,"method":"largest-ring-centroid"}},"geometry":{"type":"Polygon","coordinates":[[[-104.9804,39.7111],[-104.9804,39.6951],[-104.9734,39.6898],[-104.9734,39.7111],[-104.9804,39.7111]]]}},{"type":"Feature","properties":{"GEOID":"08031003002","COUNTY":"031","NAME":null,"point_on_surface":{"lon":-104.980796,"lat":39.673179,"method":"largest-ring-centroid"}},"geometry":{"type":"Polygon","coordinates":[[[-104.9876,39.6785],[-104.9876,39.6677],[-104.9746,39.6677],[-104.9734,39.6785],[-104.9876,39.6785]]]}},{"type":"Feature","properties":{"GEOID":"08031003004","COUNTY":"031","NAME":null,"point_on_surface":{"lon":-104.966414,"lat":39.670043,"method":"largest-ring-centroid"}},"geometry":{"type":"Polygon","coordinates":[[[-104.9734,39.6785],[-104.9746,39.6677],[-104.9688,39.6604],[-104.9594,39.6615],[-104.9594,39.6784],[-104.9734,39.6785]]]}},{"type":"Feature","properties":{"GEOID":"08031003101","COUNTY":"031","NAME":null,"point_on_surface":{"lon":-104.966545,"lat":39.748827,"method":"largest-ring-centroid"}},"geometry":{"type":"Polygon","coordinates":[[[-104.9734,39.7507],[-104.9733,39.747],[-104.9598,39.7469],[-104.9598,39.7507],[-104.9734,39.7507]]]}},{"type":"Feature","properties":{"GEOID":"08031003102","COUNTY":"031","NAME":null,"point_on_surface":{"lon":-104.966605,"lat":39.743471,"method":"largest-ring-centroid"}},"geometry":{"type":"Polygon","coordinates":[[[-104.9734,39.7438],[-104.9734,39.74],[-104.9598,39.74],[-104.9598,39.7469],[-104.9733,39.747],[-104.9734,39.7438]]]}},{"type":"Feature","properties":{"GEOID":"08005080000","COUNTY":"005","NAME":null,"point_on_surface":{"lon":-104.856474,"lat":39.707342,"method":"largest-ring-centroid"}},"geometry":{"type":"Polygon","coordinates":[[[-104.866,39.7111],[-104.866,39.7038],[-104.8472,39.7033],[-104.8472,39.7112],[-104.8608,39.7111],[-104.866,39.7111]]]}},{"type":"Feature","properties":{"GEOID":"08005080100","COUNTY":"005","NAME":null,"point_on_surface":{"lon":-104.856688,"lat":39.700073,"method":"largest-ring-centroid"}},"geometry":{"type":"Polygon","coordinates":[[[-104.866,39.7038],[-104.866,39.6966],[-104.8471,39.6966],[-104.8472,39.7033],[-104.866,39.7038]]]}},{"type":"Feature","properties":{"GEOID":"08101000902","COUNTY":"101","NAME":null,"point_on_surface":{"lon":-104.577986,"lat":38.291564,"method":"largest-ring-centroid"}},"geometry":{"type":"Polygon","coordinates":[[[-104.5811,38.3038],[-104.5971,38.2867],[-104.568,38.2802],[-104.5635,38.2961],[-104.5719,38.2998],[-104.5811,38.3038]]]}},{"type":"Feature","properties":{"GEOID":"08101000903","COUNTY":"101","NAME":null,"point_on_surface":{"lon":-104.575359,"lat":38.306072,"method":"largest-ring-centroid"}},"geometry":{"type":"Polygon","coordinates":[[[-104.5719,38.2998],[-104.5691,38.3129],[-104.5851,38.3055],[-104.5811,38.3038],[-104.5719,38.2998]]]}},{"type":"Feature","properties":{"GEOID":"08059011803","COUNTY":"059","NAME":null,"point_on_surface":{"lon":-105.067342,"lat":39.693127,"method":"largest-ring-centroid"}},"geometry":{"type":"Polygon","coordinates":[[[-105.0815,39.6966],[-105.0815,39.6895],[-105.0533,39.6896],[-105.0532,39.6968],[-105.0815,39.6966]]]}},{"type":"Feature","properties":{"GEOID":"08059011804","COUNTY":"059","NAME":null,"point_on_surface":{"lon":-105.067354,"lat":39.685904,"method":"largest-ring-centroid"}},"geometry":{"type":"Polygon","coordinates":[[[-105.0815,39.6895],[-105.0814,39.6822],[-105.0532,39.6823],[-105.0533,39.6896],[-105.0815,39.6895]]]}},{"type":"Feature","properties":{"GEOID":"08059011951","COUNTY":"059","NAME":null,"point_on_surface":{"lon":-105.068051,"lat":39.6751,"method":"largest-ring-centroid"}},"geometry":{"type":"Polygon","coordinates":[[[-105.0814,39.6822],[-105.0814,39.6701],[-105.0533,39.6678],[-105.0578,39.6823],[-105.0814,39.6822]]]}},{"type":"Feature","properties":{"GEOID":"08005005627","COUNTY":"005","NAME":null,"point_on_surface":{"lon":-104.950875,"lat":39.587906,"method":"largest-ring-centroid"}},"geometry":{"type":"Polygon","coordinates":[[[-104.9602,39.5952],[-104.9603,39.5806],[-104.9416,39.5806],[-104.9414,39.5952],[-104.9602,39.5952]]]}},{"type":"Feature","properties":{"GEOID":"08005081300","COUNTY":"005","NAME":null,"point_on_surface":{"lon":-104.814795,"lat":39.690198,"method":"largest-ring-centroid"}},"geometry":{"type":"Polygon","coordinates":[[[-104.8192,39.6966],[-104.8193,39.6821],[-104.8099,39.6857],[-104.8099,39.6966],[-104.8192,39.6966]]]}},{"type":"Feature","properties":{"GEOID":"08005084000","COUNTY":"005","NAME":null,"point_on_surface":{"lon":-104.794413,"lat":39.645899,"method":"largest-ring-centroid"}},"geometry":{"type":"Polygon","coordinates":[[[-104.7976,39.6531],[-104.7974,39.6385],[-104.7915,39.6385],[-104.7912,39.6531],[-104.7976,39.6531]]]}},{"type":"Feature","properties":{"GEOID":"08037000401","COUNTY":"037","NAME":null,"point_on_surface":{"lon":-106.55872,"lat":39.709412,"method":"largest-ring-centroid"}},"geometry":{"type":"Polygon","coordinates":[[[-106.6786,39.7291],[-106.6465,39.666],[-106.5843,39.6389],[-106.5558,39.6414],[-106.4463,39.6857],[-106.422,39.7102],[-106.5571,39.7877],[-106.6786,39.7291]]]}},{"type":"Feature","properties":{"GEOID":"08037000701","COUNTY":"037","NAME":null,"point_on_surface":{"lon":-106.404441,"lat":39.615263,"method":"largest-ring-centroid"}},"geometry":{"type":"Polygon","coordinates":[[[-106.4423,39.6146],[-106.4483,39.6084],[-106.4336,39.5965],[-106.358,39.6052],[-106.396,39.6427],[-106.4423,39.6146]]]}},{"type":"Feature","properties":{"GEOID":"08037000302","COUNTY":"037","NAME":null,"point_on_surface":{"lon":-106.899856,"lat":39.44228,"method":"largest-ring-centroid"}},"geometry":{"type":"Polygon","coordinates":[[[-107.1139,39.6242],[-107.1136,39.4213],[-107.0585,39.3663],[-106.5092,39.3623],[-106.5611,39.4298],[-106.6855,39.4415],[-106.8432,39.4218],[-106.9759,39.4843],[-107.0625,39.64],[-107.1139,39.6242]]]}},{"type":"Feature","properties":{"GEOID":"08037000502","COUNTY":"037","NAME":null,"point_on_surface":{"lon":-106.486329,"lat":39.590086,"method":"largest-ring-centroid"}},"geometry":{"type":"Polygon","coordinates":[[[-106.5212,39.6315],[-106.508,39.5355],[-106.4336,39.5965],[-106.4483,39.6084],[-106.4856,39.623],[-106.5212,39.6315]]]}},{"type":"Feature","properties":{"GEOID":"08005007103","COUNTY":"005","NAME":null,"point_on_surface":{"lon":-104.515298,"lat":39.688737,"method":"largest-ring-centroid"}},"geometry":{"type":"Polygon","coordinates":[[[-104.6031,39.7399],[-104.6038,39.6382],[-104.4337,39.6365],[-104.4208,39.7381],[-104.5825,39.7396],[-104.6031,39.7399]]]}},{"type":"Feature","properties":{"GEOID":"08005080500","COUNTY":"005","NAME":null,"point_on_surface":{"lon":-104.838423,"lat":39.671245,"method":"largest-ring-centroid"}},"geometry":{"type":"Polygon","coordinates":[[[-104.8473,39.6748],[-104.8473,39.6675],[-104.8302,39.6676],[-104.8289,39.6749],[-104.8473,39.6748]]]}},{"type":"Feature","properties":{"GEOID":"08037000501","COUNTY":"037","NAME":null,"point_on_surface":{"lon":-106.540191,"lat":39.585948,"method":"largest-ring-centroid"}},"geometry":{"type":"Polygon","coordinates":[[[-106.5843,39.6389],[-106.5341,39.5098],[-106.508,39.5355],[-106.5212,39.6315],[-106.5558,39.6414],[-106.5843,39.6389]]]}},{"type":"Feature","properties":{"GEOID":"08037000402","COUNTY":"037","NAME":null,"point_on_surface":{"lon":-106.607088,"lat":39.567184,"method":"largest-ring-centroid"}},"geometry":{"type":"Polygon","coordinates":[[[-106.6465,39.666],[-106.6997,39.628],[-106.5644,39.4354],[-106.5341,39.5098],[-106.5843,39.6389],[-106.6465,39.666]]]}},{"type":"Feature","properties":{"GEOID":"08037000702","COUNTY":"037","NAME":null,"point_on_surface":{"lon":-106.341967,"lat":39.6159,"method":"largest-ring-centroid"}},"geometry":{"type":"Polygon","coordinates":[[[-106.396,39.6427],[-106.358,39.6052],[-106.2719,39.5998],[-106.396,39.6427]]]}},{"type":"Feature","properties":{"GEOID":"08037000301","COUNTY":"037","NAME":null,"point_on_surface":{"lon":-107.095145,"lat":39.384575,"method":"largest-ring-centroid"}},"geometry":{"type":"Polygon","coordinates":[[[-107.1136,39.4016],[-107.1135,39.3661],[-107.0583,39.3663],[-107.1136,39.4213],[-107.1136,39.4016]]]}},{"type":"Feature","properties":{"GEOID":"08037000703","COUNTY":"037","NAME":null,"point_on_surface":{"lon":-106.318128,"lat":39.652472,"method":"largest-ring-centroid"}},"geometry":{"type":"Polygon","coordinates":[[[-106.4463,39.6857],[-106.4423,39.6146],[-106.396,39.6427],[-106.2719,39.5998],[-106.216,39.5317],[-106.1776,39.6091],[-106.3653,39.7529],[-106.422,39.7102],[-106.4463,39.6857]]]}},{"type":"Feature","properties":{"GEOID":"08123001410","COUNTY":"123","NAME":null,"point_on_surface":{"lon":-104.745544,"lat":40.41448,"method":"largest-ring-centroid"}},"geometry":{"type":"Polygon","coordinates":[[[-104.7564,40.4216],[-104.7563,40.4069],[-104.7351,40.4065],[-104.7352,40.4229],[-104.7564,40.4216]]]}},{"type":"Feature","properties":{"GEOID":"08123001004","COUNTY":"123","NAME":null,"point_on_surface":{"lon":-104.687182,"lat":40.381436,"method":"largest-ring-centroid"}},"geometry":{"type":"Polygon","coordinates":[[[-104.6969,40.392],[-104.6964,40.3651],[-104.6742,40.3774],[-104.6779,40.3925],[-104.683,40.3933],[-104.6969,40.392]]]}},{"type":"Feature","properties":{"GEOID":"08123001416","COUNTY":"123","NAME":null,"point_on_surface":{"lon":-104.780042,"lat":40.439629,"method":"largest-ring-centroid"}},"geometry":{"type":"Polygon","coordinates":[[[-104.8116,40.4516],[-104.8135,40.4213],[-104.7752,40.4213],[-104.7741,40.4293],[-104.7447,40.441],[-104.7349,40.4411],[-104.7348,40.4545],[-104.8116,40.4516]]]}},{"type":"Feature","properties":{"GEOID":"08123001417","COUNTY":"123","NAME":null,"point_on_surface":{"lon":-104.742934,"lat":40.434616,"method":"largest-ring-centroid"}},"geometry":{"type":"Polygon","coordinates":[[[-104.7447,40.441],[-104.7555,40.4289],[-104.7351,40.4301],[-104.7349,40.4411],[-104.7447,40.441]]]}},{"type":"Feature","properties":{"GEOID":"08005082400","COUNTY":"005","NAME":null,"point_on_surface":{"lon":-104.799192,"lat":39.67336,"method":"largest-ring-centroid"}},"geometry":{"type":"Polygon","coordinates":[[[-104.8099,39.6689],[-104.791,39.6676],[-104.791,39.6821],[-104.8099,39.6748],[-104.8099,39.6707],[-104.8099,39.6689]]]}},{"type":"Feature","properties":{"GEOID":"08041005110","COUNTY":"041","NAME":null,"point_on_surface":{"lon":-104.704407,"lat":38.863627,"method":"largest-ring-centroid"}},"geometry":{"type":"Polygon","coordinates":[[[-104.7199,38.8721],[-104.72,38.8688],[-104.6979,38.8532],[-104.695,38.8532],[-104.6939,38.8682],[-104.7013,38.868],[-104.7199,38.8721]]]}},{"type":"Feature","properties":{"GEOID":"08031000902","COUNTY":"031","NAME":null,"point_on_surface":{"lon":-105.04645,"lat":39.718518,"method":"largest-ring-centroid"}},"geometry":{"type":"Polygon","coordinates":[[[-105.0533,39.7184],[-105.0533,39.7113],[-105.0397,39.7112],[-105.0395,39.7257],[-105.0533,39.7258],[-105.0533,39.7184]]]}},{"type":"Feature","properties":{"GEOID":"08031000903","COUNTY":"031","NAME":null,"point_on_surface":{"lon":-105.032367,"lat":39.718384,"method":"largest-ring-centroid"}},"geometry":{"type":"Polygon","coordinates":[[[-105.0395,39.7257],[-105.0397,39.7112],[-105.0251,39.7112],[-105.0251,39.7255],[-105.0395,39.7257]]]}},{"type":"Feature","properties":{"GEOID":"08005005635","COUNTY":"005","NAME":null,"point_on_surface":{"lon":-104.934572,"lat":39.602886,"method":"largest-ring-centroid"}},"geometry":{"type":"Polygon","coordinates":[[[-104.9506,39.6097],[-104.9414,39.5952],[-104.9229,39.5951],[-104.9228,39.6096],[-104.9506,39.6097]]]}},{"type":"Feature","properties":{"GEOID":"08005006713","COUNTY":"005","NAME":null,"point_on_surface":{"lon":-104.902067,"lat":39.597433,"method":"largest-ring-centroid"}},"geometry":{"type":"Polygon","coordinates":[[[-104.9041,39.6023],[-104.9042,39.595],[-104.8979,39.595],[-104.9041,39.6023]]]}},{"type":"Feature","properties":{"GEOID":"08007974300","COUNTY":"007","NAME":null,"point_on_surface":{"lon":-107.222075,"lat":37.266127,"method":"largest-ring-centroid"}},"geometry":{"type":"Polygon","coordinates":[[[-107.4821,37.4227],[-107.4821,37.2148],[-107.0007,37.2186],[-106.9636,37.0001],[-106.7819,36.9925],[-106.9283,37.1095],[-106.9938,37.2696],[-107.0527,37.2677],[-107.1336,37.2385],[-107.1268,37.3335],[-107.1921,37.423],[-107.4821,37.4227]]]}},{"type":"Feature","properties":{"GEOID":"08007974400","COUNTY":"007","NAME":null,"point_on_surface":{"lon":-106.813363,"lat":37.212448,"method":"largest-ring-centroid"}},"geometry":{"type":"Polygon","coordinates":[[[-107.1921,37.423],[-107.1268,37.3335],[-107.0871,37.2881],[-107.0527,37.2677],[-106.9938,37.2696],[-106.9283,37.1095],[-106.7819,36.9925],[-106.4761,36.9935],[-106.6783,37.2286],[-106.6784,37.4036],[-106.7108,37.4042],[-107.1287,37.3924],[-107.1287,37.4229],[-107.1921,37.423]]]}},{"type":"Feature","properties":{"GEOID":"08031000800","COUNTY":"031","NAME":null,"point_on_surface":{"lon":-105.021001,"lat":39.735059,"method":"largest-ring-centroid"}},"geometry":{"type":"Polygon","coordinates":[[[-105.0252,39.7464],[-105.0251,39.7255],[-105.0158,39.7255],[-105.0163,39.7434],[-105.0252,39.7464]]]}},{"type":"Feature","properties":{"GEOID":"08041006400","COUNTY":"041","NAME":null,"point_on_surface":{"lon":-104.749796,"lat":38.800617,"method":"largest-ring-centroid"}},"geometry":{"type":"Polygon","coordinates":[[[-104.7575,38.8138],[-104.7575,38.789],[-104.7472,38.789],[-104.7411,38.7923],[-104.7412,38.8087],[-104.7463,38.811],[-104.7575,38.8138]]]}},{"type":"Feature","properties":{"GEOID":"08123001405","COUNTY":"123","NAME":null,"point_on_surface":{"lon":-104.754633,"lat":40.380033,"method":"largest-ring-centroid"}},"geometry":{"type":"Polygon","coordinates":[[[-104.735,40.3847],[-104.794,40.3778],[-104.7349,40.3776],[-104.735,40.3847]]]}},{"type":"Feature","properties":{"GEOID":"08123001006","COUNTY":"123","NAME":null,"point_on_surface":{"lon":-104.702967,"lat":40.380367,"method":"largest-ring-centroid"}},"geometry":{"type":"Polygon","coordinates":[[[-104.7158,40.3849],[-104.6962,40.3701],[-104.6969,40.3861],[-104.7158,40.3849]]]}},{"type":"Feature","properties":{"GEOID":"08123000703","COUNTY":"123","NAME":null,"point_on_surface":{"lon":-104.671017,"lat":40.398737,"method":"largest-ring-centroid"}},"geometry":{"type":"Polygon","coordinates":[[[-104.6801,40.4101],[-104.6815,40.3937],[-104.6516,40.3936],[-104.6801,40.4101]]]}},{"type":"Feature","properties":{"GEOID":"08043980200","COUNTY":"043","NAME":null,"point_on_surface":{"lon":-105.100933,"lat":38.357167,"method":"largest-ring-centroid"}},"geometry":{"type":"Polygon","coordinates":[[[-105.1072,38.3669],[-105.107,38.3523],[-105.0886,38.3523],[-105.1072,38.3669]]]}},{"type":"Feature","properties":{"GEOID":"08041003306","COUNTY":"041","NAME":null,"point_on_surface":{"lon":-104.892503,"lat":38.711352,"method":"largest-ring-centroid"}},"geometry":{"type":"Polygon","coordinates":[[[-104.9422,38.6501],[-104.9421,38.5675],[-104.8186,38.7198],[-104.8109,38.7494],[-104.8123,38.7658],[-104.8682,38.7795],[-104.8641,38.7909],[-104.9024,38.811],[-104.9398,38.7923],[-104.9422,38.6501]]]}},{"type":"Feature","properties":{"GEOID":"08041004403","COUNTY":"041","NAME":null,"point_on_surface":{"lon":-104.809211,"lat":38.607544,"method":"largest-ring-centroid"}},"geometry":{"type":"Polygon","coordinates":[[[-104.9421,38.5675],[-104.9415,38.5196],[-104.718,38.5196],[-104.7091,38.6729],[-104.733,38.7248],[-104.7916,38.7237],[-104.7991,38.721],[-104.8186,38.7198],[-104.9421,38.5675]]]}},{"type":"Feature","properties":{"GEOID":"08041003305","COUNTY":"041","NAME":null,"point_on_surface":{"lon":-104.833711,"lat":38.778172,"method":"largest-ring-centroid"}},"geometry":{"type":"Polygon","coordinates":[[[-104.8682,38.7795],[-104.8123,38.7658],[-104.8153,38.7763],[-104.822,38.7893],[-104.8682,38.7795]]]}},{"type":"Feature","properties":{"GEOID":"08041003307","COUNTY":"041","NAME":null,"point_on_surface":{"lon":-104.8114,"lat":38.78,"method":"largest-ring-centroid"}},"geometry":{"type":"Polygon","coordinates":[[[-104.822,38.7893],[-104.8153,38.7763],[-104.7969,38.7744],[-104.822,38.7893]]]}},{"type":"Feature","properties":{"GEOID":"08097000402","COUNTY":"097","NAME":null,"point_on_surface":{"lon":-106.857859,"lat":39.101603,"method":"largest-ring-centroid"}},"geometry":{"type":"Polygon","coordinates":[[[-106.8493,39.2013],[-106.9154,38.9995],[-106.8821,38.9924],[-106.7978,39.1778],[-106.8114,39.1865],[-106.8493,39.2013]]]}},{"type":"Feature","properties":{"GEOID":"08031015400","COUNTY":"031","NAME":null,"point_on_surface":{"lon":-105.040854,"lat":39.788073,"method":"largest-ring-centroid"}},"geometry":{"type":"Polygon","coordinates":[[[-105.0533,39.7911],[-105.0627,39.7839],[-105.0251,39.7844],[-105.0251,39.794],[-105.0533,39.7911]]]}},{"type":"Feature","properties":{"GEOID":"08005004952","COUNTY":"005","NAME":null,"point_on_surface":{"lon":-104.936361,"lat":39.703823,"method":"largest-ring-centroid"}},"geometry":{"type":"Polygon","coordinates":[[[-104.9407,39.7111],[-104.9406,39.6954],[-104.934,39.6966],[-104.9317,39.7002],[-104.9317,39.7111],[-104.9407,39.7111]]]}},{"type":"Feature","properties":{"GEOID":"08041003802","COUNTY":"041","NAME":null,"point_on_surface":{"lon":-104.844363,"lat":38.9939,"method":"largest-ring-centroid"}},"geometry":{"type":"Polygon","coordinates":[[[-104.8512,39.0421],[-104.9058,39.0062],[-104.8351,38.9544],[-104.8135,38.9412],[-104.7985,38.9587],[-104.7983,38.9765],[-104.8311,39.0272],[-104.843,39.0423],[-104.8512,39.0421]]]}},{"type":"Feature","properties":{"GEOID":"08041007602","COUNTY":"041","NAME":null,"point_on_surface":{"lon":-104.648164,"lat":39.026199,"method":"largest-ring-centroid"}},"geometry":{"type":"Polygon","coordinates":[[[-104.7005,39.038],[-104.7003,38.9983],[-104.6634,38.9984],[-104.6076,38.9912],[-104.6075,39.0404],[-104.6032,39.0714],[-104.7005,39.038]]]}},{"type":"Feature","properties":{"GEOID":"08041004602","COUNTY":"041","NAME":null,"point_on_surface":{"lon":-104.284324,"lat":38.706478,"method":"largest-ring-centroid"}},"geometry":{"type":"Polygon","coordinates":[[[-104.6276,38.694],[-104.6124,38.5202],[-104.0543,38.5224],[-104.0555,38.8689],[-104.0534,38.9411],[-104.3863,38.9539],[-104.3871,38.8383],[-104.3847,38.694],[-104.6276,38.694]]]}},{"type":"Feature","properties":{"GEOID":"08041004603","COUNTY":"041","NAME":null,"point_on_surface":{"lon":-104.523972,"lat":38.767877,"method":"largest-ring-centroid"}},"geometry":{"type":"Polygon","coordinates":[[[-104.6828,38.8381],[-104.6596,38.7809],[-104.6498,38.7374],[-104.654,38.694],[-104.3847,38.694],[-104.3871,38.8383],[-104.5536,38.8386],[-104.6828,38.8415],[-104.6828,38.8382],[-104.6828,38.8381]]]}},{"type":"Feature","properties":{"GEOID":"08041004706","COUNTY":"041","NAME":null,"point_on_surface":{"lon":-104.733909,"lat":38.932782,"method":"largest-ring-centroid"}},"geometry":{"type":"Polygon","coordinates":[[[-104.7532,38.9301],[-104.7521,38.927],[-104.7195,38.926],[-104.7197,38.9403],[-104.7397,38.9402],[-104.7532,38.9301]]]}},{"type":"Feature","properties":{"GEOID":"08041006100","COUNTY":"041","NAME":null,"point_on_surface":{"lon":-104.752938,"lat":38.832578,"method":"largest-ring-centroid"}},"geometry":{"type":"Polygon","coordinates":[[[-104.7575,38.8396],[-104.7575,38.8254],[-104.7487,38.8253],[-104.7481,38.8397],[-104.7575,38.8396]]]}},{"type":"Feature","properties":{"GEOID":"08041006200","COUNTY":"041","NAME":null,"point_on_surface":{"lon":-104.735541,"lat":38.832372,"method":"largest-ring-centroid"}},"geometry":{"type":"Polygon","coordinates":[[[-104.7481,38.8397],[-104.7487,38.8253],[-104.7249,38.8246],[-104.7207,38.8389],[-104.7304,38.8393],[-104.7481,38.8397]]]}},{"type":"Feature","properties":{"GEOID":"08031008304","COUNTY":"031","NAME":null,"point_on_surface":{"lon":-104.841629,"lat":39.794157,"method":"largest-ring-centroid"}},"geometry":{"type":"Polygon","coordinates":[[[-104.8472,39.7982],[-104.8471,39.7893],[-104.8356,39.7911],[-104.8357,39.7981],[-104.8472,39.7982]]]}},{"type":"Feature","properties":{"GEOID":"08031008305","COUNTY":"031","NAME":null,"point_on_surface":{"lon":-104.8291,"lat":39.794375,"method":"largest-ring-centroid"}},"geometry":{"type":"Polygon","coordinates":[[[-104.8357,39.7981],[-104.8356,39.7911],[-104.8282,39.7887],[-104.82,39.7983],[-104.8357,39.7981]]]}},{"type":"Feature","properties":{"GEOID":"08031008306","COUNTY":"031","NAME":null,"point_on_surface":{"lon":-104.838666,"lat":39.786852,"method":"largest-ring-centroid"}},"geometry":{"type":"Polygon","coordinates":[[[-104.8471,39.7893],[-104.847,39.7824],[-104.8312,39.7843],[-104.8282,39.7887],[-104.8356,39.7911],[-104.8471,39.7893]]]}},{"type":"Feature","properties":{"GEOID":"08059012044","COUNTY":"059","NAME":null,"point_on_surface":{"lon":-105.135767,"lat":39.601167,"method":"largest-ring-centroid"}},"geometry":{"type":"Polygon","coordinates":[[[-105.1288,39.6097],[-105.1532,39.6016],[-105.1253,39.5922],[-105.1288,39.6097]]]}},{"type":"Feature","properties":{"GEOID":"08035014107","COUNTY":"035","NAME":null,"point_on_surface":{"lon":-104.972027,"lat":39.560048,"method":"largest-ring-centroid"}},"geometry":{"type":"Polygon","coordinates":[[[-104.9889,39.5574],[-104.9594,39.5522],[-104.9553,39.5531],[-104.9605,39.5661],[-104.9885,39.5661],[-104.9889,39.5574]]]}},{"type":"Feature","properties":{"GEOID":"08035013904","COUNTY":"035","NAME":null,"point_on_surface":{"lon":-104.769333,"lat":39.527267,"method":"largest-ring-centroid"}},"geometry":{"type":"Polygon","coordinates":[[[-104.7719,39.5441],[-104.7803,39.5197],[-104.7558,39.518],[-104.7719,39.5441]]]}},{"type":"Feature","properties":{"GEOID":"08035014503","COUNTY":"035","NAME":null,"point_on_surface":{"lon":-104.849683,"lat":39.394069,"method":"largest-ring-centroid"}},"geometry":{"type":"Polygon","coordinates":[[[-104.8682,39.4126],[-104.8619,39.4004],[-104.8607,39.3802],[-104.8298,39.3771],[-104.8447,39.4103],[-104.8682,39.4126]]]}},{"type":"Feature","properties":{"GEOID":"08041003801","COUNTY":"041","NAME":null,"point_on_surface":{"lon":-104.8775,"lat":38.971767,"method":"largest-ring-centroid"}},"geometry":{"type":"Polygon","coordinates":[[[-104.9058,39.0062],[-104.8916,38.9547],[-104.8351,38.9544],[-104.9058,39.0062]]]}},{"type":"Feature","properties":{"GEOID":"08035014300","COUNTY":"035","NAME":null,"point_on_surface":{"lon":-105.151328,"lat":39.258015,"method":"largest-ring-centroid"}},"geometry":{"type":"Polygon","coordinates":[[[-105.171,39.4078],[-105.3294,39.1295],[-105.0275,39.1298],[-105.0296,39.1298],[-105.0538,39.3233],[-105.0546,39.3831],[-105.0728,39.4117],[-105.127,39.4782],[-105.171,39.4078]]]}},{"type":"Feature","properties":{"GEOID":"08035014108","COUNTY":"035","NAME":null,"point_on_surface":{"lon":-104.974469,"lat":39.549461,"method":"largest-ring-centroid"}},"geometry":{"type":"Polygon","coordinates":[[[-104.9889,39.5574],[-104.9917,39.5493],[-104.9613,39.5403],[-104.9594,39.5522],[-104.9889,39.5574]]]}},{"type":"Feature","properties":{"GEOID":"08035013909","COUNTY":"035","NAME":null,"point_on_surface":{"lon":-104.709235,"lat":39.411533,"method":"largest-ring-centroid"}},"geometry":{"type":"Polygon","coordinates":[[[-104.765,39.4495],[-104.7602,39.3912],[-104.7528,39.3911],[-104.6633,39.362],[-104.6627,39.4344],[-104.6813,39.4514],[-104.7217,39.4421],[-104.7618,39.4495],[-104.765,39.4495]]]}},{"type":"Feature","properties":{"GEOID":"08035014115","COUNTY":"035","NAME":null,"point_on_surface":{"lon":-104.894864,"lat":39.543668,"method":"largest-ring-centroid"}},"geometry":{"type":"Polygon","coordinates":[[[-104.9042,39.551],[-104.9043,39.5365],[-104.8855,39.5363],[-104.8855,39.5509],[-104.9042,39.551]]]}},{"type":"Feature","properties":{"GEOID":"08123001406","COUNTY":"123","NAME":null,"point_on_surface":{"lon":-104.781083,"lat":40.387089,"method":"largest-ring-centroid"}},"geometry":{"type":"Polygon","coordinates":[[[-104.8132,40.4004],[-104.813,40.3776],[-104.794,40.3778],[-104.735,40.3847],[-104.735,40.3924],[-104.7846,40.3922],[-104.8132,40.4004]]]}},{"type":"Feature","properties":{"GEOID":"08035014116","COUNTY":"035","NAME":null,"point_on_surface":{"lon":-104.877831,"lat":39.550579,"method":"largest-ring-centroid"}},"geometry":{"type":"Polygon","coordinates":[[[-104.8857,39.566],[-104.8855,39.5363],[-104.8685,39.5363],[-104.8724,39.566],[-104.8857,39.566]]]}},{"type":"Feature","properties":{"GEOID":"08035014123","COUNTY":"035","NAME":null,"point_on_surface":{"lon":-104.881522,"lat":39.426159,"method":"largest-ring-centroid"}},"geometry":{"type":"Polygon","coordinates":[[[-104.9037,39.4265],[-104.8619,39.4004],[-104.8682,39.4126],[-104.8758,39.4499],[-104.9037,39.4265]]]}},{"type":"Feature","properties":{"GEOID":"08035013905","COUNTY":"035","NAME":null,"point_on_surface":{"lon":-104.759956,"lat":39.513306,"method":"largest-ring-centroid"}},"geometry":{"type":"Polygon","coordinates":[[[-104.7803,39.5197],[-104.7752,39.511],[-104.7565,39.504],[-104.7364,39.5181],[-104.7558,39.518],[-104.7803,39.5197]]]}},{"type":"Feature","properties":{"GEOID":"08001007801","COUNTY":"001","NAME":null,"point_on_surface":{"lon":-104.8752,"lat":39.742,"method":"largest-ring-centroid"}},"geometry":{"type":"Polygon","coordinates":[[[-104.8846,39.7438],[-104.8846,39.7402],[-104.8658,39.7402],[-104.8658,39.7438],[-104.8846,39.7438]]]}},{"type":"Feature","properties":{"GEOID":"08001009326","COUNTY":"001","NAME":null,"point_on_surface":{"lon":-105.02022,"lat":39.892412,"method":"largest-ring-centroid"}},"geometry":{"type":"Polygon","coordinates":[[[-105.0249,39.8996],[-105.025,39.8852],[-105.0155,39.8852],[-105.0155,39.8997],[-105.0249,39.8996]]]}},{"type":"Feature","properties":{"GEOID":"08031006810","COUNTY":"031","NAME":null,"point_on_surface":{"lon":-104.889953,"lat":39.646345,"method":"largest-ring-centroid"}},"geometry":{"type":"Polygon","coordinates":[[[-104.8848,39.6531],[-104.9008,39.6531],[-104.8929,39.6357],[-104.8851,39.639],[-104.8801,39.6531],[-104.8848,39.6531]]]}},{"type":"Feature","properties":{"GEOID":"08031006813","COUNTY":"031","NAME":null,"point_on_surface":{"lon":-104.871809,"lat":39.667357,"method":"largest-ring-centroid"}},"geometry":{"type":"Polygon","coordinates":[[[-104.8793,39.6639],[-104.8664,39.6594],[-104.8661,39.6709],[-104.8709,39.6748],[-104.8753,39.6748],[-104.8793,39.6639]]]}},{"type":"Feature","properties":{"GEOID":"08097000500","COUNTY":"097","NAME":null,"point_on_surface":{"lon":-106.695289,"lat":39.201605,"method":"largest-ring-centroid"}},"geometry":{"type":"Polygon","coordinates":[[[-106.9734,39.3656],[-106.9301,39.3002],[-106.8603,39.208],[-106.8397,39.2108],[-106.7978,39.1778],[-106.8821,38.9924],[-106.7997,38.9796],[-106.5992,38.998],[-106.578,39.0579],[-106.4265,39.3619],[-106.5092,39.3623],[-106.9734,39.3656]]]}},{"type":"Feature","properties":{"GEOID":"08031015500","COUNTY":"031","NAME":null,"point_on_surface":{"lon":-104.936004,"lat":39.692739,"method":"largest-ring-centroid"}},"geometry":{"type":"Polygon","coordinates":[[[-104.9406,39.6954],[-104.9406,39.6893],[-104.9317,39.6893],[-104.9317,39.6966],[-104.934,39.6966],[-104.9406,39.6954]]]}},{"type":"Feature","properties":{"GEOID":"08099000700","COUNTY":"099","NAME":null,"point_on_surface":{"lon":-102.48126,"lat":37.919095,"method":"largest-ring-centroid"}},"geometry":{"type":"Polygon","coordinates":[[[-102.7417,38.097],[-102.7476,37.6436],[-102.2557,37.6442],[-102.266,38.1578],[-102.2111,38.2682],[-102.4797,38.2679],[-102.4976,38.0945],[-102.6043,38.1061],[-102.6033,38.0885],[-102.6171,38.0635],[-102.6315,38.0849],[-102.6516,38.1045],[-102.7417,38.097]]]}},{"type":"Feature","properties":{"GEOID":"08001061200","COUNTY":"001","NAME":null,"point_on_surface":{"lon":-104.947593,"lat":39.990602,"method":"largest-ring-centroid"}},"geometry":{"type":"Polygon","coordinates":[[[-104.9877,39.9866],[-104.922,39.979],[-104.9222,40.0003],[-104.9614,40.0003],[-104.9877,39.9866]]]}},{"type":"Feature","properties":{"GEOID":"08105976800","COUNTY":"105","NAME":null,"point_on_surface":{"lon":-106.36293,"lat":37.674102,"method":"largest-ring-centroid"}},"geometry":{"type":"Polygon","coordinates":[[[-106.3506,37.685],[-106.405,37.6735],[-106.3558,37.6632],[-106.3304,37.6755],[-106.3506,37.685]]]}},{"type":"Feature","properties":{"GEOID":"08059010100","COUNTY":"059","NAME":null,"point_on_surface":{"lon":-105.176491,"lat":39.737137,"method":"largest-ring-centroid"}},"geometry":{"type":"Polygon","coordinates":[[[-105.1842,39.7458],[-105.1941,39.7253],[-105.1654,39.7253],[-105.1655,39.7321],[-105.1594,39.74],[-105.1792,39.7558],[-105.1842,39.7458]]]}},{"type":"Feature","properties":{"GEOID":"08059010205","COUNTY":"059","NAME":null,"point_on_surface":{"lon":-105.117635,"lat":39.83528,"method":"largest-ring-centroid"}},"geometry":{"type":"Polygon","coordinates":[[[-105.1289,39.8421],[-105.1286,39.8362],[-105.1096,39.8231],[-105.1101,39.842],[-105.1289,39.8421]]]}},{"type":"Feature","properties":{"GEOID":"08045952100","COUNTY":"045","NAME":null,"point_on_surface":{"lon":-108.475106,"lat":39.522658,"method":"largest-ring-centroid"}},"geometry":{"type":"Polygon","coordinates":[[[-109.0512,39.6605],[-109.0508,39.3667],[-107.8841,39.3662],[-108.0074,39.5343],[-107.8919,39.5951],[-107.9386,39.7016],[-108.5547,39.6878],[-108.5546,39.6502],[-109.0512,39.6605]]]}},{"type":"Feature","properties":{"GEOID":"08045951600","COUNTY":"045","NAME":null,"point_on_surface":{"lon":-107.238897,"lat":39.830962,"method":"largest-ring-centroid"}},"geometry":{"type":"Polygon","coordinates":[[[-107.4765,39.8283],[-107.3897,39.7043],[-107.4074,39.5617],[-107.3728,39.5602],[-107.3247,39.5485],[-107.2918,39.5569],[-107.1139,39.6246],[-107.1137,39.9191],[-107.034,39.9189],[-107.0374,40.0915],[-107.317,40.0908],[-107.3187,39.915],[-107.4765,39.8283]]]}},{"type":"Feature","properties":{"GEOID":"08045951802","COUNTY":"045","NAME":null,"point_on_surface":{"lon":-107.273022,"lat":39.496818,"method":"largest-ring-centroid"}},"geometry":{"type":"Polygon","coordinates":[[[-107.4067,39.4139],[-107.4267,39.3662],[-107.3476,39.3661],[-107.2627,39.4566],[-107.1136,39.4873],[-107.1139,39.6246],[-107.2918,39.5569],[-107.3016,39.504],[-107.3728,39.5602],[-107.4074,39.5617],[-107.4067,39.4139]]]}},{"type":"Feature","properties":{"GEOID":"08121924200","COUNTY":"121","NAME":null,"point_on_surface":{"lon":-103.267114,"lat":40.186632,"method":"largest-ring-centroid"}},"geometry":{"type":"Polygon","coordinates":[[[-103.4647,40.4082],[-103.472,40.0015],[-103.4591,39.9429],[-103.0488,39.947],[-103.0835,40.4368],[-103.4654,40.4363],[-103.4647,40.4082]]]}},{"type":"Feature","properties":{"GEOID":"08121924100","COUNTY":"121","NAME":null,"point_on_surface":{"lon":-103.170816,"lat":39.884819,"method":"largest-ring-centroid"}},"geometry":{"type":"Polygon","coordinates":[[[-103.7065,39.7399],[-103.7071,39.5663],[-103.1544,39.5656],[-102.8029,39.5678],[-102.78,40.4385],[-103.0835,40.4368],[-103.0488,39.947],[-103.4591,39.9429],[-103.472,40.0015],[-103.7057,40.0014],[-103.7065,39.7399]]]}},{"type":"Feature","properties":{"GEOID":"08059009840","COUNTY":"059","NAME":null,"point_on_surface":{"lon":-105.144407,"lat":39.819608,"method":"largest-ring-centroid"}},"geometry":{"type":"Polygon","coordinates":[[[-105.1495,39.8271],[-105.1523,39.8126],[-105.1378,39.8127],[-105.1379,39.8271],[-105.1495,39.8271]]]}},{"type":"Feature","properties":{"GEOID":"08059012031","COUNTY":"059","NAME":null,"point_on_surface":{"lon":-105.352037,"lat":39.56671,"method":"largest-ring-centroid"}},"geometry":{"type":"Polygon","coordinates":[[[-105.3991,39.5821],[-105.3985,39.5247],[-105.3122,39.5354],[-105.3057,39.5805],[-105.3234,39.6195],[-105.3991,39.5821]]]}},{"type":"Feature","properties":{"GEOID":"08059012037","COUNTY":"059","NAME":null,"point_on_surface":{"lon":-105.359598,"lat":39.506935,"method":"largest-ring-centroid"}},"geometry":{"type":"Polygon","coordinates":[[[-105.3985,39.5247],[-105.3983,39.4642],[-105.3067,39.5122],[-105.3058,39.5207],[-105.3122,39.5354],[-105.3985,39.5247]]]}},{"type":"Feature","properties":{"GEOID":"08059012042","COUNTY":"059","NAME":null,"point_on_surface":{"lon":-105.11935,"lat":39.61695,"method":"largest-ring-centroid"}},"geometry":{"type":"Polygon","coordinates":[[[-105.1287,39.6242],[-105.1288,39.6097],[-105.11,39.6097],[-105.1099,39.6242],[-105.1287,39.6242]]]}},{"type":"Feature","properties":{"GEOID":"08059009839","COUNTY":"059","NAME":null,"point_on_surface":{"lon":-105.158004,"lat":39.820029,"method":"largest-ring-centroid"}},"geometry":{"type":"Polygon","coordinates":[[[-105.1651,39.827],[-105.1652,39.8125],[-105.1523,39.8126],[-105.1495,39.8271],[-105.1651,39.827]]]}},{"type":"Feature","properties":{"GEOID":"08059009842","COUNTY":"059","NAME":null,"point_on_surface":{"lon":-105.184736,"lat":39.791043,"method":"largest-ring-centroid"}},"geometry":{"type":"Polygon","coordinates":[[[-105.1933,39.8055],[-105.198,39.7684],[-105.1748,39.7715],[-105.1746,39.8],[-105.1698,39.8125],[-105.1933,39.8127],[-105.1933,39.8055]]]}},{"type":"Feature","properties":{"GEOID":"08059010701","COUNTY":"059","NAME":null,"point_on_surface":{"lon":-105.073682,"lat":39.762305,"method":"largest-ring-centroid"}},"geometry":{"type":"Polygon","coordinates":[[[-105.0814,39.7694],[-105.0814,39.7548],[-105.0673,39.7548],[-105.0647,39.7694],[-105.0814,39.7694]]]}},{"type":"Feature","properties":{"GEOID":"08059012032","COUNTY":"059","NAME":null,"point_on_surface":{"lon":-105.279262,"lat":39.564124,"method":"largest-ring-centroid"}},"geometry":{"type":"Polygon","coordinates":[[[-105.3057,39.5805],[-105.3122,39.5354],[-105.3058,39.5207],[-105.2221,39.5915],[-105.2681,39.5889],[-105.3057,39.5805]]]}},{"type":"Feature","properties":{"GEOID":"08059009846","COUNTY":"059","NAME":null,"point_on_surface":{"lon":-105.32,"lat":39.671286,"method":"largest-ring-centroid"}},"geometry":{"type":"Polygon","coordinates":[[[-105.3289,39.7019],[-105.3662,39.6836],[-105.3238,39.656],[-105.346,39.6531],[-105.3288,39.6335],[-105.321,39.6324],[-105.2944,39.6558],[-105.2757,39.6668],[-105.3212,39.7078],[-105.3289,39.7019]]]}},{"type":"Feature","properties":{"GEOID":"08059009845","COUNTY":"059","NAME":null,"point_on_surface":{"lon":-105.244543,"lat":39.681509,"method":"largest-ring-centroid"}},"geometry":{"type":"Polygon","coordinates":[[[-105.3212,39.7078],[-105.2757,39.6668],[-105.1865,39.6525],[-105.1924,39.6758],[-105.2019,39.7024],[-105.21,39.6955],[-105.3212,39.7078]]]}},{"type":"Feature","properties":{"GEOID":"08059009848","COUNTY":"059","NAME":null,"point_on_surface":{"lon":-105.372567,"lat":39.672215,"method":"largest-ring-centroid"}},"geometry":{"type":"Polygon","coordinates":[[[-105.3983,39.7141],[-105.3983,39.6359],[-105.3288,39.6335],[-105.346,39.6531],[-105.3662,39.6836],[-105.3289,39.7019],[-105.3983,39.7171],[-105.3983,39.7141]]]}},{"type":"Feature","properties":{"GEOID":"08041001302","COUNTY":"041","NAME":null,"point_on_surface":{"lon":-104.854633,"lat":38.856233,"method":"largest-ring-centroid"}},"geometry":{"type":"Polygon","coordinates":[[[-104.8655,38.8609],[-104.8668,38.8551],[-104.8539,38.8477],[-104.838,38.8489],[-104.8594,38.8691],[-104.8655,38.8609]]]}},{"type":"Feature","properties":{"GEOID":"08001009608","COUNTY":"001","NAME":null,"point_on_surface":{"lon":-105.050033,"lat":39.809567,"method":"largest-ring-centroid"}},"geometry":{"type":"Polygon","coordinates":[[[-105.0533,39.8219],[-105.0528,39.8025],[-105.044,39.8043],[-105.0533,39.8219]]]}},{"type":"Feature","properties":{"GEOID":"08001009607","COUNTY":"001","NAME":null,"point_on_surface":{"lon":-105.042455,"lat":39.817157,"method":"largest-ring-centroid"}},"geometry":{"type":"Polygon","coordinates":[[[-105.0533,39.8273],[-105.0533,39.8219],[-105.044,39.8043],[-105.0347,39.8043],[-105.0344,39.8273],[-105.0533,39.8273]]]}},{"type":"Feature","properties":{"GEOID":"08059009806","COUNTY":"059","NAME":null,"point_on_surface":{"lon":-105.1607,"lat":39.759639,"method":"largest-ring-centroid"}},"geometry":{"type":"Polygon","coordinates":[[[-105.1798,39.7618],[-105.1792,39.7558],[-105.1594,39.74],[-105.1456,39.7546],[-105.1432,39.7619],[-105.1434,39.7735],[-105.1748,39.7715],[-105.1798,39.7618]]]}},{"type":"Feature","properties":{"GEOID":"08059980000","COUNTY":"059","NAME":null,"point_on_surface":{"lon":-105.12024,"lat":39.718082,"method":"largest-ring-centroid"}},"geometry":{"type":"Polygon","coordinates":[[[-105.1306,39.7253],[-105.1305,39.7106],[-105.1097,39.711],[-105.1098,39.7254],[-105.1306,39.7253]]]}},{"type":"Feature","properties":{"GEOID":"08059009829","COUNTY":"059","NAME":null,"point_on_surface":{"lon":-105.119555,"lat":39.868866,"method":"largest-ring-centroid"}},"geometry":{"type":"Polygon","coordinates":[[[-105.1483,39.8715],[-105.1118,39.853],[-105.0959,39.8781],[-105.1287,39.8783],[-105.1483,39.8715]]]}},{"type":"Feature","properties":{"GEOID":"08059010306","COUNTY":"059","NAME":null,"point_on_surface":{"lon":-105.130672,"lat":39.807269,"method":"largest-ring-centroid"}},"geometry":{"type":"Polygon","coordinates":[[[-105.1378,39.8127],[-105.1379,39.8018],[-105.1235,39.8018],[-105.1235,39.8127],[-105.1284,39.8128],[-105.1378,39.8127]]]}},{"type":"Feature","properties":{"GEOID":"08041004100","COUNTY":"041","NAME":null,"point_on_surface":{"lon":-104.747133,"lat":38.7637,"method":"largest-ring-centroid"}},"geometry":{"type":"Polygon","coordinates":[[[-104.7581,38.7701],[-104.7442,38.7512],[-104.7391,38.7697],[-104.7581,38.7701]]]}},{"type":"Feature","properties":{"GEOID":"08041004701","COUNTY":"041","NAME":null,"point_on_surface":{"lon":-104.782758,"lat":38.922597,"method":"largest-ring-centroid"}},"geometry":{"type":"Polygon","coordinates":[[[-104.7934,38.9295],[-104.7873,38.9149],[-104.7753,38.914],[-104.7751,38.9298],[-104.7934,38.9295]]]}},{"type":"Feature","properties":{"GEOID":"08041004702","COUNTY":"041","NAME":null,"point_on_surface":{"lon":-104.764194,"lat":38.928098,"method":"largest-ring-centroid"}},"geometry":{"type":"Polygon","coordinates":[[[-104.7751,38.9298],[-104.7751,38.9258],[-104.752,38.9268],[-104.7532,38.9301],[-104.7751,38.9298]]]}},{"type":"Feature","properties":{"GEOID":"08005007201","COUNTY":"005","NAME":null,"point_on_surface":{"lon":-104.869479,"lat":39.721171,"method":"largest-ring-centroid"}},"geometry":{"type":"Polygon","coordinates":[[[-104.8753,39.7256],[-104.8706,39.7102],[-104.866,39.7111],[-104.8659,39.7329],[-104.8753,39.7256]]]}},{"type":"Feature","properties":{"GEOID":"08005007202","COUNTY":"005","NAME":null,"point_on_surface":{"lon":-104.875493,"lat":39.732759,"method":"largest-ring-centroid"}},"geometry":{"type":"Polygon","coordinates":[[[-104.8847,39.7328],[-104.8753,39.7256],[-104.8659,39.7329],[-104.8658,39.7364],[-104.8847,39.7373],[-104.8847,39.7328]]]}},{"type":"Feature","properties":{"GEOID":"08059012033","COUNTY":"059","NAME":null,"point_on_surface":{"lon":-105.237723,"lat":39.550305,"method":"largest-ring-centroid"}},"geometry":{"type":"Polygon","coordinates":[[[-105.2221,39.5915],[-105.3057,39.5202],[-105.187,39.5373],[-105.2184,39.5915],[-105.2225,39.5925],[-105.2221,39.5915]]]}},{"type":"Feature","properties":{"GEOID":"08059012022","COUNTY":"059","NAME":null,"point_on_surface":{"lon":-105.132405,"lat":39.587705,"method":"largest-ring-centroid"}},"geometry":{"type":"Polygon","coordinates":[[[-105.1563,39.6003],[-105.146,39.5774],[-105.1055,39.5807],[-105.1102,39.593],[-105.1253,39.5922],[-105.1532,39.6016],[-105.1563,39.6003]]]}},{"type":"Feature","properties":{"GEOID":"08059011723","COUNTY":"059","NAME":null,"point_on_surface":{"lon":-105.142637,"lat":39.705167,"method":"largest-ring-centroid"}},"geometry":{"type":"Polygon","coordinates":[[[-105.1473,39.7112],[-105.1472,39.6947],[-105.1329,39.7096],[-105.1473,39.7112]]]}},{"type":"Feature","properties":{"GEOID":"08001008565","COUNTY":"001","NAME":null,"point_on_surface":{"lon":-104.784043,"lat":39.979496,"method":"largest-ring-centroid"}},"geometry":{"type":"Polygon","coordinates":[[[-104.7962,39.9868],[-104.7977,39.9723],[-104.771,39.9724],[-104.7712,39.9868],[-104.7962,39.9868]]]}},{"type":"Feature","properties":{"GEOID":"08069001813","COUNTY":"069","NAME":null,"point_on_surface":{"lon":-105.096446,"lat":40.472815,"method":"largest-ring-centroid"}},"geometry":{"type":"Polygon","coordinates":[[[-105.1156,40.4944],[-105.1155,40.451],[-105.0774,40.4511],[-105.0773,40.4948],[-105.0909,40.4946],[-105.1156,40.4944]]]}},{"type":"Feature","properties":{"GEOID":"08069002507","COUNTY":"069","NAME":null,"point_on_surface":{"lon":-104.991432,"lat":40.714892,"method":"largest-ring-centroid"}},"geometry":{"type":"Polygon","coordinates":[[[-104.9433,40.7833],[-105.068,40.6828],[-105.07,40.6668],[-104.9435,40.6965],[-104.9433,40.7833]]]}},{"type":"Feature","properties":{"GEOID":"08069002504","COUNTY":"069","NAME":null,"point_on_surface":{"lon":-104.972655,"lat":40.617206,"method":"largest-ring-centroid"}},"geometry":{"type":"Polygon","coordinates":[[[-105.0015,40.6102],[-105.0014,40.5812],[-104.9441,40.5809],[-104.9435,40.6532],[-105.0011,40.6535],[-105.0015,40.6102]]]}},{"type":"Feature","properties":{"GEOID":"08059009847","COUNTY":"059","NAME":null,"point_on_surface":{"lon":-105.345333,"lat":39.664233,"method":"largest-ring-centroid"}},"geometry":{"type":"Polygon","coordinates":[[[-105.3662,39.6836],[-105.346,39.6531],[-105.3238,39.656],[-105.3662,39.6836]]]}},{"type":"Feature","properties":{"GEOID":"08069002508","COUNTY":"069","NAME":null,"point_on_surface":{"lon":-104.995601,"lat":40.668888,"method":"largest-ring-centroid"}},"geometry":{"type":"Polygon","coordinates":[[[-105.07,40.6668],[-105.0729,40.6542],[-104.9435,40.6532],[-104.9435,40.6965],[-105.07,40.6668]]]}},{"type":"Feature","properties":{"GEOID":"08069002506","COUNTY":"069","NAME":null,"point_on_surface":{"lon":-104.971214,"lat":40.553001,"method":"largest-ring-centroid"}},"geometry":{"type":"Polygon","coordinates":[[[-105.0014,40.5812],[-105.0015,40.5666],[-104.9925,40.5234],[-104.9443,40.5228],[-104.9441,40.5809],[-105.0014,40.5812]]]}},{"type":"Feature","properties":{"GEOID":"08069002602","COUNTY":"069","NAME":null,"point_on_surface":{"lon":-105.108673,"lat":40.303283,"method":"largest-ring-centroid"}},"geometry":{"type":"Polygon","coordinates":[[[-105.1504,40.3346],[-105.1591,40.2612],[-105.0551,40.2618],[-105.0552,40.2968],[-105.1025,40.2937],[-105.0933,40.3271],[-105.0553,40.3199],[-105.0567,40.3493],[-105.135,40.3495],[-105.1504,40.3346]]]}},{"type":"Feature","properties":{"GEOID":"08069002404","COUNTY":"069","NAME":null,"point_on_surface":{"lon":-105.420659,"lat":40.734795,"method":"largest-ring-centroid"}},"geometry":{"type":"Polygon","coordinates":[[[-105.5995,40.7919],[-105.6429,40.7288],[-105.4182,40.6741],[-105.1707,40.7524],[-105.2156,40.7945],[-105.399,40.7341],[-105.5995,40.7919]]]}},{"type":"Feature","properties":{"GEOID":"08069002804","COUNTY":"069","NAME":null,"point_on_surface":{"lon":-105.511971,"lat":40.314705,"method":"largest-ring-centroid"}},"geometry":{"type":"Polygon","coordinates":[[[-105.5707,40.3487],[-105.5617,40.2615],[-105.4654,40.2594],[-105.4544,40.3565],[-105.4784,40.3668],[-105.5108,40.3764],[-105.5707,40.3487]]]}},{"type":"Feature","properties":{"GEOID":"08069002805","COUNTY":"069","NAME":null,"point_on_surface":{"lon":-105.546067,"lat":40.363633,"method":"largest-ring-centroid"}},"geometry":{"type":"Polygon","coordinates":[[[-105.5567,40.3658],[-105.5707,40.3487],[-105.5108,40.3764],[-105.5567,40.3658]]]}},{"type":"Feature","properties":{"GEOID":"08005007400","COUNTY":"005","NAME":null,"point_on_surface":{"lon":-104.856584,"lat":39.730952,"method":"largest-ring-centroid"}},"geometry":{"type":"Polygon","coordinates":[[[-104.8659,39.7329],[-104.8659,39.7256],[-104.8472,39.7257],[-104.8471,39.7361],[-104.8658,39.7364],[-104.8659,39.7329]]]}},{"type":"Feature","properties":{"GEOID":"08059012034","COUNTY":"059","NAME":null,"point_on_surface":{"lon":-105.183393,"lat":39.608637,"method":"largest-ring-centroid"}},"geometry":{"type":"Polygon","coordinates":[[[-105.1723,39.6333],[-105.2225,39.5925],[-105.2184,39.5915],[-105.1563,39.6003],[-105.164,39.6235],[-105.1723,39.6333]]]}},{"type":"Feature","properties":{"GEOID":"08059009837","COUNTY":"059","NAME":null,"point_on_surface":{"lon":-105.201386,"lat":39.838336,"method":"largest-ring-centroid"}},"geometry":{"type":"Polygon","coordinates":[[[-105.2403,39.8659],[-105.2217,39.8201],[-105.1972,39.8127],[-105.1651,39.827],[-105.1653,39.8472],[-105.2403,39.8659]]]}},{"type":"Feature","properties":{"GEOID":"08069001714","COUNTY":"069","NAME":null,"point_on_surface":{"lon":-104.968389,"lat":40.435762,"method":"largest-ring-centroid"}},"geometry":{"type":"Polygon","coordinates":[[[-104.9921,40.4647],[-104.9936,40.4],[-104.9446,40.4053],[-104.9441,40.4734],[-104.9921,40.4647]]]}},{"type":"Feature","properties":{"GEOID":"08069002403","COUNTY":"069","NAME":null,"point_on_surface":{"lon":-105.715011,"lat":40.718529,"method":"largest-ring-centroid"}},"geometry":{"type":"Polygon","coordinates":[[[-106.1906,40.9976],[-105.8549,40.4862],[-105.8225,40.4768],[-105.7354,40.5474],[-105.5178,40.5191],[-105.2959,40.5603],[-105.2108,40.4873],[-105.1995,40.49],[-105.1781,40.6522],[-105.1707,40.7524],[-105.4182,40.6741],[-105.6429,40.7288],[-105.5995,40.7919],[-105.837,40.8186],[-105.7706,40.9969],[-106.1906,40.9976]]]}},{"type":"Feature","properties":{"GEOID":"08069001904","COUNTY":"069","NAME":null,"point_on_surface":{"lon":-105.360677,"lat":40.45327,"method":"largest-ring-centroid"}},"geometry":{"type":"Polygon","coordinates":[[[-105.2108,40.4873],[-105.2959,40.5603],[-105.5178,40.5191],[-105.4988,40.4256],[-105.4784,40.3668],[-105.4544,40.3565],[-105.2348,40.3718],[-105.2196,40.3773],[-105.2108,40.4873]]]}},{"type":"Feature","properties":{"GEOID":"08069001905","COUNTY":"069","NAME":null,"point_on_surface":{"lon":-105.345621,"lat":40.312358,"method":"largest-ring-centroid"}},"geometry":{"type":"Polygon","coordinates":[[[-105.4544,40.3565],[-105.4654,40.2594],[-105.2373,40.2619],[-105.2348,40.3718],[-105.4544,40.3565]]]}},{"type":"Feature","properties":{"GEOID":"08069002505","COUNTY":"069","NAME":null,"point_on_surface":{"lon":-104.968777,"lat":40.49601,"method":"largest-ring-centroid"}},"geometry":{"type":"Polygon","coordinates":[[[-104.9925,40.5234],[-104.9921,40.4647],[-104.9441,40.4734],[-104.9443,40.5228],[-104.9925,40.5234]]]}},{"type":"Feature","properties":{"GEOID":"08069001712","COUNTY":"069","NAME":null,"point_on_surface":{"lon":-105.053594,"lat":40.453266,"method":"largest-ring-centroid"}},"geometry":{"type":"Polygon","coordinates":[[[-105.0774,40.4802],[-105.0774,40.4511],[-105.0585,40.4289],[-105.0363,40.4126],[-105.0331,40.4657],[-105.042,40.4801],[-105.0774,40.4802]]]}},{"type":"Feature","properties":{"GEOID":"08069001715","COUNTY":"069","NAME":null,"point_on_surface":{"lon":-105.013646,"lat":40.432942,"method":"largest-ring-centroid"}},"geometry":{"type":"Polygon","coordinates":[[[-105.0363,40.4126],[-105.0363,40.4072],[-105.0212,40.4],[-104.9936,40.4],[-104.9921,40.4647],[-105.0331,40.4657],[-105.0363,40.4126]]]}},{"type":"Feature","properties":{"GEOID":"08069002601","COUNTY":"069","NAME":null,"point_on_surface":{"lon":-105.19714,"lat":40.317075,"method":"largest-ring-centroid"}},"geometry":{"type":"Polygon","coordinates":[[[-105.2348,40.3718],[-105.2373,40.2619],[-105.1591,40.2612],[-105.1504,40.3346],[-105.1922,40.3844],[-105.2196,40.3773],[-105.2348,40.3718]]]}},{"type":"Feature","properties":{"GEOID":"08069001811","COUNTY":"069","NAME":null,"point_on_surface":{"lon":-105.11026,"lat":40.421904,"method":"largest-ring-centroid"}},"geometry":{"type":"Polygon","coordinates":[[[-105.1155,40.4297],[-105.1252,40.4098],[-105.0968,40.4217],[-105.0966,40.429],[-105.1155,40.4297]]]}},{"type":"Feature","properties":{"GEOID":"08059009828","COUNTY":"059","NAME":null,"point_on_surface":{"lon":-105.092488,"lat":39.869017,"method":"largest-ring-centroid"}},"geometry":{"type":"Polygon","coordinates":[[[-105.0959,39.8781],[-105.1118,39.853],[-105.1076,39.8566],[-105.0828,39.8619],[-105.0821,39.8855],[-105.0959,39.8781]]]}},{"type":"Feature","properties":{"GEOID":"08059012058","COUNTY":"059","NAME":null,"point_on_surface":{"lon":-105.312888,"lat":39.336653,"method":"largest-ring-centroid"}},"geometry":{"type":"Polygon","coordinates":[[[-105.398,39.4242],[-105.3978,39.1586],[-105.3294,39.1295],[-105.171,39.4078],[-105.3067,39.5122],[-105.3983,39.4642],[-105.398,39.4242]]]}},{"type":"Feature","properties":{"GEOID":"08059012027","COUNTY":"059","NAME":null,"point_on_surface":{"lon":-105.238047,"lat":39.629677,"method":"largest-ring-centroid"}},"geometry":{"type":"Polygon","coordinates":[[[-105.2944,39.6558],[-105.2681,39.5889],[-105.2221,39.5915],[-105.1723,39.6333],[-105.1865,39.6525],[-105.2757,39.6668],[-105.2944,39.6558]]]}},{"type":"Feature","properties":{"GEOID":"08059010403","COUNTY":"059","NAME":null,"point_on_surface":{"lon":-105.115551,"lat":39.778928,"method":"largest-ring-centroid"}},"geometry":{"type":"Polygon","coordinates":[[[-105.1379,39.7799],[-105.1434,39.7735],[-105.1096,39.7751],[-105.0814,39.7845],[-105.0861,39.785],[-105.1379,39.7799]]]}},{"type":"Feature","properties":{"GEOID":"08069001713","COUNTY":"069","NAME":null,"point_on_surface":{"lon":-105.013093,"lat":40.374637,"method":"largest-ring-centroid"}},"geometry":{"type":"Polygon","coordinates":[[[-105.0733,40.3642],[-105.074,40.3493],[-104.9813,40.3492],[-104.9446,40.4053],[-104.9936,40.4],[-105.0212,40.4],[-105.0733,40.3783],[-105.0733,40.3642]]]}},{"type":"Feature","properties":{"GEOID":"08069001710","COUNTY":"069","NAME":null,"point_on_surface":{"lon":-105.053433,"lat":40.3912,"method":"largest-ring-centroid"}},"geometry":{"type":"Polygon","coordinates":[[[-105.0658,40.3953],[-105.0733,40.3783],[-105.0212,40.4],[-105.0658,40.3953]]]}},{"type":"Feature","properties":{"GEOID":"08069001711","COUNTY":"069","NAME":null,"point_on_surface":{"lon":-105.05106,"lat":40.402077,"method":"largest-ring-centroid"}},"geometry":{"type":"Polygon","coordinates":[[[-105.0731,40.4023],[-105.0658,40.3953],[-105.0212,40.4],[-105.0363,40.4072],[-105.073,40.4072],[-105.0731,40.4023]]]}},{"type":"Feature","properties":{"GEOID":"08069001812","COUNTY":"069","NAME":null,"point_on_surface":{"lon":-105.147609,"lat":40.477255,"method":"largest-ring-centroid"}},"geometry":{"type":"Polygon","coordinates":[[[-105.1995,40.49],[-105.1342,40.4073],[-105.1252,40.4098],[-105.1155,40.4297],[-105.1151,40.5309],[-105.1409,40.5285],[-105.1982,40.5062],[-105.1995,40.49]]]}},{"type":"Feature","properties":{"GEOID":"08069001810","COUNTY":"069","NAME":null,"point_on_surface":{"lon":-105.105948,"lat":40.440193,"method":"largest-ring-centroid"}},"geometry":{"type":"Polygon","coordinates":[[[-105.1155,40.451],[-105.1155,40.4297],[-105.0966,40.429],[-105.0964,40.451],[-105.1155,40.451]]]}},{"type":"Feature","properties":{"GEOID":"08059012050","COUNTY":"059","NAME":null,"point_on_surface":{"lon":-105.069825,"lat":39.613907,"method":"largest-ring-centroid"}},"geometry":{"type":"Polygon","coordinates":[[[-105.0914,39.6143],[-105.0914,39.6097],[-105.0536,39.6097],[-105.0535,39.6209],[-105.0914,39.6143]]]}},{"type":"Feature","properties":{"GEOID":"08059010603","COUNTY":"059","NAME":null,"point_on_surface":{"lon":-105.067296,"lat":39.772988,"method":"largest-ring-centroid"}},"geometry":{"type":"Polygon","coordinates":[[[-105.0814,39.7766],[-105.0814,39.7694],[-105.0532,39.7693],[-105.0533,39.7766],[-105.0814,39.7766]]]}},{"type":"Feature","properties":{"GEOID":"08059012045","COUNTY":"059","NAME":null,"point_on_surface":{"lon":-105.118662,"lat":39.601454,"method":"largest-ring-centroid"}},"geometry":{"type":"Polygon","coordinates":[[[-105.1288,39.6097],[-105.1253,39.5922],[-105.1102,39.593],[-105.11,39.6097],[-105.1288,39.6097]]]}},{"type":"Feature","properties":{"GEOID":"08059012030","COUNTY":"059","NAME":null,"point_on_surface":{"lon":-105.368199,"lat":39.616044,"method":"largest-ring-centroid"}},"geometry":{"type":"Polygon","coordinates":[[[-105.3983,39.6359],[-105.3991,39.5821],[-105.3234,39.6195],[-105.321,39.6324],[-105.3288,39.6335],[-105.3983,39.6359]]]}},{"type":"Feature","properties":{"GEOID":"08059012035","COUNTY":"059","NAME":null,"point_on_surface":{"lon":-105.174051,"lat":39.570024,"method":"largest-ring-centroid"}},"geometry":{"type":"Polygon","coordinates":[[[-105.2184,39.5915],[-105.187,39.5373],[-105.1307,39.5508],[-105.146,39.5774],[-105.1563,39.6003],[-105.2184,39.5915]]]}},{"type":"Feature","properties":{"GEOID":"08059009841","COUNTY":"059","NAME":null,"point_on_surface":{"lon":-105.133155,"lat":39.819925,"method":"largest-ring-centroid"}},"geometry":{"type":"Polygon","coordinates":[[[-105.1379,39.8271],[-105.1378,39.8127],[-105.1284,39.8128],[-105.1285,39.8271],[-105.1379,39.8271]]]}},{"type":"Feature","properties":{"GEOID":"08059009815","COUNTY":"059","NAME":null,"point_on_surface":{"lon":-105.131658,"lat":39.853226,"method":"largest-ring-centroid"}},"geometry":{"type":"Polygon","coordinates":[[[-105.1483,39.8715],[-105.1478,39.8459],[-105.1289,39.8421],[-105.1101,39.842],[-105.1103,39.8534],[-105.1118,39.853],[-105.1483,39.8715]]]}},{"type":"Feature","properties":{"GEOID":"08001008553","COUNTY":"001","NAME":null,"point_on_surface":{"lon":-104.698262,"lat":39.930723,"method":"largest-ring-centroid"}},"geometry":{"type":"Polygon","coordinates":[[[-104.7511,39.9724],[-104.8162,39.9143],[-104.7713,39.9054],[-104.791,39.8563],[-104.7909,39.8418],[-104.6073,39.8991],[-104.6041,40.0006],[-104.7147,40.0005],[-104.7357,39.9869],[-104.7511,39.9724]]]}},{"type":"Feature","properties":{"GEOID":"08001060002","COUNTY":"001","NAME":null,"point_on_surface":{"lon":-104.956636,"lat":39.970227,"method":"largest-ring-centroid"}},"geometry":{"type":"Polygon","coordinates":[[[-104.9878,39.9815],[-104.9881,39.9576],[-104.9221,39.9574],[-104.922,39.979],[-104.9877,39.9866],[-104.9878,39.9815]]]}},{"type":"Feature","properties":{"GEOID":"08001008552","COUNTY":"001","NAME":null,"point_on_surface":{"lon":-104.818191,"lat":39.947939,"method":"largest-ring-centroid"}},"geometry":{"type":"Polygon","coordinates":[[[-104.8594,39.9473],[-104.8674,39.9228],[-104.852,39.9216],[-104.8162,39.9143],[-104.7511,39.9724],[-104.8512,39.9723],[-104.8594,39.9473]]]}},{"type":"Feature","properties":{"GEOID":"08001008354","COUNTY":"001","NAME":null,"point_on_surface":{"lon":-104.680139,"lat":39.779323,"method":"largest-ring-centroid"}},"geometry":{"type":"Polygon","coordinates":[[[-104.7722,39.7715],[-104.7723,39.7539],[-104.7359,39.7403],[-104.5825,39.7396],[-104.6256,39.8225],[-104.7531,39.8234],[-104.7626,39.7984],[-104.7345,39.7819],[-104.7534,39.7693],[-104.7722,39.7715]]]}},{"type":"Feature","properties":{"GEOID":"08001008557","COUNTY":"001","NAME":null,"point_on_surface":{"lon":-104.845082,"lat":39.900908,"method":"largest-ring-centroid"}},"geometry":{"type":"Polygon","coordinates":[[[-104.8654,39.8868],[-104.8678,39.8707],[-104.8657,39.8707],[-104.8319,39.8997],[-104.819,39.9143],[-104.852,39.9216],[-104.8558,39.9143],[-104.8466,39.897],[-104.8654,39.8868]]]}},{"type":"Feature","properties":{"GEOID":"08001008556","COUNTY":"001","NAME":null,"point_on_surface":{"lon":-104.855933,"lat":39.899367,"method":"largest-ring-centroid"}},"geometry":{"type":"Polygon","coordinates":[[[-104.8558,39.9143],[-104.8654,39.8868],[-104.8466,39.897],[-104.8558,39.9143]]]}},{"type":"Feature","properties":{"GEOID":"08001008561","COUNTY":"001","NAME":null,"point_on_surface":{"lon":-104.883755,"lat":39.970228,"method":"largest-ring-centroid"}},"geometry":{"type":"Polygon","coordinates":[[[-104.922,39.979],[-104.9221,39.9574],[-104.8594,39.9473],[-104.8512,39.9723],[-104.8324,39.9869],[-104.922,39.9862],[-104.922,39.979]]]}},{"type":"Feature","properties":{"GEOID":"08005083900","COUNTY":"005","NAME":null,"point_on_surface":{"lon":-104.825129,"lat":39.646142,"method":"largest-ring-centroid"}},"geometry":{"type":"Polygon","coordinates":[[[-104.8318,39.6531],[-104.8289,39.6386],[-104.8197,39.6385],[-104.82,39.6531],[-104.8318,39.6531]]]}},{"type":"Feature","properties":{"GEOID":"08005007600","COUNTY":"005","NAME":null,"point_on_surface":{"lon":-104.834146,"lat":39.72966,"method":"largest-ring-centroid"}},"geometry":{"type":"Polygon","coordinates":[[[-104.8472,39.7289],[-104.8472,39.7257],[-104.8248,39.7256],[-104.8255,39.7363],[-104.8282,39.7361],[-104.8472,39.7289]]]}},{"type":"Feature","properties":{"GEOID":"08013013703","COUNTY":"013","NAME":null,"point_on_surface":{"lon":-105.489794,"lat":40.070164,"method":"largest-ring-centroid"}},"geometry":{"type":"Polygon","coordinates":[[[-105.6486,40.062],[-105.6528,40.0238],[-105.512,40.0201],[-105.3724,40.0505],[-105.3422,40.1023],[-105.4111,40.1385],[-105.6486,40.062]]]}},{"type":"Feature","properties":{"GEOID":"08013013705","COUNTY":"013","NAME":null,"point_on_surface":{"lon":-105.592345,"lat":39.975599,"method":"largest-ring-centroid"}},"geometry":{"type":"Polygon","coordinates":[[[-105.6903,39.9698],[-105.6758,39.9325],[-105.5011,39.9324],[-105.512,40.0201],[-105.6528,40.0238],[-105.6903,39.9698]]]}},{"type":"Feature","properties":{"GEOID":"08013013706","COUNTY":"013","NAME":null,"point_on_surface":{"lon":-105.408289,"lat":39.978704,"method":"largest-ring-centroid"}},"geometry":{"type":"Polygon","coordinates":[[[-105.512,40.0201],[-105.5011,39.9324],[-105.4532,39.9342],[-105.3979,39.9129],[-105.3147,39.9139],[-105.3271,39.9815],[-105.3092,39.9971],[-105.324,40.0153],[-105.3724,40.0505],[-105.512,40.0201]]]}},{"type":"Feature","properties":{"GEOID":"08001008560","COUNTY":"001","NAME":null,"point_on_surface":{"lon":-104.87634,"lat":39.99353,"method":"largest-ring-centroid"}},"geometry":{"type":"Polygon","coordinates":[[[-104.9222,40.0003],[-104.922,39.9862],[-104.8324,39.9869],[-104.8274,40.0004],[-104.886,40.0004],[-104.9222,40.0003]]]}},{"type":"Feature","properties":{"GEOID":"08001008355","COUNTY":"001","NAME":null,"point_on_surface":{"lon":-104.760233,"lat":39.744833,"method":"largest-ring-centroid"}},"geometry":{"type":"Polygon","coordinates":[[[-104.7723,39.7539],[-104.7725,39.7403],[-104.7359,39.7403],[-104.7723,39.7539]]]}},{"type":"Feature","properties":{"GEOID":"08001060001","COUNTY":"001","NAME":null,"point_on_surface":{"lon":-104.9973,"lat":39.961267,"method":"largest-ring-centroid"}},"geometry":{"type":"Polygon","coordinates":[[[-104.9882,39.9685],[-105.0156,39.9577],[-104.9881,39.9576],[-104.9882,39.9685]]]}},{"type":"Feature","properties":{"GEOID":"08001008555","COUNTY":"001","NAME":null,"point_on_surface":{"lon":-104.967878,"lat":39.920313,"method":"largest-ring-centroid"}},"geometry":{"type":"Polygon","coordinates":[[[-104.9899,39.9141],[-104.9402,39.9138],[-104.9402,39.9184],[-104.9652,39.9284],[-104.9878,39.9285],[-104.9899,39.9141]]]}},{"type":"Feature","properties":{"GEOID":"08001008554","COUNTY":"001","NAME":null,"point_on_surface":{"lon":-104.948558,"lat":39.925064,"method":"largest-ring-centroid"}},"geometry":{"type":"Polygon","coordinates":[[[-104.9652,39.9284],[-104.9402,39.9184],[-104.9403,39.9284],[-104.9652,39.9284]]]}},{"type":"Feature","properties":{"GEOID":"08001008558","COUNTY":"001","NAME":null,"point_on_surface":{"lon":-104.825595,"lat":39.891018,"method":"largest-ring-centroid"}},"geometry":{"type":"Polygon","coordinates":[[[-104.8319,39.8997],[-104.8488,39.8852],[-104.802,39.8855],[-104.8185,39.8988],[-104.8319,39.8997]]]}},{"type":"Feature","properties":{"GEOID":"08001008559","COUNTY":"001","NAME":null,"point_on_surface":{"lon":-104.827553,"lat":39.877529,"method":"largest-ring-centroid"}},"geometry":{"type":"Polygon","coordinates":[[[-104.8657,39.8707],[-104.7935,39.8708],[-104.802,39.8855],[-104.8488,39.8852],[-104.8657,39.8707]]]}},{"type":"Feature","properties":{"GEOID":"08001008562","COUNTY":"001","NAME":null,"point_on_surface":{"lon":-104.747833,"lat":39.994197,"method":"largest-ring-centroid"}},"geometry":{"type":"Polygon","coordinates":[[[-104.7712,40.0005],[-104.7712,39.9868],[-104.7357,39.9869],[-104.7147,40.0005],[-104.7537,40.0005],[-104.7712,40.0005]]]}},{"type":"Feature","properties":{"GEOID":"08013012710","COUNTY":"013","NAME":null,"point_on_surface":{"lon":-105.192548,"lat":39.990668,"method":"largest-ring-centroid"}},"geometry":{"type":"Polygon","coordinates":[[[-105.2254,40.0147],[-105.2254,40.0001],[-105.2128,39.9766],[-105.1655,39.9579],[-105.1633,39.964],[-105.1643,39.9869],[-105.1783,40.0146],[-105.2254,40.0147]]]}},{"type":"Feature","properties":{"GEOID":"08013012707","COUNTY":"013","NAME":null,"point_on_surface":{"lon":-105.183616,"lat":40.033188,"method":"largest-ring-centroid"}},"geometry":{"type":"Polygon","coordinates":[[[-105.2329,40.0511],[-105.2424,40.0401],[-105.2254,40.0147],[-105.1311,40.0147],[-105.1312,40.0478],[-105.1783,40.0529],[-105.2041,40.051],[-105.2329,40.0511]]]}},{"type":"Feature","properties":{"GEOID":"08013012605","COUNTY":"013","NAME":null,"point_on_surface":{"lon":-105.249433,"lat":40.011057,"method":"largest-ring-centroid"}},"geometry":{"type":"Polygon","coordinates":[[[-105.2583,40.0145],[-105.2586,40.0082],[-105.2484,40.0073],[-105.2397,40.0085],[-105.2408,40.0145],[-105.2583,40.0145]]]}},{"type":"Feature","properties":{"GEOID":"08013012201","COUNTY":"013","NAME":null,"point_on_surface":{"lon":-105.299979,"lat":40.007545,"method":"largest-ring-centroid"}},"geometry":{"type":"Polygon","coordinates":[[[-105.324,40.0153],[-105.3092,39.9971],[-105.2819,40.0001],[-105.2841,40.0181],[-105.2939,40.015],[-105.324,40.0153]]]}},{"type":"Feature","properties":{"GEOID":"08013013201","COUNTY":"013","NAME":null,"point_on_surface":{"lon":-105.111913,"lat":40.231583,"method":"largest-ring-centroid"}},"geometry":{"type":"Polygon","coordinates":[[[-105.1591,40.2612],[-105.178,40.2033],[-105.0552,40.2037],[-105.0551,40.2618],[-105.1591,40.2612]]]}},{"type":"Feature","properties":{"GEOID":"08013013601","COUNTY":"013","NAME":null,"point_on_surface":{"lon":-105.259669,"lat":40.205127,"method":"largest-ring-centroid"}},"geometry":{"type":"Polygon","coordinates":[[[-105.3363,40.2617],[-105.3204,40.1065],[-105.2823,40.1337],[-105.1781,40.1877],[-105.178,40.2033],[-105.1591,40.2612],[-105.2373,40.2619],[-105.3363,40.2617]]]}},{"type":"Feature","properties":{"GEOID":"08013060700","COUNTY":"013","NAME":null,"point_on_surface":{"lon":-105.137636,"lat":39.95716,"method":"largest-ring-centroid"}},"geometry":{"type":"Polygon","coordinates":[[[-105.1633,39.964],[-105.1655,39.9579],[-105.1376,39.9397],[-105.1213,39.9524],[-105.1074,39.9579],[-105.1265,39.9704],[-105.1633,39.964]]]}},{"type":"Feature","properties":{"GEOID":"08013013602","COUNTY":"013","NAME":null,"point_on_surface":{"lon":-105.50001,"lat":40.180733,"method":"largest-ring-centroid"}},"geometry":{"type":"Polygon","coordinates":[[[-105.6533,40.2605],[-105.6486,40.062],[-105.4111,40.1385],[-105.3422,40.1023],[-105.3204,40.1065],[-105.3363,40.2617],[-105.4654,40.2594],[-105.5617,40.2615],[-105.6533,40.2605]]]}},{"type":"Feature","properties":{"GEOID":"08013013306","COUNTY":"013","NAME":null,"point_on_surface":{"lon":-105.10955,"lat":40.1959,"method":"largest-ring-centroid"}},"geometry":{"type":"Polygon","coordinates":[[[-105.1168,40.2032],[-105.1168,40.1885],[-105.1023,40.1886],[-105.1023,40.2033],[-105.1168,40.2032]]]}},{"type":"Feature","properties":{"GEOID":"08051963900","COUNTY":"051","NAME":null,"point_on_surface":{"lon":-107.298552,"lat":38.621291,"method":"largest-ring-centroid"}},"geometry":{"type":"Polygon","coordinates":[[[-107.635,38.3019],[-107.5686,38.1473],[-107.0011,38.1471],[-107.0006,38.3841],[-107.2066,38.7602],[-107.093,38.837],[-107.0954,39.0116],[-106.9961,39.0342],[-107.0055,39.0763],[-107.2825,39.1187],[-107.3945,39.2563],[-107.5006,39.2179],[-107.5,38.3019],[-107.635,38.3019]]]}},{"type":"Feature","properties":{"GEOID":"08051963800","COUNTY":"051","NAME":null,"point_on_surface":{"lon":-106.912965,"lat":38.879601,"method":"largest-ring-centroid"}},"geometry":{"type":"Polygon","coordinates":[[[-106.9961,39.0342],[-107.0954,39.0116],[-107.093,38.837],[-106.9796,38.822],[-106.8756,38.6677],[-106.7082,38.8561],[-106.7997,38.9796],[-106.8821,38.9924],[-106.9154,38.9995],[-106.9961,39.0342]]]}},{"type":"Feature","properties":{"GEOID":"08001009004","COUNTY":"001","NAME":null,"point_on_surface":{"lon":-104.965433,"lat":39.845567,"method":"largest-ring-centroid"}},"geometry":{"type":"Polygon","coordinates":[[[-104.9634,39.8493],[-104.9779,39.8381],[-104.955,39.8493],[-104.9634,39.8493]]]}},{"type":"Feature","properties":{"GEOID":"08001008564","COUNTY":"001","NAME":null,"point_on_surface":{"lon":-104.783901,"lat":39.993686,"method":"largest-ring-centroid"}},"geometry":{"type":"Polygon","coordinates":[[[-104.797,40.0005],[-104.7962,39.9868],[-104.7712,39.9868],[-104.7712,40.0005],[-104.797,40.0005]]]}},{"type":"Feature","properties":{"GEOID":"08001008563","COUNTY":"001","NAME":null,"point_on_surface":{"lon":-104.756883,"lat":39.980302,"method":"largest-ring-centroid"}},"geometry":{"type":"Polygon","coordinates":[[[-104.7712,39.9868],[-104.771,39.9724],[-104.7511,39.9724],[-104.7357,39.9869],[-104.7712,39.9868]]]}},{"type":"Feature","properties":{"GEOID":"08001009003","COUNTY":"001","NAME":null,"point_on_surface":{"lon":-104.977477,"lat":39.844174,"method":"largest-ring-centroid"}},"geometry":{"type":"Polygon","coordinates":[[[-104.9857,39.8491],[-104.9836,39.8345],[-104.9634,39.8493],[-104.9857,39.8491]]]}},{"type":"Feature","properties":{"GEOID":"08107000800","COUNTY":"107","NAME":null,"point_on_surface":{"lon":-106.820978,"lat":40.128454,"method":"largest-ring-centroid"}},"geometry":{"type":"Polygon","coordinates":[[[-107.0379,40.2248],[-107.034,39.9189],[-106.6266,39.9248],[-106.6527,40.389],[-106.8066,40.3939],[-106.8444,40.3922],[-106.8697,40.2773],[-107.0379,40.2248]]]}},{"type":"Feature","properties":{"GEOID":"08123000705","COUNTY":"123","NAME":null,"point_on_surface":{"lon":-104.649867,"lat":40.412468,"method":"largest-ring-centroid"}},"geometry":{"type":"Polygon","coordinates":[[[-104.6018,40.4497],[-104.693,40.4517],[-104.6801,40.4101],[-104.6516,40.3936],[-104.6747,40.3774],[-104.6586,40.3343],[-104.6018,40.4497]]]}},{"type":"Feature","properties":{"GEOID":"08041003308","COUNTY":"041","NAME":null,"point_on_surface":{"lon":-104.805865,"lat":38.770757,"method":"largest-ring-centroid"}},"geometry":{"type":"Polygon","coordinates":[[[-104.7969,38.7744],[-104.8153,38.7763],[-104.8123,38.7658],[-104.798,38.7657],[-104.7969,38.7744]]]}},{"type":"Feature","properties":{"GEOID":"08041006902","COUNTY":"041","NAME":null,"point_on_surface":{"lon":-104.74764,"lat":38.944311,"method":"largest-ring-centroid"}},"geometry":{"type":"Polygon","coordinates":[[[-104.7568,38.938],[-104.7532,38.9301],[-104.7397,38.9402],[-104.7393,38.9545],[-104.7503,38.9567],[-104.7568,38.938]]]}},{"type":"Feature","properties":{"GEOID":"08045952004","COUNTY":"045","NAME":null,"point_on_surface":{"lon":-107.773,"lat":39.5437,"method":"largest-ring-centroid"}},"geometry":{"type":"Polygon","coordinates":[[[-107.7949,39.544],[-107.7571,39.533],[-107.767,39.5541],[-107.7949,39.544]]]}},{"type":"Feature","properties":{"GEOID":"08077000700","COUNTY":"077","NAME":null,"point_on_surface":{"lon":-108.534662,"lat":39.072982,"method":"largest-ring-centroid"}},"geometry":{"type":"Polygon","coordinates":[[[-108.5524,39.0774],[-108.5524,39.0644],[-108.4999,39.0769],[-108.5152,39.0773],[-108.5524,39.0774]]]}},{"type":"Feature","properties":{"GEOID":"08077001900","COUNTY":"077","NAME":null,"point_on_surface":{"lon":-108.699076,"lat":38.822135,"method":"largest-ring-centroid"}},"geometry":{"type":"Polygon","coordinates":[[[-109.0515,39.1165],[-109.0601,38.5],[-108.3791,38.5],[-108.379,38.8291],[-108.2304,38.8778],[-108.237,39.0812],[-108.3244,39.1318],[-108.3502,39.0987],[-108.501,39.0204],[-108.5407,39.0311],[-108.5762,39.0477],[-108.6043,39.0517],[-108.6827,39.0849],[-108.7536,39.1581],[-108.9319,39.2028],[-109.0515,39.1165]]]}},{"type":"Feature","properties":{"GEOID":"08069002007","COUNTY":"069","NAME":null,"point_on_surface":{"lon":-105.081657,"lat":40.389266,"method":"largest-ring-centroid"}},"geometry":{"type":"Polygon","coordinates":[[[-105.0969,40.3928],[-105.0954,40.3783],[-105.0733,40.3783],[-105.0658,40.3953],[-105.0731,40.4023],[-105.0779,40.4022],[-105.0969,40.3928]]]}},{"type":"Feature","properties":{"GEOID":"08069002008","COUNTY":"069","NAME":null,"point_on_surface":{"lon":-105.080667,"lat":40.3736,"method":"largest-ring-centroid"}},"geometry":{"type":"Polygon","coordinates":[[[-105.0954,40.3783],[-105.0733,40.3642],[-105.0733,40.3783],[-105.0954,40.3783]]]}},{"type":"Feature","properties":{"GEOID":"08069001603","COUNTY":"069","NAME":null,"point_on_surface":{"lon":-105.03188,"lat":40.530569,"method":"largest-ring-centroid"}},"geometry":{"type":"Polygon","coordinates":[[[-105.0433,40.538],[-105.0436,40.5234],[-105.0394,40.5232],[-105.0203,40.5233],[-105.0202,40.5378],[-105.0433,40.538]]]}},{"type":"Feature","properties":{"GEOID":"08014980300","COUNTY":"014","NAME":null,"point_on_surface":{"lon":-105.1172,"lat":39.9534,"method":"largest-ring-centroid"}},"geometry":{"type":"Polygon","coordinates":[[[-105.1213,39.9524],[-105.1208,39.9513],[-105.1095,39.9565],[-105.1213,39.9524]]]}},{"type":"Feature","properties":{"GEOID":"08001008535","COUNTY":"001","NAME":null,"point_on_surface":{"lon":-104.87844,"lat":39.893046,"method":"largest-ring-centroid"}},"geometry":{"type":"Polygon","coordinates":[[[-104.9135,39.8742],[-104.8678,39.8707],[-104.8654,39.8868],[-104.852,39.9216],[-104.8674,39.9228],[-104.9022,39.8852],[-104.9135,39.8742]]]}},{"type":"Feature","properties":{"GEOID":"08001008540","COUNTY":"001","NAME":null,"point_on_surface":{"lon":-104.893088,"lat":39.939876,"method":"largest-ring-centroid"}},"geometry":{"type":"Polygon","coordinates":[[[-104.9221,39.9574],[-104.9219,39.9285],[-104.9031,39.9286],[-104.8674,39.9228],[-104.8594,39.9473],[-104.9221,39.9574]]]}},{"type":"Feature","properties":{"GEOID":"08013012103","COUNTY":"013","NAME":null,"point_on_surface":{"lon":-105.2654,"lat":40.042533,"method":"largest-ring-centroid"}},"geometry":{"type":"Polygon","coordinates":[[[-105.2651,40.0547],[-105.2727,40.0364],[-105.2584,40.0365],[-105.2651,40.0547]]]}},{"type":"Feature","properties":{"GEOID":"08001008551","COUNTY":"001","NAME":null,"point_on_surface":{"lon":-104.897509,"lat":39.906559,"method":"largest-ring-centroid"}},"geometry":{"type":"Polygon","coordinates":[[[-104.9155,39.8997],[-104.928,39.8852],[-104.9022,39.8852],[-104.8674,39.9228],[-104.9031,39.9286],[-104.903,39.9143],[-104.9155,39.8997]]]}},{"type":"Feature","properties":{"GEOID":"08059012046","COUNTY":"059","NAME":null,"point_on_surface":{"lon":-105.099749,"lat":39.605832,"method":"largest-ring-centroid"}},"geometry":{"type":"Polygon","coordinates":[[[-105.11,39.6097],[-105.11,39.6045],[-105.0914,39.5999],[-105.0914,39.6097],[-105.11,39.6097]]]}},{"type":"Feature","properties":{"GEOID":"08059012047","COUNTY":"059","NAME":null,"point_on_surface":{"lon":-105.10158,"lat":39.597722,"method":"largest-ring-centroid"}},"geometry":{"type":"Polygon","coordinates":[[[-105.11,39.6045],[-105.1102,39.593],[-105.0915,39.5931],[-105.0914,39.5999],[-105.11,39.6045]]]}},{"type":"Feature","properties":{"GEOID":"08059012048","COUNTY":"059","NAME":null,"point_on_surface":{"lon":-105.081986,"lat":39.602508,"method":"largest-ring-centroid"}},"geometry":{"type":"Polygon","coordinates":[[[-105.0914,39.5999],[-105.0915,39.5953],[-105.0727,39.5952],[-105.0725,39.6098],[-105.0914,39.6097],[-105.0914,39.5999]]]}},{"type":"Feature","properties":{"GEOID":"08059012049","COUNTY":"059","NAME":null,"point_on_surface":{"lon":-105.063136,"lat":39.602469,"method":"largest-ring-centroid"}},"geometry":{"type":"Polygon","coordinates":[[[-105.0725,39.6098],[-105.0727,39.5952],[-105.0537,39.5952],[-105.0536,39.6097],[-105.0725,39.6098]]]}},{"type":"Feature","properties":{"GEOID":"08059012051","COUNTY":"059","NAME":null,"point_on_surface":{"lon":-105.0633,"lat":39.587963,"method":"largest-ring-centroid"}},"geometry":{"type":"Polygon","coordinates":[[[-105.0727,39.5952],[-105.0728,39.5807],[-105.054,39.5807],[-105.0537,39.5952],[-105.0727,39.5952]]]}},{"type":"Feature","properties":{"GEOID":"08059012053","COUNTY":"059","NAME":null,"point_on_surface":{"lon":-105.061003,"lat":39.574721,"method":"largest-ring-centroid"}},"geometry":{"type":"Polygon","coordinates":[[[-105.0728,39.5807],[-105.0611,39.5663],[-105.0541,39.5671],[-105.054,39.5807],[-105.0728,39.5807]]]}},{"type":"Feature","properties":{"GEOID":"08059012054","COUNTY":"059","NAME":null,"point_on_surface":{"lon":-105.100665,"lat":39.616949,"method":"largest-ring-centroid"}},"geometry":{"type":"Polygon","coordinates":[[[-105.1099,39.6242],[-105.11,39.6097],[-105.0914,39.6097],[-105.0913,39.6242],[-105.1075,39.6242],[-105.1099,39.6242]]]}},{"type":"Feature","properties":{"GEOID":"08123001201","COUNTY":"123","NAME":null,"point_on_surface":{"lon":-104.725358,"lat":40.418626,"method":"largest-ring-centroid"}},"geometry":{"type":"Polygon","coordinates":[[[-104.7352,40.4229],[-104.7351,40.4147],[-104.7159,40.4139],[-104.7159,40.423],[-104.7352,40.4229]]]}},{"type":"Feature","properties":{"GEOID":"08035014138","COUNTY":"035","NAME":null,"point_on_surface":{"lon":-104.915714,"lat":39.561034,"method":"largest-ring-centroid"}},"geometry":{"type":"Polygon","coordinates":[[[-104.9291,39.566],[-104.9199,39.5538],[-104.9116,39.5551],[-104.906,39.5582],[-104.9044,39.566],[-104.923,39.566],[-104.9291,39.566]]]}},{"type":"Feature","properties":{"GEOID":"08035014134","COUNTY":"035","NAME":null,"point_on_surface":{"lon":-104.948126,"lat":39.518411,"method":"largest-ring-centroid"}},"geometry":{"type":"Polygon","coordinates":[[[-104.964,39.5242],[-104.942,39.5035],[-104.9386,39.5258],[-104.941,39.5275],[-104.9636,39.5241],[-104.964,39.5242]]]}},{"type":"Feature","properties":{"GEOID":"08035014132","COUNTY":"035","NAME":null,"point_on_surface":{"lon":-104.954822,"lat":39.533295,"method":"largest-ring-centroid"}},"geometry":{"type":"Polygon","coordinates":[[[-104.9668,39.5416],[-104.9636,39.5241],[-104.941,39.5275],[-104.9482,39.5427],[-104.9613,39.5403],[-104.9668,39.5416]]]}},{"type":"Feature","properties":{"GEOID":"08035014140","COUNTY":"035","NAME":null,"point_on_surface":{"lon":-104.906103,"lat":39.531497,"method":"largest-ring-centroid"}},"geometry":{"type":"Polygon","coordinates":[[[-104.917,39.5319],[-104.9138,39.5196],[-104.8855,39.5363],[-104.9043,39.5365],[-104.9134,39.542],[-104.917,39.5319]]]}},{"type":"Feature","properties":{"GEOID":"08035013910","COUNTY":"035","NAME":null,"point_on_surface":{"lon":-104.738066,"lat":39.505254,"method":"largest-ring-centroid"}},"geometry":{"type":"Polygon","coordinates":[[[-104.7565,39.504],[-104.7396,39.492],[-104.7326,39.4899],[-104.7237,39.5183],[-104.7364,39.5181],[-104.7565,39.504]]]}},{"type":"Feature","properties":{"GEOID":"08123002013","COUNTY":"123","NAME":null,"point_on_surface":{"lon":-104.951421,"lat":40.109334,"method":"largest-ring-centroid"}},"geometry":{"type":"Polygon","coordinates":[[[-104.961,40.1314],[-104.9612,40.0872],[-104.9413,40.088],[-104.942,40.1314],[-104.961,40.1314]]]}},{"type":"Feature","properties":{"GEOID":"08045952003","COUNTY":"045","NAME":null,"point_on_surface":{"lon":-107.802431,"lat":39.624817,"method":"largest-ring-centroid"}},"geometry":{"type":"Polygon","coordinates":[[[-107.9386,39.7016],[-107.8919,39.5951],[-108.0074,39.5343],[-107.8841,39.3662],[-107.7535,39.3662],[-107.7002,39.5479],[-107.7571,39.533],[-107.7949,39.544],[-107.6525,39.6286],[-107.5784,39.8287],[-107.9385,39.825],[-107.9386,39.7016]]]}},{"type":"Feature","properties":{"GEOID":"08125963100","COUNTY":"125","NAME":null,"point_on_surface":{"lon":-102.263258,"lat":40.014878,"method":"largest-ring-centroid"}},"geometry":{"type":"Polygon","coordinates":[[[-102.4738,40.4392],[-102.5116,40.3952],[-102.473,40.105],[-102.4609,39.6432],[-102.4304,39.5708],[-102.0498,39.5741],[-102.0515,40.44],[-102.3972,40.4397],[-102.4738,40.4392]]]}},{"type":"Feature","properties":{"GEOID":"08125963200","COUNTY":"125","NAME":null,"point_on_surface":{"lon":-102.632873,"lat":39.986398,"method":"largest-ring-centroid"}},"geometry":{"type":"Polygon","coordinates":[[[-102.78,40.4385],[-102.8029,39.5678],[-102.4304,39.5708],[-102.4609,39.6432],[-102.473,40.105],[-102.5116,40.3952],[-102.4738,40.4392],[-102.6648,40.4385],[-102.78,40.4385]]]}},{"type":"Feature","properties":{"GEOID":"08109977600","COUNTY":"109","NAME":null,"point_on_surface":{"lon":-106.281949,"lat":38.11616,"method":"largest-ring-centroid"}},"geometry":{"type":"Polygon","coordinates":[[[-107.0011,38.1471],[-107.0006,37.956],[-106.8792,37.9611],[-106.6937,37.8483],[-106.5487,37.9689],[-106.3445,37.8631],[-106.1451,37.9226],[-106.1475,37.8351],[-105.8904,37.8367],[-105.8093,37.7505],[-105.4573,37.7515],[-105.4732,37.896],[-105.6044,38.0087],[-105.7969,38.2651],[-106.0108,38.4466],[-106.0881,38.4223],[-106.8712,38.4253],[-107.0006,38.3841],[-107.0011,38.1471]]]}},{"type":"Feature","properties":{"GEOID":"08109977700","COUNTY":"109","NAME":null,"point_on_surface":{"lon":-106.313251,"lat":37.822485,"method":"largest-ring-centroid"}},"geometry":{"type":"Polygon","coordinates":[[[-106.6937,37.8483],[-106.6938,37.8352],[-106.5864,37.7478],[-106.0384,37.7484],[-105.8093,37.7505],[-105.8904,37.8367],[-106.1475,37.8351],[-106.1451,37.9226],[-106.3445,37.8631],[-106.5487,37.9689],[-106.6937,37.8483]]]}},{"type":"Feature","properties":{"GEOID":"08059011702","COUNTY":"059","NAME":null,"point_on_surface":{"lon":-105.090876,"lat":39.689381,"method":"largest-ring-centroid"}},"geometry":{"type":"Polygon","coordinates":[[[-105.1004,39.6965],[-105.1002,39.6822],[-105.0814,39.6822],[-105.0815,39.6966],[-105.1004,39.6965]]]}},{"type":"Feature","properties":{"GEOID":"08041006600","COUNTY":"041","NAME":null,"point_on_surface":{"lon":-104.873098,"lat":38.863183,"method":"largest-ring-centroid"}},"geometry":{"type":"Polygon","coordinates":[[[-104.8789,38.8677],[-104.882,38.8565],[-104.872,38.8531],[-104.8668,38.8551],[-104.8655,38.8609],[-104.8706,38.8778],[-104.8789,38.8677]]]}},{"type":"Feature","properties":{"GEOID":"08023972700","COUNTY":"023","NAME":null,"point_on_surface":{"lon":-105.451577,"lat":37.138873,"method":"largest-ring-centroid"}},"geometry":{"type":"Polygon","coordinates":[[[-105.7298,37.1807],[-105.7185,36.9958],[-105.155,36.9953],[-105.1542,37.2931],[-105.2843,37.2278],[-105.4334,37.2869],[-105.7384,37.3068],[-105.7298,37.1807]]]}},{"type":"Feature","properties":{"GEOID":"08014030200","COUNTY":"014","NAME":null,"point_on_surface":{"lon":-105.073639,"lat":39.908612,"method":"largest-ring-centroid"}},"geometry":{"type":"Polygon","coordinates":[[[-105.0905,39.9144],[-105.0803,39.8998],[-105.0717,39.8998],[-105.053,39.9142],[-105.0718,39.9144],[-105.0905,39.9144]]]}},{"type":"Feature","properties":{"GEOID":"08003960202","COUNTY":"003","NAME":null,"point_on_surface":{"lon":-105.893493,"lat":37.477716,"method":"largest-ring-centroid"}},"geometry":{"type":"Polygon","coordinates":[[[-105.8756,37.4764],[-105.9304,37.4901],[-105.8743,37.4666],[-105.8756,37.4752],[-105.8756,37.4764]]]}},{"type":"Feature","properties":{"GEOID":"08003960201","COUNTY":"003","NAME":null,"point_on_surface":{"lon":-105.857871,"lat":37.469412,"method":"largest-ring-centroid"}},"geometry":{"type":"Polygon","coordinates":[[[-105.8756,37.4752],[-105.8743,37.4666],[-105.8209,37.464],[-105.8756,37.4764],[-105.8756,37.4751],[-105.8756,37.4752]]]}},{"type":"Feature","properties":{"GEOID":"08015000403","COUNTY":"015","NAME":null,"point_on_surface":{"lon":-106.330367,"lat":38.893333,"method":"largest-ring-centroid"}},"geometry":{"type":"Polygon","coordinates":[[[-106.578,39.0579],[-106.5992,38.998],[-106.465,38.9104],[-106.3261,38.911],[-106.4519,38.6983],[-106.0827,38.7417],[-106.1144,38.8039],[-106.163,38.8104],[-106.1595,38.876],[-106.2728,39.0564],[-106.578,39.0579]]]}},{"type":"Feature","properties":{"GEOID":"08015000404","COUNTY":"015","NAME":null,"point_on_surface":{"lon":-106.145633,"lat":38.8301,"method":"largest-ring-centroid"}},"geometry":{"type":"Polygon","coordinates":[[[-106.1595,38.876],[-106.163,38.8104],[-106.1144,38.8039],[-106.1595,38.876]]]}},{"type":"Feature","properties":{"GEOID":"08069002005","COUNTY":"069","NAME":null,"point_on_surface":{"lon":-105.102767,"lat":40.3879,"method":"largest-ring-centroid"}},"geometry":{"type":"Polygon","coordinates":[[[-105.116,40.3926],[-105.0954,40.3783],[-105.0969,40.3928],[-105.116,40.3926]]]}},{"type":"Feature","properties":{"GEOID":"08014030700","COUNTY":"014","NAME":null,"point_on_surface":{"lon":-105.0281,"lat":39.9262,"method":"largest-ring-centroid"}},"geometry":{"type":"Polygon","coordinates":[[[-105.0344,39.9287],[-105.0344,39.9214],[-105.0155,39.9285],[-105.0344,39.9287]]]}},{"type":"Feature","properties":{"GEOID":"08014030400","COUNTY":"014","NAME":null,"point_on_surface":{"lon":-105.0593,"lat":39.934633,"method":"largest-ring-centroid"}},"geometry":{"type":"Polygon","coordinates":[[[-105.0529,39.9432],[-105.0719,39.9288],[-105.0531,39.9319],[-105.0529,39.9432]]]}},{"type":"Feature","properties":{"GEOID":"08027970102","COUNTY":"027","NAME":null,"point_on_surface":{"lon":-105.194252,"lat":38.118272,"method":"largest-ring-centroid"}},"geometry":{"type":"Polygon","coordinates":[[[-105.3041,38.2582],[-105.4546,38.0869],[-105.3401,38.0956],[-105.2131,37.981],[-105.0499,37.9155],[-105.0492,38.258],[-105.2792,38.2587],[-105.3041,38.2582]]]}},{"type":"Feature","properties":{"GEOID":"08027970101","COUNTY":"027","NAME":null,"point_on_surface":{"lon":-105.500947,"lat":38.105557,"method":"largest-ring-centroid"}},"geometry":{"type":"Polygon","coordinates":[[[-105.7969,38.2651],[-105.6044,38.0087],[-105.4732,37.896],[-105.2131,37.981],[-105.3401,38.0956],[-105.4546,38.0869],[-105.3041,38.2582],[-105.6126,38.2649],[-105.7969,38.2651]]]}},{"type":"Feature","properties":{"GEOID":"08059011401","COUNTY":"059","NAME":null,"point_on_surface":{"lon":-105.05965,"lat":39.743959,"method":"largest-ring-centroid"}},"geometry":{"type":"Polygon","coordinates":[[[-105.0662,39.7476],[-105.066,39.7403],[-105.0532,39.7403],[-105.0532,39.7476],[-105.0662,39.7476]]]}},{"type":"Feature","properties":{"GEOID":"08059015800","COUNTY":"059","NAME":null,"point_on_surface":{"lon":-105.127459,"lat":39.743516,"method":"largest-ring-centroid"}},"geometry":{"type":"Polygon","coordinates":[[[-105.1424,39.7473],[-105.1471,39.7391],[-105.1095,39.7401],[-105.1096,39.7474],[-105.1424,39.7473]]]}},{"type":"Feature","properties":{"GEOID":"08001008533","COUNTY":"001","NAME":null,"point_on_surface":{"lon":-104.952364,"lat":39.892455,"method":"largest-ring-centroid"}},"geometry":{"type":"Polygon","coordinates":[[[-104.9664,39.8995],[-104.9626,39.8852],[-104.9402,39.885],[-104.9402,39.8994],[-104.9588,39.8995],[-104.9664,39.8995]]]}},{"type":"Feature","properties":{"GEOID":"08001008534","COUNTY":"001","NAME":null,"point_on_surface":{"lon":-104.930629,"lat":39.893143,"method":"largest-ring-centroid"}},"geometry":{"type":"Polygon","coordinates":[[[-104.9402,39.8994],[-104.9402,39.885],[-104.928,39.8852],[-104.9155,39.8997],[-104.9402,39.8994]]]}},{"type":"Feature","properties":{"GEOID":"08001008603","COUNTY":"001","NAME":null,"point_on_surface":{"lon":-104.821464,"lat":39.992882,"method":"largest-ring-centroid"}},"geometry":{"type":"Polygon","coordinates":[[[-104.8274,40.0004],[-104.8324,39.9869],[-104.8101,39.9868],[-104.8161,40.0004],[-104.822,40.0004],[-104.8274,40.0004]]]}},{"type":"Feature","properties":{"GEOID":"08001008604","COUNTY":"001","NAME":null,"point_on_surface":{"lon":-104.804931,"lat":39.993985,"method":"largest-ring-centroid"}},"geometry":{"type":"Polygon","coordinates":[[[-104.8161,40.0004],[-104.8101,39.9868],[-104.7962,39.9868],[-104.797,40.0005],[-104.8161,40.0004]]]}},{"type":"Feature","properties":{"GEOID":"08001008605","COUNTY":"001","NAME":null,"point_on_surface":{"lon":-104.804744,"lat":39.979674,"method":"largest-ring-centroid"}},"geometry":{"type":"Polygon","coordinates":[[[-104.8126,39.9868],[-104.8125,39.9723],[-104.7977,39.9723],[-104.7962,39.9868],[-104.8101,39.9868],[-104.8126,39.9868]]]}},{"type":"Feature","properties":{"GEOID":"08041006502","COUNTY":"041","NAME":null,"point_on_surface":{"lon":-104.735627,"lat":38.786791,"method":"largest-ring-centroid"}},"geometry":{"type":"Polygon","coordinates":[[[-104.7472,38.789],[-104.7508,38.7817],[-104.7206,38.7809],[-104.7304,38.7959],[-104.7411,38.7923],[-104.7472,38.789]]]}},{"type":"Feature","properties":{"GEOID":"08001009406","COUNTY":"001","NAME":null,"point_on_surface":{"lon":-105.038527,"lat":39.866959,"method":"largest-ring-centroid"}},"geometry":{"type":"Polygon","coordinates":[[[-105.0532,39.8694],[-105.0532,39.8636],[-105.025,39.8635],[-105.025,39.8708],[-105.0345,39.8708],[-105.0532,39.8694]]]}},{"type":"Feature","properties":{"GEOID":"08001009407","COUNTY":"001","NAME":null,"point_on_surface":{"lon":-105.037606,"lat":39.860724,"method":"largest-ring-centroid"}},"geometry":{"type":"Polygon","coordinates":[[[-105.0532,39.8636],[-105.0533,39.8599],[-105.0249,39.8563],[-105.025,39.8635],[-105.0532,39.8636]]]}},{"type":"Feature","properties":{"GEOID":"08001009409","COUNTY":"001","NAME":null,"point_on_surface":{"lon":-105.038997,"lat":39.892483,"method":"largest-ring-centroid"}},"geometry":{"type":"Polygon","coordinates":[[[-105.0531,39.8854],[-105.025,39.8852],[-105.0249,39.8996],[-105.053,39.8998],[-105.0531,39.8854]]]}},{"type":"Feature","properties":{"GEOID":"08001009410","COUNTY":"001","NAME":null,"point_on_surface":{"lon":-105.043964,"lat":39.877695,"method":"largest-ring-centroid"}},"geometry":{"type":"Polygon","coordinates":[[[-105.0531,39.8854],[-105.0532,39.8694],[-105.0345,39.8708],[-105.0344,39.8852],[-105.0531,39.8854]]]}},{"type":"Feature","properties":{"GEOID":"08001009411","COUNTY":"001","NAME":null,"point_on_surface":{"lon":-105.029725,"lat":39.877987,"method":"largest-ring-centroid"}},"geometry":{"type":"Polygon","coordinates":[[[-105.0344,39.8852],[-105.0345,39.8708],[-105.025,39.8708],[-105.025,39.8852],[-105.0344,39.8852]]]}},{"type":"Feature","properties":{"GEOID":"08001009501","COUNTY":"001","NAME":null,"point_on_surface":{"lon":-105.01677,"lat":39.830587,"method":"largest-ring-centroid"}},"geometry":{"type":"Polygon","coordinates":[[[-105.0248,39.836],[-105.0248,39.8273],[-105.0062,39.8273],[-105.0062,39.8309],[-105.0155,39.8336],[-105.0248,39.836]]]}},{"type":"Feature","properties":{"GEOID":"08001009502","COUNTY":"001","NAME":null,"point_on_surface":{"lon":-105.015481,"lat":39.814931,"method":"largest-ring-centroid"}},"geometry":{"type":"Polygon","coordinates":[[[-105.0248,39.8273],[-105.0252,39.8038],[-105.0063,39.8015],[-105.0062,39.8273],[-105.0248,39.8273]]]}},{"type":"Feature","properties":{"GEOID":"08001008000","COUNTY":"001","NAME":null,"point_on_surface":{"lon":-104.856425,"lat":39.749265,"method":"largest-ring-centroid"}},"geometry":{"type":"Polygon","coordinates":[[[-104.8659,39.7547],[-104.8658,39.7438],[-104.8471,39.7438],[-104.8469,39.7547],[-104.8659,39.7547]]]}},{"type":"Feature","properties":{"GEOID":"08035014504","COUNTY":"035","NAME":null,"point_on_surface":{"lon":-104.844153,"lat":39.371525,"method":"largest-ring-centroid"}},"geometry":{"type":"Polygon","coordinates":[[[-104.8607,39.3802],[-104.8659,39.3657],[-104.8175,39.365],[-104.8298,39.3771],[-104.8607,39.3802]]]}},{"type":"Feature","properties":{"GEOID":"08031005200","COUNTY":"031","NAME":null,"point_on_surface":{"lon":-104.914602,"lat":39.68525,"method":"largest-ring-centroid"}},"geometry":{"type":"Polygon","coordinates":[[[-104.9223,39.6959],[-104.9223,39.6785],[-104.9062,39.6784],[-104.9034,39.6855],[-104.9221,39.6962],[-104.9223,39.6959]]]}},{"type":"Feature","properties":{"GEOID":"08031006814","COUNTY":"031","NAME":null,"point_on_surface":{"lon":-104.879791,"lat":39.659458,"method":"largest-ring-centroid"}},"geometry":{"type":"Polygon","coordinates":[[[-104.89,39.6676],[-104.8902,39.6645],[-104.8871,39.6619],[-104.8848,39.6531],[-104.877,39.6531],[-104.8664,39.6594],[-104.8793,39.6639],[-104.89,39.6676]]]}},{"type":"Feature","properties":{"GEOID":"08031001500","COUNTY":"031","NAME":null,"point_on_surface":{"lon":-104.986744,"lat":39.780092,"method":"largest-ring-centroid"}},"geometry":{"type":"Polygon","coordinates":[[[-104.9982,39.7693],[-104.9984,39.7621],[-104.9848,39.7674],[-104.9675,39.7933],[-104.9978,39.791],[-104.9982,39.7766],[-104.9982,39.7693]]]}},{"type":"Feature","properties":{"GEOID":"08031002602","COUNTY":"031","NAME":null,"point_on_surface":{"lon":-104.977213,"lat":39.743362,"method":"largest-ring-centroid"}},"geometry":{"type":"Polygon","coordinates":[[[-104.9811,39.7475],[-104.9799,39.74],[-104.9734,39.74],[-104.9734,39.7438],[-104.9782,39.7475],[-104.9811,39.7475]]]}},{"type":"Feature","properties":{"GEOID":"08101001100","COUNTY":"101","NAME":null,"point_on_surface":{"lon":-104.574839,"lat":38.273478,"method":"largest-ring-centroid"}},"geometry":{"type":"Polygon","coordinates":[[[-104.5892,38.2757],[-104.589,38.2702],[-104.5551,38.2732],[-104.5598,38.2757],[-104.5892,38.2757]]]}},{"type":"Feature","properties":{"GEOID":"08101001500","COUNTY":"101","NAME":null,"point_on_surface":{"lon":-104.631403,"lat":38.261902,"method":"largest-ring-centroid"}},"geometry":{"type":"Polygon","coordinates":[[[-104.6336,38.2694],[-104.6398,38.2621],[-104.6301,38.2549],[-104.6224,38.2608],[-104.6336,38.2694]]]}},{"type":"Feature","properties":{"GEOID":"08043979400","COUNTY":"043","NAME":null,"point_on_surface":{"lon":-105.109097,"lat":38.321747,"method":"largest-ring-centroid"}},"geometry":{"type":"Polygon","coordinates":[[[-105.1633,38.3965],[-105.2792,38.2587],[-105.0492,38.258],[-104.9407,38.3373],[-105.056,38.3957],[-105.1633,38.3965]],[[-105.1072,38.3669],[-105.0886,38.3523],[-105.107,38.3523],[-105.1072,38.3669]]]}},{"type":"Feature","properties":{"GEOID":"08097000102","COUNTY":"097","NAME":null,"point_on_surface":{"lon":-107.162756,"lat":39.243567,"method":"largest-ring-centroid"}},"geometry":{"type":"Polygon","coordinates":[[[-107.4309,39.3662],[-107.3945,39.2563],[-107.2825,39.1187],[-107.0055,39.0763],[-106.9301,39.3002],[-106.9734,39.3656],[-107.4267,39.3662],[-107.4309,39.3662]]]}},{"type":"Feature","properties":{"GEOID":"08097000101","COUNTY":"097","NAME":null,"point_on_surface":{"lon":-106.92923,"lat":39.137386,"method":"largest-ring-centroid"}},"geometry":{"type":"Polygon","coordinates":[[[-106.9301,39.3002],[-107.0055,39.0763],[-106.9961,39.0342],[-106.9154,38.9995],[-106.8493,39.2013],[-106.8603,39.208],[-106.9301,39.3002]]]}},{"type":"Feature","properties":{"GEOID":"08097000403","COUNTY":"097","NAME":null,"point_on_surface":{"lon":-106.8163,"lat":39.1917,"method":"largest-ring-centroid"}},"geometry":{"type":"Polygon","coordinates":[[[-106.7978,39.1778],[-106.8397,39.2108],[-106.8114,39.1865],[-106.7978,39.1778]]]}},{"type":"Feature","properties":{"GEOID":"08097000404","COUNTY":"097","NAME":null,"point_on_surface":{"lon":-106.837568,"lat":39.201337,"method":"largest-ring-centroid"}},"geometry":{"type":"Polygon","coordinates":[[[-106.8397,39.2108],[-106.8603,39.208],[-106.8493,39.2013],[-106.8114,39.1865],[-106.8397,39.2108]]]}},{"type":"Feature","properties":{"GEOID":"08031005104","COUNTY":"031","NAME":null,"point_on_surface":{"lon":-104.935669,"lat":39.68457,"method":"largest-ring-centroid"}},"geometry":{"type":"Polygon","coordinates":[[[-104.9406,39.6893],[-104.9404,39.6829],[-104.934,39.6784],[-104.9316,39.6785],[-104.9317,39.6893],[-104.9406,39.6893]]]}},{"type":"Feature","properties":{"GEOID":"08005006100","COUNTY":"005","NAME":null,"point_on_surface":{"lon":-104.983094,"lat":39.645011,"method":"largest-ring-centroid"}},"geometry":{"type":"Polygon","coordinates":[[[-104.9878,39.6422],[-104.9878,39.6386],[-104.9785,39.6386],[-104.9783,39.6513],[-104.9877,39.6515],[-104.9878,39.6422]]]}},{"type":"Feature","properties":{"GEOID":"08069002010","COUNTY":"069","NAME":null,"point_on_surface":{"lon":-105.155068,"lat":40.368845,"method":"largest-ring-centroid"}},"geometry":{"type":"Polygon","coordinates":[[[-105.1314,40.3929],[-105.1922,40.3844],[-105.1504,40.3346],[-105.135,40.3495],[-105.1314,40.3929]]]}},{"type":"Feature","properties":{"GEOID":"08069001808","COUNTY":"069","NAME":null,"point_on_surface":{"lon":-105.183243,"lat":40.424114,"method":"largest-ring-centroid"}},"geometry":{"type":"Polygon","coordinates":[[[-105.2108,40.4873],[-105.2196,40.3773],[-105.1922,40.3844],[-105.1252,40.3929],[-105.1209,40.4072],[-105.1342,40.4073],[-105.1995,40.49],[-105.2108,40.4873]]]}},{"type":"Feature","properties":{"GEOID":"08069002801","COUNTY":"069","NAME":null,"point_on_surface":{"lon":-105.510483,"lat":40.389415,"method":"largest-ring-centroid"}},"geometry":{"type":"Polygon","coordinates":[[[-105.4988,40.4256],[-105.5567,40.3658],[-105.5108,40.3764],[-105.4784,40.3668],[-105.4988,40.4256]]]}},{"type":"Feature","properties":{"GEOID":"08069002503","COUNTY":"069","NAME":null,"point_on_surface":{"lon":-105.123499,"lat":40.868224,"method":"largest-ring-centroid"}},"geometry":{"type":"Polygon","coordinates":[[[-105.4127,40.9978],[-105.2156,40.7945],[-105.1707,40.7524],[-105.1781,40.6522],[-105.1762,40.6508],[-105.068,40.6828],[-104.9433,40.7833],[-104.9434,40.9982],[-105.4127,40.9978]]]}},{"type":"Feature","properties":{"GEOID":"08041004515","COUNTY":"041","NAME":null,"point_on_surface":{"lon":-104.669565,"lat":38.703227,"method":"largest-ring-centroid"}},"geometry":{"type":"Polygon","coordinates":[[[-104.6968,38.6939],[-104.6996,38.6881],[-104.6887,38.684],[-104.654,38.694],[-104.6498,38.7374],[-104.6737,38.7084],[-104.6968,38.6939]]]}},{"type":"Feature","properties":{"GEOID":"08093000300","COUNTY":"093","NAME":null,"point_on_surface":{"lon":-106.097981,"lat":39.277445,"method":"largest-ring-centroid"}},"geometry":{"type":"Polygon","coordinates":[[[-106.1355,39.3796],[-106.1793,39.2123],[-106.0479,39.1726],[-106.0297,39.3599],[-106.1355,39.3796]]]}},{"type":"Feature","properties":{"GEOID":"08093000400","COUNTY":"093","NAME":null,"point_on_surface":{"lon":-105.812207,"lat":39.191131,"method":"largest-ring-centroid"}},"geometry":{"type":"Polygon","coordinates":[[[-106.1793,39.2123],[-106.191,39.0561],[-106.111,38.9401],[-105.9751,38.9101],[-105.7428,39.0395],[-105.4472,39.0318],[-105.3978,39.1586],[-105.3979,39.2033],[-105.7213,39.4567],[-105.8617,39.5286],[-105.8647,39.5151],[-105.9165,39.4581],[-106.004,39.3911],[-106.0297,39.3599],[-106.0479,39.1726],[-106.1793,39.2123]]]}},{"type":"Feature","properties":{"GEOID":"08093000500","COUNTY":"093","NAME":null,"point_on_surface":{"lon":-105.617203,"lat":38.869349,"method":"largest-ring-centroid"}},"geometry":{"type":"Polygon","coordinates":[[[-105.9751,38.9101],[-105.9381,38.7552],[-105.9698,38.6936],[-105.329,38.6976],[-105.3304,39.1295],[-105.3978,39.1586],[-105.4472,39.0318],[-105.7428,39.0395],[-105.9751,38.9101]]]}},{"type":"Feature","properties":{"GEOID":"08001009304","COUNTY":"001","NAME":null,"point_on_surface":{"lon":-104.995036,"lat":39.872898,"method":"largest-ring-centroid"}},"geometry":{"type":"Polygon","coordinates":[[[-105.0056,39.8853],[-105.0056,39.8742],[-104.9965,39.8634],[-104.9965,39.8562],[-104.9872,39.8562],[-104.9874,39.8853],[-104.9966,39.8853],[-105.0056,39.8853]]]}},{"type":"Feature","properties":{"GEOID":"08001009306","COUNTY":"001","NAME":null,"point_on_surface":{"lon":-105.000472,"lat":39.842646,"method":"largest-ring-centroid"}},"geometry":{"type":"Polygon","coordinates":[[[-105.0061,39.849],[-105.0062,39.8345],[-104.992,39.8401],[-104.9965,39.8491],[-105.006,39.849],[-105.0061,39.849]]]}},{"type":"Feature","properties":{"GEOID":"08093000200","COUNTY":"093","NAME":null,"point_on_surface":{"lon":-105.505805,"lat":39.361519,"method":"largest-ring-centroid"}},"geometry":{"type":"Polygon","coordinates":[[[-105.7214,39.4567],[-105.3979,39.2033],[-105.398,39.4242],[-105.7213,39.4567],[-105.7214,39.4567]]]}},{"type":"Feature","properties":{"GEOID":"08001009307","COUNTY":"001","NAME":null,"point_on_surface":{"lon":-104.989335,"lat":39.843915,"method":"largest-ring-centroid"}},"geometry":{"type":"Polygon","coordinates":[[[-104.9965,39.8562],[-104.9965,39.8491],[-104.9874,39.8277],[-104.9832,39.828],[-104.9872,39.8562],[-104.9965,39.8562]]]}},{"type":"Feature","properties":{"GEOID":"08001009308","COUNTY":"001","NAME":null,"point_on_surface":{"lon":-104.996379,"lat":39.833317,"method":"largest-ring-centroid"}},"geometry":{"type":"Polygon","coordinates":[[[-105.0062,39.8345],[-105.006,39.8308],[-104.9874,39.8277],[-104.992,39.8401],[-105.0062,39.8345]]]}},{"type":"Feature","properties":{"GEOID":"08005007702","COUNTY":"005","NAME":null,"point_on_surface":{"lon":-104.836275,"lat":39.718391,"method":"largest-ring-centroid"}},"geometry":{"type":"Polygon","coordinates":[[[-104.8472,39.7216],[-104.8472,39.7112],[-104.8269,39.7112],[-104.8248,39.7256],[-104.8432,39.7257],[-104.8472,39.7216]]]}},{"type":"Feature","properties":{"GEOID":"08005007704","COUNTY":"005","NAME":null,"point_on_surface":{"lon":-104.851733,"lat":39.714633,"method":"largest-ring-centroid"}},"geometry":{"type":"Polygon","coordinates":[[[-104.8472,39.7216],[-104.8608,39.7111],[-104.8472,39.7112],[-104.8472,39.7216]]]}},{"type":"Feature","properties":{"GEOID":"08031004601","COUNTY":"031","NAME":null,"point_on_surface":{"lon":-105.045965,"lat":39.689459,"method":"largest-ring-centroid"}},"geometry":{"type":"Polygon","coordinates":[[[-105.0533,39.6896],[-105.0532,39.6823],[-105.0383,39.6822],[-105.0391,39.6968],[-105.0532,39.6968],[-105.0533,39.6896]]]}},{"type":"Feature","properties":{"GEOID":"08101000500","COUNTY":"101","NAME":null,"point_on_surface":{"lon":-104.610125,"lat":38.29452,"method":"largest-ring-centroid"}},"geometry":{"type":"Polygon","coordinates":[[[-104.6174,38.3077],[-104.6164,38.284],[-104.6103,38.2808],[-104.604,38.2809],[-104.602,38.2877],[-104.6036,38.3073],[-104.6138,38.3075],[-104.6174,38.3077]]]}},{"type":"Feature","properties":{"GEOID":"08101000100","COUNTY":"101","NAME":null,"point_on_surface":{"lon":-104.632749,"lat":38.304027,"method":"largest-ring-centroid"}},"geometry":{"type":"Polygon","coordinates":[[[-104.6472,38.312],[-104.6448,38.2977],[-104.618,38.2981],[-104.6174,38.3077],[-104.6472,38.312]]]}},{"type":"Feature","properties":{"GEOID":"08005006603","COUNTY":"005","NAME":null,"point_on_surface":{"lon":-104.99663,"lat":39.597946,"method":"largest-ring-centroid"}},"geometry":{"type":"Polygon","coordinates":[[[-105.0069,39.6024],[-105.007,39.5962],[-104.9883,39.5909],[-104.9882,39.6028],[-105.0069,39.6024]]]}},{"type":"Feature","properties":{"GEOID":"08005006604","COUNTY":"005","NAME":null,"point_on_surface":{"lon":-104.997565,"lat":39.607925,"method":"largest-ring-centroid"}},"geometry":{"type":"Polygon","coordinates":[[[-105.0068,39.6133],[-105.0069,39.6024],[-104.9882,39.6028],[-104.9881,39.6132],[-105.0068,39.6133]]]}},{"type":"Feature","properties":{"GEOID":"08005006704","COUNTY":"005","NAME":null,"point_on_surface":{"lon":-104.938281,"lat":39.637498,"method":"largest-ring-centroid"}},"geometry":{"type":"Polygon","coordinates":[[[-104.9594,39.653],[-104.9598,39.6242],[-104.9134,39.6241],[-104.9132,39.6387],[-104.9317,39.653],[-104.955,39.653],[-104.9594,39.653]]]}},{"type":"Feature","properties":{"GEOID":"08005006705","COUNTY":"005","NAME":null,"point_on_surface":{"lon":-104.968964,"lat":39.638455,"method":"largest-ring-centroid"}},"geometry":{"type":"Polygon","coordinates":[[[-104.9785,39.6386],[-104.9786,39.6241],[-104.9598,39.6242],[-104.9594,39.653],[-104.9783,39.6513],[-104.9785,39.6386]]]}},{"type":"Feature","properties":{"GEOID":"08005006706","COUNTY":"005","NAME":null,"point_on_surface":{"lon":-104.9136,"lat":39.5878,"method":"largest-ring-centroid"}},"geometry":{"type":"Polygon","coordinates":[[[-104.9229,39.5951],[-104.923,39.5806],[-104.9043,39.5805],[-104.9042,39.595],[-104.9229,39.5951]]]}},{"type":"Feature","properties":{"GEOID":"08005006707","COUNTY":"005","NAME":null,"point_on_surface":{"lon":-104.892492,"lat":39.587285,"method":"largest-ring-centroid"}},"geometry":{"type":"Polygon","coordinates":[[[-104.9042,39.595],[-104.9043,39.5805],[-104.8768,39.5805],[-104.885,39.5948],[-104.8979,39.595],[-104.9042,39.595]]]}},{"type":"Feature","properties":{"GEOID":"08005006708","COUNTY":"005","NAME":null,"point_on_surface":{"lon":-104.913686,"lat":39.573282,"method":"largest-ring-centroid"}},"geometry":{"type":"Polygon","coordinates":[[[-104.923,39.5806],[-104.923,39.566],[-104.9044,39.566],[-104.9043,39.5805],[-104.923,39.5806]]]}},{"type":"Feature","properties":{"GEOID":"08005006709","COUNTY":"005","NAME":null,"point_on_surface":{"lon":-104.889448,"lat":39.573067,"method":"largest-ring-centroid"}},"geometry":{"type":"Polygon","coordinates":[[[-104.9044,39.566],[-104.8724,39.566],[-104.8768,39.5805],[-104.9043,39.5805],[-104.9044,39.566]]]}},{"type":"Feature","properties":{"GEOID":"08101000300","COUNTY":"101","NAME":null,"point_on_surface":{"lon":-104.629219,"lat":38.28342,"method":"largest-ring-centroid"}},"geometry":{"type":"Polygon","coordinates":[[[-104.6349,38.2947],[-104.6299,38.2766],[-104.6238,38.2771],[-104.6261,38.2841],[-104.6349,38.2947]]]}},{"type":"Feature","properties":{"GEOID":"08101000400","COUNTY":"101","NAME":null,"point_on_surface":{"lon":-104.624816,"lat":38.291781,"method":"largest-ring-centroid"}},"geometry":{"type":"Polygon","coordinates":[[[-104.6373,38.2978],[-104.6261,38.2841],[-104.6164,38.284],[-104.618,38.2981],[-104.6373,38.2978]]]}},{"type":"Feature","properties":{"GEOID":"08005082000","COUNTY":"005","NAME":null,"point_on_surface":{"lon":-104.800496,"lat":39.716588,"method":"largest-ring-centroid"}},"geometry":{"type":"Polygon","coordinates":[[[-104.8104,39.7256],[-104.81,39.7086],[-104.791,39.7065],[-104.7912,39.7256],[-104.8104,39.7256]]]}},{"type":"Feature","properties":{"GEOID":"08005082200","COUNTY":"005","NAME":null,"point_on_surface":{"lon":-104.800475,"lat":39.691145,"method":"largest-ring-centroid"}},"geometry":{"type":"Polygon","coordinates":[[[-104.8099,39.6966],[-104.8099,39.6857],[-104.791,39.6857],[-104.7911,39.6966],[-104.8099,39.6966]]]}},{"type":"Feature","properties":{"GEOID":"08005081400","COUNTY":"005","NAME":null,"point_on_surface":{"lon":-104.819496,"lat":39.676038,"method":"largest-ring-centroid"}},"geometry":{"type":"Polygon","coordinates":[[[-104.8302,39.6676],[-104.8099,39.6707],[-104.8099,39.6857],[-104.8193,39.6821],[-104.8289,39.6821],[-104.8289,39.6749],[-104.8302,39.6676]]]}},{"type":"Feature","properties":{"GEOID":"08103951100","COUNTY":"103","NAME":null,"point_on_surface":{"lon":-107.898671,"lat":39.982233,"method":"largest-ring-centroid"}},"geometry":{"type":"Polygon","coordinates":[[[-108.2165,40.2218],[-108.2209,40.0953],[-108.4178,40.012],[-108.5485,40.033],[-108.6127,39.8509],[-108.5547,39.6878],[-107.9386,39.7016],[-107.9385,39.825],[-107.4765,39.8283],[-107.3187,39.915],[-107.317,40.0908],[-107.0374,40.0915],[-107.0379,40.2248],[-107.4394,40.2234],[-108.2165,40.2218]]]}},{"type":"Feature","properties":{"GEOID":"08103951200","COUNTY":"103","NAME":null,"point_on_surface":{"lon":-108.73492,"lat":39.976252,"method":"largest-ring-centroid"}},"geometry":{"type":"Polygon","coordinates":[[[-109.051,40.2227],[-109.0512,39.6605],[-108.5546,39.6502],[-108.5547,39.6878],[-108.6127,39.8509],[-108.5485,40.033],[-108.4178,40.012],[-108.2209,40.0953],[-108.2165,40.2218],[-109.051,40.2227]]]}},{"type":"Feature","properties":{"GEOID":"08035013911","COUNTY":"035","NAME":null,"point_on_surface":{"lon":-104.690078,"lat":39.48929,"method":"largest-ring-centroid"}},"geometry":{"type":"Polygon","coordinates":[[[-104.7237,39.5183],[-104.7326,39.4899],[-104.6813,39.4514],[-104.6627,39.4344],[-104.6613,39.5215],[-104.6988,39.5219],[-104.7237,39.5183]]]}},{"type":"Feature","properties":{"GEOID":"08035014009","COUNTY":"035","NAME":null,"point_on_surface":{"lon":-104.78145,"lat":39.509139,"method":"largest-ring-centroid"}},"geometry":{"type":"Polygon","coordinates":[[[-104.7934,39.515],[-104.7748,39.4931],[-104.7684,39.4931],[-104.7803,39.5197],[-104.7934,39.5239],[-104.7934,39.515]]]}},{"type":"Feature","properties":{"GEOID":"08035014013","COUNTY":"035","NAME":null,"point_on_surface":{"lon":-104.796804,"lat":39.419385,"method":"largest-ring-centroid"}},"geometry":{"type":"Polygon","coordinates":[[[-104.8396,39.4165],[-104.8447,39.4103],[-104.8298,39.3771],[-104.773,39.3934],[-104.7602,39.3912],[-104.7688,39.4785],[-104.8396,39.4165]]]}},{"type":"Feature","properties":{"GEOID":"08035014604","COUNTY":"035","NAME":null,"point_on_surface":{"lon":-104.774121,"lat":39.33553,"method":"largest-ring-centroid"}},"geometry":{"type":"Polygon","coordinates":[[[-104.8128,39.3585],[-104.8138,39.315],[-104.737,39.2706],[-104.7528,39.3911],[-104.773,39.3934],[-104.8128,39.3585]]]}},{"type":"Feature","properties":{"GEOID":"08035014506","COUNTY":"035","NAME":null,"point_on_surface":{"lon":-104.819328,"lat":39.228394,"method":"largest-ring-centroid"}},"geometry":{"type":"Polygon","coordinates":[[[-104.8915,39.297],[-104.8639,39.1299],[-104.7699,39.1297],[-104.737,39.2706],[-104.8138,39.315],[-104.8761,39.3389],[-104.8915,39.297]]]}},{"type":"Feature","properties":{"GEOID":"08035014125","COUNTY":"035","NAME":null,"point_on_surface":{"lon":-104.887346,"lat":39.505966,"method":"largest-ring-centroid"}},"geometry":{"type":"Polygon","coordinates":[[[-104.8855,39.5363],[-104.9138,39.5196],[-104.9042,39.4927],[-104.8843,39.4691],[-104.8727,39.4721],[-104.8685,39.5363],[-104.8855,39.5363]]]}},{"type":"Feature","properties":{"GEOID":"08035014131","COUNTY":"035","NAME":null,"point_on_surface":{"lon":-105.027893,"lat":39.550063,"method":"largest-ring-centroid"}},"geometry":{"type":"Polygon","coordinates":[[[-105.0644,39.5543],[-105.0245,39.5072],[-105.0277,39.5237],[-105.0363,39.5381],[-104.9917,39.5493],[-104.9889,39.5574],[-104.9885,39.5661],[-105.0486,39.5661],[-105.0644,39.5543]]]}},{"type":"Feature","properties":{"GEOID":"08035014135","COUNTY":"035","NAME":null,"point_on_surface":{"lon":-104.963681,"lat":39.479109,"method":"largest-ring-centroid"}},"geometry":{"type":"Polygon","coordinates":[[[-105.0277,39.5237],[-105.0245,39.5072],[-104.9646,39.4322],[-104.9015,39.4253],[-104.9037,39.4265],[-104.9144,39.4563],[-104.9177,39.4719],[-104.927,39.4927],[-104.942,39.5035],[-104.964,39.5242],[-105.0028,39.5285],[-105.0277,39.5237]]]}},{"type":"Feature","properties":{"GEOID":"08035014203","COUNTY":"035","NAME":null,"point_on_surface":{"lon":-105.091695,"lat":39.459164,"method":"largest-ring-centroid"}},"geometry":{"type":"Polygon","coordinates":[[[-105.127,39.4782],[-105.0728,39.4117],[-105.0733,39.4781],[-105.0933,39.4881],[-105.127,39.4782]]]}},{"type":"Feature","properties":{"GEOID":"08035014128","COUNTY":"035","NAME":null,"point_on_surface":{"lon":-105.003926,"lat":39.537956,"method":"largest-ring-centroid"}},"geometry":{"type":"Polygon","coordinates":[[[-105.0167,39.5362],[-105.0028,39.5285],[-104.9914,39.5421],[-105.005,39.5462],[-105.0167,39.5362]]]}},{"type":"Feature","properties":{"GEOID":"08035014404","COUNTY":"035","NAME":null,"point_on_surface":{"lon":-104.989699,"lat":39.227409,"method":"largest-ring-centroid"}},"geometry":{"type":"Polygon","coordinates":[[[-105.0538,39.3233],[-105.0296,39.1298],[-104.9103,39.1299],[-104.956,39.279],[-104.9669,39.3475],[-105.0538,39.3233]]]}},{"type":"Feature","properties":{"GEOID":"08035014603","COUNTY":"035","NAME":null,"point_on_surface":{"lon":-104.804939,"lat":39.3765,"method":"largest-ring-centroid"}},"geometry":{"type":"Polygon","coordinates":[[[-104.8298,39.3771],[-104.8128,39.3585],[-104.773,39.3934],[-104.8298,39.3771]]]}},{"type":"Feature","properties":{"GEOID":"08035014505","COUNTY":"035","NAME":null,"point_on_surface":{"lon":-104.839807,"lat":39.34479,"method":"largest-ring-centroid"}},"geometry":{"type":"Polygon","coordinates":[[[-104.8659,39.3657],[-104.8761,39.3389],[-104.8138,39.315],[-104.8128,39.3585],[-104.8175,39.365],[-104.8659,39.3657]]]}},{"type":"Feature","properties":{"GEOID":"08035014405","COUNTY":"035","NAME":null,"point_on_surface":{"lon":-104.902509,"lat":39.409767,"method":"largest-ring-centroid"}},"geometry":{"type":"Polygon","coordinates":[[[-104.9261,39.4275],[-104.9074,39.3865],[-104.875,39.4089],[-104.9015,39.4253],[-104.9261,39.4275]]]}},{"type":"Feature","properties":{"GEOID":"08065961702","COUNTY":"065","NAME":null,"point_on_surface":{"lon":-106.322694,"lat":39.228148,"method":"largest-ring-centroid"}},"geometry":{"type":"Polygon","coordinates":[[[-106.3466,39.2489],[-106.3268,39.1837],[-106.2905,39.2659],[-106.3077,39.2479],[-106.3466,39.2489]]]}},{"type":"Feature","properties":{"GEOID":"08065961701","COUNTY":"065","NAME":null,"point_on_surface":{"lon":-106.314933,"lat":39.254233,"method":"largest-ring-centroid"}},"geometry":{"type":"Polygon","coordinates":[[[-106.2905,39.2659],[-106.3466,39.2489],[-106.3077,39.2479],[-106.2905,39.2659]]]}},{"type":"Feature","properties":{"GEOID":"08059009827","COUNTY":"059","NAME":null,"point_on_surface":{"lon":-105.073189,"lat":39.875779,"method":"largest-ring-centroid"}},"geometry":{"type":"Polygon","coordinates":[[[-105.0796,39.8987],[-105.0821,39.8855],[-105.0816,39.8636],[-105.0567,39.8636],[-105.0796,39.8987]]]}},{"type":"Feature","properties":{"GEOID":"08123002208","COUNTY":"123","NAME":null,"point_on_surface":{"lon":-104.866751,"lat":40.528504,"method":"largest-ring-centroid"}},"geometry":{"type":"Polygon","coordinates":[[[-104.9443,40.5228],[-104.9077,40.509],[-104.8563,40.4796],[-104.8163,40.4804],[-104.7741,40.5386],[-104.9441,40.5809],[-104.9443,40.5228]]]}},{"type":"Feature","properties":{"GEOID":"08123001906","COUNTY":"123","NAME":null,"point_on_surface":{"lon":-104.817665,"lat":40.125558,"method":"largest-ring-centroid"}},"geometry":{"type":"Polygon","coordinates":[[[-104.8861,40.1311],[-104.8862,40.1165],[-104.8083,40.1018],[-104.7578,40.102],[-104.7578,40.1454],[-104.886,40.1455],[-104.8861,40.1311]]]}},{"type":"Feature","properties":{"GEOID":"08123002010","COUNTY":"123","NAME":null,"point_on_surface":{"lon":-105.019489,"lat":40.128821,"method":"largest-ring-centroid"}},"geometry":{"type":"Polygon","coordinates":[[[-105.0553,40.1522],[-105.0554,40.0875],[-105.0084,40.0874],[-104.9988,40.1023],[-104.9803,40.1388],[-104.9799,40.1753],[-105.0553,40.1522]]]}},{"type":"Feature","properties":{"GEOID":"08001988700","COUNTY":"001","NAME":null,"point_on_surface":{"lon":-104.843594,"lat":39.832285,"method":"largest-ring-centroid"}},"geometry":{"type":"Polygon","coordinates":[[[-104.9035,39.813],[-104.9036,39.7984],[-104.7909,39.7983],[-104.791,39.8563],[-104.7935,39.8708],[-104.8651,39.8707],[-104.9032,39.8379],[-104.9035,39.813]]]}},{"type":"Feature","properties":{"GEOID":"08001008706","COUNTY":"001","NAME":null,"point_on_surface":{"lon":-104.908395,"lat":39.823469,"method":"largest-ring-centroid"}},"geometry":{"type":"Polygon","coordinates":[[[-104.9155,39.8272],[-104.9129,39.8129],[-104.9035,39.813],[-104.9032,39.8379],[-104.9155,39.8272]]]}},{"type":"Feature","properties":{"GEOID":"08001008801","COUNTY":"001","NAME":null,"point_on_surface":{"lon":-104.907241,"lat":39.836794,"method":"largest-ring-centroid"}},"geometry":{"type":"Polygon","coordinates":[[[-104.9241,39.8272],[-104.9155,39.8272],[-104.8817,39.8562],[-104.9241,39.8272]]]}},{"type":"Feature","properties":{"GEOID":"08005084100","COUNTY":"005","NAME":null,"point_on_surface":{"lon":-104.782137,"lat":39.649815,"method":"largest-ring-centroid"}},"geometry":{"type":"Polygon","coordinates":[[[-104.7912,39.6531],[-104.7913,39.646],[-104.7725,39.6471],[-104.7725,39.6531],[-104.7791,39.6531],[-104.7912,39.6531]]]}},{"type":"Feature","properties":{"GEOID":"08005084200","COUNTY":"005","NAME":null,"point_on_surface":{"lon":-104.778801,"lat":39.642292,"method":"largest-ring-centroid"}},"geometry":{"type":"Polygon","coordinates":[[[-104.7913,39.646],[-104.7915,39.6385],[-104.7632,39.6385],[-104.7725,39.6471],[-104.7913,39.646]]]}},{"type":"Feature","properties":{"GEOID":"08005084300","COUNTY":"005","NAME":null,"point_on_surface":{"lon":-104.765642,"lat":39.649108,"method":"largest-ring-centroid"}},"geometry":{"type":"Polygon","coordinates":[[[-104.7725,39.6531],[-104.7725,39.6471],[-104.7658,39.6422],[-104.7556,39.6531],[-104.7725,39.6531]]]}},{"type":"Feature","properties":{"GEOID":"08005084400","COUNTY":"005","NAME":null,"point_on_surface":{"lon":-104.758411,"lat":39.644328,"method":"largest-ring-centroid"}},"geometry":{"type":"Polygon","coordinates":[[[-104.7658,39.6422],[-104.7632,39.6385],[-104.7542,39.6385],[-104.7537,39.6531],[-104.7556,39.6531],[-104.7658,39.6422]]]}},{"type":"Feature","properties":{"GEOID":"08005085700","COUNTY":"005","NAME":null,"point_on_surface":{"lon":-104.783874,"lat":39.630389,"method":"largest-ring-centroid"}},"geometry":{"type":"Polygon","coordinates":[[[-104.7915,39.6385],[-104.7915,39.6261],[-104.7861,39.624],[-104.7703,39.624],[-104.7782,39.6308],[-104.7823,39.6385],[-104.7915,39.6385]]]}},{"type":"Feature","properties":{"GEOID":"08031001901","COUNTY":"031","NAME":null,"point_on_surface":{"lon":-105.008533,"lat":39.733284,"method":"largest-ring-centroid"}},"geometry":{"type":"Polygon","coordinates":[[[-105.0174,39.7405],[-105.0158,39.7255],[-105.0002,39.7265],[-105.0002,39.7402],[-105.0174,39.7405]]]}},{"type":"Feature","properties":{"GEOID":"08031004504","COUNTY":"031","NAME":null,"point_on_surface":{"lon":-105.047045,"lat":39.707967,"method":"largest-ring-centroid"}},"geometry":{"type":"Polygon","coordinates":[[[-105.0533,39.7113],[-105.0533,39.7033],[-105.0397,39.7063],[-105.0397,39.7112],[-105.0533,39.7113]]]}},{"type":"Feature","properties":{"GEOID":"08059009830","COUNTY":"059","NAME":null,"point_on_surface":{"lon":-105.090854,"lat":39.858253,"method":"largest-ring-centroid"}},"geometry":{"type":"Polygon","coordinates":[[[-105.1076,39.8566],[-105.0817,39.8564],[-105.0828,39.8619],[-105.1076,39.8566]]]}},{"type":"Feature","properties":{"GEOID":"08059010206","COUNTY":"059","NAME":null,"point_on_surface":{"lon":-105.095045,"lat":39.835145,"method":"largest-ring-centroid"}},"geometry":{"type":"Polygon","coordinates":[[[-105.1101,39.842],[-105.1098,39.8312],[-105.0909,39.8272],[-105.0815,39.8272],[-105.0818,39.8418],[-105.0866,39.8418],[-105.1101,39.842]]]}},{"type":"Feature","properties":{"GEOID":"08031004505","COUNTY":"031","NAME":null,"point_on_surface":{"lon":-105.032336,"lat":39.707594,"method":"largest-ring-centroid"}},"geometry":{"type":"Polygon","coordinates":[[[-105.0397,39.7112],[-105.0391,39.704],[-105.0251,39.7039],[-105.0251,39.7112],[-105.0397,39.7112]]]}},{"type":"Feature","properties":{"GEOID":"08031004506","COUNTY":"031","NAME":null,"point_on_surface":{"lon":-105.032116,"lat":39.700375,"method":"largest-ring-centroid"}},"geometry":{"type":"Polygon","coordinates":[[[-105.0391,39.704],[-105.0391,39.6968],[-105.0251,39.6968],[-105.0251,39.7039],[-105.0391,39.704]]]}},{"type":"Feature","properties":{"GEOID":"08031008312","COUNTY":"031","NAME":null,"point_on_surface":{"lon":-104.830207,"lat":39.77758,"method":"largest-ring-centroid"}},"geometry":{"type":"Polygon","coordinates":[[[-104.847,39.7824],[-104.847,39.774],[-104.8099,39.7728],[-104.8099,39.7768],[-104.8312,39.7843],[-104.847,39.7824]]]}},{"type":"Feature","properties":{"GEOID":"08031008387","COUNTY":"031","NAME":null,"point_on_surface":{"lon":-104.819721,"lat":39.784723,"method":"largest-ring-centroid"}},"geometry":{"type":"Polygon","coordinates":[[[-104.8312,39.7843],[-104.8099,39.7768],[-104.8098,39.7837],[-104.8237,39.793],[-104.8282,39.7887],[-104.8312,39.7843]]]}},{"type":"Feature","properties":{"GEOID":"08059010208","COUNTY":"059","NAME":null,"point_on_surface":{"lon":-105.070095,"lat":39.829339,"method":"largest-ring-centroid"}},"geometry":{"type":"Polygon","coordinates":[[[-105.0818,39.8418],[-105.0815,39.8201],[-105.0533,39.8219],[-105.0533,39.8273],[-105.0734,39.8418],[-105.0818,39.8418]]]}},{"type":"Feature","properties":{"GEOID":"08059010209","COUNTY":"059","NAME":null,"point_on_surface":{"lon":-105.059848,"lat":39.836772,"method":"largest-ring-centroid"}},"geometry":{"type":"Polygon","coordinates":[[[-105.0734,39.8418],[-105.0533,39.8273],[-105.0532,39.8418],[-105.0627,39.8412],[-105.0734,39.8418]]]}},{"type":"Feature","properties":{"GEOID":"08059010210","COUNTY":"059","NAME":null,"point_on_surface":{"lon":-105.099218,"lat":39.822018,"method":"largest-ring-centroid"}},"geometry":{"type":"Polygon","coordinates":[[[-105.1098,39.8312],[-105.1096,39.8231],[-105.0908,39.8098],[-105.0909,39.8272],[-105.1098,39.8312]]]}},{"type":"Feature","properties":{"GEOID":"08059010211","COUNTY":"059","NAME":null,"point_on_surface":{"lon":-105.085424,"lat":39.817161,"method":"largest-ring-centroid"}},"geometry":{"type":"Polygon","coordinates":[[[-105.0909,39.8272],[-105.0908,39.8098],[-105.078,39.8065],[-105.0815,39.8272],[-105.0909,39.8272]]]}},{"type":"Feature","properties":{"GEOID":"08059010212","COUNTY":"059","NAME":null,"point_on_surface":{"lon":-105.073212,"lat":39.81081,"method":"largest-ring-centroid"}},"geometry":{"type":"Polygon","coordinates":[[[-105.0815,39.8201],[-105.0766,39.7997],[-105.0673,39.8003],[-105.0673,39.8201],[-105.0815,39.8201]]]}},{"type":"Feature","properties":{"GEOID":"08059010213","COUNTY":"059","NAME":null,"point_on_surface":{"lon":-105.060194,"lat":39.811139,"method":"largest-ring-centroid"}},"geometry":{"type":"Polygon","coordinates":[[[-105.0673,39.8201],[-105.0673,39.8003],[-105.0528,39.8025],[-105.0533,39.8219],[-105.0673,39.8201]]]}},{"type":"Feature","properties":{"GEOID":"08059010303","COUNTY":"059","NAME":null,"point_on_surface":{"lon":-105.119234,"lat":39.821323,"method":"largest-ring-centroid"}},"geometry":{"type":"Polygon","coordinates":[[[-105.1286,39.8362],[-105.1284,39.8128],[-105.1144,39.8122],[-105.1029,39.817],[-105.1096,39.8231],[-105.1286,39.8362]]]}},{"type":"Feature","properties":{"GEOID":"08031015700","COUNTY":"031","NAME":null,"point_on_surface":{"lon":-105.033604,"lat":39.660998,"method":"largest-ring-centroid"}},"geometry":{"type":"Polygon","coordinates":[[[-105.0417,39.6677],[-105.0414,39.6543],[-105.0322,39.6533],[-105.0253,39.6568],[-105.0251,39.6677],[-105.0387,39.6677],[-105.0417,39.6677]]]}},{"type":"Feature","properties":{"GEOID":"08059012052","COUNTY":"059","NAME":null,"point_on_surface":{"lon":-105.081277,"lat":39.588322,"method":"largest-ring-centroid"}},"geometry":{"type":"Polygon","coordinates":[[[-105.0915,39.5953],[-105.0872,39.5807],[-105.0728,39.5807],[-105.0727,39.5952],[-105.0915,39.5953]]]}},{"type":"Feature","properties":{"GEOID":"08059009807","COUNTY":"059","NAME":null,"point_on_surface":{"lon":-105.151153,"lat":39.743382,"method":"largest-ring-centroid"}},"geometry":{"type":"Polygon","coordinates":[[[-105.1594,39.74],[-105.1655,39.7321],[-105.1471,39.7391],[-105.1424,39.7473],[-105.1424,39.7545],[-105.1456,39.7546],[-105.1594,39.74]]]}},{"type":"Feature","properties":{"GEOID":"08001009001","COUNTY":"001","NAME":null,"point_on_surface":{"lon":-104.970649,"lat":39.85278,"method":"largest-ring-centroid"}},"geometry":{"type":"Polygon","coordinates":[[[-104.9873,39.8563],[-104.9857,39.8491],[-104.955,39.8493],[-104.9541,39.8562],[-104.9778,39.8563],[-104.9873,39.8563]]]}},{"type":"Feature","properties":{"GEOID":"08059060400","COUNTY":"059","NAME":null,"point_on_surface":{"lon":-105.062162,"lat":39.885857,"method":"largest-ring-centroid"}},"geometry":{"type":"Polygon","coordinates":[[[-105.0804,39.8998],[-105.0533,39.8568],[-105.053,39.8998],[-105.0803,39.8998],[-105.0804,39.8998]]]}},{"type":"Feature","properties":{"GEOID":"08005006200","COUNTY":"005","NAME":null,"point_on_surface":{"lon":-105.001695,"lat":39.637386,"method":"largest-ring-centroid"}},"geometry":{"type":"Polygon","coordinates":[[[-105.0152,39.6423],[-105.0147,39.6319],[-104.9879,39.6331],[-104.9878,39.6422],[-105.0152,39.6423]]]}},{"type":"Feature","properties":{"GEOID":"08005006300","COUNTY":"005","NAME":null,"point_on_surface":{"lon":-104.983231,"lat":39.631338,"method":"largest-ring-centroid"}},"geometry":{"type":"Polygon","coordinates":[[[-104.9879,39.6331],[-104.988,39.6241],[-104.9786,39.6241],[-104.9785,39.6386],[-104.9878,39.6386],[-104.9879,39.6331]]]}},{"type":"Feature","properties":{"GEOID":"08005006400","COUNTY":"005","NAME":null,"point_on_surface":{"lon":-105.001871,"lat":39.628221,"method":"largest-ring-centroid"}},"geometry":{"type":"Polygon","coordinates":[[[-105.0147,39.6319],[-105.0183,39.6242],[-104.988,39.6241],[-104.9879,39.6331],[-105.0147,39.6319]]]}},{"type":"Feature","properties":{"GEOID":"08005006601","COUNTY":"005","NAME":null,"point_on_surface":{"lon":-104.997386,"lat":39.618675,"method":"largest-ring-centroid"}},"geometry":{"type":"Polygon","coordinates":[[[-105.0067,39.6241],[-105.0068,39.6133],[-104.9881,39.6132],[-104.988,39.6241],[-105.0067,39.6241]]]}},{"type":"Feature","properties":{"GEOID":"08005082100","COUNTY":"005","NAME":null,"point_on_surface":{"lon":-104.800791,"lat":39.702101,"method":"largest-ring-centroid"}},"geometry":{"type":"Polygon","coordinates":[[[-104.81,39.7086],[-104.8099,39.6966],[-104.7911,39.6966],[-104.791,39.7065],[-104.81,39.7086]]]}},{"type":"Feature","properties":{"GEOID":"08005082700","COUNTY":"005","NAME":null,"point_on_surface":{"lon":-104.786633,"lat":39.692967,"method":"largest-ring-centroid"}},"geometry":{"type":"Polygon","coordinates":[[[-104.7911,39.6966],[-104.791,39.6857],[-104.7778,39.6966],[-104.7911,39.6966]]]}},{"type":"Feature","properties":{"GEOID":"08045952001","COUNTY":"045","NAME":null,"point_on_surface":{"lon":-107.712543,"lat":39.572758,"method":"largest-ring-centroid"}},"geometry":{"type":"Polygon","coordinates":[[[-107.6525,39.6286],[-107.7949,39.544],[-107.767,39.5541],[-107.7571,39.533],[-107.7002,39.5479],[-107.6668,39.5892],[-107.6525,39.6286]]]}},{"type":"Feature","properties":{"GEOID":"08025969601","COUNTY":"025","NAME":null,"point_on_surface":{"lon":-103.780061,"lat":38.337522,"method":"largest-ring-centroid"}},"geometry":{"type":"Polygon","coordinates":[[[-104.0539,38.5224],[-104.0582,38.1465],[-103.9482,38.1282],[-103.862,38.1271],[-103.8914,38.2471],[-103.732,38.2723],[-103.7476,38.1131],[-103.6737,38.1129],[-103.5094,38.1725],[-103.5018,38.265],[-103.5047,38.5164],[-104.0539,38.5224]]]}},{"type":"Feature","properties":{"GEOID":"08025969602","COUNTY":"025","NAME":null,"point_on_surface":{"lon":-103.805374,"lat":38.192357,"method":"largest-ring-centroid"}},"geometry":{"type":"Polygon","coordinates":[[[-103.7476,38.1131],[-103.732,38.2723],[-103.8914,38.2471],[-103.862,38.1271],[-103.803,38.1125],[-103.7476,38.1131]]]}},{"type":"Feature","properties":{"GEOID":"08067970701","COUNTY":"067","NAME":null,"point_on_surface":{"lon":-108.011751,"lat":37.365385,"method":"largest-ring-centroid"}},"geometry":{"type":"Polygon","coordinates":[[[-108.2952,37.215],[-107.8549,37.2148],[-107.9171,37.2904],[-107.8547,37.3315],[-107.8544,37.4021],[-107.9261,37.6398],[-107.9701,37.6396],[-108.0388,37.4565],[-108.2952,37.215]]]}},{"type":"Feature","properties":{"GEOID":"08067971100","COUNTY":"067","NAME":null,"point_on_surface":{"lon":-107.879273,"lat":37.257894,"method":"largest-ring-centroid"}},"geometry":{"type":"Polygon","coordinates":[[[-107.9171,37.2904],[-107.8549,37.2148],[-107.8476,37.2149],[-107.8759,37.2803],[-107.9171,37.2904]]]}},{"type":"Feature","properties":{"GEOID":"08067971000","COUNTY":"067","NAME":null,"point_on_surface":{"lon":-107.890993,"lat":37.290394,"method":"largest-ring-centroid"}},"geometry":{"type":"Polygon","coordinates":[[[-107.9087,37.2972],[-107.9171,37.2904],[-107.8759,37.2803],[-107.8707,37.2957],[-107.9087,37.2972]]]}},{"type":"Feature","properties":{"GEOID":"08067970800","COUNTY":"067","NAME":null,"point_on_surface":{"lon":-107.865367,"lat":37.287571,"method":"largest-ring-centroid"}},"geometry":{"type":"Polygon","coordinates":[[[-107.8759,37.2803],[-107.8696,37.263],[-107.8503,37.3105],[-107.8707,37.2957],[-107.8759,37.2803]]]}},{"type":"Feature","properties":{"GEOID":"08067940300","COUNTY":"067","NAME":null,"point_on_surface":{"lon":-107.605924,"lat":37.109895,"method":"largest-ring-centroid"}},"geometry":{"type":"Polygon","coordinates":[[[-107.7466,37.215],[-107.7124,37],[-107.4817,37.0001],[-107.4821,37.2148],[-107.5953,37.2148],[-107.7466,37.215]]]}},{"type":"Feature","properties":{"GEOID":"08001009322","COUNTY":"001","NAME":null,"point_on_surface":{"lon":-105.010763,"lat":39.878837,"method":"largest-ring-centroid"}},"geometry":{"type":"Polygon","coordinates":[[[-105.0155,39.8852],[-105.0155,39.8708],[-105.0056,39.8742],[-105.0056,39.8853],[-105.0155,39.8852]]]}},{"type":"Feature","properties":{"GEOID":"08001009323","COUNTY":"001","NAME":null,"point_on_surface":{"lon":-104.992317,"lat":39.899081,"method":"largest-ring-centroid"}},"geometry":{"type":"Polygon","coordinates":[[[-104.9967,39.9141],[-104.9966,39.8853],[-104.9874,39.8853],[-104.9899,39.9141],[-104.9967,39.9141]]]}},{"type":"Feature","properties":{"GEOID":"08001009325","COUNTY":"001","NAME":null,"point_on_surface":{"lon":-105.010829,"lat":39.906917,"method":"largest-ring-centroid"}},"geometry":{"type":"Polygon","coordinates":[[[-105.025,39.9142],[-105.0249,39.8996],[-104.9966,39.8997],[-104.9967,39.9141],[-105.025,39.9142]]]}},{"type":"Feature","properties":{"GEOID":"08001009401","COUNTY":"001","NAME":null,"point_on_surface":{"lon":-105.03585,"lat":39.84974,"method":"largest-ring-centroid"}},"geometry":{"type":"Polygon","coordinates":[[[-105.0533,39.8599],[-105.0533,39.8568],[-105.0343,39.8389],[-105.0248,39.836],[-105.0249,39.8563],[-105.0533,39.8599]]]}},{"type":"Feature","properties":{"GEOID":"08031003202","COUNTY":"031","NAME":null,"point_on_surface":{"lon":-104.962545,"lat":39.734399,"method":"largest-ring-centroid"}},"geometry":{"type":"Polygon","coordinates":[[[-104.9648,39.7368],[-104.9659,39.7291],[-104.9602,39.7291],[-104.9598,39.74],[-104.9648,39.74],[-104.9648,39.7368]]]}},{"type":"Feature","properties":{"GEOID":"08031003203","COUNTY":"031","NAME":null,"point_on_surface":{"lon":-104.966179,"lat":39.722849,"method":"largest-ring-centroid"}},"geometry":{"type":"Polygon","coordinates":[[[-104.9729,39.7273],[-104.9732,39.7184],[-104.9593,39.7153],[-104.9602,39.7291],[-104.9729,39.7291],[-104.9729,39.7273]]]}},{"type":"Feature","properties":{"GEOID":"08031002801","COUNTY":"031","NAME":null,"point_on_surface":{"lon":-104.978282,"lat":39.724105,"method":"largest-ring-centroid"}},"geometry":{"type":"Polygon","coordinates":[[[-104.9874,39.7273],[-104.9732,39.7184],[-104.9729,39.7273],[-104.9799,39.7273],[-104.9874,39.7273]]]}},{"type":"Feature","properties":{"GEOID":"08031002802","COUNTY":"031","NAME":null,"point_on_surface":{"lon":-104.984153,"lat":39.717754,"method":"largest-ring-centroid"}},"geometry":{"type":"Polygon","coordinates":[[[-104.9875,39.7184],[-104.9876,39.7112],[-104.9804,39.7111],[-104.9803,39.7215],[-104.9874,39.7269],[-104.9874,39.7256],[-104.9875,39.7184]]]}},{"type":"Feature","properties":{"GEOID":"08005086400","COUNTY":"005","NAME":null,"point_on_surface":{"lon":-104.777349,"lat":39.584818,"method":"largest-ring-centroid"}},"geometry":{"type":"Polygon","coordinates":[[[-104.8012,39.579],[-104.7955,39.5696],[-104.7447,39.5952],[-104.7732,39.595],[-104.8012,39.579]]]}},{"type":"Feature","properties":{"GEOID":"08005005623","COUNTY":"005","NAME":null,"point_on_surface":{"lon":-105.018419,"lat":39.589098,"method":"largest-ring-centroid"}},"geometry":{"type":"Polygon","coordinates":[[[-105.0324,39.5811],[-105.0214,39.5781],[-105.0071,39.5822],[-105.007,39.5962],[-105.0197,39.6022],[-105.0249,39.5982],[-105.0324,39.5811]]]}},{"type":"Feature","properties":{"GEOID":"08005087200","COUNTY":"005","NAME":null,"point_on_surface":{"lon":-104.891109,"lat":39.681682,"method":"largest-ring-centroid"}},"geometry":{"type":"Polygon","coordinates":[[[-104.9034,39.6849],[-104.9062,39.6784],[-104.9036,39.6767],[-104.8709,39.6748],[-104.8941,39.6927],[-104.9034,39.6849]]]}},{"type":"Feature","properties":{"GEOID":"08067970900","COUNTY":"067","NAME":null,"point_on_surface":{"lon":-107.872917,"lat":37.309298,"method":"largest-ring-centroid"}},"geometry":{"type":"Polygon","coordinates":[[[-107.8547,37.3315],[-107.9087,37.2972],[-107.8707,37.2957],[-107.8503,37.3105],[-107.8547,37.3315]]]}},{"type":"Feature","properties":{"GEOID":"08067940400","COUNTY":"067","NAME":null,"point_on_surface":{"lon":-108.033885,"lat":37.103868,"method":"largest-ring-centroid"}},"geometry":{"type":"Polygon","coordinates":[[[-108.2952,37.215],[-108.3793,36.9996],[-107.7124,37],[-107.7466,37.215],[-107.8549,37.2148],[-108.2952,37.215]]]}},{"type":"Feature","properties":{"GEOID":"08005082800","COUNTY":"005","NAME":null,"point_on_surface":{"lon":-104.780631,"lat":39.686458,"method":"largest-ring-centroid"}},"geometry":{"type":"Polygon","coordinates":[[[-104.791,39.6857],[-104.791,39.6778],[-104.7725,39.6807],[-104.7724,39.6966],[-104.7778,39.6966],[-104.791,39.6857]]]}},{"type":"Feature","properties":{"GEOID":"08005083500","COUNTY":"005","NAME":null,"point_on_surface":{"lon":-104.781539,"lat":39.6738,"method":"largest-ring-centroid"}},"geometry":{"type":"Polygon","coordinates":[[[-104.791,39.6778],[-104.791,39.6676],[-104.7725,39.669],[-104.7725,39.6807],[-104.791,39.6778]]]}},{"type":"Feature","properties":{"GEOID":"08005083300","COUNTY":"005","NAME":null,"point_on_surface":{"lon":-104.780631,"lat":39.661642,"method":"largest-ring-centroid"}},"geometry":{"type":"Polygon","coordinates":[[[-104.791,39.6676],[-104.7911,39.6603],[-104.7791,39.6531],[-104.7725,39.6531],[-104.7725,39.669],[-104.791,39.6676]]]}},{"type":"Feature","properties":{"GEOID":"08031004102","COUNTY":"031","NAME":null,"point_on_surface":{"lon":-104.9129,"lat":39.77289,"method":"largest-ring-centroid"}},"geometry":{"type":"Polygon","coordinates":[[[-104.9223,39.7838],[-104.9223,39.762],[-104.9034,39.762],[-104.9034,39.7838],[-104.9223,39.7838]]]}},{"type":"Feature","properties":{"GEOID":"08101000600","COUNTY":"101","NAME":null,"point_on_surface":{"lon":-104.619504,"lat":38.281191,"method":"largest-ring-centroid"}},"geometry":{"type":"Polygon","coordinates":[[[-104.6261,38.2841],[-104.6238,38.2771],[-104.6103,38.2808],[-104.6164,38.284],[-104.6261,38.2841]]]}},{"type":"Feature","properties":{"GEOID":"08031004103","COUNTY":"031","NAME":null,"point_on_surface":{"lon":-104.931439,"lat":39.75652,"method":"largest-ring-centroid"}},"geometry":{"type":"Polygon","coordinates":[[[-104.9405,39.762],[-104.9406,39.751],[-104.9223,39.7511],[-104.9223,39.762],[-104.9405,39.762]]]}},{"type":"Feature","properties":{"GEOID":"08031004104","COUNTY":"031","NAME":null,"point_on_surface":{"lon":-104.912861,"lat":39.756521,"method":"largest-ring-centroid"}},"geometry":{"type":"Polygon","coordinates":[[[-104.9223,39.762],[-104.9223,39.7511],[-104.9034,39.751],[-104.9034,39.762],[-104.9223,39.762]]]}},{"type":"Feature","properties":{"GEOID":"08059012059","COUNTY":"059","NAME":null,"point_on_surface":{"lon":-105.09156,"lat":39.573552,"method":"largest-ring-centroid"}},"geometry":{"type":"Polygon","coordinates":[[[-105.1008,39.5807],[-105.0953,39.5662],[-105.0828,39.5662],[-105.0872,39.5807],[-105.1008,39.5807]]]}},{"type":"Feature","properties":{"GEOID":"08041000301","COUNTY":"041","NAME":null,"point_on_surface":{"lon":-104.800867,"lat":38.882081,"method":"largest-ring-centroid"}},"geometry":{"type":"Polygon","coordinates":[[[-104.8126,38.8876],[-104.8128,38.8742],[-104.7995,38.8735],[-104.782,38.8892],[-104.8126,38.8877],[-104.8126,38.8876]]]}},{"type":"Feature","properties":{"GEOID":"08041000400","COUNTY":"041","NAME":null,"point_on_surface":{"lon":-104.805121,"lat":38.869561,"method":"largest-ring-centroid"}},"geometry":{"type":"Polygon","coordinates":[[[-104.8196,38.8708],[-104.7942,38.8618],[-104.7941,38.8699],[-104.7995,38.8735],[-104.8195,38.8744],[-104.8196,38.8708]]]}},{"type":"Feature","properties":{"GEOID":"08041000500","COUNTY":"041","NAME":null,"point_on_surface":{"lon":-104.812004,"lat":38.864769,"method":"largest-ring-centroid"}},"geometry":{"type":"Polygon","coordinates":[[[-104.8196,38.8708],[-104.8202,38.8605],[-104.7955,38.8624],[-104.8196,38.8708]]]}},{"type":"Feature","properties":{"GEOID":"08059009852","COUNTY":"059","NAME":null,"point_on_surface":{"lon":-105.156649,"lat":39.786948,"method":"largest-ring-centroid"}},"geometry":{"type":"Polygon","coordinates":[[[-105.1746,39.8],[-105.1748,39.7715],[-105.1434,39.7735],[-105.1379,39.7799],[-105.1379,39.8018],[-105.1746,39.8]]]}},{"type":"Feature","properties":{"GEOID":"08059009850","COUNTY":"059","NAME":null,"point_on_surface":{"lon":-105.305381,"lat":39.725731,"method":"largest-ring-centroid"}},"geometry":{"type":"Polygon","coordinates":[[[-105.3979,39.7458],[-105.3983,39.7171],[-105.3289,39.7019],[-105.3212,39.7078],[-105.21,39.6955],[-105.245,39.7522],[-105.3979,39.7459],[-105.3979,39.7458]]]}},{"type":"Feature","properties":{"GEOID":"08059011402","COUNTY":"059","NAME":null,"point_on_surface":{"lon":-105.074346,"lat":39.74701,"method":"largest-ring-centroid"}},"geometry":{"type":"Polygon","coordinates":[[[-105.0814,39.7548],[-105.0813,39.7402],[-105.066,39.7403],[-105.0662,39.7476],[-105.072,39.7548],[-105.0814,39.7548]]]}},{"type":"Feature","properties":{"GEOID":"08081000500","COUNTY":"081","NAME":null,"point_on_surface":{"lon":-107.540067,"lat":40.519167,"method":"largest-ring-centroid"}},"geometry":{"type":"Polygon","coordinates":[[[-107.5472,40.5379],[-107.553,40.5069],[-107.52,40.5127],[-107.5472,40.5379]]]}},{"type":"Feature","properties":{"GEOID":"08081000400","COUNTY":"081","NAME":null,"point_on_surface":{"lon":-107.560633,"lat":40.5276,"method":"largest-ring-centroid"}},"geometry":{"type":"Polygon","coordinates":[[[-107.5472,40.5379],[-107.5817,40.538],[-107.553,40.5069],[-107.5472,40.5379]]]}},{"type":"Feature","properties":{"GEOID":"08035013912","COUNTY":"035","NAME":null,"point_on_surface":{"lon":-104.739922,"lat":39.542936,"method":"largest-ring-centroid"}},"geometry":{"type":"Polygon","coordinates":[[[-104.7852,39.5659],[-104.7558,39.518],[-104.7237,39.5183],[-104.6988,39.5219],[-104.7181,39.5659],[-104.7663,39.5659],[-104.7852,39.5659]]]}},{"type":"Feature","properties":{"GEOID":"08035014144","COUNTY":"035","NAME":null,"point_on_surface":{"lon":-104.923974,"lat":39.509323,"method":"largest-ring-centroid"}},"geometry":{"type":"Polygon","coordinates":[[[-104.9386,39.5258],[-104.942,39.5035],[-104.927,39.4927],[-104.9042,39.4927],[-104.917,39.5319],[-104.9322,39.5229],[-104.9386,39.5258]]]}},{"type":"Feature","properties":{"GEOID":"08081000300","COUNTY":"081","NAME":null,"point_on_surface":{"lon":-107.57425,"lat":40.524325,"method":"interior-grid"}},"geometry":{"type":"Polygon","coordinates":[[[-107.3686,40.6003],[-107.6498,40.5954],[-107.7799,40.5326],[-107.6459,40.5029],[-107.6032,40.3977],[-107.4293,40.4408],[-107.4287,40.5268],[-107.3686,40.6003]],[[-107.553,40.5069],[-107.5817,40.538],[-107.5472,40.5379],[-107.52,40.5127],[-107.553,40.5069]]]}},{"type":"Feature","properties":{"GEOID":"08035014142","COUNTY":"035","NAME":null,"point_on_surface":{"lon":-104.897079,"lat":39.445064,"method":"largest-ring-centroid"}},"geometry":{"type":"Polygon","coordinates":[[[-104.9144,39.4563],[-104.9037,39.4265],[-104.8758,39.4499],[-104.8756,39.4528],[-104.9144,39.4563]]]}},{"type":"Feature","properties":{"GEOID":"08035014141","COUNTY":"035","NAME":null,"point_on_surface":{"lon":-104.894649,"lat":39.46271,"method":"largest-ring-centroid"}},"geometry":{"type":"Polygon","coordinates":[[[-104.8843,39.4691],[-104.9177,39.4719],[-104.9144,39.4563],[-104.8756,39.4528],[-104.8727,39.4721],[-104.8843,39.4691]]]}},{"type":"Feature","properties":{"GEOID":"08035013914","COUNTY":"035","NAME":null,"point_on_surface":{"lon":-104.730801,"lat":39.465854,"method":"largest-ring-centroid"}},"geometry":{"type":"Polygon","coordinates":[[[-104.7688,39.4785],[-104.765,39.4495],[-104.7618,39.4495],[-104.7485,39.4629],[-104.7217,39.4421],[-104.6813,39.4514],[-104.7326,39.4899],[-104.7396,39.492],[-104.7688,39.4785]]]}},{"type":"Feature","properties":{"GEOID":"08035013915","COUNTY":"035","NAME":null,"point_on_surface":{"lon":-104.744,"lat":39.4515,"method":"largest-ring-centroid"}},"geometry":{"type":"Polygon","coordinates":[[[-104.7618,39.4495],[-104.7217,39.4421],[-104.7485,39.4629],[-104.7618,39.4495]]]}},{"type":"Feature","properties":{"GEOID":"08035014143","COUNTY":"035","NAME":null,"point_on_surface":{"lon":-104.921322,"lat":39.534636,"method":"largest-ring-centroid"}},"geometry":{"type":"Polygon","coordinates":[[[-104.9194,39.5444],[-104.9322,39.5229],[-104.917,39.5319],[-104.9134,39.542],[-104.9194,39.5444]]]}},{"type":"Feature","properties":{"GEOID":"08035014410","COUNTY":"035","NAME":null,"point_on_surface":{"lon":-104.879673,"lat":39.390323,"method":"largest-ring-centroid"}},"geometry":{"type":"Polygon","coordinates":[[[-104.875,39.4089],[-104.9074,39.3865],[-104.8857,39.3757],[-104.8607,39.3802],[-104.8619,39.4004],[-104.875,39.4089]]]}},{"type":"Feature","properties":{"GEOID":"08035014407","COUNTY":"035","NAME":null,"point_on_surface":{"lon":-104.919765,"lat":39.333847,"method":"largest-ring-centroid"}},"geometry":{"type":"Polygon","coordinates":[[[-104.9669,39.3475],[-104.956,39.279],[-104.8915,39.297],[-104.8607,39.3802],[-104.8857,39.3757],[-104.9556,39.3706],[-104.9669,39.3475]]]}},{"type":"Feature","properties":{"GEOID":"08035014017","COUNTY":"035","NAME":null,"point_on_surface":{"lon":-104.860643,"lat":39.428177,"method":"largest-ring-centroid"}},"geometry":{"type":"Polygon","coordinates":[[[-104.8758,39.4499],[-104.8682,39.4126],[-104.8447,39.4103],[-104.8396,39.4165],[-104.875,39.4582],[-104.8756,39.4528],[-104.8758,39.4499]]]}},{"type":"Feature","properties":{"GEOID":"08035014409","COUNTY":"035","NAME":null,"point_on_surface":{"lon":-104.935958,"lat":39.398753,"method":"largest-ring-centroid"}},"geometry":{"type":"Polygon","coordinates":[[[-104.9654,39.4314],[-104.9556,39.3706],[-104.8857,39.3757],[-104.9074,39.3865],[-104.9261,39.4275],[-104.9646,39.4322],[-104.9654,39.4314]]]}},{"type":"Feature","properties":{"GEOID":"08035014206","COUNTY":"035","NAME":null,"point_on_surface":{"lon":-105.004758,"lat":39.373172,"method":"largest-ring-centroid"}},"geometry":{"type":"Polygon","coordinates":[[[-105.0546,39.3831],[-105.0538,39.3233],[-104.9669,39.3475],[-104.9556,39.3706],[-104.9654,39.4314],[-105.0546,39.3831]]]}},{"type":"Feature","properties":{"GEOID":"08035014408","COUNTY":"035","NAME":null,"point_on_surface":{"lon":-104.906183,"lat":39.214119,"method":"largest-ring-centroid"}},"geometry":{"type":"Polygon","coordinates":[[[-104.956,39.279],[-104.9103,39.1299],[-104.8639,39.1299],[-104.8915,39.297],[-104.956,39.279]]]}},{"type":"Feature","properties":{"GEOID":"08035014207","COUNTY":"035","NAME":null,"point_on_surface":{"lon":-105.070233,"lat":39.473667,"method":"largest-ring-centroid"}},"geometry":{"type":"Polygon","coordinates":[[[-105.0733,39.4781],[-105.0731,39.469],[-105.0643,39.4739],[-105.0733,39.4781]]]}},{"type":"Feature","properties":{"GEOID":"08041000102","COUNTY":"041","NAME":null,"point_on_surface":{"lon":-104.766961,"lat":38.863474,"method":"largest-ring-centroid"}},"geometry":{"type":"Polygon","coordinates":[[[-104.7775,38.8676],[-104.7757,38.859],[-104.7574,38.8592],[-104.7572,38.8678],[-104.7775,38.8676]]]}},{"type":"Feature","properties":{"GEOID":"08041000202","COUNTY":"041","NAME":null,"point_on_surface":{"lon":-104.77288,"lat":38.895197,"method":"largest-ring-centroid"}},"geometry":{"type":"Polygon","coordinates":[[[-104.7831,38.897],[-104.7855,38.8892],[-104.7571,38.8909],[-104.768,38.9014],[-104.7757,38.9045],[-104.7831,38.897]]]}},{"type":"Feature","properties":{"GEOID":"08035014208","COUNTY":"035","NAME":null,"point_on_surface":{"lon":-105.060328,"lat":39.505371,"method":"largest-ring-centroid"}},"geometry":{"type":"Polygon","coordinates":[[[-105.0933,39.4881],[-105.0643,39.4739],[-105.0731,39.469],[-105.0723,39.4534],[-105.0245,39.5072],[-105.0644,39.5543],[-105.0933,39.4881]]]}},{"type":"Feature","properties":{"GEOID":"08035014145","COUNTY":"035","NAME":null,"point_on_surface":{"lon":-104.940226,"lat":39.538375,"method":"largest-ring-centroid"}},"geometry":{"type":"Polygon","coordinates":[[[-104.9482,39.5427],[-104.941,39.5275],[-104.931,39.5426],[-104.9446,39.545],[-104.9482,39.5427]]]}},{"type":"Feature","properties":{"GEOID":"08035014205","COUNTY":"035","NAME":null,"point_on_surface":{"lon":-105.027692,"lat":39.441542,"method":"largest-ring-centroid"}},"geometry":{"type":"Polygon","coordinates":[[[-105.0723,39.4534],[-105.0728,39.4117],[-105.0546,39.3831],[-104.9646,39.4322],[-105.0245,39.5072],[-105.0723,39.4534]]]}},{"type":"Feature","properties":{"GEOID":"08035014146","COUNTY":"035","NAME":null,"point_on_surface":{"lon":-104.930774,"lat":39.534063,"method":"largest-ring-centroid"}},"geometry":{"type":"Polygon","coordinates":[[[-104.941,39.5275],[-104.9322,39.5229],[-104.9194,39.5444],[-104.931,39.5426],[-104.941,39.5275]]]}},{"type":"Feature","properties":{"GEOID":"08035014015","COUNTY":"035","NAME":null,"point_on_surface":{"lon":-104.789231,"lat":39.558107,"method":"largest-ring-centroid"}},"geometry":{"type":"Polygon","coordinates":[[[-104.7911,39.566],[-104.8012,39.566],[-104.7934,39.5492],[-104.7765,39.5521],[-104.7852,39.5659],[-104.7911,39.566]]]}},{"type":"Feature","properties":{"GEOID":"08035014014","COUNTY":"035","NAME":null,"point_on_surface":{"lon":-104.832478,"lat":39.559753,"method":"largest-ring-centroid"}},"geometry":{"type":"Polygon","coordinates":[[[-104.8724,39.566],[-104.8705,39.5555],[-104.8078,39.5531],[-104.7934,39.5492],[-104.8012,39.566],[-104.8141,39.566],[-104.8724,39.566]]]}},{"type":"Feature","properties":{"GEOID":"08035014016","COUNTY":"035","NAME":null,"point_on_surface":{"lon":-104.820211,"lat":39.464914,"method":"largest-ring-centroid"}},"geometry":{"type":"Polygon","coordinates":[[[-104.8137,39.5051],[-104.8716,39.4542],[-104.8396,39.4165],[-104.7688,39.4785],[-104.7684,39.4931],[-104.7748,39.4931],[-104.8137,39.5051]]]}},{"type":"Feature","properties":{"GEOID":"08015000402","COUNTY":"015","NAME":null,"point_on_surface":{"lon":-106.087067,"lat":38.88082,"method":"largest-ring-centroid"}},"geometry":{"type":"Polygon","coordinates":[[[-106.2728,39.0564],[-106.1144,38.8039],[-106.0827,38.7417],[-105.9381,38.7552],[-105.9751,38.9101],[-106.111,38.9401],[-106.191,39.0561],[-106.2728,39.0564]]]}},{"type":"Feature","properties":{"GEOID":"08123001408","COUNTY":"123","NAME":null,"point_on_surface":{"lon":-104.768204,"lat":40.399054,"method":"largest-ring-centroid"}},"geometry":{"type":"Polygon","coordinates":[[[-104.7751,40.4068],[-104.7846,40.3922],[-104.7562,40.3923],[-104.7563,40.4069],[-104.7751,40.4068]]]}},{"type":"Feature","properties":{"GEOID":"08001009104","COUNTY":"001","NAME":null,"point_on_surface":{"lon":-104.945043,"lat":39.863246,"method":"largest-ring-centroid"}},"geometry":{"type":"Polygon","coordinates":[[[-104.9471,39.8676],[-104.9545,39.8562],[-104.9403,39.8559],[-104.9402,39.8774],[-104.9471,39.8676]]]}},{"type":"Feature","properties":{"GEOID":"08001009202","COUNTY":"001","NAME":null,"point_on_surface":{"lon":-104.971046,"lat":39.863965,"method":"largest-ring-centroid"}},"geometry":{"type":"Polygon","coordinates":[[[-104.9777,39.8707],[-104.9778,39.8563],[-104.9673,39.8562],[-104.9618,39.8707],[-104.9777,39.8707]]]}},{"type":"Feature","properties":{"GEOID":"08041005122","COUNTY":"041","NAME":null,"point_on_surface":{"lon":-104.647916,"lat":38.912949,"method":"largest-ring-centroid"}},"geometry":{"type":"Polygon","coordinates":[[[-104.6782,38.9406],[-104.6829,38.9117],[-104.6827,38.8681],[-104.6635,38.864],[-104.5782,38.9551],[-104.6077,38.9442],[-104.6782,38.9406]]]}},{"type":"Feature","properties":{"GEOID":"08041005114","COUNTY":"041","NAME":null,"point_on_surface":{"lon":-104.690762,"lat":38.845814,"method":"largest-ring-centroid"}},"geometry":{"type":"Polygon","coordinates":[[[-104.6979,38.8532],[-104.7015,38.839],[-104.6828,38.8381],[-104.6806,38.8532],[-104.695,38.8532],[-104.6979,38.8532]]]}},{"type":"Feature","properties":{"GEOID":"08041004513","COUNTY":"041","NAME":null,"point_on_surface":{"lon":-104.71587,"lat":38.70296,"method":"largest-ring-centroid"}},"geometry":{"type":"Polygon","coordinates":[[[-104.7267,38.7323],[-104.733,38.7248],[-104.7091,38.6729],[-104.6996,38.6881],[-104.7145,38.7155],[-104.7267,38.7323]]]}},{"type":"Feature","properties":{"GEOID":"08001009203","COUNTY":"001","NAME":null,"point_on_surface":{"lon":-104.982553,"lat":39.8708,"method":"largest-ring-centroid"}},"geometry":{"type":"Polygon","coordinates":[[[-104.9874,39.8853],[-104.9873,39.8563],[-104.9778,39.8563],[-104.9778,39.8852],[-104.9874,39.8853]]]}},{"type":"Feature","properties":{"GEOID":"08001009204","COUNTY":"001","NAME":null,"point_on_surface":{"lon":-104.968338,"lat":39.877954,"method":"largest-ring-centroid"}},"geometry":{"type":"Polygon","coordinates":[[[-104.9778,39.8852],[-104.9777,39.8707],[-104.959,39.8706],[-104.9589,39.8851],[-104.9626,39.8852],[-104.9778,39.8852]]]}},{"type":"Feature","properties":{"GEOID":"08023972600","COUNTY":"023","NAME":null,"point_on_surface":{"lon":-105.397908,"lat":37.427489,"method":"largest-ring-centroid"}},"geometry":{"type":"Polygon","coordinates":[[[-105.7433,37.3568],[-105.7384,37.3068],[-105.4334,37.2869],[-105.2843,37.2278],[-105.1646,37.2891],[-105.19,37.6141],[-105.2956,37.6544],[-105.4855,37.5779],[-105.7433,37.3568]]]}},{"type":"Feature","properties":{"GEOID":"08041004708","COUNTY":"041","NAME":null,"point_on_surface":{"lon":-104.734152,"lat":38.923811,"method":"largest-ring-centroid"}},"geometry":{"type":"Polygon","coordinates":[[[-104.7521,38.927],[-104.7477,38.9234],[-104.7382,38.9203],[-104.7217,38.9209],[-104.7195,38.9222],[-104.7195,38.926],[-104.7521,38.927]]]}},{"type":"Feature","properties":{"GEOID":"08069001804","COUNTY":"069","NAME":null,"point_on_surface":{"lon":-105.084133,"lat":40.417195,"method":"largest-ring-centroid"}},"geometry":{"type":"Polygon","coordinates":[[[-105.0968,40.4217],[-105.0874,40.4049],[-105.0731,40.4023],[-105.0775,40.4305],[-105.0966,40.429],[-105.0968,40.4217]]]}},{"type":"Feature","properties":{"GEOID":"08001009101","COUNTY":"001","NAME":null,"point_on_surface":{"lon":-104.957755,"lat":39.863084,"method":"largest-ring-centroid"}},"geometry":{"type":"Polygon","coordinates":[[[-104.9618,39.8707],[-104.9673,39.8562],[-104.9545,39.8562],[-104.9471,39.8676],[-104.959,39.8706],[-104.9618,39.8707]]]}},{"type":"Feature","properties":{"GEOID":"08031000904","COUNTY":"031","NAME":null,"point_on_surface":{"lon":-105.04639,"lat":39.730182,"method":"largest-ring-centroid"}},"geometry":{"type":"Polygon","coordinates":[[[-105.0532,39.7349],[-105.0533,39.7258],[-105.0395,39.7257],[-105.0393,39.7343],[-105.0532,39.7349]]]}},{"type":"Feature","properties":{"GEOID":"08031003601","COUNTY":"031","NAME":null,"point_on_surface":{"lon":-104.96576,"lat":39.766773,"method":"largest-ring-centroid"}},"geometry":{"type":"Polygon","coordinates":[[[-104.9719,39.7703],[-104.9733,39.7621],[-104.9597,39.762],[-104.9594,39.7729],[-104.9719,39.7703]]]}},{"type":"Feature","properties":{"GEOID":"08031006812","COUNTY":"031","NAME":null,"point_on_surface":{"lon":-104.912196,"lat":39.660064,"method":"largest-ring-centroid"}},"geometry":{"type":"Polygon","coordinates":[[[-104.9227,39.6676],[-104.9257,39.6675],[-104.9185,39.6531],[-104.9008,39.6531],[-104.9041,39.66],[-104.9048,39.6676],[-104.9164,39.6676],[-104.913,39.6562],[-104.9227,39.6676]]]}},{"type":"Feature","properties":{"GEOID":"08031002300","COUNTY":"031","NAME":null,"point_on_surface":{"lon":-104.966569,"lat":39.756374,"method":"largest-ring-centroid"}},"geometry":{"type":"Polygon","coordinates":[[[-104.9733,39.7621],[-104.9734,39.7507],[-104.9598,39.7507],[-104.9597,39.762],[-104.9733,39.7621]]]}},{"type":"Feature","properties":{"GEOID":"08005084500","COUNTY":"005","NAME":null,"point_on_surface":{"lon":-104.787134,"lat":39.6555,"method":"largest-ring-centroid"}},"geometry":{"type":"Polygon","coordinates":[[[-104.7911,39.6603],[-104.7912,39.6531],[-104.7791,39.6531],[-104.7911,39.6603]]]}},{"type":"Feature","properties":{"GEOID":"08085966202","COUNTY":"085","NAME":null,"point_on_surface":{"lon":-107.714507,"lat":38.598263,"method":"largest-ring-centroid"}},"geometry":{"type":"Polygon","coordinates":[[[-107.9989,38.6685],[-107.9385,38.5351],[-107.7764,38.5566],[-107.7191,38.585],[-107.5006,38.4456],[-107.5006,38.6686],[-107.8486,38.6681],[-107.9989,38.6685]]]}},{"type":"Feature","properties":{"GEOID":"08085966501","COUNTY":"085","NAME":null,"point_on_surface":{"lon":-107.672864,"lat":38.423788,"method":"largest-ring-centroid"}},"geometry":{"type":"Polygon","coordinates":[[[-107.8727,38.4575],[-107.8566,38.4217],[-107.7831,38.3322],[-107.635,38.3019],[-107.5,38.3019],[-107.5006,38.4456],[-107.7191,38.585],[-107.7764,38.5566],[-107.8115,38.4886],[-107.8643,38.4545],[-107.8663,38.46],[-107.8727,38.4575]]]}},{"type":"Feature","properties":{"GEOID":"08085966503","COUNTY":"085","NAME":null,"point_on_surface":{"lon":-107.849688,"lat":38.522761,"method":"largest-ring-centroid"}},"geometry":{"type":"Polygon","coordinates":[[[-107.9385,38.5351],[-107.9124,38.5111],[-107.8471,38.4888],[-107.8115,38.4886],[-107.7764,38.5566],[-107.9385,38.5351]]]}},{"type":"Feature","properties":{"GEOID":"08085966201","COUNTY":"085","NAME":null,"point_on_surface":{"lon":-108.223476,"lat":38.529076,"method":"largest-ring-centroid"}},"geometry":{"type":"Polygon","coordinates":[[[-108.5837,38.5],[-108.1822,38.3237],[-108.0826,38.5301],[-107.9368,38.5323],[-107.9989,38.6685],[-108.3787,38.6681],[-108.3791,38.5],[-108.5837,38.5]]]}},{"type":"Feature","properties":{"GEOID":"08085966602","COUNTY":"085","NAME":null,"point_on_surface":{"lon":-107.997868,"lat":38.413311,"method":"largest-ring-centroid"}},"geometry":{"type":"Polygon","coordinates":[[[-107.9368,38.5323],[-108.0826,38.5301],[-108.1822,38.3237],[-108.0867,38.2758],[-108.1324,38.3316],[-107.7831,38.3322],[-107.8566,38.4217],[-107.9117,38.5038],[-107.9124,38.5111],[-107.9368,38.5323]]]}},{"type":"Feature","properties":{"GEOID":"08085966601","COUNTY":"085","NAME":null,"point_on_surface":{"lon":-107.881581,"lat":38.463264,"method":"largest-ring-centroid"}},"geometry":{"type":"Polygon","coordinates":[[[-107.9117,38.5038],[-107.8566,38.4217],[-107.8727,38.4575],[-107.8856,38.4751],[-107.9116,38.5038],[-107.9117,38.5038]]]}},{"type":"Feature","properties":{"GEOID":"08085966502","COUNTY":"085","NAME":null,"point_on_surface":{"lon":-107.835361,"lat":38.480747,"method":"largest-ring-centroid"}},"geometry":{"type":"Polygon","coordinates":[[[-107.8643,38.4545],[-107.8115,38.4886],[-107.8471,38.4888],[-107.8463,38.4672],[-107.8643,38.4545]]]}},{"type":"Feature","properties":{"GEOID":"08031004503","COUNTY":"031","NAME":null,"point_on_surface":{"lon":-105.04576,"lat":39.700859,"method":"largest-ring-centroid"}},"geometry":{"type":"Polygon","coordinates":[[[-105.0533,39.7033],[-105.0532,39.6968],[-105.0391,39.6968],[-105.0397,39.7063],[-105.0533,39.7033]]]}},{"type":"Feature","properties":{"GEOID":"08031004306","COUNTY":"031","NAME":null,"point_on_surface":{"lon":-104.913061,"lat":39.718515,"method":"largest-ring-centroid"}},"geometry":{"type":"Polygon","coordinates":[[[-104.9228,39.7256],[-104.9223,39.7113],[-104.9035,39.7113],[-104.9034,39.7256],[-104.9128,39.7256],[-104.9228,39.7256]]]}},{"type":"Feature","properties":{"GEOID":"08031008386","COUNTY":"031","NAME":null,"point_on_surface":{"lon":-104.815118,"lat":39.792695,"method":"largest-ring-centroid"}},"geometry":{"type":"Polygon","coordinates":[[[-104.82,39.7983],[-104.8237,39.793],[-104.8098,39.7837],[-104.8097,39.7983],[-104.82,39.7983]]]}},{"type":"Feature","properties":{"GEOID":"08031008389","COUNTY":"031","NAME":null,"point_on_surface":{"lon":-104.758868,"lat":39.789084,"method":"largest-ring-centroid"}},"geometry":{"type":"Polygon","coordinates":[[[-104.7721,39.7984],[-104.7721,39.7837],[-104.7345,39.7819],[-104.7626,39.7984],[-104.7721,39.7984]]]}},{"type":"Feature","properties":{"GEOID":"08031008391","COUNTY":"031","NAME":null,"point_on_surface":{"lon":-104.747733,"lat":39.778033,"method":"largest-ring-centroid"}},"geometry":{"type":"Polygon","coordinates":[[[-104.7553,39.7829],[-104.7534,39.7693],[-104.7345,39.7819],[-104.7553,39.7829]]]}},{"type":"Feature","properties":{"GEOID":"08031008390","COUNTY":"031","NAME":null,"point_on_surface":{"lon":-104.763109,"lat":39.776723,"method":"largest-ring-centroid"}},"geometry":{"type":"Polygon","coordinates":[[[-104.7722,39.7764],[-104.7722,39.7715],[-104.7534,39.7693],[-104.7553,39.7829],[-104.7721,39.7837],[-104.7722,39.7764]]]}},{"type":"Feature","properties":{"GEOID":"08069000201","COUNTY":"069","NAME":null,"point_on_surface":{"lon":-105.089529,"lat":40.582297,"method":"largest-ring-centroid"}},"geometry":{"type":"Polygon","coordinates":[[[-105.0959,40.5818],[-105.0959,40.5782],[-105.0807,40.5781],[-105.0861,40.5871],[-105.0958,40.5871],[-105.0959,40.5818]]]}},{"type":"Feature","properties":{"GEOID":"08083969301","COUNTY":"083","NAME":null,"point_on_surface":{"lon":-108.598863,"lat":37.377139,"method":"largest-ring-centroid"}},"geometry":{"type":"Polygon","coordinates":[[[-108.5915,37.4174],[-108.6324,37.4133],[-108.6093,37.3206],[-108.5727,37.3488],[-108.5728,37.4135],[-108.5915,37.4174]]]}},{"type":"Feature","properties":{"GEOID":"08083969302","COUNTY":"083","NAME":null,"point_on_surface":{"lon":-108.555648,"lat":37.385552,"method":"largest-ring-centroid"}},"geometry":{"type":"Polygon","coordinates":[[[-108.5728,37.4135],[-108.5727,37.3488],[-108.5431,37.3527],[-108.5348,37.4217],[-108.5728,37.4135]]]}},{"type":"Feature","properties":{"GEOID":"08035013913","COUNTY":"035","NAME":null,"point_on_surface":{"lon":-104.685,"lat":39.545378,"method":"largest-ring-centroid"}},"geometry":{"type":"Polygon","coordinates":[[[-104.7181,39.5659],[-104.6988,39.5219],[-104.6613,39.5215],[-104.6606,39.5659],[-104.707,39.566],[-104.7181,39.5659]]]}},{"type":"Feature","properties":{"GEOID":"08093000102","COUNTY":"093","NAME":null,"point_on_surface":{"lon":-105.426595,"lat":39.492644,"method":"largest-ring-centroid"}},"geometry":{"type":"Polygon","coordinates":[[[-105.4449,39.566],[-105.4643,39.4312],[-105.398,39.4242],[-105.3989,39.5661],[-105.4449,39.566]]]}},{"type":"Feature","properties":{"GEOID":"08093000101","COUNTY":"093","NAME":null,"point_on_surface":{"lon":-105.626772,"lat":39.509912,"method":"largest-ring-centroid"}},"geometry":{"type":"Polygon","coordinates":[[[-105.8297,39.5649],[-105.8617,39.5286],[-105.7214,39.4567],[-105.4643,39.4312],[-105.4449,39.566],[-105.6239,39.567],[-105.8297,39.5649]]]}},{"type":"Feature","properties":{"GEOID":"08101002911","COUNTY":"101","NAME":null,"point_on_surface":{"lon":-104.789615,"lat":38.294561,"method":"largest-ring-centroid"}},"geometry":{"type":"Polygon","coordinates":[[[-104.7722,38.3271],[-104.8298,38.2913],[-104.7723,38.2634],[-104.7667,38.3127],[-104.7722,38.3271]]]}},{"type":"Feature","properties":{"GEOID":"08101002913","COUNTY":"101","NAME":null,"point_on_surface":{"lon":-104.757796,"lat":38.327644,"method":"largest-ring-centroid"}},"geometry":{"type":"Polygon","coordinates":[[[-104.7633,38.3408],[-104.7722,38.3271],[-104.7667,38.3127],[-104.746,38.3223],[-104.7417,38.3286],[-104.7437,38.3355],[-104.7633,38.3408]]]}},{"type":"Feature","properties":{"GEOID":"08101002923","COUNTY":"101","NAME":null,"point_on_surface":{"lon":-104.809929,"lat":38.384538,"method":"largest-ring-centroid"}},"geometry":{"type":"Polygon","coordinates":[[[-104.9409,38.4178],[-104.9409,38.372],[-104.7633,38.3408],[-104.7014,38.3239],[-104.6942,38.3564],[-104.7355,38.4297],[-104.9409,38.4178]]]}},{"type":"Feature","properties":{"GEOID":"08101002922","COUNTY":"101","NAME":null,"point_on_surface":{"lon":-104.670714,"lat":38.45026,"method":"largest-ring-centroid"}},"geometry":{"type":"Polygon","coordinates":[[[-104.7341,38.5196],[-104.7355,38.4297],[-104.6942,38.3564],[-104.612,38.4018],[-104.6014,38.4123],[-104.6124,38.5202],[-104.718,38.5196],[-104.7341,38.5196]]]}},{"type":"Feature","properties":{"GEOID":"08101003105","COUNTY":"101","NAME":null,"point_on_surface":{"lon":-104.505727,"lat":38.248833,"method":"largest-ring-centroid"}},"geometry":{"type":"Polygon","coordinates":[[[-104.5374,38.2657],[-104.5336,38.2525],[-104.534,38.2271],[-104.4992,38.2267],[-104.4599,38.266],[-104.5374,38.2657]]]}},{"type":"Feature","properties":{"GEOID":"08101003106","COUNTY":"101","NAME":null,"point_on_surface":{"lon":-104.573579,"lat":38.200224,"method":"largest-ring-centroid"}},"geometry":{"type":"Polygon","coordinates":[[[-104.6179,38.1493],[-104.4992,38.2267],[-104.534,38.2271],[-104.566,38.2318],[-104.6124,38.2088],[-104.6179,38.1493]]]}},{"type":"Feature","properties":{"GEOID":"08101002917","COUNTY":"101","NAME":null,"point_on_surface":{"lon":-104.716876,"lat":38.287996,"method":"largest-ring-centroid"}},"geometry":{"type":"Polygon","coordinates":[[[-104.7682,38.3003],[-104.7723,38.2634],[-104.6867,38.2626],[-104.6789,38.2677],[-104.6612,38.314],[-104.6869,38.3199],[-104.7001,38.3174],[-104.719,38.3063],[-104.7488,38.3071],[-104.7682,38.3003]]]}},{"type":"Feature","properties":{"GEOID":"08101002914","COUNTY":"101","NAME":null,"point_on_surface":{"lon":-104.727326,"lat":38.31716,"method":"largest-ring-centroid"}},"geometry":{"type":"Polygon","coordinates":[[[-104.746,38.3223],[-104.75,38.3153],[-104.719,38.3063],[-104.7001,38.3174],[-104.7417,38.3286],[-104.746,38.3223]]]}},{"type":"Feature","properties":{"GEOID":"08101002921","COUNTY":"101","NAME":null,"point_on_surface":{"lon":-104.658897,"lat":38.350213,"method":"largest-ring-centroid"}},"geometry":{"type":"Polygon","coordinates":[[[-104.6942,38.3564],[-104.7014,38.3239],[-104.6472,38.312],[-104.6452,38.3208],[-104.612,38.4018],[-104.6942,38.3564]]]}},{"type":"Feature","properties":{"GEOID":"08101002920","COUNTY":"101","NAME":null,"point_on_surface":{"lon":-104.618578,"lat":38.348962,"method":"largest-ring-centroid"}},"geometry":{"type":"Polygon","coordinates":[[[-104.612,38.4018],[-104.6452,38.3208],[-104.6138,38.3075],[-104.6036,38.3073],[-104.608,38.3311],[-104.6014,38.4123],[-104.612,38.4018]]]}},{"type":"Feature","properties":{"GEOID":"08101002916","COUNTY":"101","NAME":null,"point_on_surface":{"lon":-104.739267,"lat":38.309567,"method":"largest-ring-centroid"}},"geometry":{"type":"Polygon","coordinates":[[[-104.75,38.3153],[-104.7488,38.3071],[-104.719,38.3063],[-104.75,38.3153]]]}},{"type":"Feature","properties":{"GEOID":"08101003600","COUNTY":"101","NAME":null,"point_on_surface":{"lon":-104.306676,"lat":38.377228,"method":"largest-ring-centroid"}},"geometry":{"type":"Polygon","coordinates":[[[-104.6014,38.4123],[-104.608,38.3311],[-104.5584,38.3327],[-104.5635,38.2961],[-104.568,38.2802],[-104.5551,38.2732],[-104.4577,38.2666],[-104.2312,38.2288],[-104.0582,38.1465],[-104.0539,38.5224],[-104.6124,38.5202],[-104.6014,38.4123]]]}},{"type":"Feature","properties":{"GEOID":"08101002919","COUNTY":"101","NAME":null,"point_on_surface":{"lon":-104.635118,"lat":38.3133,"method":"largest-ring-centroid"}},"geometry":{"type":"Polygon","coordinates":[[[-104.6452,38.3208],[-104.6472,38.312],[-104.6138,38.3075],[-104.6452,38.3208]]]}},{"type":"Feature","properties":{"GEOID":"08061960100","COUNTY":"061","NAME":null,"point_on_surface":{"lon":-102.738151,"lat":38.432215,"method":"largest-ring-centroid"}},"geometry":{"type":"Polygon","coordinates":[[[-103.5047,38.5164],[-103.5018,38.265],[-102.0445,38.2687],[-102.0451,38.6152],[-103.1729,38.6125],[-103.1729,38.5253],[-103.5047,38.5164]]]}},{"type":"Feature","properties":{"GEOID":"08079973600","COUNTY":"079","NAME":null,"point_on_surface":{"lon":-106.923559,"lat":37.669444,"method":"largest-ring-centroid"}},"geometry":{"type":"Polygon","coordinates":[[[-107.0006,37.956],[-107.1382,37.9389],[-107.1287,37.3924],[-106.7108,37.4042],[-106.6937,37.8483],[-106.8792,37.9611],[-107.0006,37.956]]]}},{"type":"Feature","properties":{"GEOID":"08113968200","COUNTY":"113","NAME":null,"point_on_surface":{"lon":-108.580368,"lat":38.020561,"method":"largest-ring-centroid"}},"geometry":{"type":"Polygon","coordinates":[[[-109.0426,38.153],[-109.042,37.8811],[-108.2565,37.8946],[-108.1991,37.8242],[-108.1106,37.9927],[-108.1587,38.0627],[-108.0279,38.1526],[-109.0426,38.153]]]}},{"type":"Feature","properties":{"GEOID":"08005005632","COUNTY":"005","NAME":null,"point_on_surface":{"lon":-104.980259,"lat":39.573304,"method":"largest-ring-centroid"}},"geometry":{"type":"Polygon","coordinates":[[[-104.9885,39.5735],[-104.9885,39.5661],[-104.9718,39.5661],[-104.9723,39.5806],[-104.9884,39.5806],[-104.9884,39.5785],[-104.9885,39.5735]]]}},{"type":"Feature","properties":{"GEOID":"08005081500","COUNTY":"005","NAME":null,"point_on_surface":{"lon":-104.827509,"lat":39.662836,"method":"largest-ring-centroid"}},"geometry":{"type":"Polygon","coordinates":[[[-104.8302,39.6676],[-104.8436,39.6585],[-104.8329,39.6542],[-104.8099,39.6689],[-104.8099,39.6707],[-104.8302,39.6676]]]}},{"type":"Feature","properties":{"GEOID":"08019014800","COUNTY":"019","NAME":null,"point_on_surface":{"lon":-105.528991,"lat":39.759925,"method":"largest-ring-centroid"}},"geometry":{"type":"Polygon","coordinates":[[[-105.5482,39.7818],[-105.5568,39.755],[-105.4966,39.7402],[-105.5083,39.7642],[-105.5482,39.7818]]]}},{"type":"Feature","properties":{"GEOID":"08019014900","COUNTY":"019","NAME":null,"point_on_surface":{"lon":-105.760278,"lat":39.691404,"method":"largest-ring-centroid"}},"geometry":{"type":"Polygon","coordinates":[[[-105.9251,39.6794],[-105.8297,39.5649],[-105.6239,39.567],[-105.6324,39.5794],[-105.6609,39.6758],[-105.5635,39.7562],[-105.7241,39.819],[-105.777,39.7981],[-105.8876,39.7966],[-105.9246,39.699],[-105.9251,39.6794]]]}},{"type":"Feature","properties":{"GEOID":"08107000703","COUNTY":"107","NAME":null,"point_on_surface":{"lon":-106.727754,"lat":40.434203,"method":"largest-ring-centroid"}},"geometry":{"type":"Polygon","coordinates":[[[-106.8158,40.4437],[-106.8066,40.3939],[-106.6527,40.389],[-106.6521,40.4452],[-106.6572,40.4834],[-106.7892,40.4747],[-106.8054,40.4525],[-106.7994,40.452],[-106.8074,40.4403],[-106.8158,40.4437]]]}},{"type":"Feature","properties":{"GEOID":"08107000702","COUNTY":"107","NAME":null,"point_on_surface":{"lon":-106.804067,"lat":40.448267,"method":"largest-ring-centroid"}},"geometry":{"type":"Polygon","coordinates":[[[-106.8054,40.4525],[-106.8074,40.4403],[-106.7994,40.452],[-106.8054,40.4525]]]}},{"type":"Feature","properties":{"GEOID":"08031005102","COUNTY":"031","NAME":null,"point_on_surface":{"lon":-104.927019,"lat":39.687459,"method":"largest-ring-centroid"}},"geometry":{"type":"Polygon","coordinates":[[[-104.9317,39.6966],[-104.9316,39.6785],[-104.9223,39.6785],[-104.9223,39.6959],[-104.9282,39.6966],[-104.9317,39.6966]]]}},{"type":"Feature","properties":{"GEOID":"08107000701","COUNTY":"107","NAME":null,"point_on_surface":{"lon":-106.809714,"lat":40.459692,"method":"largest-ring-centroid"}},"geometry":{"type":"Polygon","coordinates":[[[-106.826,40.4665],[-106.8158,40.4437],[-106.8074,40.4403],[-106.8054,40.4525],[-106.7892,40.4747],[-106.826,40.4665]]]}},{"type":"Feature","properties":{"GEOID":"08059060300","COUNTY":"059","NAME":null,"point_on_surface":{"lon":-105.0592,"lat":39.904626,"method":"largest-ring-centroid"}},"geometry":{"type":"Polygon","coordinates":[[[-105.053,39.9142],[-105.0717,39.8998],[-105.053,39.8998],[-105.0529,39.9142],[-105.053,39.9142]]]}},{"type":"Feature","properties":{"GEOID":"08059009823","COUNTY":"059","NAME":null,"point_on_surface":{"lon":-105.121379,"lat":39.885074,"method":"largest-ring-centroid"}},"geometry":{"type":"Polygon","coordinates":[[[-105.1289,39.8928],[-105.1287,39.8783],[-105.1114,39.8782],[-105.1168,39.8927],[-105.1289,39.8928]]]}},{"type":"Feature","properties":{"GEOID":"08081000600","COUNTY":"081","NAME":null,"point_on_surface":{"lon":-108.232512,"lat":40.622455,"method":"largest-ring-centroid"}},"geometry":{"type":"Polygon","coordinates":[[[-107.3178,41.0029],[-109.05,41.0007],[-109.051,40.2227],[-108.2165,40.2218],[-107.4394,40.2234],[-107.4293,40.4408],[-107.6032,40.3977],[-107.6459,40.5029],[-107.7799,40.5326],[-107.6498,40.5954],[-107.3141,40.6003],[-107.3178,41.0029]]]}},{"type":"Feature","properties":{"GEOID":"08123000501","COUNTY":"123","NAME":null,"point_on_surface":{"lon":-104.711067,"lat":40.433567,"method":"largest-ring-centroid"}},"geometry":{"type":"Polygon","coordinates":[[[-104.7158,40.4375],[-104.7159,40.4289],[-104.7015,40.4343],[-104.7158,40.4375]]]}},{"type":"Feature","properties":{"GEOID":"08005083400","COUNTY":"005","NAME":null,"point_on_surface":{"lon":-104.763029,"lat":39.66045,"method":"largest-ring-centroid"}},"geometry":{"type":"Polygon","coordinates":[[[-104.7724,39.6677],[-104.7725,39.6531],[-104.7537,39.6531],[-104.7536,39.6679],[-104.7724,39.6677]]]}},{"type":"Feature","properties":{"GEOID":"08005005631","COUNTY":"005","NAME":null,"point_on_surface":{"lon":-104.966226,"lat":39.573423,"method":"largest-ring-centroid"}},"geometry":{"type":"Polygon","coordinates":[[[-104.9723,39.5806],[-104.9718,39.5661],[-104.9605,39.5661],[-104.9603,39.5806],[-104.9723,39.5806]]]}},{"type":"Feature","properties":{"GEOID":"08005007703","COUNTY":"005","NAME":null,"point_on_surface":{"lon":-104.857791,"lat":39.719886,"method":"largest-ring-centroid"}},"geometry":{"type":"Polygon","coordinates":[[[-104.8659,39.7256],[-104.866,39.7111],[-104.8608,39.7111],[-104.8432,39.7257],[-104.8472,39.7257],[-104.8659,39.7256]]]}},{"type":"Feature","properties":{"GEOID":"08005084700","COUNTY":"005","NAME":null,"point_on_surface":{"lon":-104.803825,"lat":39.645752,"method":"largest-ring-centroid"}},"geometry":{"type":"Polygon","coordinates":[[[-104.81,39.6531],[-104.8103,39.6385],[-104.7974,39.6385],[-104.7976,39.6531],[-104.7995,39.6531],[-104.81,39.6531]]]}},{"type":"Feature","properties":{"GEOID":"08013012508","COUNTY":"013","NAME":null,"point_on_surface":{"lon":-105.234192,"lat":39.976446,"method":"largest-ring-centroid"}},"geometry":{"type":"Polygon","coordinates":[[[-105.2498,39.9856],[-105.2409,39.9756],[-105.2335,39.9588],[-105.2212,39.9803],[-105.2347,39.9865],[-105.2498,39.9856]]]}},{"type":"Feature","properties":{"GEOID":"08013012509","COUNTY":"013","NAME":null,"point_on_surface":{"lon":-105.2503,"lat":39.9804,"method":"largest-ring-centroid"}},"geometry":{"type":"Polygon","coordinates":[[[-105.2602,39.98],[-105.2409,39.9756],[-105.2498,39.9856],[-105.2602,39.98]]]}},{"type":"Feature","properties":{"GEOID":"08041000600","COUNTY":"041","NAME":null,"point_on_surface":{"lon":-104.785328,"lat":38.864495,"method":"largest-ring-centroid"}},"geometry":{"type":"Polygon","coordinates":[[[-104.7942,38.8618],[-104.7757,38.859],[-104.7775,38.8676],[-104.7941,38.8699],[-104.7942,38.8618]]]}},{"type":"Feature","properties":{"GEOID":"08041000700","COUNTY":"041","NAME":null,"point_on_surface":{"lon":-104.78546,"lat":38.855408,"method":"largest-ring-centroid"}},"geometry":{"type":"Polygon","coordinates":[[[-104.7942,38.8618],[-104.7942,38.8503],[-104.7758,38.8507],[-104.7757,38.859],[-104.7942,38.8618]]]}},{"type":"Feature","properties":{"GEOID":"08041000800","COUNTY":"041","NAME":null,"point_on_surface":{"lon":-104.801921,"lat":38.854648,"method":"largest-ring-centroid"}},"geometry":{"type":"Polygon","coordinates":[[[-104.8101,38.8502],[-104.8101,38.8475],[-104.7942,38.847],[-104.7942,38.8618],[-104.8093,38.862],[-104.8101,38.8502]]]}},{"type":"Feature","properties":{"GEOID":"08031004404","COUNTY":"031","NAME":null,"point_on_surface":{"lon":-104.894045,"lat":39.736494,"method":"largest-ring-centroid"}},"geometry":{"type":"Polygon","coordinates":[[[-104.9035,39.7401],[-104.9035,39.7329],[-104.8847,39.7328],[-104.8846,39.7402],[-104.9035,39.7401]]]}},{"type":"Feature","properties":{"GEOID":"08031004403","COUNTY":"031","NAME":null,"point_on_surface":{"lon":-104.894662,"lat":39.744747,"method":"largest-ring-centroid"}},"geometry":{"type":"Polygon","coordinates":[[[-104.9034,39.751],[-104.9035,39.7401],[-104.8846,39.7402],[-104.8847,39.7475],[-104.9034,39.751]]]}},{"type":"Feature","properties":{"GEOID":"08013012511","COUNTY":"013","NAME":null,"point_on_surface":{"lon":-105.240293,"lat":39.995002,"method":"largest-ring-centroid"}},"geometry":{"type":"Polygon","coordinates":[[[-105.2578,40.0003],[-105.2318,39.9852],[-105.2316,40.0001],[-105.253,40.0001],[-105.2578,40.0003]]]}},{"type":"Feature","properties":{"GEOID":"08013012603","COUNTY":"013","NAME":null,"point_on_surface":{"lon":-105.231897,"lat":40.008158,"method":"largest-ring-centroid"}},"geometry":{"type":"Polygon","coordinates":[[[-105.2408,40.0145],[-105.2397,40.0085],[-105.2329,40.0002],[-105.2254,40.0001],[-105.2254,40.0147],[-105.2408,40.0145]]]}},{"type":"Feature","properties":{"GEOID":"08013012701","COUNTY":"013","NAME":null,"point_on_surface":{"lon":-105.239904,"lat":40.084336,"method":"largest-ring-centroid"}},"geometry":{"type":"Polygon","coordinates":[[[-105.2823,40.1145],[-105.2816,40.0651],[-105.2651,40.0547],[-105.2584,40.0365],[-105.2424,40.0401],[-105.2329,40.0511],[-105.1877,40.0912],[-105.1832,40.1125],[-105.2823,40.1145]]]}},{"type":"Feature","properties":{"GEOID":"08041000900","COUNTY":"041","NAME":null,"point_on_surface":{"lon":-104.814916,"lat":38.855856,"method":"largest-ring-centroid"}},"geometry":{"type":"Polygon","coordinates":[[[-104.8202,38.8605],[-104.8207,38.8506],[-104.8101,38.8502],[-104.8093,38.862],[-104.8202,38.8605]]]}},{"type":"Feature","properties":{"GEOID":"08041001000","COUNTY":"041","NAME":null,"point_on_surface":{"lon":-104.826126,"lat":38.858774,"method":"largest-ring-centroid"}},"geometry":{"type":"Polygon","coordinates":[[[-104.8344,38.8607],[-104.8323,38.8507],[-104.8207,38.8506],[-104.8196,38.8708],[-104.8344,38.8607]]]}},{"type":"Feature","properties":{"GEOID":"08031007013","COUNTY":"031","NAME":null,"point_on_surface":{"lon":-104.900329,"lat":39.68897,"method":"largest-ring-centroid"}},"geometry":{"type":"Polygon","coordinates":[[[-104.9035,39.6893],[-104.9034,39.6849],[-104.8941,39.6927],[-104.9035,39.6893]]]}},{"type":"Feature","properties":{"GEOID":"08031007037","COUNTY":"031","NAME":null,"point_on_surface":{"lon":-104.870554,"lat":39.703361,"method":"largest-ring-centroid"}},"geometry":{"type":"Polygon","coordinates":[[[-104.8754,39.709],[-104.8753,39.6965],[-104.866,39.6966],[-104.866,39.7111],[-104.8706,39.7102],[-104.8754,39.709]]]}},{"type":"Feature","properties":{"GEOID":"08031007088","COUNTY":"031","NAME":null,"point_on_surface":{"lon":-104.892815,"lat":39.702946,"method":"largest-ring-centroid"}},"geometry":{"type":"Polygon","coordinates":[[[-104.9035,39.7113],[-104.9035,39.6985],[-104.8858,39.6965],[-104.8753,39.6984],[-104.8753,39.7002],[-104.8904,39.7057],[-104.8929,39.7112],[-104.9035,39.7113]]]}},{"type":"Feature","properties":{"GEOID":"08041003707","COUNTY":"041","NAME":null,"point_on_surface":{"lon":-104.875468,"lat":38.931467,"method":"largest-ring-centroid"}},"geometry":{"type":"Polygon","coordinates":[[[-104.8868,38.944],[-104.8757,38.9157],[-104.8637,38.9285],[-104.8784,38.944],[-104.8868,38.944]]]}},{"type":"Feature","properties":{"GEOID":"08041000302","COUNTY":"041","NAME":null,"point_on_surface":{"lon":-104.822496,"lat":38.890861,"method":"largest-ring-centroid"}},"geometry":{"type":"Polygon","coordinates":[[[-104.83,38.8969],[-104.8352,38.8764],[-104.8128,38.8742],[-104.8126,38.8877],[-104.8182,38.8976],[-104.8147,38.9205],[-104.8234,38.9104],[-104.83,38.8969]]]}},{"type":"Feature","properties":{"GEOID":"08041007700","COUNTY":"041","NAME":null,"point_on_surface":{"lon":-104.802885,"lat":38.919109,"method":"largest-ring-centroid"}},"geometry":{"type":"Polygon","coordinates":[[[-104.8147,38.9205],[-104.8166,38.9068],[-104.7897,38.91],[-104.788,38.9121],[-104.7873,38.9149],[-104.7934,38.9295],[-104.8128,38.9329],[-104.8147,38.9205]]]}},{"type":"Feature","properties":{"GEOID":"08041003706","COUNTY":"041","NAME":null,"point_on_surface":{"lon":-104.841889,"lat":38.924567,"method":"largest-ring-centroid"}},"geometry":{"type":"Polygon","coordinates":[[[-104.8308,38.9286],[-104.8653,38.931],[-104.8637,38.9285],[-104.852,38.9236],[-104.8242,38.9145],[-104.8308,38.9286]]]}},{"type":"Feature","properties":{"GEOID":"08041004506","COUNTY":"041","NAME":null,"point_on_surface":{"lon":-104.716122,"lat":38.729358,"method":"largest-ring-centroid"}},"geometry":{"type":"Polygon","coordinates":[[[-104.705,38.7373],[-104.7307,38.7367],[-104.7145,38.7155],[-104.7125,38.7156],[-104.705,38.7373]]]}},{"type":"Feature","properties":{"GEOID":"08123001407","COUNTY":"123","NAME":null,"point_on_surface":{"lon":-104.794127,"lat":40.401408,"method":"largest-ring-centroid"}},"geometry":{"type":"Polygon","coordinates":[[[-104.8133,40.4068],[-104.8132,40.4004],[-104.7846,40.3922],[-104.7751,40.4068],[-104.8133,40.4068]]]}},{"type":"Feature","properties":{"GEOID":"08005007302","COUNTY":"005","NAME":null,"point_on_surface":{"lon":-104.864821,"lat":39.738358,"method":"largest-ring-centroid"}},"geometry":{"type":"Polygon","coordinates":[[[-104.8846,39.7402],[-104.8847,39.7373],[-104.8471,39.7361],[-104.847,39.7402],[-104.8658,39.7402],[-104.8846,39.7402]]]}},{"type":"Feature","properties":{"GEOID":"08041003702","COUNTY":"041","NAME":null,"point_on_surface":{"lon":-104.858167,"lat":38.934533,"method":"largest-ring-centroid"}},"geometry":{"type":"Polygon","coordinates":[[[-104.8308,38.9286],[-104.8784,38.944],[-104.8653,38.931],[-104.8308,38.9286]]]}},{"type":"Feature","properties":{"GEOID":"08041003100","COUNTY":"041","NAME":null,"point_on_surface":{"lon":-104.842818,"lat":38.792448,"method":"largest-ring-centroid"}},"geometry":{"type":"Polygon","coordinates":[[[-104.8641,38.7909],[-104.8682,38.7795],[-104.822,38.7893],[-104.8222,38.8055],[-104.8519,38.7985],[-104.8641,38.7909]]]}},{"type":"Feature","properties":{"GEOID":"08014031401","COUNTY":"014","NAME":null,"point_on_surface":{"lon":-105.044741,"lat":39.98978,"method":"largest-ring-centroid"}},"geometry":{"type":"Polygon","coordinates":[[[-105.0528,40.0003],[-105.0528,39.9777],[-105.0354,39.9815],[-105.0371,40.0005],[-105.0528,40.0003]]]}},{"type":"Feature","properties":{"GEOID":"08014031201","COUNTY":"014","NAME":null,"point_on_surface":{"lon":-105.118478,"lat":39.935888,"method":"largest-ring-centroid"}},"geometry":{"type":"Polygon","coordinates":[[[-105.1376,39.9397],[-105.0905,39.9144],[-105.0907,39.919],[-105.1094,39.9261],[-105.1213,39.9524],[-105.1376,39.9397]]]}},{"type":"Feature","properties":{"GEOID":"08014031202","COUNTY":"014","NAME":null,"point_on_surface":{"lon":-105.096916,"lat":39.927069,"method":"largest-ring-centroid"}},"geometry":{"type":"Polygon","coordinates":[[[-105.0909,39.9361],[-105.1094,39.9261],[-105.0907,39.919],[-105.0906,39.9288],[-105.0909,39.9361]]]}},{"type":"Feature","properties":{"GEOID":"08014031102","COUNTY":"014","NAME":null,"point_on_surface":{"lon":-105.139158,"lat":39.927059,"method":"largest-ring-centroid"}},"geometry":{"type":"Polygon","coordinates":[[[-105.1471,39.9139],[-105.1406,39.914],[-105.1274,39.9349],[-105.1376,39.9397],[-105.147,39.9289],[-105.1471,39.914],[-105.1471,39.9139]]]}},{"type":"Feature","properties":{"GEOID":"08014031104","COUNTY":"014","NAME":null,"point_on_surface":{"lon":-105.119686,"lat":39.921047,"method":"largest-ring-centroid"}},"geometry":{"type":"Polygon","coordinates":[[[-105.1406,39.914],[-105.0912,39.9144],[-105.1274,39.9349],[-105.1406,39.914]]]}},{"type":"Feature","properties":{"GEOID":"08014031402","COUNTY":"014","NAME":null,"point_on_surface":{"lon":-104.987759,"lat":40.00662,"method":"largest-ring-centroid"}},"geometry":{"type":"Polygon","coordinates":[[[-105.0184,39.9842],[-104.9878,39.9815],[-104.9877,39.9866],[-104.9614,40.0003],[-104.9792,40.0438],[-105.0079,40.0058],[-105.008,40.0005],[-105.0184,39.9842]]]}},{"type":"Feature","properties":{"GEOID":"08014031101","COUNTY":"014","NAME":null,"point_on_surface":{"lon":-105.093347,"lat":39.909406,"method":"largest-ring-centroid"}},"geometry":{"type":"Polygon","coordinates":[[[-105.0912,39.9144],[-105.1086,39.9141],[-105.0803,39.8998],[-105.0912,39.9144]]]}},{"type":"Feature","properties":{"GEOID":"08014031403","COUNTY":"014","NAME":null,"point_on_surface":{"lon":-105.024898,"lat":39.992479,"method":"largest-ring-centroid"}},"geometry":{"type":"Polygon","coordinates":[[[-105.0371,40.0005],[-105.0354,39.9815],[-105.0184,39.9842],[-105.008,40.0005],[-105.0371,40.0005]]]}},{"type":"Feature","properties":{"GEOID":"08014031103","COUNTY":"014","NAME":null,"point_on_surface":{"lon":-105.146561,"lat":39.898905,"method":"largest-ring-centroid"}},"geometry":{"type":"Polygon","coordinates":[[[-105.1471,39.9139],[-105.1656,39.8925],[-105.1289,39.8903],[-105.1289,39.8928],[-105.1471,39.9139]]]}},{"type":"Feature","properties":{"GEOID":"08013013503","COUNTY":"013","NAME":null,"point_on_surface":{"lon":-105.095358,"lat":40.181258,"method":"largest-ring-centroid"}},"geometry":{"type":"Polygon","coordinates":[[[-105.1023,40.1886],[-105.1025,40.1739],[-105.0883,40.174],[-105.0883,40.1886],[-105.0931,40.1886],[-105.1023,40.1886]]]}},{"type":"Feature","properties":{"GEOID":"08077001707","COUNTY":"077","NAME":null,"point_on_surface":{"lon":-108.468151,"lat":39.070666,"method":"largest-ring-centroid"}},"geometry":{"type":"Polygon","coordinates":[[[-108.4778,39.0817],[-108.4782,39.0577],[-108.4595,39.0551],[-108.4579,39.0879],[-108.4778,39.0817]]]}},{"type":"Feature","properties":{"GEOID":"08077001706","COUNTY":"077","NAME":null,"point_on_surface":{"lon":-108.445644,"lat":39.069693,"method":"largest-ring-centroid"}},"geometry":{"type":"Polygon","coordinates":[[[-108.4595,39.0773],[-108.4595,39.0551],[-108.4294,39.0667],[-108.43,39.0809],[-108.4595,39.0773]]]}},{"type":"Feature","properties":{"GEOID":"08041007900","COUNTY":"041","NAME":null,"point_on_surface":{"lon":-104.860473,"lat":38.882938,"method":"largest-ring-centroid"}},"geometry":{"type":"Polygon","coordinates":[[[-104.8722,38.8979],[-104.8706,38.8778],[-104.8655,38.8609],[-104.8594,38.8691],[-104.8467,38.8761],[-104.8509,38.8966],[-104.8722,38.8979]]]}},{"type":"Feature","properties":{"GEOID":"08041003705","COUNTY":"041","NAME":null,"point_on_surface":{"lon":-104.844222,"lat":38.940941,"method":"largest-ring-centroid"}},"geometry":{"type":"Polygon","coordinates":[[[-104.8916,38.9547],[-104.8868,38.944],[-104.8784,38.944],[-104.8308,38.9286],[-104.8234,38.9104],[-104.8147,38.9205],[-104.8135,38.9412],[-104.8351,38.9544],[-104.8916,38.9547]]]}},{"type":"Feature","properties":{"GEOID":"08041003905","COUNTY":"041","NAME":null,"point_on_surface":{"lon":-104.794582,"lat":38.938592,"method":"largest-ring-centroid"}},"geometry":{"type":"Polygon","coordinates":[[[-104.8135,38.9412],[-104.8128,38.9329],[-104.7934,38.9295],[-104.7751,38.9298],[-104.7751,38.9418],[-104.8058,38.9509],[-104.8135,38.9412]]]}},{"type":"Feature","properties":{"GEOID":"08041004300","COUNTY":"041","NAME":null,"point_on_surface":{"lon":-104.719615,"lat":38.745258,"method":"largest-ring-centroid"}},"geometry":{"type":"Polygon","coordinates":[[[-104.7231,38.7589],[-104.7407,38.7475],[-104.7307,38.7367],[-104.6921,38.7374],[-104.7231,38.7589]]]}},{"type":"Feature","properties":{"GEOID":"08041004507","COUNTY":"041","NAME":null,"point_on_surface":{"lon":-104.703663,"lat":38.726255,"method":"largest-ring-centroid"}},"geometry":{"type":"Polygon","coordinates":[[[-104.705,38.7373],[-104.7125,38.7156],[-104.7014,38.7156],[-104.6952,38.7374],[-104.705,38.7373]]]}},{"type":"Feature","properties":{"GEOID":"08031000703","COUNTY":"031","NAME":null,"point_on_surface":{"lon":-105.04625,"lat":39.74215,"method":"largest-ring-centroid"}},"geometry":{"type":"Polygon","coordinates":[[[-105.0532,39.744],[-105.0532,39.7404],[-105.0393,39.7403],[-105.0393,39.7439],[-105.0532,39.744]]]}},{"type":"Feature","properties":{"GEOID":"08031002708","COUNTY":"031","NAME":null,"point_on_surface":{"lon":-104.976462,"lat":39.737575,"method":"largest-ring-centroid"}},"geometry":{"type":"Polygon","coordinates":[[[-104.9799,39.74],[-104.9799,39.7351],[-104.973,39.7352],[-104.9734,39.74],[-104.9799,39.74]]]}},{"type":"Feature","properties":{"GEOID":"08031002709","COUNTY":"031","NAME":null,"point_on_surface":{"lon":-104.976425,"lat":39.733604,"method":"largest-ring-centroid"}},"geometry":{"type":"Polygon","coordinates":[[[-104.9799,39.7351],[-104.9798,39.732],[-104.973,39.7321],[-104.973,39.7352],[-104.9799,39.7351]]]}},{"type":"Feature","properties":{"GEOID":"08031003205","COUNTY":"031","NAME":null,"point_on_surface":{"lon":-104.969166,"lat":39.733076,"method":"largest-ring-centroid"}},"geometry":{"type":"Polygon","coordinates":[[[-104.973,39.7369],[-104.9729,39.7291],[-104.9659,39.7291],[-104.9648,39.7368],[-104.973,39.7369]]]}},{"type":"Feature","properties":{"GEOID":"08031003204","COUNTY":"031","NAME":null,"point_on_surface":{"lon":-104.968879,"lat":39.738425,"method":"largest-ring-centroid"}},"geometry":{"type":"Polygon","coordinates":[[[-104.973,39.74],[-104.973,39.7369],[-104.9648,39.7368],[-104.9648,39.74],[-104.973,39.74]]]}},{"type":"Feature","properties":{"GEOID":"08031003006","COUNTY":"031","NAME":null,"point_on_surface":{"lon":-104.980475,"lat":39.683045,"method":"largest-ring-centroid"}},"geometry":{"type":"Polygon","coordinates":[[[-104.9875,39.6876],[-104.9876,39.6785],[-104.9734,39.6785],[-104.9734,39.6876],[-104.9875,39.6876]]]}},{"type":"Feature","properties":{"GEOID":"08031000705","COUNTY":"031","NAME":null,"point_on_surface":{"lon":-105.035478,"lat":39.740357,"method":"largest-ring-centroid"}},"geometry":{"type":"Polygon","coordinates":[[[-105.0393,39.7439],[-105.0393,39.7343],[-105.0322,39.735],[-105.0315,39.7464],[-105.0358,39.7464],[-105.0393,39.7439]]]}},{"type":"Feature","properties":{"GEOID":"08031000504","COUNTY":"031","NAME":null,"point_on_surface":{"lon":-105.029976,"lat":39.752418,"method":"largest-ring-centroid"}},"geometry":{"type":"Polygon","coordinates":[[[-105.0349,39.7464],[-105.0252,39.7464],[-105.0252,39.7585],[-105.0346,39.7585],[-105.0349,39.7464]]]}},{"type":"Feature","properties":{"GEOID":"08005005622","COUNTY":"005","NAME":null,"point_on_surface":{"lon":-105.038795,"lat":39.588323,"method":"largest-ring-centroid"}},"geometry":{"type":"Polygon","coordinates":[[[-105.054,39.5758],[-105.0541,39.5671],[-105.0409,39.5662],[-105.0324,39.5811],[-105.0249,39.5982],[-105.0252,39.6132],[-105.0375,39.6096],[-105.054,39.5758]]]}},{"type":"Feature","properties":{"GEOID":"08005005624","COUNTY":"005","NAME":null,"point_on_surface":{"lon":-104.997893,"lat":39.586998,"method":"largest-ring-centroid"}},"geometry":{"type":"Polygon","coordinates":[[[-105.007,39.5962],[-105.0071,39.5822],[-104.9884,39.5785],[-104.9883,39.5909],[-105.007,39.5962]]]}},{"type":"Feature","properties":{"GEOID":"08005005625","COUNTY":"005","NAME":null,"point_on_surface":{"lon":-104.980995,"lat":39.58761,"method":"largest-ring-centroid"}},"geometry":{"type":"Polygon","coordinates":[[[-104.9883,39.5909],[-104.9884,39.5806],[-104.9723,39.5806],[-104.9751,39.5951],[-104.9883,39.5951],[-104.9883,39.5909]]]}},{"type":"Feature","properties":{"GEOID":"08005005626","COUNTY":"005","NAME":null,"point_on_surface":{"lon":-104.966992,"lat":39.588137,"method":"largest-ring-centroid"}},"geometry":{"type":"Polygon","coordinates":[[[-104.9751,39.5951],[-104.9723,39.5806],[-104.9603,39.5806],[-104.9602,39.5952],[-104.9751,39.5951]]]}},{"type":"Feature","properties":{"GEOID":"08005005629","COUNTY":"005","NAME":null,"point_on_surface":{"lon":-104.932325,"lat":39.573293,"method":"largest-ring-centroid"}},"geometry":{"type":"Polygon","coordinates":[[[-104.9416,39.5806],[-104.9417,39.566],[-104.923,39.566],[-104.923,39.5806],[-104.9416,39.5806]]]}},{"type":"Feature","properties":{"GEOID":"08031000404","COUNTY":"031","NAME":null,"point_on_surface":{"lon":-105.017867,"lat":39.759425,"method":"largest-ring-centroid"}},"geometry":{"type":"Polygon","coordinates":[[[-105.0252,39.762],[-105.0252,39.7585],[-105.0127,39.7554],[-105.0112,39.762],[-105.0252,39.762]]]}},{"type":"Feature","properties":{"GEOID":"08031000403","COUNTY":"031","NAME":null,"point_on_surface":{"lon":-105.0182,"lat":39.76565,"method":"largest-ring-centroid"}},"geometry":{"type":"Polygon","coordinates":[[[-105.0252,39.7693],[-105.0252,39.762],[-105.0112,39.762],[-105.0112,39.7693],[-105.0252,39.7693]]]}},{"type":"Feature","properties":{"GEOID":"08031003802","COUNTY":"031","NAME":null,"point_on_surface":{"lon":-104.944378,"lat":39.719142,"method":"largest-ring-centroid"}},"geometry":{"type":"Polygon","coordinates":[[[-104.9498,39.7256],[-104.9462,39.7115],[-104.9406,39.7116],[-104.9406,39.7256],[-104.9498,39.7256]]]}},{"type":"Feature","properties":{"GEOID":"08031000706","COUNTY":"031","NAME":null,"point_on_surface":{"lon":-105.028607,"lat":39.741004,"method":"largest-ring-centroid"}},"geometry":{"type":"Polygon","coordinates":[[[-105.0315,39.7464],[-105.0322,39.735],[-105.0252,39.7366],[-105.0252,39.7464],[-105.0315,39.7464]]]}},{"type":"Feature","properties":{"GEOID":"08031006818","COUNTY":"031","NAME":null,"point_on_surface":{"lon":-104.893907,"lat":39.657108,"method":"largest-ring-centroid"}},"geometry":{"type":"Polygon","coordinates":[[[-104.9041,39.66],[-104.9008,39.6531],[-104.8848,39.6531],[-104.8871,39.6619],[-104.9041,39.66]]]}},{"type":"Feature","properties":{"GEOID":"08031006815","COUNTY":"031","NAME":null,"point_on_surface":{"lon":-104.908701,"lat":39.649598,"method":"largest-ring-centroid"}},"geometry":{"type":"Polygon","coordinates":[[[-104.9008,39.6531],[-104.9185,39.6531],[-104.9133,39.6439],[-104.8981,39.649],[-104.9008,39.6531]]]}},{"type":"Feature","properties":{"GEOID":"08031006816","COUNTY":"031","NAME":null,"point_on_surface":{"lon":-104.902628,"lat":39.640957,"method":"largest-ring-centroid"}},"geometry":{"type":"Polygon","coordinates":[[[-104.8981,39.649],[-104.9133,39.6439],[-104.9071,39.6343],[-104.8929,39.6357],[-104.8981,39.649]]]}},{"type":"Feature","properties":{"GEOID":"08031007091","COUNTY":"031","NAME":null,"point_on_surface":{"lon":-104.880477,"lat":39.705042,"method":"largest-ring-centroid"}},"geometry":{"type":"Polygon","coordinates":[[[-104.8904,39.7057],[-104.8753,39.7002],[-104.8754,39.709],[-104.8854,39.7071],[-104.8904,39.7057]]]}},{"type":"Feature","properties":{"GEOID":"08031015800","COUNTY":"031","NAME":null,"point_on_surface":{"lon":-104.766533,"lat":39.806733,"method":"largest-ring-centroid"}},"geometry":{"type":"Polygon","coordinates":[[[-104.7531,39.8234],[-104.7839,39.7984],[-104.7626,39.7984],[-104.7531,39.8234]]]}},{"type":"Feature","properties":{"GEOID":"08031007090","COUNTY":"031","NAME":null,"point_on_surface":{"lon":-104.889567,"lat":39.708,"method":"largest-ring-centroid"}},"geometry":{"type":"Polygon","coordinates":[[[-104.8929,39.7112],[-104.8904,39.7057],[-104.8854,39.7071],[-104.8929,39.7112]]]}},{"type":"Feature","properties":{"GEOID":"08031002603","COUNTY":"031","NAME":null,"point_on_surface":{"lon":-104.983913,"lat":39.745342,"method":"largest-ring-centroid"}},"geometry":{"type":"Polygon","coordinates":[[[-104.9874,39.7474],[-104.9874,39.7434],[-104.9799,39.7433],[-104.9811,39.7475],[-104.9874,39.7474]]]}},{"type":"Feature","properties":{"GEOID":"08031980001","COUNTY":"031","NAME":null,"point_on_surface":{"lon":-104.692117,"lat":39.847391,"method":"largest-ring-centroid"}},"geometry":{"type":"Polygon","coordinates":[[[-104.7909,39.8418],[-104.7909,39.7983],[-104.7839,39.7984],[-104.7531,39.8234],[-104.6256,39.8225],[-104.6073,39.8991],[-104.7909,39.8418]]]}},{"type":"Feature","properties":{"GEOID":"08059009824","COUNTY":"059","NAME":null,"point_on_surface":{"lon":-105.108033,"lat":39.883,"method":"largest-ring-centroid"}},"geometry":{"type":"Polygon","coordinates":[[[-105.1168,39.8927],[-105.1114,39.8782],[-105.0959,39.8781],[-105.1168,39.8927]]]}},{"type":"Feature","properties":{"GEOID":"08031006817","COUNTY":"031","NAME":null,"point_on_surface":{"lon":-104.897881,"lat":39.663512,"method":"largest-ring-centroid"}},"geometry":{"type":"Polygon","coordinates":[[[-104.9048,39.6676],[-104.9041,39.66],[-104.8871,39.6619],[-104.8902,39.6645],[-104.9035,39.6676],[-104.9048,39.6676]]]}},{"type":"Feature","properties":{"GEOID":"08001008550","COUNTY":"001","NAME":null,"point_on_surface":{"lon":-104.924513,"lat":39.907275,"method":"largest-ring-centroid"}},"geometry":{"type":"Polygon","coordinates":[[[-104.9402,39.9138],[-104.9402,39.8994],[-104.9155,39.8997],[-104.903,39.9143],[-104.9219,39.914],[-104.9402,39.9138]]]}},{"type":"Feature","properties":{"GEOID":"08001008549","COUNTY":"001","NAME":null,"point_on_surface":{"lon":-104.912256,"lat":39.917756,"method":"largest-ring-centroid"}},"geometry":{"type":"Polygon","coordinates":[[[-104.9219,39.9207],[-104.9219,39.914],[-104.903,39.9143],[-104.9031,39.922],[-104.9219,39.9207]]]}},{"type":"Feature","properties":{"GEOID":"08001008545","COUNTY":"001","NAME":null,"point_on_surface":{"lon":-104.951316,"lat":39.935273,"method":"largest-ring-centroid"}},"geometry":{"type":"Polygon","coordinates":[[[-104.9593,39.9428],[-104.9652,39.9284],[-104.9402,39.9284],[-104.9403,39.9428],[-104.9593,39.9428]]]}},{"type":"Feature","properties":{"GEOID":"08001008544","COUNTY":"001","NAME":null,"point_on_surface":{"lon":-104.949836,"lat":39.950131,"method":"largest-ring-centroid"}},"geometry":{"type":"Polygon","coordinates":[[[-104.9594,39.9575],[-104.9593,39.9428],[-104.9403,39.9428],[-104.9403,39.9574],[-104.9594,39.9575]]]}},{"type":"Feature","properties":{"GEOID":"08001008547","COUNTY":"001","NAME":null,"point_on_surface":{"lon":-104.931138,"lat":39.91735,"method":"largest-ring-centroid"}},"geometry":{"type":"Polygon","coordinates":[[[-104.9402,39.9184],[-104.9402,39.9138],[-104.9219,39.914],[-104.9219,39.9207],[-104.9402,39.9209],[-104.9402,39.9184]]]}},{"type":"Feature","properties":{"GEOID":"08001008548","COUNTY":"001","NAME":null,"point_on_surface":{"lon":-104.912761,"lat":39.92494,"method":"largest-ring-centroid"}},"geometry":{"type":"Polygon","coordinates":[[[-104.9219,39.9285],[-104.9219,39.9207],[-104.9031,39.922],[-104.9031,39.9286],[-104.9219,39.9285]]]}},{"type":"Feature","properties":{"GEOID":"08001009207","COUNTY":"001","NAME":null,"point_on_surface":{"lon":-104.950714,"lat":39.87355,"method":"largest-ring-centroid"}},"geometry":{"type":"Polygon","coordinates":[[[-104.9589,39.8778],[-104.959,39.8706],[-104.9471,39.8676],[-104.9402,39.8774],[-104.9589,39.8778]]]}},{"type":"Feature","properties":{"GEOID":"08035014129","COUNTY":"035","NAME":null,"point_on_surface":{"lon":-104.9939,"lat":39.532733,"method":"largest-ring-centroid"}},"geometry":{"type":"Polygon","coordinates":[[[-104.9914,39.5421],[-105.0028,39.5285],[-104.9875,39.5276],[-104.9914,39.5421]]]}},{"type":"Feature","properties":{"GEOID":"08035014124","COUNTY":"035","NAME":null,"point_on_surface":{"lon":-105.021396,"lat":39.531089,"method":"largest-ring-centroid"}},"geometry":{"type":"Polygon","coordinates":[[[-105.0363,39.5381],[-105.0277,39.5237],[-105.0028,39.5285],[-105.0167,39.5362],[-105.0363,39.5381]]]}},{"type":"Feature","properties":{"GEOID":"08041004502","COUNTY":"041","NAME":null,"point_on_surface":{"lon":-104.716108,"lat":38.764707,"method":"largest-ring-centroid"}},"geometry":{"type":"Polygon","coordinates":[[[-104.7575,38.7817],[-104.7581,38.7701],[-104.7391,38.7697],[-104.6921,38.7374],[-104.6827,38.761],[-104.7206,38.7809],[-104.7508,38.7817],[-104.7575,38.7817]]]}},{"type":"Feature","properties":{"GEOID":"08035014006","COUNTY":"035","NAME":null,"point_on_surface":{"lon":-104.797742,"lat":39.506878,"method":"largest-ring-centroid"}},"geometry":{"type":"Polygon","coordinates":[[[-104.8132,39.5183],[-104.8137,39.5051],[-104.7748,39.4931],[-104.7934,39.515],[-104.8132,39.5183]]]}},{"type":"Feature","properties":{"GEOID":"08041004902","COUNTY":"041","NAME":null,"point_on_surface":{"lon":-104.747435,"lat":38.912481,"method":"largest-ring-centroid"}},"geometry":{"type":"Polygon","coordinates":[[[-104.7477,38.9234],[-104.7639,38.9156],[-104.7469,38.8978],[-104.7337,38.9133],[-104.7382,38.9203],[-104.7477,38.9234]]]}},{"type":"Feature","properties":{"GEOID":"08041005800","COUNTY":"041","NAME":null,"point_on_surface":{"lon":-104.73167,"lat":38.876807,"method":"largest-ring-centroid"}},"geometry":{"type":"Polygon","coordinates":[[[-104.7386,38.8857],[-104.7357,38.8679],[-104.7226,38.8715],[-104.7297,38.8848],[-104.7386,38.8857]]]}},{"type":"Feature","properties":{"GEOID":"08041001500","COUNTY":"041","NAME":null,"point_on_surface":{"lon":-104.837238,"lat":38.840372,"method":"largest-ring-centroid"}},"geometry":{"type":"Polygon","coordinates":[[[-104.8458,38.848],[-104.8406,38.8313],[-104.835,38.8282],[-104.8304,38.8369],[-104.8323,38.8507],[-104.838,38.8489],[-104.8458,38.848]]]}},{"type":"Feature","properties":{"GEOID":"08041002101","COUNTY":"041","NAME":null,"point_on_surface":{"lon":-104.786292,"lat":38.833358,"method":"largest-ring-centroid"}},"geometry":{"type":"Polygon","coordinates":[[[-104.7944,38.8386],[-104.7945,38.8252],[-104.7805,38.8253],[-104.7759,38.8399],[-104.7943,38.8409],[-104.7944,38.8386]]]}},{"type":"Feature","properties":{"GEOID":"08041005700","COUNTY":"041","NAME":null,"point_on_surface":{"lon":-104.746769,"lat":38.875776,"method":"largest-ring-centroid"}},"geometry":{"type":"Polygon","coordinates":[[[-104.7571,38.8823],[-104.7572,38.8678],[-104.7357,38.8679],[-104.7386,38.8857],[-104.7571,38.8823]]]}},{"type":"Feature","properties":{"GEOID":"08041002502","COUNTY":"041","NAME":null,"point_on_surface":{"lon":-104.84843,"lat":38.813379,"method":"largest-ring-centroid"}},"geometry":{"type":"Polygon","coordinates":[[[-104.8593,38.8247],[-104.8519,38.7985],[-104.8409,38.8016],[-104.8401,38.8246],[-104.8593,38.8247]]]}},{"type":"Feature","properties":{"GEOID":"08041003303","COUNTY":"041","NAME":null,"point_on_surface":{"lon":-104.799601,"lat":38.78253,"method":"largest-ring-centroid"}},"geometry":{"type":"Polygon","coordinates":[[[-104.8221,38.7974],[-104.822,38.7893],[-104.7969,38.7744],[-104.798,38.7657],[-104.7759,38.7648],[-104.7975,38.796],[-104.8132,38.7972],[-104.8221,38.7974]]]}},{"type":"Feature","properties":{"GEOID":"08001009327","COUNTY":"001","NAME":null,"point_on_surface":{"lon":-105.006061,"lat":39.892487,"method":"largest-ring-centroid"}},"geometry":{"type":"Polygon","coordinates":[[[-105.0155,39.8997],[-105.0155,39.8852],[-104.9966,39.8853],[-104.9966,39.8997],[-105.0155,39.8997]]]}},{"type":"Feature","properties":{"GEOID":"08001009752","COUNTY":"001","NAME":null,"point_on_surface":{"lon":-105.015638,"lat":39.797568,"method":"largest-ring-centroid"}},"geometry":{"type":"Polygon","coordinates":[[[-105.0252,39.8038],[-105.0251,39.794],[-105.0064,39.791],[-105.0063,39.8015],[-105.0252,39.8038]]]}},{"type":"Feature","properties":{"GEOID":"08041002102","COUNTY":"041","NAME":null,"point_on_surface":{"lon":-104.767928,"lat":38.832275,"method":"largest-ring-centroid"}},"geometry":{"type":"Polygon","coordinates":[[[-104.7759,38.8398],[-104.7805,38.8253],[-104.7575,38.8254],[-104.7575,38.8396],[-104.7759,38.8398]]]}},{"type":"Feature","properties":{"GEOID":"08041002200","COUNTY":"041","NAME":null,"point_on_surface":{"lon":-104.8132,"lat":38.830247,"method":"largest-ring-centroid"}},"geometry":{"type":"Polygon","coordinates":[[[-104.8178,38.8394],[-104.8186,38.8216],[-104.8084,38.8212],[-104.808,38.8391],[-104.8104,38.8391],[-104.8178,38.8394]]]}},{"type":"Feature","properties":{"GEOID":"08041002700","COUNTY":"041","NAME":null,"point_on_surface":{"lon":-104.801506,"lat":38.830076,"method":"largest-ring-centroid"}},"geometry":{"type":"Polygon","coordinates":[[[-104.808,38.8391],[-104.8084,38.8212],[-104.7978,38.8207],[-104.7945,38.8252],[-104.7944,38.8386],[-104.808,38.8391]]]}},{"type":"Feature","properties":{"GEOID":"08041005501","COUNTY":"041","NAME":null,"point_on_surface":{"lon":-104.729244,"lat":38.905432,"method":"largest-ring-centroid"}},"geometry":{"type":"Polygon","coordinates":[[[-104.7478,38.8971],[-104.7197,38.8937],[-104.7195,38.9222],[-104.7337,38.9133],[-104.7469,38.8978],[-104.7478,38.8971]]]}},{"type":"Feature","properties":{"GEOID":"08041007000","COUNTY":"041","NAME":null,"point_on_surface":{"lon":-104.780068,"lat":38.969038,"method":"largest-ring-centroid"}},"geometry":{"type":"Polygon","coordinates":[[[-104.7983,38.9765],[-104.7985,38.9587],[-104.7644,38.9569],[-104.7577,38.966],[-104.7709,38.9822],[-104.7981,38.9804],[-104.7983,38.9765]]]}},{"type":"Feature","properties":{"GEOID":"08043979002","COUNTY":"043","NAME":null,"point_on_surface":{"lon":-105.474809,"lat":38.355484,"method":"largest-ring-centroid"}},"geometry":{"type":"Polygon","coordinates":[[[-105.3752,38.4858],[-105.5684,38.4254],[-105.6126,38.2649],[-105.3689,38.2594],[-105.3752,38.4858]]]}},{"type":"Feature","properties":{"GEOID":"08043979001","COUNTY":"043","NAME":null,"point_on_surface":{"lon":-105.626051,"lat":38.521739,"method":"largest-ring-centroid"}},"geometry":{"type":"Polygon","coordinates":[[[-106.0108,38.4466],[-105.7969,38.2651],[-105.6126,38.2649],[-105.5684,38.4254],[-105.3752,38.4858],[-105.2639,38.4802],[-105.2096,38.5035],[-105.1904,38.6482],[-105.329,38.6976],[-105.9698,38.6936],[-105.8792,38.6073],[-105.9383,38.5033],[-106.0108,38.4466]]]}},{"type":"Feature","properties":{"GEOID":"08029965202","COUNTY":"029","NAME":null,"point_on_surface":{"lon":-107.903463,"lat":38.975334,"method":"largest-ring-centroid"}},"geometry":{"type":"Polygon","coordinates":[[[-107.776,39.0478],[-108.032,39.0273],[-107.9469,38.9116],[-107.9095,38.9188],[-107.9294,38.8825],[-107.9142,38.8359],[-107.776,39.0478]]]}},{"type":"Feature","properties":{"GEOID":"08049000100","COUNTY":"049","NAME":null,"point_on_surface":{"lon":-106.297751,"lat":40.093045,"method":"largest-ring-centroid"}},"geometry":{"type":"Polygon","coordinates":[[[-106.6527,40.389],[-106.6266,39.9248],[-106.4345,39.9249],[-106.252,39.9147],[-106.036,39.7047],[-105.9246,39.699],[-105.8876,39.7966],[-105.9723,39.9364],[-106.1362,40.0563],[-105.9814,40.1088],[-106.0898,40.3501],[-106.4434,40.3465],[-106.6521,40.4452],[-106.6527,40.389]]]}},{"type":"Feature","properties":{"GEOID":"08031004602","COUNTY":"031","NAME":null,"point_on_surface":{"lon":-105.031897,"lat":39.689587,"method":"largest-ring-centroid"}},"geometry":{"type":"Polygon","coordinates":[[[-105.0391,39.6968],[-105.0383,39.6822],[-105.025,39.6823],[-105.0251,39.6968],[-105.0391,39.6968]]]}},{"type":"Feature","properties":{"GEOID":"08031004603","COUNTY":"031","NAME":null,"point_on_surface":{"lon":-105.031768,"lat":39.674948,"method":"largest-ring-centroid"}},"geometry":{"type":"Polygon","coordinates":[[[-105.0383,39.6822],[-105.0387,39.6677],[-105.0251,39.6677],[-105.025,39.6823],[-105.0383,39.6822]]]}},{"type":"Feature","properties":{"GEOID":"08031004700","COUNTY":"031","NAME":null,"point_on_surface":{"lon":-105.047072,"lat":39.675349,"method":"largest-ring-centroid"}},"geometry":{"type":"Polygon","coordinates":[[[-105.0578,39.6823],[-105.0533,39.6678],[-105.0387,39.6677],[-105.0383,39.6822],[-105.0532,39.6823],[-105.0578,39.6823]]]}},{"type":"Feature","properties":{"GEOID":"08001009603","COUNTY":"001","NAME":null,"point_on_surface":{"lon":-105.046935,"lat":39.843396,"method":"largest-ring-centroid"}},"geometry":{"type":"Polygon","coordinates":[[[-105.0533,39.8568],[-105.0533,39.8345],[-105.0343,39.8389],[-105.0533,39.8568]]]}},{"type":"Feature","properties":{"GEOID":"08031015600","COUNTY":"031","NAME":null,"point_on_surface":{"lon":-105.013529,"lat":39.670733,"method":"largest-ring-centroid"}},"geometry":{"type":"Polygon","coordinates":[[[-105.0251,39.6677],[-105.0253,39.6568],[-105.0044,39.6605],[-105.0003,39.6677],[-105.0014,39.6825],[-105.025,39.6823],[-105.0251,39.6677]]]}},{"type":"Feature","properties":{"GEOID":"08041004009","COUNTY":"041","NAME":null,"point_on_surface":{"lon":-104.753186,"lat":38.785608,"method":"largest-ring-centroid"}},"geometry":{"type":"Polygon","coordinates":[[[-104.7575,38.789],[-104.7575,38.7817],[-104.7508,38.7817],[-104.7472,38.789],[-104.7575,38.789]]]}},{"type":"Feature","properties":{"GEOID":"08005085800","COUNTY":"005","NAME":null,"point_on_surface":{"lon":-104.76897,"lat":39.633867,"method":"largest-ring-centroid"}},"geometry":{"type":"Polygon","coordinates":[[[-104.7823,39.6385],[-104.7782,39.6308],[-104.7544,39.6282],[-104.7632,39.6385],[-104.7823,39.6385]]]}},{"type":"Feature","properties":{"GEOID":"08077000200","COUNTY":"077","NAME":null,"point_on_surface":{"lon":-108.556725,"lat":39.070887,"method":"largest-ring-centroid"}},"geometry":{"type":"Polygon","coordinates":[[[-108.561,39.0774],[-108.5611,39.0644],[-108.5524,39.0644],[-108.5524,39.0774],[-108.561,39.0774]]]}},{"type":"Feature","properties":{"GEOID":"08077000300","COUNTY":"077","NAME":null,"point_on_surface":{"lon":-108.567233,"lat":39.072726,"method":"largest-ring-centroid"}},"geometry":{"type":"Polygon","coordinates":[[[-108.579,39.0786],[-108.5645,39.0644],[-108.5611,39.0644],[-108.561,39.0774],[-108.579,39.0786]]]}},{"type":"Feature","properties":{"GEOID":"08035014010","COUNTY":"035","NAME":null,"point_on_surface":{"lon":-104.783955,"lat":39.537068,"method":"largest-ring-centroid"}},"geometry":{"type":"Polygon","coordinates":[[[-104.7934,39.5492],[-104.7934,39.5239],[-104.7803,39.5197],[-104.7719,39.5441],[-104.7765,39.5521],[-104.7934,39.5492]]]}},{"type":"Feature","properties":{"GEOID":"08035014007","COUNTY":"035","NAME":null,"point_on_surface":{"lon":-104.840329,"lat":39.545507,"method":"largest-ring-centroid"}},"geometry":{"type":"Polygon","coordinates":[[[-104.8705,39.5555],[-104.8685,39.5363],[-104.8118,39.5365],[-104.8078,39.5531],[-104.8705,39.5555]]]}},{"type":"Feature","properties":{"GEOID":"08035014126","COUNTY":"035","NAME":null,"point_on_surface":{"lon":-104.996033,"lat":39.545867,"method":"largest-ring-centroid"}},"geometry":{"type":"Polygon","coordinates":[[[-105.005,39.5462],[-104.9914,39.5421],[-104.9917,39.5493],[-105.005,39.5462]]]}},{"type":"Feature","properties":{"GEOID":"08035014130","COUNTY":"035","NAME":null,"point_on_surface":{"lon":-105.019333,"lat":39.540167,"method":"largest-ring-centroid"}},"geometry":{"type":"Polygon","coordinates":[[[-105.005,39.5462],[-105.0363,39.5381],[-105.0167,39.5362],[-105.005,39.5462]]]}},{"type":"Feature","properties":{"GEOID":"08035014008","COUNTY":"035","NAME":null,"point_on_surface":{"lon":-104.807819,"lat":39.527249,"method":"largest-ring-centroid"}},"geometry":{"type":"Polygon","coordinates":[[[-104.83,39.5364],[-104.8132,39.5183],[-104.7934,39.515],[-104.7934,39.5338],[-104.8118,39.5365],[-104.83,39.5364]]]}},{"type":"Feature","properties":{"GEOID":"08035014011","COUNTY":"035","NAME":null,"point_on_surface":{"lon":-104.848045,"lat":39.504035,"method":"largest-ring-centroid"}},"geometry":{"type":"Polygon","coordinates":[[[-104.875,39.4582],[-104.8716,39.4542],[-104.8137,39.5051],[-104.8132,39.5183],[-104.83,39.5364],[-104.8685,39.5363],[-104.8727,39.4721],[-104.875,39.4582]]]}},{"type":"Feature","properties":{"GEOID":"08035014127","COUNTY":"035","NAME":null,"point_on_surface":{"lon":-104.90766,"lat":39.480991,"method":"largest-ring-centroid"}},"geometry":{"type":"Polygon","coordinates":[[[-104.927,39.4927],[-104.9177,39.4719],[-104.8843,39.4691],[-104.9042,39.4927],[-104.927,39.4927]]]}},{"type":"Feature","properties":{"GEOID":"08001007802","COUNTY":"001","NAME":null,"point_on_surface":{"lon":-104.856449,"lat":39.742,"method":"largest-ring-centroid"}},"geometry":{"type":"Polygon","coordinates":[[[-104.8658,39.7438],[-104.8658,39.7402],[-104.8471,39.7402],[-104.8471,39.7438],[-104.8658,39.7438]]]}},{"type":"Feature","properties":{"GEOID":"08001009320","COUNTY":"001","NAME":null,"point_on_surface":{"lon":-105.015456,"lat":39.854422,"method":"largest-ring-centroid"}},"geometry":{"type":"Polygon","coordinates":[[[-105.025,39.8599],[-105.0248,39.8491],[-105.006,39.849],[-105.006,39.8597],[-105.025,39.8599]]]}},{"type":"Feature","properties":{"GEOID":"08005084800","COUNTY":"005","NAME":null,"point_on_surface":{"lon":-104.765087,"lat":39.626939,"method":"largest-ring-centroid"}},"geometry":{"type":"Polygon","coordinates":[[[-104.7544,39.6282],[-104.7782,39.6308],[-104.7703,39.624],[-104.7544,39.624],[-104.7544,39.6266],[-104.7544,39.6282]]]}},{"type":"Feature","properties":{"GEOID":"08005006502","COUNTY":"005","NAME":null,"point_on_surface":{"lon":-105.011303,"lat":39.609105,"method":"largest-ring-centroid"}},"geometry":{"type":"Polygon","coordinates":[[[-105.0197,39.6022],[-105.007,39.5962],[-105.0067,39.6241],[-105.0101,39.6241],[-105.0197,39.6022]]]}},{"type":"Feature","properties":{"GEOID":"08005082600","COUNTY":"005","NAME":null,"point_on_surface":{"lon":-104.784015,"lat":39.702313,"method":"largest-ring-centroid"}},"geometry":{"type":"Polygon","coordinates":[[[-104.7912,39.7138],[-104.7911,39.6966],[-104.77,39.6967],[-104.7912,39.7138]]]}},{"type":"Feature","properties":{"GEOID":"08005005628","COUNTY":"005","NAME":null,"point_on_surface":{"lon":-104.932236,"lat":39.587869,"method":"largest-ring-centroid"}},"geometry":{"type":"Polygon","coordinates":[[[-104.9414,39.5952],[-104.9416,39.5806],[-104.923,39.5806],[-104.9229,39.5951],[-104.9414,39.5952]]]}},{"type":"Feature","properties":{"GEOID":"08005006711","COUNTY":"005","NAME":null,"point_on_surface":{"lon":-104.914527,"lat":39.600706,"method":"largest-ring-centroid"}},"geometry":{"type":"Polygon","coordinates":[[[-104.9228,39.6096],[-104.9229,39.5951],[-104.9042,39.595],[-104.9041,39.6023],[-104.9228,39.6096]]]}},{"type":"Feature","properties":{"GEOID":"08029965002","COUNTY":"029","NAME":null,"point_on_surface":{"lon":-107.798731,"lat":38.893661,"method":"largest-ring-centroid"}},"geometry":{"type":"Polygon","coordinates":[[[-107.9142,38.8359],[-107.9365,38.78],[-107.837,38.7828],[-107.7159,38.8025],[-107.7216,39.0652],[-107.776,39.0478],[-107.9142,38.8359]]]}},{"type":"Feature","properties":{"GEOID":"08029965001","COUNTY":"029","NAME":null,"point_on_surface":{"lon":-107.668818,"lat":38.732831,"method":"largest-ring-centroid"}},"geometry":{"type":"Polygon","coordinates":[[[-107.8486,38.6681],[-107.5006,38.6686],[-107.5006,38.7992],[-107.7159,38.8025],[-107.837,38.7828],[-107.8486,38.6681]]]}},{"type":"Feature","properties":{"GEOID":"08099000200","COUNTY":"099","NAME":null,"point_on_surface":{"lon":-102.623385,"lat":38.096713,"method":"largest-ring-centroid"}},"geometry":{"type":"Polygon","coordinates":[[[-102.6516,38.1045],[-102.6315,38.0849],[-102.6033,38.0885],[-102.6043,38.1061],[-102.6516,38.1045]]]}},{"type":"Feature","properties":{"GEOID":"08099000300","COUNTY":"099","NAME":null,"point_on_surface":{"lon":-102.6173,"lat":38.078967,"method":"largest-ring-centroid"}},"geometry":{"type":"Polygon","coordinates":[[[-102.6315,38.0849],[-102.6171,38.0635],[-102.6033,38.0885],[-102.6315,38.0849]]]}},{"type":"Feature","properties":{"GEOID":"08029965201","COUNTY":"029","NAME":null,"point_on_surface":{"lon":-107.9286,"lat":38.9043,"method":"largest-ring-centroid"}},"geometry":{"type":"Polygon","coordinates":[[[-107.9469,38.9116],[-107.9294,38.8825],[-107.9095,38.9188],[-107.9469,38.9116]]]}},{"type":"Feature","properties":{"GEOID":"08105976700","COUNTY":"105","NAME":null,"point_on_surface":{"lon":-106.157988,"lat":37.589296,"method":"largest-ring-centroid"}},"geometry":{"type":"Polygon","coordinates":[[[-106.1495,37.5602],[-106.0941,37.5828],[-106.2042,37.6242],[-106.1967,37.5855],[-106.1495,37.5602]]]}},{"type":"Feature","properties":{"GEOID":"08123001911","COUNTY":"123","NAME":null,"point_on_surface":{"lon":-104.786734,"lat":40.025687,"method":"largest-ring-centroid"}},"geometry":{"type":"Polygon","coordinates":[[[-104.822,40.0004],[-104.7537,40.0005],[-104.7577,40.0586],[-104.8201,40.0439],[-104.822,40.0004]]]}},{"type":"Feature","properties":{"GEOID":"08123001909","COUNTY":"123","NAME":null,"point_on_surface":{"lon":-104.85674,"lat":40.032254,"method":"largest-ring-centroid"}},"geometry":{"type":"Polygon","coordinates":[[[-104.8864,40.08],[-104.886,40.0004],[-104.822,40.0004],[-104.8201,40.0439],[-104.8864,40.08]]]}},{"type":"Feature","properties":{"GEOID":"08117000405","COUNTY":"117","NAME":null,"point_on_surface":{"lon":-105.990924,"lat":39.448126,"method":"largest-ring-centroid"}},"geometry":{"type":"Polygon","coordinates":[[[-106.0457,39.4942],[-106.045,39.4772],[-106.004,39.3911],[-105.9165,39.4581],[-106.0457,39.4942]]]}},{"type":"Feature","properties":{"GEOID":"08123002108","COUNTY":"123","NAME":null,"point_on_surface":{"lon":-104.916917,"lat":40.297179,"method":"largest-ring-centroid"}},"geometry":{"type":"Polygon","coordinates":[[[-104.9417,40.3211],[-104.9417,40.2628],[-104.886,40.2621],[-104.9064,40.349],[-104.9417,40.3211]]]}},{"type":"Feature","properties":{"GEOID":"08123002106","COUNTY":"123","NAME":null,"point_on_surface":{"lon":-104.972173,"lat":40.233013,"method":"largest-ring-centroid"}},"geometry":{"type":"Polygon","coordinates":[[[-105.0551,40.2561],[-105.0552,40.2037],[-104.9069,40.2041],[-104.8801,40.2581],[-104.886,40.2621],[-104.9417,40.2628],[-105.0551,40.2561]]]}},{"type":"Feature","properties":{"GEOID":"08123002104","COUNTY":"123","NAME":null,"point_on_surface":{"lon":-105.001849,"lat":40.302366,"method":"largest-ring-centroid"}},"geometry":{"type":"Polygon","coordinates":[[[-105.0567,40.3493],[-105.0551,40.2561],[-104.9417,40.2628],[-104.9417,40.3211],[-104.9813,40.3492],[-105.0567,40.3493]]]}},{"type":"Feature","properties":{"GEOID":"08117000403","COUNTY":"117","NAME":null,"point_on_surface":{"lon":-106.067992,"lat":39.413668,"method":"largest-ring-centroid"}},"geometry":{"type":"Polygon","coordinates":[[[-106.1054,39.4609],[-106.1355,39.3796],[-106.0297,39.3599],[-106.004,39.3911],[-106.045,39.4772],[-106.1054,39.4609]]]}},{"type":"Feature","properties":{"GEOID":"08123002107","COUNTY":"123","NAME":null,"point_on_surface":{"lon":-104.937512,"lat":40.36609,"method":"largest-ring-centroid"}},"geometry":{"type":"Polygon","coordinates":[[[-104.9813,40.3492],[-104.9417,40.3211],[-104.9064,40.349],[-104.9072,40.4068],[-104.9446,40.407],[-104.9446,40.4053],[-104.9813,40.3492]]]}},{"type":"Feature","properties":{"GEOID":"08123001912","COUNTY":"123","NAME":null,"point_on_surface":{"lon":-104.785234,"lat":40.073739,"method":"largest-ring-centroid"}},"geometry":{"type":"Polygon","coordinates":[[[-104.8105,40.0802],[-104.8201,40.0439],[-104.7577,40.0586],[-104.7578,40.102],[-104.7853,40.1018],[-104.8105,40.0802]]]}},{"type":"Feature","properties":{"GEOID":"08123001913","COUNTY":"123","NAME":null,"point_on_surface":{"lon":-104.724019,"lat":40.02974,"method":"largest-ring-centroid"}},"geometry":{"type":"Polygon","coordinates":[[[-104.7577,40.0586],[-104.7537,40.0005],[-104.7162,40.0005],[-104.671,40.0446],[-104.7577,40.0586]]]}},{"type":"Feature","properties":{"GEOID":"08123001300","COUNTY":"123","NAME":null,"point_on_surface":{"lon":-104.726109,"lat":40.437351,"method":"largest-ring-centroid"}},"geometry":{"type":"Polygon","coordinates":[[[-104.7351,40.4301],[-104.7352,40.4229],[-104.7159,40.423],[-104.7158,40.4375],[-104.721,40.4524],[-104.7348,40.4545],[-104.7349,40.4411],[-104.7351,40.4301]]]}},{"type":"Feature","properties":{"GEOID":"08013013004","COUNTY":"013","NAME":null,"point_on_surface":{"lon":-105.156366,"lat":39.981587,"method":"largest-ring-centroid"}},"geometry":{"type":"Polygon","coordinates":[[[-105.1643,39.9869],[-105.1643,39.9725],[-105.1537,39.9767],[-105.1422,39.987],[-105.1643,39.9869]]]}},{"type":"Feature","properties":{"GEOID":"08123001202","COUNTY":"123","NAME":null,"point_on_surface":{"lon":-104.725686,"lat":40.410428,"method":"largest-ring-centroid"}},"geometry":{"type":"Polygon","coordinates":[[[-104.7351,40.4147],[-104.7351,40.4065],[-104.7159,40.4066],[-104.7159,40.4139],[-104.7351,40.4147]]]}},{"type":"Feature","properties":{"GEOID":"08013012705","COUNTY":"013","NAME":null,"point_on_surface":{"lon":-105.213367,"lat":40.059767,"method":"largest-ring-centroid"}},"geometry":{"type":"Polygon","coordinates":[[[-105.2329,40.0511],[-105.2041,40.051],[-105.2031,40.0772],[-105.2329,40.0511]]]}},{"type":"Feature","properties":{"GEOID":"08013012708","COUNTY":"013","NAME":null,"point_on_surface":{"lon":-105.191371,"lat":40.067115,"method":"largest-ring-centroid"}},"geometry":{"type":"Polygon","coordinates":[[[-105.2031,40.0772],[-105.2041,40.051],[-105.1783,40.0529],[-105.1785,40.0727],[-105.1903,40.0889],[-105.2031,40.0772]]]}},{"type":"Feature","properties":{"GEOID":"08013012709","COUNTY":"013","NAME":null,"point_on_surface":{"lon":-105.153912,"lat":40.061507,"method":"largest-ring-centroid"}},"geometry":{"type":"Polygon","coordinates":[[[-105.1785,40.0727],[-105.1783,40.0529],[-105.1312,40.0478],[-105.1313,40.0728],[-105.1785,40.0727]]]}},{"type":"Feature","properties":{"GEOID":"08013012903","COUNTY":"013","NAME":null,"point_on_surface":{"lon":-105.116977,"lat":40.00753,"method":"largest-ring-centroid"}},"geometry":{"type":"Polygon","coordinates":[[[-105.1311,40.0147],[-105.1311,40.0002],[-105.103,40.0002],[-105.1029,40.015],[-105.1311,40.0147]]]}},{"type":"Feature","properties":{"GEOID":"08101002906","COUNTY":"101","NAME":null,"point_on_surface":{"lon":-104.85768,"lat":38.333993,"method":"largest-ring-centroid"}},"geometry":{"type":"Polygon","coordinates":[[[-104.9409,38.372],[-104.9407,38.3379],[-104.8298,38.2913],[-104.7722,38.3271],[-104.7633,38.3408],[-104.9409,38.372]]]}},{"type":"Feature","properties":{"GEOID":"08101002802","COUNTY":"101","NAME":null,"point_on_surface":{"lon":-104.672116,"lat":38.258152,"method":"largest-ring-centroid"}},"geometry":{"type":"Polygon","coordinates":[[[-104.6867,38.2626],[-104.6779,38.2475],[-104.6621,38.2471],[-104.6621,38.2688],[-104.6789,38.2677],[-104.6867,38.2626]]]}},{"type":"Feature","properties":{"GEOID":"08123002105","COUNTY":"123","NAME":null,"point_on_surface":{"lon":-105.000179,"lat":40.186175,"method":"largest-ring-centroid"}},"geometry":{"type":"Polygon","coordinates":[[[-105.0553,40.1746],[-105.0553,40.1522],[-104.9799,40.1753],[-104.9418,40.1823],[-104.9069,40.2041],[-105.0552,40.2037],[-105.0553,40.1746]]]}},{"type":"Feature","properties":{"GEOID":"08123001914","COUNTY":"123","NAME":null,"point_on_surface":{"lon":-104.694048,"lat":40.102413,"method":"largest-ring-centroid"}},"geometry":{"type":"Polygon","coordinates":[[[-104.7578,40.1454],[-104.7577,40.0586],[-104.671,40.0446],[-104.603,40.1455],[-104.7578,40.1454]]]}},{"type":"Feature","properties":{"GEOID":"08123001910","COUNTY":"123","NAME":null,"point_on_surface":{"lon":-104.846489,"lat":40.084752,"method":"largest-ring-centroid"}},"geometry":{"type":"Polygon","coordinates":[[[-104.8863,40.102],[-104.8864,40.08],[-104.8201,40.0439],[-104.8105,40.0802],[-104.8083,40.1018],[-104.8862,40.1165],[-104.8863,40.102]]]}},{"type":"Feature","properties":{"GEOID":"08001009604","COUNTY":"001","NAME":null,"point_on_surface":{"lon":-105.038402,"lat":39.832199,"method":"largest-ring-centroid"}},"geometry":{"type":"Polygon","coordinates":[[[-105.0533,39.8345],[-105.0533,39.8273],[-105.0248,39.8273],[-105.0248,39.836],[-105.0343,39.8389],[-105.0533,39.8345]]]}},{"type":"Feature","properties":{"GEOID":"08071000800","COUNTY":"071","NAME":null,"point_on_surface":{"lon":-103.830749,"lat":37.3479,"method":"largest-ring-centroid"}},"geometry":{"type":"Polygon","coordinates":[[[-104.6699,37.495],[-104.5084,37.2739],[-104.5073,37.1723],[-104.37,37.1487],[-104.4452,37.0674],[-104.434,36.9937],[-103.0861,37.0002],[-103.0759,37.6434],[-104.0582,37.6441],[-104.0611,37.7347],[-104.3511,37.8175],[-104.5486,37.5747],[-104.6699,37.495]]]}},{"type":"Feature","properties":{"GEOID":"08059980700","COUNTY":"059","NAME":null,"point_on_surface":{"lon":-105.203381,"lat":39.897915,"method":"largest-ring-centroid"}},"geometry":{"type":"Polygon","coordinates":[[[-105.2389,39.9144],[-105.2411,39.8704],[-105.1656,39.8925],[-105.1471,39.9139],[-105.1662,39.9141],[-105.2389,39.9144]]]}},{"type":"Feature","properties":{"GEOID":"08059060501","COUNTY":"059","NAME":null,"point_on_surface":{"lon":-105.177684,"lat":39.870673,"method":"largest-ring-centroid"}},"geometry":{"type":"Polygon","coordinates":[[[-105.2411,39.8704],[-105.2403,39.8659],[-105.1653,39.8472],[-105.1478,39.8459],[-105.1483,39.8715],[-105.1287,39.8783],[-105.1289,39.8903],[-105.1656,39.8925],[-105.2411,39.8704]]]}},{"type":"Feature","properties":{"GEOID":"08059011807","COUNTY":"059","NAME":null,"point_on_surface":{"lon":-105.076503,"lat":39.706866,"method":"largest-ring-centroid"}},"geometry":{"type":"Polygon","coordinates":[[[-105.0815,39.711],[-105.0815,39.7056],[-105.073,39.7002],[-105.0721,39.7111],[-105.0815,39.711]]]}},{"type":"Feature","properties":{"GEOID":"08059011808","COUNTY":"059","NAME":null,"point_on_surface":{"lon":-105.078666,"lat":39.7023,"method":"largest-ring-centroid"}},"geometry":{"type":"Polygon","coordinates":[[[-105.0815,39.7056],[-105.0815,39.7011],[-105.073,39.7002],[-105.0815,39.7056]]]}},{"type":"Feature","properties":{"GEOID":"08059009855","COUNTY":"059","NAME":null,"point_on_surface":{"lon":-105.221635,"lat":39.727895,"method":"largest-ring-centroid"}},"geometry":{"type":"Polygon","coordinates":[[[-105.2355,39.7528],[-105.245,39.7522],[-105.21,39.6955],[-105.2062,39.6979],[-105.2092,39.7301],[-105.2238,39.7455],[-105.2355,39.7528]]]}},{"type":"Feature","properties":{"GEOID":"08059011101","COUNTY":"059","NAME":null,"point_on_surface":{"lon":-105.100261,"lat":39.732812,"method":"largest-ring-centroid"}},"geometry":{"type":"Polygon","coordinates":[[[-105.1095,39.7401],[-105.1098,39.7254],[-105.0909,39.7256],[-105.0908,39.7402],[-105.1095,39.7401]]]}},{"type":"Feature","properties":{"GEOID":"08059011102","COUNTY":"059","NAME":null,"point_on_surface":{"lon":-105.086125,"lat":39.732913,"method":"largest-ring-centroid"}},"geometry":{"type":"Polygon","coordinates":[[[-105.0908,39.7402],[-105.0909,39.7256],[-105.0815,39.7256],[-105.0813,39.7402],[-105.0908,39.7402]]]}},{"type":"Feature","properties":{"GEOID":"08059011551","COUNTY":"059","NAME":null,"point_on_surface":{"lon":-105.073121,"lat":39.732603,"method":"largest-ring-centroid"}},"geometry":{"type":"Polygon","coordinates":[[[-105.0813,39.7402],[-105.0815,39.7256],[-105.0627,39.7257],[-105.0672,39.7403],[-105.0813,39.7402]]]}},{"type":"Feature","properties":{"GEOID":"08059009853","COUNTY":"059","NAME":null,"point_on_surface":{"lon":-105.210615,"lat":39.809963,"method":"largest-ring-centroid"}},"geometry":{"type":"Polygon","coordinates":[[[-105.2217,39.8201],[-105.2245,39.802],[-105.1933,39.8055],[-105.1933,39.8127],[-105.1972,39.8127],[-105.2217,39.8201]]]}},{"type":"Feature","properties":{"GEOID":"08059009856","COUNTY":"059","NAME":null,"point_on_surface":{"lon":-105.198693,"lat":39.717052,"method":"largest-ring-centroid"}},"geometry":{"type":"Polygon","coordinates":[[[-105.2092,39.7301],[-105.2062,39.6979],[-105.1797,39.7253],[-105.1941,39.7253],[-105.2092,39.7301]]]}},{"type":"Feature","properties":{"GEOID":"08059011552","COUNTY":"059","NAME":null,"point_on_surface":{"lon":-105.05917,"lat":39.7335,"method":"largest-ring-centroid"}},"geometry":{"type":"Polygon","coordinates":[[[-105.0672,39.7403],[-105.0627,39.7257],[-105.0533,39.7258],[-105.0532,39.7403],[-105.066,39.7403],[-105.0672,39.7403]]]}},{"type":"Feature","properties":{"GEOID":"08059009854","COUNTY":"059","NAME":null,"point_on_surface":{"lon":-105.213565,"lat":39.782582,"method":"largest-ring-centroid"}},"geometry":{"type":"Polygon","coordinates":[[[-105.2356,39.7735],[-105.2226,39.7567],[-105.1979,39.7684],[-105.1933,39.8055],[-105.2245,39.802],[-105.2356,39.7735]]]}},{"type":"Feature","properties":{"GEOID":"08059009858","COUNTY":"059","NAME":null,"point_on_surface":{"lon":-105.316196,"lat":39.830668,"method":"largest-ring-centroid"}},"geometry":{"type":"Polygon","coordinates":[[[-105.3979,39.9129],[-105.3979,39.7458],[-105.2478,39.751],[-105.2356,39.7735],[-105.2245,39.802],[-105.2217,39.8201],[-105.2403,39.8659],[-105.2389,39.9144],[-105.3147,39.9139],[-105.3979,39.9129]]]}},{"type":"Feature","properties":{"GEOID":"08059009857","COUNTY":"059","NAME":null,"point_on_surface":{"lon":-105.235191,"lat":39.760226,"method":"largest-ring-centroid"}},"geometry":{"type":"Polygon","coordinates":[[[-105.2356,39.7735],[-105.2478,39.751],[-105.2226,39.7567],[-105.2356,39.7735]]]}},{"type":"Feature","properties":{"GEOID":"08059980800","COUNTY":"059","NAME":null,"point_on_surface":{"lon":-105.187244,"lat":39.751685,"method":"largest-ring-centroid"}},"geometry":{"type":"Polygon","coordinates":[[[-105.1798,39.7618],[-105.2003,39.7463],[-105.1842,39.7458],[-105.1792,39.7558],[-105.1798,39.7618]]]}},{"type":"Feature","properties":{"GEOID":"08051963601","COUNTY":"051","NAME":null,"point_on_surface":{"lon":-107.01864,"lat":38.632249,"method":"largest-ring-centroid"}},"geometry":{"type":"Polygon","coordinates":[[[-107.093,38.837],[-107.2066,38.7602],[-107.0006,38.3841],[-106.8712,38.4253],[-106.8817,38.5397],[-106.9477,38.5342],[-106.9499,38.5549],[-106.8756,38.6677],[-106.9796,38.822],[-107.093,38.837]]]}},{"type":"Feature","properties":{"GEOID":"08051963602","COUNTY":"051","NAME":null,"point_on_surface":{"lon":-106.606743,"lat":38.665485,"method":"largest-ring-centroid"}},"geometry":{"type":"Polygon","coordinates":[[[-106.8756,38.6677],[-106.9499,38.5549],[-106.927,38.559],[-106.8817,38.5397],[-106.8712,38.4253],[-106.2469,38.4228],[-106.4519,38.6983],[-106.3261,38.911],[-106.465,38.9104],[-106.5992,38.998],[-106.7997,38.9796],[-106.7082,38.8561],[-106.8756,38.6677]]]}},{"type":"Feature","properties":{"GEOID":"08051963701","COUNTY":"051","NAME":null,"point_on_surface":{"lon":-106.941533,"lat":38.549367,"method":"largest-ring-centroid"}},"geometry":{"type":"Polygon","coordinates":[[[-106.9499,38.5549],[-106.9477,38.5342],[-106.927,38.559],[-106.9499,38.5549]]]}},{"type":"Feature","properties":{"GEOID":"08051963702","COUNTY":"051","NAME":null,"point_on_surface":{"lon":-106.9188,"lat":38.5443,"method":"largest-ring-centroid"}},"geometry":{"type":"Polygon","coordinates":[[[-106.9477,38.5342],[-106.8817,38.5397],[-106.927,38.559],[-106.9477,38.5342]]]}},{"type":"Feature","properties":{"GEOID":"08077000400","COUNTY":"077","NAME":null,"point_on_surface":{"lon":-108.572793,"lat":39.085446,"method":"largest-ring-centroid"}},"geometry":{"type":"Polygon","coordinates":[[[-108.5895,39.0919],[-108.579,39.0786],[-108.561,39.0774],[-108.5616,39.0918],[-108.5895,39.0919]]]}},{"type":"Feature","properties":{"GEOID":"08077000500","COUNTY":"077","NAME":null,"point_on_surface":{"lon":-108.556847,"lat":39.084707,"method":"largest-ring-centroid"}},"geometry":{"type":"Polygon","coordinates":[[[-108.5616,39.0918],[-108.561,39.0774],[-108.5524,39.0774],[-108.5524,39.0919],[-108.5616,39.0918]]]}},{"type":"Feature","properties":{"GEOID":"08031003701","COUNTY":"031","NAME":null,"point_on_surface":{"lon":-104.950172,"lat":39.745487,"method":"largest-ring-centroid"}},"geometry":{"type":"Polygon","coordinates":[[[-104.9598,39.7469],[-104.9598,39.74],[-104.9406,39.7401],[-104.9406,39.751],[-104.9598,39.7507],[-104.9598,39.7469]]]}},{"type":"Feature","properties":{"GEOID":"08031003702","COUNTY":"031","NAME":null,"point_on_surface":{"lon":-104.954475,"lat":39.736416,"method":"largest-ring-centroid"}},"geometry":{"type":"Polygon","coordinates":[[[-104.9598,39.74],[-104.9598,39.7334],[-104.9495,39.7321],[-104.9495,39.7402],[-104.9598,39.74]]]}},{"type":"Feature","properties":{"GEOID":"08031003703","COUNTY":"031","NAME":null,"point_on_surface":{"lon":-104.945059,"lat":39.736125,"method":"largest-ring-centroid"}},"geometry":{"type":"Polygon","coordinates":[[[-104.9495,39.7402],[-104.9495,39.7321],[-104.9406,39.7321],[-104.9406,39.7401],[-104.9495,39.7402]]]}},{"type":"Feature","properties":{"GEOID":"08031003901","COUNTY":"031","NAME":null,"point_on_surface":{"lon":-104.950375,"lat":39.704767,"method":"largest-ring-centroid"}},"geometry":{"type":"Polygon","coordinates":[[[-104.9593,39.7075],[-104.9593,39.6966],[-104.9406,39.6966],[-104.9406,39.7116],[-104.9593,39.7153],[-104.9593,39.7075]]]}},{"type":"Feature","properties":{"GEOID":"08053973100","COUNTY":"053","NAME":null,"point_on_surface":{"lon":-107.307707,"lat":37.823918,"method":"largest-ring-centroid"}},"geometry":{"type":"Polygon","coordinates":[[[-107.5686,38.1473],[-107.5689,37.965],[-107.4822,37.6395],[-107.4821,37.4227],[-107.1287,37.4229],[-107.1382,37.9389],[-107.0006,37.956],[-107.0011,38.1471],[-107.5686,38.1473]]]}},{"type":"Feature","properties":{"GEOID":"08041002300","COUNTY":"041","NAME":null,"point_on_surface":{"lon":-104.824908,"lat":38.828638,"method":"largest-ring-centroid"}},"geometry":{"type":"Polygon","coordinates":[[[-104.835,38.8282],[-104.8223,38.815],[-104.8186,38.8216],[-104.8178,38.8394],[-104.8304,38.8369],[-104.835,38.8282]]]}},{"type":"Feature","properties":{"GEOID":"08013012204","COUNTY":"013","NAME":null,"point_on_surface":{"lon":-105.278727,"lat":40.01769,"method":"largest-ring-centroid"}},"geometry":{"type":"Polygon","coordinates":[[[-105.2821,40.0267],[-105.2841,40.0181],[-105.2823,40.0105],[-105.277,40.0105],[-105.2725,40.0146],[-105.2745,40.0222],[-105.2821,40.0267]]]}},{"type":"Feature","properties":{"GEOID":"08013012300","COUNTY":"013","NAME":null,"point_on_surface":{"lon":-105.266264,"lat":40.00715,"method":"largest-ring-centroid"}},"geometry":{"type":"Polygon","coordinates":[[[-105.2725,40.0146],[-105.277,40.0105],[-105.2636,40.0001],[-105.2578,40.0003],[-105.2586,40.0082],[-105.2725,40.0146]]]}},{"type":"Feature","properties":{"GEOID":"08059009851","COUNTY":"059","NAME":null,"point_on_surface":{"lon":-105.155408,"lat":39.806609,"method":"largest-ring-centroid"}},"geometry":{"type":"Polygon","coordinates":[[[-105.1698,39.8125],[-105.1746,39.8],[-105.1379,39.8018],[-105.1378,39.8127],[-105.1652,39.8125],[-105.1698,39.8125]]]}},{"type":"Feature","properties":{"GEOID":"08059015900","COUNTY":"059","NAME":null,"point_on_surface":{"lon":-105.103459,"lat":39.646028,"method":"largest-ring-centroid"}},"geometry":{"type":"Polygon","coordinates":[[[-105.1317,39.6438],[-105.1286,39.6387],[-105.1098,39.6387],[-105.1098,39.6457],[-105.0911,39.6387],[-105.0817,39.6388],[-105.0813,39.6529],[-105.1095,39.6539],[-105.1317,39.6438]]]}},{"type":"Feature","properties":{"GEOID":"08014030100","COUNTY":"014","NAME":null,"point_on_surface":{"lon":-105.082123,"lat":39.926125,"method":"largest-ring-centroid"}},"geometry":{"type":"Polygon","coordinates":[[[-105.0906,39.9288],[-105.0906,39.9221],[-105.0718,39.9251],[-105.0719,39.9288],[-105.0906,39.9288]]]}},{"type":"Feature","properties":{"GEOID":"08059011732","COUNTY":"059","NAME":null,"point_on_surface":{"lon":-105.142599,"lat":39.721378,"method":"largest-ring-centroid"}},"geometry":{"type":"Polygon","coordinates":[[[-105.1512,39.7253],[-105.1491,39.7139],[-105.1308,39.7229],[-105.1306,39.7253],[-105.1512,39.7253]]]}},{"type":"Feature","properties":{"GEOID":"08059011733","COUNTY":"059","NAME":null,"point_on_surface":{"lon":-105.137645,"lat":39.71487,"method":"largest-ring-centroid"}},"geometry":{"type":"Polygon","coordinates":[[[-105.1308,39.7229],[-105.1491,39.7139],[-105.1473,39.7112],[-105.1305,39.7106],[-105.1308,39.7229]]]}},{"type":"Feature","properties":{"GEOID":"08059011806","COUNTY":"059","NAME":null,"point_on_surface":{"lon":-105.064534,"lat":39.703326,"method":"largest-ring-centroid"}},"geometry":{"type":"Polygon","coordinates":[[[-105.0815,39.7011],[-105.0815,39.6966],[-105.0532,39.6968],[-105.0533,39.7113],[-105.0721,39.7111],[-105.073,39.7002],[-105.0815,39.7011]]]}},{"type":"Feature","properties":{"GEOID":"08059012060","COUNTY":"059","NAME":null,"point_on_surface":{"lon":-105.102811,"lat":39.573177,"method":"largest-ring-centroid"}},"geometry":{"type":"Polygon","coordinates":[[[-105.1055,39.5807],[-105.1102,39.5696],[-105.0953,39.5662],[-105.1008,39.5807],[-105.1055,39.5807]]]}},{"type":"Feature","properties":{"GEOID":"08001008606","COUNTY":"001","NAME":null,"point_on_surface":{"lon":-104.827698,"lat":39.978795,"method":"largest-ring-centroid"}},"geometry":{"type":"Polygon","coordinates":[[[-104.8324,39.9869],[-104.8512,39.9723],[-104.8125,39.9723],[-104.8126,39.9868],[-104.8324,39.9869]]]}},{"type":"Feature","properties":{"GEOID":"08031008388","COUNTY":"031","NAME":null,"point_on_surface":{"lon":-104.791416,"lat":39.786442,"method":"largest-ring-centroid"}},"geometry":{"type":"Polygon","coordinates":[[[-104.8099,39.7768],[-104.8099,39.7728],[-104.7722,39.7764],[-104.7721,39.7984],[-104.8097,39.7983],[-104.8098,39.7837],[-104.8099,39.7768]]]}},{"type":"Feature","properties":{"GEOID":"08031001301","COUNTY":"031","NAME":null,"point_on_surface":{"lon":-105.018466,"lat":39.704154,"method":"largest-ring-centroid"}},"geometry":{"type":"Polygon","coordinates":[[[-105.0251,39.7112],[-105.0251,39.6968],[-105.0127,39.6968],[-105.011,39.7112],[-105.0251,39.7112]]]}},{"type":"Feature","properties":{"GEOID":"08031001302","COUNTY":"031","NAME":null,"point_on_surface":{"lon":-105.003893,"lat":39.703251,"method":"largest-ring-centroid"}},"geometry":{"type":"Polygon","coordinates":[[[-105.011,39.7112],[-105.0127,39.6968],[-104.9924,39.6967],[-105.0001,39.7112],[-105.011,39.7112]]]}},{"type":"Feature","properties":{"GEOID":"08031001401","COUNTY":"031","NAME":null,"point_on_surface":{"lon":-105.010405,"lat":39.693189,"method":"largest-ring-centroid"}},"geometry":{"type":"Polygon","coordinates":[[[-105.0251,39.6968],[-105.0251,39.6895],[-104.9998,39.6891],[-104.9924,39.6967],[-105.0127,39.6968],[-105.0251,39.6968]]]}},{"type":"Feature","properties":{"GEOID":"08031001402","COUNTY":"031","NAME":null,"point_on_surface":{"lon":-105.012996,"lat":39.685892,"method":"largest-ring-centroid"}},"geometry":{"type":"Polygon","coordinates":[[[-105.0251,39.6895],[-105.025,39.6823],[-105.0014,39.6825],[-104.9998,39.6891],[-105.0251,39.6895]]]}},{"type":"Feature","properties":{"GEOID":"08031001403","COUNTY":"031","NAME":null,"point_on_surface":{"lon":-104.993776,"lat":39.681046,"method":"largest-ring-centroid"}},"geometry":{"type":"Polygon","coordinates":[[[-105.0014,39.6825],[-105.0003,39.6677],[-104.9876,39.6677],[-104.9874,39.6966],[-104.9924,39.6967],[-104.9998,39.6891],[-105.0014,39.6825]]]}},{"type":"Feature","properties":{"GEOID":"08101002912","COUNTY":"101","NAME":null,"point_on_surface":{"lon":-104.718113,"lat":38.325521,"method":"largest-ring-centroid"}},"geometry":{"type":"Polygon","coordinates":[[[-104.7437,38.3355],[-104.7417,38.3286],[-104.7001,38.3174],[-104.6869,38.3199],[-104.7014,38.3239],[-104.7437,38.3355]]]}},{"type":"Feature","properties":{"GEOID":"08101003500","COUNTY":"101","NAME":null,"point_on_surface":{"lon":-104.609169,"lat":38.267345,"method":"largest-ring-centroid"}},"geometry":{"type":"Polygon","coordinates":[[[-104.6238,38.2771],[-104.6299,38.2766],[-104.6244,38.2689],[-104.6078,38.2549],[-104.5887,38.2527],[-104.601,38.2699],[-104.604,38.2809],[-104.6103,38.2808],[-104.6238,38.2771]]]}},{"type":"Feature","properties":{"GEOID":"08069000503","COUNTY":"069","NAME":null,"point_on_surface":{"lon":-105.105519,"lat":40.578247,"method":"largest-ring-centroid"}},"geometry":{"type":"Polygon","coordinates":[[[-105.115,40.582],[-105.1151,40.5746],[-105.0959,40.5746],[-105.0959,40.5818],[-105.115,40.582]]]}},{"type":"Feature","properties":{"GEOID":"08069001308","COUNTY":"069","NAME":null,"point_on_surface":{"lon":-105.042248,"lat":40.6331,"method":"largest-ring-centroid"}},"geometry":{"type":"Polygon","coordinates":[[[-105.0729,40.6542],[-105.0953,40.6254],[-105.0772,40.616],[-105.0015,40.6102],[-105.0011,40.6535],[-105.0729,40.6542]]]}},{"type":"Feature","properties":{"GEOID":"08069002011","COUNTY":"069","NAME":null,"point_on_surface":{"lon":-105.108254,"lat":40.367009,"method":"largest-ring-centroid"}},"geometry":{"type":"Polygon","coordinates":[[[-105.1314,40.3929],[-105.135,40.3495],[-105.074,40.3493],[-105.0733,40.3642],[-105.116,40.3926],[-105.1252,40.3929],[-105.1314,40.3929]]]}},{"type":"Feature","properties":{"GEOID":"08077001703","COUNTY":"077","NAME":null,"point_on_surface":{"lon":-108.466062,"lat":39.096041,"method":"largest-ring-centroid"}},"geometry":{"type":"Polygon","coordinates":[[[-108.4816,39.105],[-108.4778,39.0817],[-108.4579,39.0879],[-108.4443,39.1054],[-108.4816,39.105]]]}},{"type":"Feature","properties":{"GEOID":"08069001605","COUNTY":"069","NAME":null,"point_on_surface":{"lon":-105.013722,"lat":40.540977,"method":"largest-ring-centroid"}},"geometry":{"type":"Polygon","coordinates":[[[-105.0432,40.5671],[-105.0433,40.5526],[-105.0202,40.5378],[-105.0198,40.5092],[-104.9918,40.5086],[-104.9925,40.5234],[-105.0015,40.5666],[-105.0432,40.5671]]]}},{"type":"Feature","properties":{"GEOID":"08069002401","COUNTY":"069","NAME":null,"point_on_surface":{"lon":-105.536715,"lat":40.876499,"method":"largest-ring-centroid"}},"geometry":{"type":"Polygon","coordinates":[[[-105.7706,40.9969],[-105.837,40.8186],[-105.5995,40.7919],[-105.399,40.7341],[-105.2156,40.7945],[-105.4127,40.9978],[-105.7706,40.9969]]]}},{"type":"Feature","properties":{"GEOID":"08069000202","COUNTY":"069","NAME":null,"point_on_surface":{"lon":-105.088694,"lat":40.59397,"method":"largest-ring-centroid"}},"geometry":{"type":"Polygon","coordinates":[[[-105.0957,40.5891],[-105.0958,40.5871],[-105.0861,40.5871],[-105.0766,40.5952],[-105.0956,40.6029],[-105.0957,40.5963],[-105.0957,40.5891]]]}},{"type":"Feature","properties":{"GEOID":"08069000505","COUNTY":"069","NAME":null,"point_on_surface":{"lon":-105.124316,"lat":40.578377,"method":"largest-ring-centroid"}},"geometry":{"type":"Polygon","coordinates":[[[-105.1338,40.5819],[-105.1338,40.575],[-105.1151,40.5746],[-105.115,40.582],[-105.1338,40.5819]]]}},{"type":"Feature","properties":{"GEOID":"08069001607","COUNTY":"069","NAME":null,"point_on_surface":{"lon":-105.029699,"lat":40.516176,"method":"largest-ring-centroid"}},"geometry":{"type":"Polygon","coordinates":[[[-105.0394,40.5232],[-105.0393,40.5091],[-105.0198,40.5092],[-105.0203,40.5233],[-105.0394,40.5232]]]}},{"type":"Feature","properties":{"GEOID":"08069001608","COUNTY":"069","NAME":null,"point_on_surface":{"lon":-105.015214,"lat":40.487466,"method":"largest-ring-centroid"}},"geometry":{"type":"Polygon","coordinates":[[[-105.0393,40.5091],[-105.0394,40.4774],[-105.0331,40.4657],[-104.9921,40.4647],[-104.9918,40.5086],[-105.0198,40.5092],[-105.0393,40.5091]]]}},{"type":"Feature","properties":{"GEOID":"08101002915","COUNTY":"101","NAME":null,"point_on_surface":{"lon":-104.757889,"lat":38.310416,"method":"largest-ring-centroid"}},"geometry":{"type":"Polygon","coordinates":[[[-104.7667,38.3127],[-104.7682,38.3003],[-104.7488,38.3071],[-104.75,38.3153],[-104.746,38.3223],[-104.7667,38.3127]]]}},{"type":"Feature","properties":{"GEOID":"08101980100","COUNTY":"101","NAME":null,"point_on_surface":{"lon":-104.840146,"lat":38.471692,"method":"largest-ring-centroid"}},"geometry":{"type":"Polygon","coordinates":[[[-104.9415,38.5196],[-104.9409,38.4178],[-104.7355,38.4297],[-104.7341,38.5196],[-104.9415,38.5196]]]}},{"type":"Feature","properties":{"GEOID":"08041001104","COUNTY":"041","NAME":null,"point_on_surface":{"lon":-104.843148,"lat":38.864588,"method":"largest-ring-centroid"}},"geometry":{"type":"Polygon","coordinates":[[[-104.8467,38.8761],[-104.8594,38.8691],[-104.838,38.8489],[-104.8323,38.8507],[-104.8352,38.8764],[-104.8467,38.8761]]]}},{"type":"Feature","properties":{"GEOID":"08041001301","COUNTY":"041","NAME":null,"point_on_surface":{"lon":-104.863172,"lat":38.848374,"method":"largest-ring-centroid"}},"geometry":{"type":"Polygon","coordinates":[[[-104.872,38.8531],[-104.8726,38.8513],[-104.8591,38.8405],[-104.8539,38.8477],[-104.8668,38.8551],[-104.872,38.8531]]]}},{"type":"Feature","properties":{"GEOID":"08015000100","COUNTY":"015","NAME":null,"point_on_surface":{"lon":-105.9988,"lat":38.543867,"method":"largest-ring-centroid"}},"geometry":{"type":"Polygon","coordinates":[[[-106.0157,38.5539],[-105.9771,38.5232],[-106.0036,38.5545],[-106.0157,38.5539]]]}},{"type":"Feature","properties":{"GEOID":"08015000200","COUNTY":"015","NAME":null,"point_on_surface":{"lon":-106.014742,"lat":38.486438,"method":"largest-ring-centroid"}},"geometry":{"type":"Polygon","coordinates":[[[-106.0157,38.5539],[-106.0881,38.4223],[-106.0108,38.4466],[-105.9383,38.5033],[-105.9771,38.5232],[-106.0157,38.5539]]]}},{"type":"Feature","properties":{"GEOID":"08015000300","COUNTY":"015","NAME":null,"point_on_surface":{"lon":-106.152503,"lat":38.600551,"method":"largest-ring-centroid"}},"geometry":{"type":"Polygon","coordinates":[[[-106.4519,38.6983],[-106.2469,38.4228],[-106.0881,38.4223],[-106.0157,38.5539],[-106.0036,38.5545],[-105.9771,38.5232],[-105.9383,38.5033],[-105.8792,38.6073],[-105.9698,38.6936],[-105.9381,38.7552],[-106.0827,38.7417],[-106.4519,38.6983]]]}},{"type":"Feature","properties":{"GEOID":"08019014701","COUNTY":"019","NAME":null,"point_on_surface":{"lon":-105.498905,"lat":39.624723,"method":"largest-ring-centroid"}},"geometry":{"type":"Polygon","coordinates":[[[-105.3983,39.7141],[-105.6062,39.652],[-105.6324,39.5794],[-105.6239,39.567],[-105.3989,39.5661],[-105.3983,39.6359],[-105.3983,39.7141]]]}},{"type":"Feature","properties":{"GEOID":"08065961900","COUNTY":"065","NAME":null,"point_on_surface":{"lon":-106.336816,"lat":39.20672,"method":"largest-ring-centroid"}},"geometry":{"type":"Polygon","coordinates":[[[-106.4265,39.3619],[-106.578,39.0579],[-106.191,39.0561],[-106.1793,39.2123],[-106.1355,39.3796],[-106.2067,39.3796],[-106.4265,39.3619]],[[-106.2905,39.2659],[-106.3268,39.1837],[-106.3466,39.2489],[-106.2905,39.2659]]]}},{"type":"Feature","properties":{"GEOID":"08063962100","COUNTY":"063","NAME":null,"point_on_surface":{"lon":-102.232998,"lat":39.310498,"method":"largest-ring-centroid"}},"geometry":{"type":"Polygon","coordinates":[[[-102.4257,39.5707],[-102.4099,39.0442],[-102.0466,39.047],[-102.0498,39.5741],[-102.4257,39.5707]]]}},{"type":"Feature","properties":{"GEOID":"08035014133","COUNTY":"035","NAME":null,"point_on_surface":{"lon":-104.978153,"lat":39.535873,"method":"largest-ring-centroid"}},"geometry":{"type":"Polygon","coordinates":[[[-104.9917,39.5493],[-104.9875,39.5276],[-104.9636,39.5241],[-104.9668,39.5416],[-104.9917,39.5493]]]}},{"type":"Feature","properties":{"GEOID":"08069002300","COUNTY":"069","NAME":null,"point_on_surface":{"lon":-105.164412,"lat":40.574295,"method":"largest-ring-centroid"}},"geometry":{"type":"Polygon","coordinates":[[[-105.1781,40.6522],[-105.1982,40.5062],[-105.1409,40.5285],[-105.134,40.557],[-105.1337,40.5895],[-105.1395,40.621],[-105.1762,40.6508],[-105.1781,40.6522]]]}},{"type":"Feature","properties":{"GEOID":"08013013005","COUNTY":"013","NAME":null,"point_on_surface":{"lon":-105.138204,"lat":39.981505,"method":"largest-ring-centroid"}},"geometry":{"type":"Polygon","coordinates":[[[-105.1422,39.987],[-105.1537,39.9767],[-105.1278,39.9772],[-105.1278,39.987],[-105.1422,39.987]]]}},{"type":"Feature","properties":{"GEOID":"08013013006","COUNTY":"013","NAME":null,"point_on_surface":{"lon":-105.146499,"lat":39.971613,"method":"largest-ring-centroid"}},"geometry":{"type":"Polygon","coordinates":[[[-105.1643,39.9725],[-105.1633,39.964],[-105.1265,39.9704],[-105.1278,39.9772],[-105.1537,39.9767],[-105.1643,39.9725]]]}},{"type":"Feature","properties":{"GEOID":"08001009310","COUNTY":"001","NAME":null,"point_on_surface":{"lon":-105.010646,"lat":39.840571,"method":"largest-ring-centroid"}},"geometry":{"type":"Polygon","coordinates":[[[-105.0155,39.8336],[-105.006,39.8308],[-105.0061,39.849],[-105.0153,39.849],[-105.0155,39.8336]]]}},{"type":"Feature","properties":{"GEOID":"08001009316","COUNTY":"001","NAME":null,"point_on_surface":{"lon":-105.011786,"lat":39.867511,"method":"largest-ring-centroid"}},"geometry":{"type":"Polygon","coordinates":[[[-105.025,39.8708],[-105.025,39.8635],[-104.9965,39.8634],[-105.0056,39.8742],[-105.0155,39.8708],[-105.025,39.8708]]]}},{"type":"Feature","properties":{"GEOID":"08001009318","COUNTY":"001","NAME":null,"point_on_surface":{"lon":-105.001261,"lat":39.85625,"method":"largest-ring-centroid"}},"geometry":{"type":"Polygon","coordinates":[[[-105.006,39.8635],[-105.006,39.849],[-104.9965,39.8491],[-104.9965,39.8634],[-105.006,39.8635]]]}},{"type":"Feature","properties":{"GEOID":"08013013205","COUNTY":"013","NAME":null,"point_on_surface":{"lon":-105.153148,"lat":40.097053,"method":"largest-ring-centroid"}},"geometry":{"type":"Polygon","coordinates":[[[-105.1903,40.0889],[-105.1785,40.0727],[-105.1313,40.0728],[-105.1308,40.1433],[-105.1497,40.1223],[-105.1877,40.0912],[-105.1903,40.0889]]]}},{"type":"Feature","properties":{"GEOID":"08013013207","COUNTY":"013","NAME":null,"point_on_surface":{"lon":-105.154525,"lat":40.195955,"method":"largest-ring-centroid"}},"geometry":{"type":"Polygon","coordinates":[[[-105.178,40.2033],[-105.1781,40.1887],[-105.1309,40.1886],[-105.1311,40.2032],[-105.178,40.2033]]]}},{"type":"Feature","properties":{"GEOID":"08069001010","COUNTY":"069","NAME":null,"point_on_surface":{"lon":-105.052085,"lat":40.510069,"method":"largest-ring-centroid"}},"geometry":{"type":"Polygon","coordinates":[[[-105.058,40.5236],[-105.0582,40.4945],[-105.0489,40.4946],[-105.0436,40.5234],[-105.058,40.5236]]]}},{"type":"Feature","properties":{"GEOID":"08069001104","COUNTY":"069","NAME":null,"point_on_surface":{"lon":-105.124046,"lat":40.561211,"method":"largest-ring-centroid"}},"geometry":{"type":"Polygon","coordinates":[[[-105.134,40.557],[-105.1151,40.5528],[-105.1151,40.5675],[-105.1339,40.5678],[-105.134,40.557]]]}},{"type":"Feature","properties":{"GEOID":"08069001106","COUNTY":"069","NAME":null,"point_on_surface":{"lon":-105.088174,"lat":40.545438,"method":"largest-ring-centroid"}},"geometry":{"type":"Polygon","coordinates":[[[-105.0961,40.5527],[-105.0961,40.5382],[-105.0805,40.5381],[-105.08,40.5526],[-105.0961,40.5527]]]}},{"type":"Feature","properties":{"GEOID":"08069001107","COUNTY":"069","NAME":null,"point_on_surface":{"lon":-105.105611,"lat":40.545475,"method":"largest-ring-centroid"}},"geometry":{"type":"Polygon","coordinates":[[[-105.1151,40.5528],[-105.1151,40.5382],[-105.0961,40.5382],[-105.0961,40.5527],[-105.1151,40.5528]]]}},{"type":"Feature","properties":{"GEOID":"08069001110","COUNTY":"069","NAME":null,"point_on_surface":{"lon":-105.105597,"lat":40.560057,"method":"largest-ring-centroid"}},"geometry":{"type":"Polygon","coordinates":[[[-105.1151,40.5675],[-105.1151,40.5528],[-105.0961,40.5527],[-105.096,40.5672],[-105.1151,40.5675]]]}},{"type":"Feature","properties":{"GEOID":"08069001111","COUNTY":"069","NAME":null,"point_on_surface":{"lon":-105.087746,"lat":40.559973,"method":"largest-ring-centroid"}},"geometry":{"type":"Polygon","coordinates":[[[-105.096,40.5672],[-105.0961,40.5527],[-105.08,40.5526],[-105.0789,40.5671],[-105.096,40.5672]]]}},{"type":"Feature","properties":{"GEOID":"08069002700","COUNTY":"069","NAME":null,"point_on_surface":{"lon":-105.077984,"lat":40.309021,"method":"largest-ring-centroid"}},"geometry":{"type":"Polygon","coordinates":[[[-105.0553,40.3199],[-105.0933,40.3271],[-105.1025,40.2937],[-105.0552,40.2968],[-105.0553,40.3199]]]}},{"type":"Feature","properties":{"GEOID":"08069001902","COUNTY":"069","NAME":null,"point_on_surface":{"lon":-105.105171,"lat":40.411404,"method":"largest-ring-centroid"}},"geometry":{"type":"Polygon","coordinates":[[[-105.1252,40.4098],[-105.1342,40.4073],[-105.0874,40.4049],[-105.0968,40.4217],[-105.1252,40.4098]]]}},{"type":"Feature","properties":{"GEOID":"08069001003","COUNTY":"069","NAME":null,"point_on_surface":{"lon":-105.069178,"lat":40.545174,"method":"largest-ring-centroid"}},"geometry":{"type":"Polygon","coordinates":[[[-105.08,40.5526],[-105.0805,40.5381],[-105.058,40.538],[-105.058,40.5521],[-105.08,40.5526]]]}},{"type":"Feature","properties":{"GEOID":"08069000300","COUNTY":"069","NAME":null,"point_on_surface":{"lon":-105.120035,"lat":40.60218,"method":"largest-ring-centroid"}},"geometry":{"type":"Polygon","coordinates":[[[-105.1395,40.621],[-105.1337,40.5895],[-105.1149,40.5892],[-105.0957,40.5963],[-105.0956,40.603],[-105.1395,40.621]]]}},{"type":"Feature","properties":{"GEOID":"08069001301","COUNTY":"069","NAME":null,"point_on_surface":{"lon":-105.114864,"lat":40.645108,"method":"largest-ring-centroid"}},"geometry":{"type":"Polygon","coordinates":[[[-105.1762,40.6508],[-105.1395,40.621],[-105.0956,40.603],[-105.0953,40.6254],[-105.0729,40.6542],[-105.068,40.6828],[-105.1762,40.6508]]]}},{"type":"Feature","properties":{"GEOID":"08069001109","COUNTY":"069","NAME":null,"point_on_surface":{"lon":-105.088383,"lat":40.530899,"method":"largest-ring-centroid"}},"geometry":{"type":"Polygon","coordinates":[[[-105.0961,40.5382],[-105.0961,40.5236],[-105.0808,40.5236],[-105.0805,40.5381],[-105.0961,40.5382]]]}},{"type":"Feature","properties":{"GEOID":"08069000600","COUNTY":"069","NAME":null,"point_on_surface":{"lon":-105.086417,"lat":40.572627,"method":"largest-ring-centroid"}},"geometry":{"type":"Polygon","coordinates":[[[-105.0959,40.5746],[-105.096,40.5672],[-105.0768,40.5671],[-105.077,40.5781],[-105.0959,40.5782],[-105.0959,40.5746]]]}},{"type":"Feature","properties":{"GEOID":"08069000700","COUNTY":"069","NAME":null,"point_on_surface":{"lon":-105.071584,"lat":40.573519,"method":"largest-ring-centroid"}},"geometry":{"type":"Polygon","coordinates":[[[-105.077,40.5781],[-105.0768,40.5671],[-105.0669,40.5671],[-105.0665,40.5814],[-105.077,40.5781]]]}},{"type":"Feature","properties":{"GEOID":"08069000901","COUNTY":"069","NAME":null,"point_on_surface":{"lon":-105.068643,"lat":40.559666,"method":"largest-ring-centroid"}},"geometry":{"type":"Polygon","coordinates":[[[-105.0789,40.5671],[-105.08,40.5526],[-105.058,40.5521],[-105.0579,40.5671],[-105.0768,40.5671],[-105.0789,40.5671]]]}},{"type":"Feature","properties":{"GEOID":"08069001009","COUNTY":"069","NAME":null,"point_on_surface":{"lon":-105.072105,"lat":40.508277,"method":"largest-ring-centroid"}},"geometry":{"type":"Polygon","coordinates":[[[-105.0808,40.5236],[-105.0909,40.4946],[-105.0582,40.4945],[-105.058,40.5236],[-105.0808,40.5236]]]}},{"type":"Feature","properties":{"GEOID":"08069000902","COUNTY":"069","NAME":null,"point_on_surface":{"lon":-105.050642,"lat":40.559725,"method":"largest-ring-centroid"}},"geometry":{"type":"Polygon","coordinates":[[[-105.0579,40.5671],[-105.058,40.5521],[-105.0433,40.5526],[-105.0432,40.5671],[-105.0579,40.5671]]]}},{"type":"Feature","properties":{"GEOID":"08069001004","COUNTY":"069","NAME":null,"point_on_surface":{"lon":-105.050607,"lat":40.545176,"method":"largest-ring-centroid"}},"geometry":{"type":"Polygon","coordinates":[[[-105.058,40.5521],[-105.058,40.538],[-105.0433,40.538],[-105.0433,40.5526],[-105.058,40.5521]]]}},{"type":"Feature","properties":{"GEOID":"08069001007","COUNTY":"069","NAME":null,"point_on_surface":{"lon":-105.068182,"lat":40.531024,"method":"largest-ring-centroid"}},"geometry":{"type":"Polygon","coordinates":[[[-105.0805,40.5381],[-105.0808,40.5236],[-105.058,40.5236],[-105.0535,40.538],[-105.058,40.538],[-105.0805,40.5381]]]}},{"type":"Feature","properties":{"GEOID":"08069001008","COUNTY":"069","NAME":null,"point_on_surface":{"lon":-105.049657,"lat":40.530335,"method":"largest-ring-centroid"}},"geometry":{"type":"Polygon","coordinates":[[[-105.0535,40.538],[-105.058,40.5236],[-105.0436,40.5234],[-105.0433,40.538],[-105.0535,40.538]]]}},{"type":"Feature","properties":{"GEOID":"08089968100","COUNTY":"089","NAME":null,"point_on_surface":{"lon":-103.702033,"lat":38.0969,"method":"largest-ring-centroid"}},"geometry":{"type":"Polygon","coordinates":[[[-103.7476,38.1131],[-103.6848,38.0647],[-103.6737,38.1129],[-103.7476,38.1131]]]}},{"type":"Feature","properties":{"GEOID":"08107000500","COUNTY":"107","NAME":null,"point_on_surface":{"lon":-106.865081,"lat":40.451191,"method":"largest-ring-centroid"}},"geometry":{"type":"Polygon","coordinates":[[[-106.9562,40.4352],[-106.8444,40.3922],[-106.8066,40.3939],[-106.8158,40.4437],[-106.826,40.4665],[-106.8227,40.5399],[-106.9562,40.4352]]]}},{"type":"Feature","properties":{"GEOID":"08107000200","COUNTY":"107","NAME":null,"point_on_surface":{"lon":-107.2346,"lat":40.485333,"method":"largest-ring-centroid"}},"geometry":{"type":"Polygon","coordinates":[[[-107.3031,40.4919],[-107.2003,40.4648],[-107.2004,40.4993],[-107.3031,40.4919]]]}},{"type":"Feature","properties":{"GEOID":"08107000100","COUNTY":"107","NAME":null,"point_on_surface":{"lon":-107.023267,"lat":40.735066,"method":"largest-ring-centroid"}},"geometry":{"type":"Polygon","coordinates":[[[-107.3686,40.6003],[-107.4287,40.5268],[-107.3031,40.4919],[-107.2004,40.4993],[-107.0125,40.4779],[-106.8227,40.5399],[-106.8234,40.5135],[-106.6808,40.5446],[-106.6369,40.7895],[-106.8699,40.9567],[-106.8578,41.0027],[-107.3178,41.0029],[-107.3141,40.6003],[-107.3686,40.6003]]]}},{"type":"Feature","properties":{"GEOID":"08107000300","COUNTY":"107","NAME":null,"point_on_surface":{"lon":-107.172637,"lat":40.355743,"method":"largest-ring-centroid"}},"geometry":{"type":"Polygon","coordinates":[[[-107.4293,40.4408],[-107.4394,40.2234],[-107.0379,40.2248],[-106.8697,40.2773],[-106.8444,40.3922],[-106.9562,40.4352],[-107.0125,40.4779],[-107.2004,40.4993],[-107.2003,40.4648],[-107.4287,40.5268],[-107.4293,40.4408]]]}},{"type":"Feature","properties":{"GEOID":"08107000400","COUNTY":"107","NAME":null,"point_on_surface":{"lon":-106.930467,"lat":40.484333,"method":"largest-ring-centroid"}},"geometry":{"type":"Polygon","coordinates":[[[-106.8227,40.5399],[-107.0125,40.4779],[-106.9562,40.4352],[-106.8227,40.5399]]]}},{"type":"Feature","properties":{"GEOID":"08107000600","COUNTY":"107","NAME":null,"point_on_surface":{"lon":-106.741786,"lat":40.503242,"method":"largest-ring-centroid"}},"geometry":{"type":"Polygon","coordinates":[[[-106.8234,40.5135],[-106.826,40.4665],[-106.7892,40.4747],[-106.6572,40.4834],[-106.6808,40.5446],[-106.8234,40.5135]]]}},{"type":"Feature","properties":{"GEOID":"08101002806","COUNTY":"101","NAME":null,"point_on_surface":{"lon":-104.871998,"lat":38.163377,"method":"largest-ring-centroid"}},"geometry":{"type":"Polygon","coordinates":[[[-105.0492,38.258],[-105.05,37.9857],[-104.8028,38.0458],[-104.6179,38.1493],[-104.6124,38.2088],[-104.6144,38.2233],[-104.6154,38.2217],[-104.6391,38.2186],[-104.6437,38.2199],[-104.6621,38.2149],[-104.687,38.2204],[-104.6779,38.2475],[-104.6867,38.2626],[-104.7723,38.2634],[-104.8298,38.2913],[-104.9407,38.3373],[-105.0492,38.258]]]}},{"type":"Feature","properties":{"GEOID":"08101003001","COUNTY":"101","NAME":null,"point_on_surface":{"lon":-104.546124,"lat":38.265531,"method":"largest-ring-centroid"}},"geometry":{"type":"Polygon","coordinates":[[[-104.5673,38.2718],[-104.5927,38.2582],[-104.5887,38.2527],[-104.5374,38.2657],[-104.4577,38.2666],[-104.5551,38.2732],[-104.5673,38.2718]]]}},{"type":"Feature","properties":{"GEOID":"08083969000","COUNTY":"083","NAME":null,"point_on_surface":{"lon":-108.320013,"lat":37.545981,"method":"largest-ring-centroid"}},"geometry":{"type":"Polygon","coordinates":[[[-108.6948,37.6315],[-108.565,37.5794],[-108.5915,37.4174],[-108.5728,37.4135],[-108.5348,37.4217],[-108.4024,37.4028],[-108.2727,37.5198],[-108.0388,37.4565],[-107.9701,37.6396],[-108.6948,37.6315]]]}},{"type":"Feature","properties":{"GEOID":"08083969200","COUNTY":"083","NAME":null,"point_on_surface":{"lon":-108.823668,"lat":37.467385,"method":"largest-ring-centroid"}},"geometry":{"type":"Polygon","coordinates":[[[-109.0434,37.4848],[-109.0455,37.2399],[-108.8857,37.3237],[-108.7056,37.3377],[-108.6324,37.4133],[-108.5915,37.4174],[-108.565,37.5794],[-108.6948,37.6315],[-108.9171,37.6319],[-109.0434,37.4848]]]}},{"type":"Feature","properties":{"GEOID":"08083969600","COUNTY":"083","NAME":null,"point_on_surface":{"lon":-108.575384,"lat":37.329068,"method":"largest-ring-centroid"}},"geometry":{"type":"Polygon","coordinates":[[[-108.7056,37.3377],[-108.6457,37.2164],[-108.5546,37.2656],[-108.4024,37.4028],[-108.5348,37.4217],[-108.5431,37.3527],[-108.6093,37.3206],[-108.6324,37.4133],[-108.7056,37.3377]]]}},{"type":"Feature","properties":{"GEOID":"08083969400","COUNTY":"083","NAME":null,"point_on_surface":{"lon":-108.575033,"lat":37.3407,"method":"largest-ring-centroid"}},"geometry":{"type":"Polygon","coordinates":[[[-108.6093,37.3206],[-108.5431,37.3527],[-108.5727,37.3488],[-108.6093,37.3206]]]}},{"type":"Feature","properties":{"GEOID":"08083969100","COUNTY":"083","NAME":null,"point_on_surface":{"lon":-108.318917,"lat":37.340442,"method":"largest-ring-centroid"}},"geometry":{"type":"Polygon","coordinates":[[[-108.5546,37.2656],[-108.5446,37.1565],[-108.2952,37.215],[-108.0388,37.4565],[-108.2727,37.5198],[-108.4024,37.4028],[-108.5546,37.2656]]]}},{"type":"Feature","properties":{"GEOID":"08101002804","COUNTY":"101","NAME":null,"point_on_surface":{"lon":-104.782693,"lat":37.972571,"method":"largest-ring-centroid"}},"geometry":{"type":"Polygon","coordinates":[[[-105.05,37.9857],[-105.0499,37.9155],[-105.0137,37.8813],[-104.572,37.8797],[-104.6179,38.1493],[-104.8028,38.0458],[-105.05,37.9857]]]}},{"type":"Feature","properties":{"GEOID":"08101002901","COUNTY":"101","NAME":null,"point_on_surface":{"lon":-104.659208,"lat":38.288995,"method":"largest-ring-centroid"}},"geometry":{"type":"Polygon","coordinates":[[[-104.6612,38.314],[-104.6789,38.2677],[-104.6621,38.2688],[-104.6493,38.2722],[-104.6448,38.2977],[-104.6472,38.312],[-104.6612,38.314]]]}},{"type":"Feature","properties":{"GEOID":"08101001000","COUNTY":"101","NAME":null,"point_on_surface":{"lon":-104.57841,"lat":38.279336,"method":"largest-ring-centroid"}},"geometry":{"type":"Polygon","coordinates":[[[-104.5891,38.286],[-104.5892,38.2757],[-104.5598,38.2757],[-104.568,38.2802],[-104.5891,38.286]]]}},{"type":"Feature","properties":{"GEOID":"08101003200","COUNTY":"101","NAME":null,"point_on_surface":{"lon":-104.316162,"lat":38.01539,"method":"largest-ring-centroid"}},"geometry":{"type":"Polygon","coordinates":[[[-104.6179,38.1493],[-104.572,37.8797],[-104.0611,37.7347],[-104.0582,38.1465],[-104.2312,38.2288],[-104.4577,38.2666],[-104.4992,38.2267],[-104.6179,38.1493]]]}},{"type":"Feature","properties":{"GEOID":"08101000200","COUNTY":"101","NAME":null,"point_on_surface":{"lon":-104.639204,"lat":38.283009,"method":"largest-ring-centroid"}},"geometry":{"type":"Polygon","coordinates":[[[-104.6448,38.2977],[-104.6493,38.2722],[-104.6332,38.2728],[-104.6244,38.2689],[-104.6299,38.2766],[-104.6349,38.2947],[-104.6373,38.2978],[-104.6448,38.2977]]]}},{"type":"Feature","properties":{"GEOID":"08101003103","COUNTY":"101","NAME":null,"point_on_surface":{"lon":-104.579236,"lat":38.240215,"method":"largest-ring-centroid"}},"geometry":{"type":"Polygon","coordinates":[[[-104.6118,38.2388],[-104.6144,38.2233],[-104.6124,38.2088],[-104.566,38.2318],[-104.5336,38.2525],[-104.5374,38.2657],[-104.5923,38.2529],[-104.6118,38.2441],[-104.6118,38.2388]]]}},{"type":"Feature","properties":{"GEOID":"08013012501","COUNTY":"013","NAME":null,"point_on_surface":{"lon":-105.224666,"lat":39.988944,"method":"largest-ring-centroid"}},"geometry":{"type":"Polygon","coordinates":[[[-105.2316,40.0001],[-105.2318,39.9852],[-105.2128,39.9766],[-105.2254,40.0001],[-105.2316,40.0001]]]}},{"type":"Feature","properties":{"GEOID":"08013012505","COUNTY":"013","NAME":null,"point_on_surface":{"lon":-105.285797,"lat":39.989267,"method":"largest-ring-centroid"}},"geometry":{"type":"Polygon","coordinates":[[[-105.3092,39.9971],[-105.3271,39.9815],[-105.2602,39.98],[-105.2498,39.9856],[-105.2636,40.0001],[-105.2819,40.0001],[-105.3092,39.9971]]]}},{"type":"Feature","properties":{"GEOID":"08013012507","COUNTY":"013","NAME":null,"point_on_surface":{"lon":-105.250081,"lat":39.992046,"method":"largest-ring-centroid"}},"geometry":{"type":"Polygon","coordinates":[[[-105.2636,40.0001],[-105.2498,39.9856],[-105.2347,39.9865],[-105.2578,40.0003],[-105.2636,40.0001]]]}},{"type":"Feature","properties":{"GEOID":"08117000406","COUNTY":"117","NAME":null,"point_on_surface":{"lon":-106.070535,"lat":39.511408,"method":"largest-ring-centroid"}},"geometry":{"type":"Polygon","coordinates":[[[-106.0736,39.5725],[-106.1054,39.4609],[-106.045,39.4772],[-106.0528,39.5661],[-106.0736,39.5725]]]}},{"type":"Feature","properties":{"GEOID":"08117000302","COUNTY":"117","NAME":null,"point_on_surface":{"lon":-106.151387,"lat":39.501809,"method":"largest-ring-centroid"}},"geometry":{"type":"Polygon","coordinates":[[[-106.216,39.5317],[-106.2067,39.3796],[-106.1355,39.3796],[-106.1054,39.4609],[-106.0736,39.5725],[-106.0807,39.6078],[-106.1776,39.6091],[-106.216,39.5317]]]}},{"type":"Feature","properties":{"GEOID":"08117000203","COUNTY":"117","NAME":null,"point_on_surface":{"lon":-106.027605,"lat":39.588731,"method":"largest-ring-centroid"}},"geometry":{"type":"Polygon","coordinates":[[[-106.0684,39.628],[-106.0495,39.5667],[-105.9707,39.5396],[-106.0366,39.6363],[-106.0668,39.6287],[-106.0684,39.628]]]}},{"type":"Feature","properties":{"GEOID":"08117000404","COUNTY":"117","NAME":null,"point_on_surface":{"lon":-105.969579,"lat":39.509487,"method":"largest-ring-centroid"}},"geometry":{"type":"Polygon","coordinates":[[[-106.0528,39.5661],[-106.0457,39.4942],[-105.9165,39.4581],[-105.8647,39.5151],[-105.9707,39.5396],[-106.0495,39.5667],[-106.0528,39.5661]]]}},{"type":"Feature","properties":{"GEOID":"08117000202","COUNTY":"117","NAME":null,"point_on_surface":{"lon":-106.041667,"lat":39.638033,"method":"largest-ring-centroid"}},"geometry":{"type":"Polygon","coordinates":[[[-106.0216,39.6491],[-106.0668,39.6287],[-106.0366,39.6363],[-106.0216,39.6491]]]}},{"type":"Feature","properties":{"GEOID":"08117000301","COUNTY":"117","NAME":null,"point_on_surface":{"lon":-106.066937,"lat":39.593303,"method":"largest-ring-centroid"}},"geometry":{"type":"Polygon","coordinates":[[[-106.0807,39.6078],[-106.0736,39.5725],[-106.0528,39.5661],[-106.0495,39.5667],[-106.0684,39.628],[-106.073,39.624],[-106.0807,39.6078]]]}},{"type":"Feature","properties":{"GEOID":"08117000201","COUNTY":"117","NAME":null,"point_on_surface":{"lon":-105.931744,"lat":39.596029,"method":"largest-ring-centroid"}},"geometry":{"type":"Polygon","coordinates":[[[-106.0366,39.6363],[-105.9707,39.5396],[-105.8647,39.5151],[-105.8617,39.5286],[-105.8297,39.5649],[-105.9251,39.6794],[-106.0216,39.6491],[-106.0366,39.6363]]]}},{"type":"Feature","properties":{"GEOID":"08117000103","COUNTY":"117","NAME":null,"point_on_surface":{"lon":-106.235717,"lat":39.770932,"method":"largest-ring-centroid"}},"geometry":{"type":"Polygon","coordinates":[[[-106.4345,39.9249],[-106.3653,39.7529],[-106.1776,39.6091],[-106.0807,39.6078],[-106.073,39.624],[-106.0951,39.617],[-106.1026,39.629],[-106.036,39.7047],[-106.252,39.9147],[-106.4345,39.9249]]]}},{"type":"Feature","properties":{"GEOID":"08117000101","COUNTY":"117","NAME":null,"point_on_surface":{"lon":-106.090367,"lat":39.623333,"method":"largest-ring-centroid"}},"geometry":{"type":"Polygon","coordinates":[[[-106.1026,39.629],[-106.0951,39.617],[-106.0734,39.624],[-106.1026,39.629]]]}},{"type":"Feature","properties":{"GEOID":"08117000102","COUNTY":"117","NAME":null,"point_on_surface":{"lon":-106.014623,"lat":39.671597,"method":"largest-ring-centroid"}},"geometry":{"type":"Polygon","coordinates":[[[-106.036,39.7047],[-106.1026,39.629],[-106.073,39.624],[-106.0684,39.628],[-106.0216,39.6491],[-105.9251,39.6794],[-105.9246,39.699],[-106.036,39.7047]]]}},{"type":"Feature","properties":{"GEOID":"08014030000","COUNTY":"014","NAME":null,"point_on_surface":{"lon":-105.080698,"lat":39.919044,"method":"largest-ring-centroid"}},"geometry":{"type":"Polygon","coordinates":[[[-105.0907,39.919],[-105.0905,39.9144],[-105.0718,39.9144],[-105.0718,39.9251],[-105.0906,39.9221],[-105.0907,39.919]]]}},{"type":"Feature","properties":{"GEOID":"08014030300","COUNTY":"014","NAME":null,"point_on_surface":{"lon":-105.062094,"lat":39.922341,"method":"largest-ring-centroid"}},"geometry":{"type":"Polygon","coordinates":[[[-105.0719,39.9288],[-105.0718,39.9144],[-105.0529,39.9142],[-105.0531,39.9319],[-105.0719,39.9288]]]}},{"type":"Feature","properties":{"GEOID":"08014980200","COUNTY":"014","NAME":null,"point_on_surface":{"lon":-105.067094,"lat":39.967142,"method":"largest-ring-centroid"}},"geometry":{"type":"Polygon","coordinates":[[[-105.0719,39.9678],[-105.072,39.9577],[-105.0585,39.9753],[-105.0719,39.9678]]]}},{"type":"Feature","properties":{"GEOID":"08005006501","COUNTY":"005","NAME":null,"point_on_surface":{"lon":-105.019213,"lat":39.613123,"method":"largest-ring-centroid"}},"geometry":{"type":"Polygon","coordinates":[[[-105.0252,39.6132],[-105.0249,39.5982],[-105.0197,39.6022],[-105.0101,39.6241],[-105.0183,39.6242],[-105.0252,39.6132]]]}},{"type":"Feature","properties":{"GEOID":"08005006857","COUNTY":"005","NAME":null,"point_on_surface":{"lon":-104.880407,"lat":39.614906,"method":"largest-ring-centroid"}},"geometry":{"type":"Polygon","coordinates":[[[-104.8853,39.6241],[-104.8855,39.6095],[-104.8761,39.6023],[-104.8759,39.6242],[-104.8853,39.6241]]]}},{"type":"Feature","properties":{"GEOID":"08031001800","COUNTY":"031","NAME":null,"point_on_surface":{"lon":-104.995565,"lat":39.731031,"method":"largest-ring-centroid"}},"geometry":{"type":"Polygon","coordinates":[[[-105.0002,39.7402],[-105.0002,39.7257],[-104.9874,39.7256],[-104.9986,39.7402],[-105.0002,39.7402]]]}},{"type":"Feature","properties":{"GEOID":"08013013402","COUNTY":"013","NAME":null,"point_on_surface":{"lon":-105.06844,"lat":40.164465,"method":"largest-ring-centroid"}},"geometry":{"type":"Polygon","coordinates":[[[-105.0883,40.174],[-105.0742,40.1531],[-105.0553,40.1523],[-105.0553,40.1746],[-105.0741,40.1741],[-105.0883,40.174]]]}},{"type":"Feature","properties":{"GEOID":"08005086200","COUNTY":"005","NAME":null,"point_on_surface":{"lon":-104.747103,"lat":39.618718,"method":"largest-ring-centroid"}},"geometry":{"type":"Polygon","coordinates":[[[-104.7544,39.624],[-104.7555,39.612],[-104.7447,39.6078],[-104.7387,39.6191],[-104.7382,39.6272],[-104.7544,39.6266],[-104.7544,39.624]]]}},{"type":"Feature","properties":{"GEOID":"08005085400","COUNTY":"005","NAME":null,"point_on_surface":{"lon":-104.765404,"lat":39.61998,"method":"largest-ring-centroid"}},"geometry":{"type":"Polygon","coordinates":[[[-104.7861,39.624],[-104.7555,39.612],[-104.7544,39.624],[-104.7703,39.624],[-104.7861,39.624]]]}},{"type":"Feature","properties":{"GEOID":"08101002808","COUNTY":"101","NAME":null,"point_on_surface":{"lon":-104.673933,"lat":38.2215,"method":"largest-ring-centroid"}},"geometry":{"type":"Polygon","coordinates":[[[-104.687,38.2204],[-104.6621,38.2149],[-104.6727,38.2292],[-104.687,38.2204]]]}},{"type":"Feature","properties":{"GEOID":"08101003004","COUNTY":"101","NAME":null,"point_on_surface":{"lon":-104.581865,"lat":38.318997,"method":"largest-ring-centroid"}},"geometry":{"type":"Polygon","coordinates":[[[-104.608,38.3311],[-104.6036,38.3073],[-104.591,38.3079],[-104.5851,38.3055],[-104.5691,38.3129],[-104.5719,38.2998],[-104.5635,38.2961],[-104.5584,38.3327],[-104.608,38.3311]]]}},{"type":"Feature","properties":{"GEOID":"08101003104","COUNTY":"101","NAME":null,"point_on_surface":{"lon":-104.544533,"lat":38.237133,"method":"largest-ring-centroid"}},"geometry":{"type":"Polygon","coordinates":[[[-104.5336,38.2525],[-104.566,38.2318],[-104.534,38.2271],[-104.5336,38.2525]]]}},{"type":"Feature","properties":{"GEOID":"08101002400","COUNTY":"101","NAME":null,"point_on_surface":{"lon":-104.630905,"lat":38.23848,"method":"largest-ring-centroid"}},"geometry":{"type":"Polygon","coordinates":[[[-104.6345,38.2405],[-104.639,38.235],[-104.623,38.2386],[-104.6232,38.2406],[-104.6345,38.2405]]]}},{"type":"Feature","properties":{"GEOID":"08101002807","COUNTY":"101","NAME":null,"point_on_surface":{"lon":-104.67363,"lat":38.236764,"method":"largest-ring-centroid"}},"geometry":{"type":"Polygon","coordinates":[[[-104.6779,38.2475],[-104.687,38.2204],[-104.6624,38.2355],[-104.6621,38.2471],[-104.6779,38.2475]]]}},{"type":"Feature","properties":{"GEOID":"08031002000","COUNTY":"031","NAME":null,"point_on_surface":{"lon":-104.991133,"lat":39.735733,"method":"largest-ring-centroid"}},"geometry":{"type":"Polygon","coordinates":[[[-104.9986,39.7402],[-104.9874,39.7269],[-104.9874,39.7401],[-104.9986,39.7402]]]}},{"type":"Feature","properties":{"GEOID":"08031002402","COUNTY":"031","NAME":null,"point_on_surface":{"lon":-104.975513,"lat":39.749675,"method":"largest-ring-centroid"}},"geometry":{"type":"Polygon","coordinates":[[[-104.9781,39.7532],[-104.9782,39.7475],[-104.9734,39.7438],[-104.9734,39.7546],[-104.9781,39.7532]]]}},{"type":"Feature","properties":{"GEOID":"08041001400","COUNTY":"041","NAME":null,"point_on_surface":{"lon":-104.849292,"lat":38.840909,"method":"largest-ring-centroid"}},"geometry":{"type":"Polygon","coordinates":[[[-104.8591,38.8405],[-104.8406,38.8313],[-104.8458,38.848],[-104.8539,38.8477],[-104.8591,38.8405]]]}},{"type":"Feature","properties":{"GEOID":"08013012608","COUNTY":"013","NAME":null,"point_on_surface":{"lon":-105.242039,"lat":40.003648,"method":"largest-ring-centroid"}},"geometry":{"type":"Polygon","coordinates":[[[-105.2484,40.0073],[-105.2484,39.9999],[-105.2329,40.0002],[-105.2397,40.0085],[-105.2484,40.0073]]]}},{"type":"Feature","properties":{"GEOID":"08013013505","COUNTY":"013","NAME":null,"point_on_surface":{"lon":-105.097705,"lat":40.195925,"method":"largest-ring-centroid"}},"geometry":{"type":"Polygon","coordinates":[[[-105.1023,40.2033],[-105.1023,40.1886],[-105.0931,40.1886],[-105.0931,40.2032],[-105.1023,40.2033]]]}},{"type":"Feature","properties":{"GEOID":"08041001101","COUNTY":"041","NAME":null,"point_on_surface":{"lon":-104.828785,"lat":38.870172,"method":"largest-ring-centroid"}},"geometry":{"type":"Polygon","coordinates":[[[-104.8352,38.8764],[-104.8344,38.8607],[-104.8196,38.8708],[-104.8195,38.8744],[-104.8352,38.8764]]]}},{"type":"Feature","properties":{"GEOID":"08041003914","COUNTY":"041","NAME":null,"point_on_surface":{"lon":-104.572634,"lat":38.998759,"method":"largest-ring-centroid"}},"geometry":{"type":"Polygon","coordinates":[[[-104.6075,39.0404],[-104.6077,38.9772],[-104.5782,38.9551],[-104.5341,38.9547],[-104.5481,39.0425],[-104.6075,39.0404]]]}},{"type":"Feature","properties":{"GEOID":"08041007302","COUNTY":"041","NAME":null,"point_on_surface":{"lon":-104.806098,"lat":39.077299,"method":"largest-ring-centroid"}},"geometry":{"type":"Polygon","coordinates":[[[-104.8287,39.0928],[-104.8628,39.0923],[-104.8595,39.0784],[-104.7849,39.0565],[-104.7848,39.0346],[-104.7755,39.0354],[-104.7707,39.1],[-104.8287,39.0928]]]}},{"type":"Feature","properties":{"GEOID":"08041007203","COUNTY":"041","NAME":null,"point_on_surface":{"lon":-104.835168,"lat":39.045758,"method":"largest-ring-centroid"}},"geometry":{"type":"Polygon","coordinates":[[[-104.8241,39.0566],[-104.8515,39.0566],[-104.8311,39.0272],[-104.8281,39.0282],[-104.8241,39.0566]]]}},{"type":"Feature","properties":{"GEOID":"08041004518","COUNTY":"041","NAME":null,"point_on_surface":{"lon":-104.670768,"lat":38.742275,"method":"largest-ring-centroid"}},"geometry":{"type":"Polygon","coordinates":[[[-104.6921,38.7374],[-104.6868,38.727],[-104.6843,38.7084],[-104.6737,38.7084],[-104.6498,38.7374],[-104.6596,38.7809],[-104.6827,38.761],[-104.6921,38.7374]]]}},{"type":"Feature","properties":{"GEOID":"08041007204","COUNTY":"041","NAME":null,"point_on_surface":{"lon":-104.806402,"lat":39.042692,"method":"largest-ring-centroid"}},"geometry":{"type":"Polygon","coordinates":[[[-104.8241,39.0566],[-104.8281,39.0282],[-104.8086,39.0272],[-104.7848,39.0346],[-104.7849,39.0565],[-104.8241,39.0566]]]}},{"type":"Feature","properties":{"GEOID":"08041007105","COUNTY":"041","NAME":null,"point_on_surface":{"lon":-104.721074,"lat":38.967006,"method":"largest-ring-centroid"}},"geometry":{"type":"Polygon","coordinates":[[[-104.7658,38.9843],[-104.7438,38.9682],[-104.7165,38.9753],[-104.7273,38.9564],[-104.72,38.9403],[-104.7011,38.9411],[-104.7004,38.9838],[-104.738,38.9838],[-104.7658,38.9843]]]}},{"type":"Feature","properties":{"GEOID":"08041007206","COUNTY":"041","NAME":null,"point_on_surface":{"lon":-104.792397,"lat":39.018227,"method":"largest-ring-centroid"}},"geometry":{"type":"Polygon","coordinates":[[[-104.8086,39.0272],[-104.7934,38.9905],[-104.7755,39.0354],[-104.7848,39.0346],[-104.8086,39.0272]]]}},{"type":"Feature","properties":{"GEOID":"08041005116","COUNTY":"041","NAME":null,"point_on_surface":{"lon":-104.690193,"lat":38.892672,"method":"largest-ring-centroid"}},"geometry":{"type":"Polygon","coordinates":[[[-104.6891,38.9009],[-104.7034,38.8866],[-104.6828,38.8872],[-104.6829,38.901],[-104.6891,38.9009]]]}},{"type":"Feature","properties":{"GEOID":"08013013704","COUNTY":"013","NAME":null,"point_on_surface":{"lon":-105.318878,"lat":40.06766,"method":"largest-ring-centroid"}},"geometry":{"type":"Polygon","coordinates":[[[-105.3422,40.1023],[-105.3724,40.0505],[-105.324,40.0153],[-105.2939,40.015],[-105.2966,40.0427],[-105.2821,40.0618],[-105.2816,40.0651],[-105.2823,40.1337],[-105.3204,40.1065],[-105.3422,40.1023]]]}},{"type":"Feature","properties":{"GEOID":"08013060801","COUNTY":"013","NAME":null,"point_on_surface":{"lon":-105.094391,"lat":39.952522,"method":"largest-ring-centroid"}},"geometry":{"type":"Polygon","coordinates":[[[-105.1095,39.9565],[-105.1208,39.9513],[-105.1094,39.9261],[-105.0909,39.9361],[-105.072,39.9577],[-105.0719,39.9678],[-105.0905,39.987],[-105.091,39.9578],[-105.1092,39.9566],[-105.1095,39.9565]]]}},{"type":"Feature","properties":{"GEOID":"08013012802","COUNTY":"013","NAME":null,"point_on_surface":{"lon":-105.093981,"lat":40.053871,"method":"largest-ring-centroid"}},"geometry":{"type":"Polygon","coordinates":[[[-105.1313,40.0728],[-105.1311,40.0366],[-105.0555,40.0366],[-105.0555,40.0694],[-105.1313,40.0728]]]}},{"type":"Feature","properties":{"GEOID":"08013060601","COUNTY":"013","NAME":null,"point_on_surface":{"lon":-105.152497,"lat":39.942585,"method":"largest-ring-centroid"}},"geometry":{"type":"Polygon","coordinates":[[[-105.1655,39.9579],[-105.1637,39.945],[-105.1474,39.9289],[-105.1376,39.9397],[-105.1655,39.9579]]]}},{"type":"Feature","properties":{"GEOID":"08013060602","COUNTY":"013","NAME":null,"point_on_surface":{"lon":-105.201888,"lat":39.941666,"method":"largest-ring-centroid"}},"geometry":{"type":"Polygon","coordinates":[[[-105.2389,39.9144],[-105.166,39.9141],[-105.1637,39.945],[-105.1655,39.9579],[-105.2212,39.9803],[-105.2335,39.9588],[-105.2389,39.9144]]]}},{"type":"Feature","properties":{"GEOID":"08013012207","COUNTY":"013","NAME":null,"point_on_surface":{"lon":-105.24675,"lat":40.034529,"method":"largest-ring-centroid"}},"geometry":{"type":"Polygon","coordinates":[[[-105.2584,40.0365],[-105.2584,40.0328],[-105.2346,40.0292],[-105.2424,40.0401],[-105.2584,40.0365]]]}},{"type":"Feature","properties":{"GEOID":"08013012208","COUNTY":"013","NAME":null,"point_on_surface":{"lon":-105.244669,"lat":40.022311,"method":"largest-ring-centroid"}},"geometry":{"type":"Polygon","coordinates":[[[-105.2584,40.0255],[-105.2583,40.0145],[-105.2254,40.0147],[-105.2346,40.0292],[-105.2584,40.0328],[-105.2584,40.0255]]]}},{"type":"Feature","properties":{"GEOID":"08013012801","COUNTY":"013","NAME":null,"point_on_surface":{"lon":-105.093285,"lat":40.025738,"method":"largest-ring-centroid"}},"geometry":{"type":"Polygon","coordinates":[[[-105.1311,40.0366],[-105.1311,40.0147],[-105.0554,40.0148],[-105.0555,40.0366],[-105.1311,40.0366]]]}},{"type":"Feature","properties":{"GEOID":"08013060802","COUNTY":"013","NAME":null,"point_on_surface":{"lon":-105.070555,"lat":39.987235,"method":"largest-ring-centroid"}},"geometry":{"type":"Polygon","coordinates":[[[-105.0905,40.0002],[-105.0905,39.987],[-105.0719,39.9678],[-105.0528,39.9777],[-105.0528,40.0003],[-105.0555,40.0003],[-105.0905,40.0002]]]}},{"type":"Feature","properties":{"GEOID":"08013012106","COUNTY":"013","NAME":null,"point_on_surface":{"lon":-105.276855,"lat":40.030001,"method":"largest-ring-centroid"}},"geometry":{"type":"Polygon","coordinates":[[[-105.2821,40.0364],[-105.2821,40.0267],[-105.2745,40.0222],[-105.2718,40.0228],[-105.2727,40.0364],[-105.2821,40.0364]]]}},{"type":"Feature","properties":{"GEOID":"08013012205","COUNTY":"013","NAME":null,"point_on_surface":{"lon":-105.270332,"lat":40.021342,"method":"largest-ring-centroid"}},"geometry":{"type":"Polygon","coordinates":[[[-105.2745,40.0222],[-105.2728,40.0173],[-105.2637,40.0245],[-105.2718,40.0228],[-105.2745,40.0222]]]}},{"type":"Feature","properties":{"GEOID":"08013012610","COUNTY":"013","NAME":null,"point_on_surface":{"lon":-105.255734,"lat":40.004048,"method":"largest-ring-centroid"}},"geometry":{"type":"Polygon","coordinates":[[[-105.2586,40.0082],[-105.2578,40.0003],[-105.253,40.0001],[-105.2534,40.0074],[-105.2586,40.0082]]]}},{"type":"Feature","properties":{"GEOID":"08013012609","COUNTY":"013","NAME":null,"point_on_surface":{"lon":-105.250796,"lat":40.003726,"method":"largest-ring-centroid"}},"geometry":{"type":"Polygon","coordinates":[[[-105.2534,40.0074],[-105.253,40.0001],[-105.2484,39.9999],[-105.2484,40.0073],[-105.2534,40.0074]]]}},{"type":"Feature","properties":{"GEOID":"08017960600","COUNTY":"017","NAME":null,"point_on_surface":{"lon":-102.605408,"lat":38.827783,"method":"largest-ring-centroid"}},"geometry":{"type":"Polygon","coordinates":[[[-103.163,39.0376],[-103.1729,38.6125],[-102.0451,38.6152],[-102.0466,39.047],[-102.4099,39.0442],[-103.163,39.0376]]]}},{"type":"Feature","properties":{"GEOID":"08005084600","COUNTY":"005","NAME":null,"point_on_surface":{"lon":-104.802321,"lat":39.63422,"method":"largest-ring-centroid"}},"geometry":{"type":"Polygon","coordinates":[[[-104.8227,39.6386],[-104.7915,39.6261],[-104.7915,39.6385],[-104.8197,39.6385],[-104.8227,39.6386]]]}},{"type":"Feature","properties":{"GEOID":"08005005636","COUNTY":"005","NAME":null,"point_on_surface":{"lon":-104.941347,"lat":39.6169,"method":"largest-ring-centroid"}},"geometry":{"type":"Polygon","coordinates":[[[-104.9598,39.6242],[-104.96,39.6097],[-104.9228,39.6096],[-104.9228,39.6241],[-104.9598,39.6242]]]}},{"type":"Feature","properties":{"GEOID":"08101001400","COUNTY":"101","NAME":null,"point_on_surface":{"lon":-104.621727,"lat":38.263304,"method":"largest-ring-centroid"}},"geometry":{"type":"Polygon","coordinates":[[[-104.6332,38.2728],[-104.6336,38.2694],[-104.6149,38.255],[-104.6078,38.2549],[-104.6244,38.2689],[-104.6332,38.2728]]]}},{"type":"Feature","properties":{"GEOID":"08021974900","COUNTY":"021","NAME":null,"point_on_surface":{"lon":-106.264716,"lat":37.225709,"method":"largest-ring-centroid"}},"geometry":{"type":"Polygon","coordinates":[[[-106.6784,37.4036],[-106.6783,37.2286],[-106.4761,36.9935],[-106.1,36.995],[-106.0381,37.2252],[-105.7298,37.1807],[-105.7433,37.3568],[-106.0389,37.3569],[-106.0393,37.4008],[-106.1489,37.4011],[-106.6784,37.4036]]]}},{"type":"Feature","properties":{"GEOID":"08021974800","COUNTY":"021","NAME":null,"point_on_surface":{"lon":-105.903873,"lat":37.096242,"method":"largest-ring-centroid"}},"geometry":{"type":"Polygon","coordinates":[[[-105.7298,37.1807],[-106.0381,37.2252],[-106.1,36.995],[-105.7185,36.9958],[-105.7298,37.1807]]]}},{"type":"Feature","properties":{"GEOID":"08035014005","COUNTY":"035","NAME":null,"point_on_surface":{"lon":-104.801805,"lat":39.542878,"method":"largest-ring-centroid"}},"geometry":{"type":"Polygon","coordinates":[[[-104.8118,39.5365],[-104.7934,39.5338],[-104.7934,39.5492],[-104.8078,39.5531],[-104.8118,39.5365]]]}},{"type":"Feature","properties":{"GEOID":"08041004512","COUNTY":"041","NAME":null,"point_on_surface":{"lon":-104.703292,"lat":38.705143,"method":"largest-ring-centroid"}},"geometry":{"type":"Polygon","coordinates":[[[-104.7145,38.7155],[-104.6996,38.6881],[-104.6968,38.6939],[-104.6968,38.7084],[-104.7014,38.7156],[-104.7125,38.7156],[-104.7145,38.7155]]]}},{"type":"Feature","properties":{"GEOID":"08041004519","COUNTY":"041","NAME":null,"point_on_surface":{"lon":-104.692414,"lat":38.716777,"method":"largest-ring-centroid"}},"geometry":{"type":"Polygon","coordinates":[[[-104.7014,38.7156],[-104.6968,38.7084],[-104.6843,38.7084],[-104.6868,38.727],[-104.6995,38.7233],[-104.7014,38.7156]]]}},{"type":"Feature","properties":{"GEOID":"08041007603","COUNTY":"041","NAME":null,"point_on_surface":{"lon":-104.647646,"lat":38.966417,"method":"largest-ring-centroid"}},"geometry":{"type":"Polygon","coordinates":[[[-104.701,38.9437],[-104.7011,38.9411],[-104.6782,38.9406],[-104.6077,38.9442],[-104.6076,38.9912],[-104.6634,38.9984],[-104.701,38.9437]]]}},{"type":"Feature","properties":{"GEOID":"08041007502","COUNTY":"041","NAME":null,"point_on_surface":{"lon":-104.70419,"lat":39.072171,"method":"largest-ring-centroid"}},"geometry":{"type":"Polygon","coordinates":[[[-104.7934,38.9905],[-104.7981,38.9804],[-104.7709,38.9822],[-104.7658,38.9843],[-104.738,38.9838],[-104.7005,39.038],[-104.6032,39.0714],[-104.5937,39.1294],[-104.7666,39.1297],[-104.7707,39.1],[-104.7755,39.0354],[-104.7934,38.9905]]]}},{"type":"Feature","properties":{"GEOID":"08041007401","COUNTY":"041","NAME":null,"point_on_surface":{"lon":-104.846542,"lat":39.111124,"method":"largest-ring-centroid"}},"geometry":{"type":"Polygon","coordinates":[[[-104.8639,39.1299],[-104.8628,39.0923],[-104.8287,39.0928],[-104.8306,39.1298],[-104.8639,39.1299]]]}},{"type":"Feature","properties":{"GEOID":"08041007501","COUNTY":"041","NAME":null,"point_on_surface":{"lon":-104.712924,"lat":39.001883,"method":"largest-ring-centroid"}},"geometry":{"type":"Polygon","coordinates":[[[-104.7005,39.038],[-104.738,38.9838],[-104.7004,38.9838],[-104.7003,38.9983],[-104.7005,39.038]]]}},{"type":"Feature","properties":{"GEOID":"08041002402","COUNTY":"041","NAME":null,"point_on_surface":{"lon":-104.85258,"lat":38.83165,"method":"largest-ring-centroid"}},"geometry":{"type":"Polygon","coordinates":[[[-104.8652,38.8447],[-104.8593,38.8247],[-104.8401,38.8246],[-104.8406,38.8313],[-104.8591,38.8405],[-104.8652,38.8447]]]}},{"type":"Feature","properties":{"GEOID":"08041004406","COUNTY":"041","NAME":null,"point_on_surface":{"lon":-104.805187,"lat":38.757961,"method":"largest-ring-centroid"}},"geometry":{"type":"Polygon","coordinates":[[[-104.8123,38.7658],[-104.8109,38.7494],[-104.8003,38.7491],[-104.798,38.7657],[-104.8123,38.7658]]]}},{"type":"Feature","properties":{"GEOID":"08041000104","COUNTY":"041","NAME":null,"point_on_surface":{"lon":-104.775682,"lat":38.877135,"method":"largest-ring-centroid"}},"geometry":{"type":"Polygon","coordinates":[[[-104.7995,38.8735],[-104.7941,38.8699],[-104.7775,38.8676],[-104.7572,38.8678],[-104.7571,38.8823],[-104.7741,38.8892],[-104.782,38.8892],[-104.7995,38.8735]]]}},{"type":"Feature","properties":{"GEOID":"08041003001","COUNTY":"041","NAME":null,"point_on_surface":{"lon":-104.832746,"lat":38.816603,"method":"largest-ring-centroid"}},"geometry":{"type":"Polygon","coordinates":[[[-104.8401,38.8246],[-104.8408,38.809],[-104.8223,38.8067],[-104.8223,38.815],[-104.835,38.8282],[-104.8406,38.8313],[-104.8401,38.8246]]]}},{"type":"Feature","properties":{"GEOID":"08041001902","COUNTY":"041","NAME":null,"point_on_surface":{"lon":-104.779595,"lat":38.845644,"method":"largest-ring-centroid"}},"geometry":{"type":"Polygon","coordinates":[[[-104.7844,38.8502],[-104.7826,38.8409],[-104.7759,38.8399],[-104.7758,38.8507],[-104.7844,38.8502]]]}},{"type":"Feature","properties":{"GEOID":"08041001901","COUNTY":"041","NAME":null,"point_on_surface":{"lon":-104.788864,"lat":38.845436,"method":"largest-ring-centroid"}},"geometry":{"type":"Polygon","coordinates":[[[-104.7942,38.847],[-104.7943,38.8409],[-104.7826,38.8409],[-104.7844,38.8502],[-104.7942,38.8503],[-104.7942,38.847]]]}},{"type":"Feature","properties":{"GEOID":"08041002801","COUNTY":"041","NAME":null,"point_on_surface":{"lon":-104.787773,"lat":38.821983,"method":"largest-ring-centroid"}},"geometry":{"type":"Polygon","coordinates":[[[-104.7945,38.8252],[-104.7978,38.8207],[-104.7806,38.8175],[-104.7805,38.8253],[-104.7945,38.8252]]]}},{"type":"Feature","properties":{"GEOID":"08041002401","COUNTY":"041","NAME":null,"point_on_surface":{"lon":-104.868102,"lat":38.835164,"method":"largest-ring-centroid"}},"geometry":{"type":"Polygon","coordinates":[[[-104.8792,38.8308],[-104.8592,38.8283],[-104.8665,38.8458],[-104.8792,38.8308]]]}},{"type":"Feature","properties":{"GEOID":"08041007106","COUNTY":"041","NAME":null,"point_on_surface":{"lon":-104.7292,"lat":38.966633,"method":"largest-ring-centroid"}},"geometry":{"type":"Polygon","coordinates":[[[-104.7273,38.9564],[-104.7165,38.9753],[-104.7438,38.9682],[-104.7273,38.9564]]]}},{"type":"Feature","properties":{"GEOID":"08041005120","COUNTY":"041","NAME":null,"point_on_surface":{"lon":-104.709114,"lat":38.918742,"method":"largest-ring-centroid"}},"geometry":{"type":"Polygon","coordinates":[[[-104.7195,38.9222],[-104.7195,38.9109],[-104.7107,38.9098],[-104.7017,38.9119],[-104.6953,38.9261],[-104.7195,38.926],[-104.7195,38.9222]]]}},{"type":"Feature","properties":{"GEOID":"08041003402","COUNTY":"041","NAME":null,"point_on_surface":{"lon":-104.97918,"lat":38.938259,"method":"largest-ring-centroid"}},"geometry":{"type":"Polygon","coordinates":[[[-105.0275,39.0196],[-105.0271,38.9553],[-104.9228,38.8678],[-104.9022,38.8678],[-105.0275,39.0196]]]}},{"type":"Feature","properties":{"GEOID":"08041003910","COUNTY":"041","NAME":null,"point_on_surface":{"lon":-104.218635,"lat":39.017397,"method":"largest-ring-centroid"}},"geometry":{"type":"Polygon","coordinates":[[[-104.167,39.1285],[-104.2937,39.0267],[-104.4785,39.0264],[-104.4787,38.9542],[-104.3863,38.9539],[-104.0534,38.9411],[-104.0516,39.1284],[-104.167,39.1285]]]}},{"type":"Feature","properties":{"GEOID":"08041007604","COUNTY":"041","NAME":null,"point_on_surface":{"lon":-104.688205,"lat":38.980145,"method":"largest-ring-centroid"}},"geometry":{"type":"Polygon","coordinates":[[[-104.7004,38.9838],[-104.701,38.9437],[-104.6634,38.9984],[-104.7003,38.9983],[-104.7004,38.9838]]]}},{"type":"Feature","properties":{"GEOID":"08041005125","COUNTY":"041","NAME":null,"point_on_surface":{"lon":-104.688318,"lat":38.925467,"method":"largest-ring-centroid"}},"geometry":{"type":"Polygon","coordinates":[[[-104.6953,38.9261],[-104.7017,38.9119],[-104.6829,38.9117],[-104.6782,38.9406],[-104.6902,38.9414],[-104.6953,38.9261]]]}},{"type":"Feature","properties":{"GEOID":"08041004404","COUNTY":"041","NAME":null,"point_on_surface":{"lon":-104.794533,"lat":38.726433,"method":"largest-ring-centroid"}},"geometry":{"type":"Polygon","coordinates":[[[-104.7929,38.7346],[-104.7991,38.721],[-104.7916,38.7237],[-104.7929,38.7346]]]}},{"type":"Feature","properties":{"GEOID":"08001009319","COUNTY":"001","NAME":null,"point_on_surface":{"lon":-105.015415,"lat":39.86165,"method":"largest-ring-centroid"}},"geometry":{"type":"Polygon","coordinates":[[[-105.025,39.8635],[-105.025,39.8599],[-105.006,39.8597],[-105.006,39.8635],[-105.025,39.8635]]]}},{"type":"Feature","properties":{"GEOID":"08071000200","COUNTY":"071","NAME":null,"point_on_surface":{"lon":-104.513571,"lat":37.167779,"method":"largest-ring-centroid"}},"geometry":{"type":"Polygon","coordinates":[[[-104.5075,37.1729],[-104.522,37.1623],[-104.5114,37.168],[-104.5075,37.1728],[-104.5075,37.1729]]]}},{"type":"Feature","properties":{"GEOID":"08071000500","COUNTY":"071","NAME":null,"point_on_surface":{"lon":-104.440833,"lat":37.129467,"method":"largest-ring-centroid"}},"geometry":{"type":"Polygon","coordinates":[[[-104.4452,37.0674],[-104.37,37.1487],[-104.5073,37.1723],[-104.4452,37.0674]]]}},{"type":"Feature","properties":{"GEOID":"08071000300","COUNTY":"071","NAME":null,"point_on_surface":{"lon":-104.862787,"lat":37.132639,"method":"largest-ring-centroid"}},"geometry":{"type":"Polygon","coordinates":[[[-105.1542,37.2931],[-105.155,36.9953],[-104.4806,36.9939],[-104.5114,37.168],[-104.522,37.1623],[-105.0284,37.3395],[-105.1542,37.2931]]]}},{"type":"Feature","properties":{"GEOID":"08071000400","COUNTY":"071","NAME":null,"point_on_surface":{"lon":-104.472517,"lat":37.063878,"method":"largest-ring-centroid"}},"geometry":{"type":"Polygon","coordinates":[[[-104.5114,37.168],[-104.4806,36.9939],[-104.434,36.9937],[-104.4452,37.0674],[-104.5075,37.1728],[-104.5114,37.168]]]}},{"type":"Feature","properties":{"GEOID":"08071000100","COUNTY":"071","NAME":null,"point_on_surface":{"lon":-104.70273,"lat":37.317044,"method":"largest-ring-centroid"}},"geometry":{"type":"Polygon","coordinates":[[[-105.0284,37.3395],[-104.522,37.1623],[-104.5075,37.1729],[-104.5084,37.2739],[-104.6699,37.495],[-104.7489,37.407],[-105.0284,37.3395]]]}},{"type":"Feature","properties":{"GEOID":"08119010110","COUNTY":"119","NAME":null,"point_on_surface":{"lon":-105.131891,"lat":38.879984,"method":"largest-ring-centroid"}},"geometry":{"type":"Polygon","coordinates":[[[-105.1856,38.9354],[-105.2592,38.8213],[-105.0725,38.805],[-105.0271,38.952],[-105.0889,38.9622],[-105.142,38.9487],[-105.1856,38.9354]]]}},{"type":"Feature","properties":{"GEOID":"08119010109","COUNTY":"119","NAME":null,"point_on_surface":{"lon":-105.271705,"lat":38.898487,"method":"largest-ring-centroid"}},"geometry":{"type":"Polygon","coordinates":[[[-105.3299,38.9607],[-105.3291,38.8575],[-105.2592,38.8213],[-105.1856,38.9354],[-105.3299,38.9607]]]}},{"type":"Feature","properties":{"GEOID":"08119010203","COUNTY":"119","NAME":null,"point_on_surface":{"lon":-105.137153,"lat":38.735286,"method":"largest-ring-centroid"}},"geometry":{"type":"Polygon","coordinates":[[[-105.3291,38.8575],[-105.329,38.6976],[-105.1904,38.6482],[-104.9422,38.6501],[-104.9398,38.7923],[-105.2592,38.8213],[-105.3291,38.8575]]]}},{"type":"Feature","properties":{"GEOID":"08119010107","COUNTY":"119","NAME":null,"point_on_surface":{"lon":-105.038999,"lat":38.990399,"method":"largest-ring-centroid"}},"geometry":{"type":"Polygon","coordinates":[[[-105.0275,39.0196],[-105.0624,38.9967],[-105.0271,38.9553],[-105.0275,39.0196]]]}},{"type":"Feature","properties":{"GEOID":"08119010108","COUNTY":"119","NAME":null,"point_on_surface":{"lon":-105.060865,"lat":39.026608,"method":"largest-ring-centroid"}},"geometry":{"type":"Polygon","coordinates":[[[-105.0279,39.0419],[-105.0922,39.0602],[-105.0725,38.9795],[-105.0624,38.9967],[-105.0275,39.0196],[-105.0279,39.0419]]]}},{"type":"Feature","properties":{"GEOID":"08119010112","COUNTY":"119","NAME":null,"point_on_surface":{"lon":-105.25113,"lat":38.961016,"method":"largest-ring-centroid"}},"geometry":{"type":"Polygon","coordinates":[[[-105.3295,38.9928],[-105.3299,38.9607],[-105.1856,38.9354],[-105.142,38.9487],[-105.3295,38.9928]]]}},{"type":"Feature","properties":{"GEOID":"08119010111","COUNTY":"119","NAME":null,"point_on_surface":{"lon":-105.187324,"lat":39.051498,"method":"largest-ring-centroid"}},"geometry":{"type":"Polygon","coordinates":[[[-105.3304,39.1295],[-105.3295,38.9928],[-105.142,38.9487],[-105.0889,38.9622],[-105.0725,38.9795],[-105.0922,39.0602],[-105.0279,39.0419],[-105.0335,39.1298],[-105.3294,39.1295],[-105.3304,39.1295]]]}},{"type":"Feature","properties":{"GEOID":"08011966702","COUNTY":"011","NAME":null,"point_on_surface":{"lon":-103.072152,"lat":37.954932,"method":"largest-ring-centroid"}},"geometry":{"type":"Polygon","coordinates":[[[-103.3986,38.0414],[-103.4043,37.6436],[-102.7476,37.6436],[-102.7417,38.097],[-102.7423,38.267],[-103.3999,38.2654],[-103.3986,38.0414]],[[-103.2213,38.0598],[-103.1886,38.0764],[-103.2008,38.0341],[-103.2213,38.0598]]]}},{"type":"Feature","properties":{"GEOID":"08011966701","COUNTY":"011","NAME":null,"point_on_surface":{"lon":-103.203567,"lat":38.056767,"method":"largest-ring-centroid"}},"geometry":{"type":"Polygon","coordinates":[[[-103.2213,38.0598],[-103.2008,38.0341],[-103.1886,38.0764],[-103.2213,38.0598]]]}},{"type":"Feature","properties":{"GEOID":"08123000401","COUNTY":"123","NAME":null,"point_on_surface":{"lon":-104.707157,"lat":40.408807,"method":"largest-ring-centroid"}},"geometry":{"type":"Polygon","coordinates":[[[-104.7159,40.4139],[-104.7159,40.4003],[-104.7067,40.4047],[-104.6966,40.4062],[-104.6963,40.4138],[-104.7159,40.4139]]]}},{"type":"Feature","properties":{"GEOID":"08123000300","COUNTY":"123","NAME":null,"point_on_surface":{"lon":-104.700067,"lat":40.4034,"method":"largest-ring-centroid"}},"geometry":{"type":"Polygon","coordinates":[[[-104.7067,40.4047],[-104.6969,40.3993],[-104.6966,40.4062],[-104.7067,40.4047]]]}},{"type":"Feature","properties":{"GEOID":"08123000402","COUNTY":"123","NAME":null,"point_on_surface":{"lon":-104.70613,"lat":40.41833,"method":"largest-ring-centroid"}},"geometry":{"type":"Polygon","coordinates":[[[-104.7159,40.423],[-104.7159,40.4139],[-104.6963,40.4138],[-104.6962,40.4226],[-104.7159,40.423]]]}},{"type":"Feature","properties":{"GEOID":"08031001000","COUNTY":"031","NAME":null,"point_on_surface":{"lon":-105.015926,"lat":39.717259,"method":"largest-ring-centroid"}},"geometry":{"type":"Polygon","coordinates":[[[-105.0251,39.7255],[-105.0251,39.7112],[-105.0001,39.7112],[-105.0158,39.7255],[-105.0251,39.7255]]]}},{"type":"Feature","properties":{"GEOID":"08031001101","COUNTY":"031","NAME":null,"point_on_surface":{"lon":-105.0047,"lat":39.77295,"method":"largest-ring-centroid"}},"geometry":{"type":"Polygon","coordinates":[[[-105.0112,39.7766],[-105.0112,39.7693],[-104.9982,39.7693],[-104.9982,39.7766],[-105.0112,39.7766]]]}},{"type":"Feature","properties":{"GEOID":"08031001102","COUNTY":"031","NAME":null,"point_on_surface":{"lon":-105.005926,"lat":39.763165,"method":"largest-ring-centroid"}},"geometry":{"type":"Polygon","coordinates":[[[-105.0112,39.762],[-105.0127,39.7554],[-105.0095,39.7539],[-105.0029,39.7606],[-104.9984,39.7621],[-104.9982,39.7693],[-105.0112,39.7693],[-105.0112,39.762]]]}},{"type":"Feature","properties":{"GEOID":"08013012904","COUNTY":"013","NAME":null,"point_on_surface":{"lon":-105.115057,"lat":39.993586,"method":"largest-ring-centroid"}},"geometry":{"type":"Polygon","coordinates":[[[-105.1311,40.0002],[-105.1278,39.987],[-105.0985,39.9871],[-105.103,40.0002],[-105.1311,40.0002]]]}},{"type":"Feature","properties":{"GEOID":"08013012905","COUNTY":"013","NAME":null,"point_on_surface":{"lon":-105.095643,"lat":39.994091,"method":"largest-ring-centroid"}},"geometry":{"type":"Polygon","coordinates":[[[-105.1028,40.0002],[-105.0985,39.9871],[-105.0905,39.987],[-105.0905,40.0002],[-105.1028,40.0002]]]}},{"type":"Feature","properties":{"GEOID":"08013060900","COUNTY":"013","NAME":null,"point_on_surface":{"lon":-105.107484,"lat":39.973963,"method":"largest-ring-centroid"}},"geometry":{"type":"Polygon","coordinates":[[[-105.1278,39.9772],[-105.1265,39.9704],[-105.1074,39.9579],[-105.091,39.9578],[-105.0905,39.987],[-105.1278,39.987],[-105.1278,39.9772]]]}},{"type":"Feature","properties":{"GEOID":"08013012907","COUNTY":"013","NAME":null,"point_on_surface":{"lon":-105.079284,"lat":40.007569,"method":"largest-ring-centroid"}},"geometry":{"type":"Polygon","coordinates":[[[-105.1029,40.015],[-105.103,40.0002],[-105.0555,40.0003],[-105.0554,40.0148],[-105.1029,40.015]]]}},{"type":"Feature","properties":{"GEOID":"08013013003","COUNTY":"013","NAME":null,"point_on_surface":{"lon":-105.150999,"lat":40.001415,"method":"largest-ring-centroid"}},"geometry":{"type":"Polygon","coordinates":[[[-105.1783,40.0146],[-105.1643,39.9869],[-105.1278,39.987],[-105.1311,40.0002],[-105.1311,40.0147],[-105.1783,40.0146]]]}},{"type":"Feature","properties":{"GEOID":"08031003603","COUNTY":"031","NAME":null,"point_on_surface":{"lon":-104.950208,"lat":39.7564,"method":"largest-ring-centroid"}},"geometry":{"type":"Polygon","coordinates":[[[-104.9597,39.762],[-104.9598,39.7507],[-104.9406,39.751],[-104.9407,39.7619],[-104.9597,39.762]]]}},{"type":"Feature","properties":{"GEOID":"08049000205","COUNTY":"049","NAME":null,"point_on_surface":{"lon":-105.977922,"lat":40.017253,"method":"largest-ring-centroid"}},"geometry":{"type":"Polygon","coordinates":[[[-105.9814,40.1088],[-106.1362,40.0563],[-105.9723,39.9364],[-105.8198,39.9555],[-105.9814,40.1088]]]}},{"type":"Feature","properties":{"GEOID":"08049000207","COUNTY":"049","NAME":null,"point_on_surface":{"lon":-105.83341,"lat":40.205243,"method":"largest-ring-centroid"}},"geometry":{"type":"Polygon","coordinates":[[[-106.0898,40.3501],[-105.9814,40.1088],[-105.8198,39.9555],[-105.8185,39.9519],[-105.6903,39.9698],[-105.6528,40.0238],[-105.6486,40.062],[-105.6533,40.2605],[-105.8225,40.4768],[-105.8549,40.4862],[-105.9597,40.3481],[-106.0898,40.3501]],[[-105.8415,40.2071],[-105.8831,40.1695],[-105.8505,40.2771],[-105.8415,40.2071]]]}},{"type":"Feature","properties":{"GEOID":"08049000204","COUNTY":"049","NAME":null,"point_on_surface":{"lon":-105.86501,"lat":39.876266,"method":"largest-ring-centroid"}},"geometry":{"type":"Polygon","coordinates":[[[-105.8198,39.9555],[-105.9723,39.9364],[-105.8876,39.7966],[-105.777,39.7981],[-105.8185,39.9519],[-105.8198,39.9555]]]}},{"type":"Feature","properties":{"GEOID":"08049000203","COUNTY":"049","NAME":null,"point_on_surface":{"lon":-105.743987,"lat":39.894413,"method":"largest-ring-centroid"}},"geometry":{"type":"Polygon","coordinates":[[[-105.8185,39.9519],[-105.777,39.7981],[-105.7241,39.819],[-105.6903,39.852],[-105.6758,39.9325],[-105.6903,39.9698],[-105.8185,39.9519]]]}},{"type":"Feature","properties":{"GEOID":"08049000206","COUNTY":"049","NAME":null,"point_on_surface":{"lon":-105.858367,"lat":40.2179,"method":"largest-ring-centroid"}},"geometry":{"type":"Polygon","coordinates":[[[-105.8415,40.2071],[-105.8505,40.2771],[-105.8831,40.1695],[-105.8415,40.2071]]]}},{"type":"Feature","properties":{"GEOID":"08101001900","COUNTY":"101","NAME":null,"point_on_surface":{"lon":-104.623227,"lat":38.25469,"method":"largest-ring-centroid"}},"geometry":{"type":"Polygon","coordinates":[[[-104.6301,38.2549],[-104.6301,38.2514],[-104.6231,38.2495],[-104.6149,38.255],[-104.6224,38.2608],[-104.6301,38.2549]]]}},{"type":"Feature","properties":{"GEOID":"08101002000","COUNTY":"101","NAME":null,"point_on_surface":{"lon":-104.610308,"lat":38.250073,"method":"largest-ring-centroid"}},"geometry":{"type":"Polygon","coordinates":[[[-104.6231,38.2495],[-104.623,38.246],[-104.6118,38.2441],[-104.5923,38.2529],[-104.6149,38.255],[-104.6231,38.2495]]]}},{"type":"Feature","properties":{"GEOID":"08101002100","COUNTY":"101","NAME":null,"point_on_surface":{"lon":-104.617764,"lat":38.241877,"method":"largest-ring-centroid"}},"geometry":{"type":"Polygon","coordinates":[[[-104.6232,38.2406],[-104.623,38.2386],[-104.6118,38.2388],[-104.6118,38.2441],[-104.623,38.246],[-104.6232,38.2406]]]}},{"type":"Feature","properties":{"GEOID":"08101002200","COUNTY":"101","NAME":null,"point_on_surface":{"lon":-104.615141,"lat":38.232578,"method":"largest-ring-centroid"}},"geometry":{"type":"Polygon","coordinates":[[[-104.6186,38.2386],[-104.6154,38.2217],[-104.6118,38.2388],[-104.6186,38.2386]]]}},{"type":"Feature","properties":{"GEOID":"08101000904","COUNTY":"101","NAME":null,"point_on_surface":{"lon":-104.594676,"lat":38.29851,"method":"largest-ring-centroid"}},"geometry":{"type":"Polygon","coordinates":[[[-104.6041,38.3035],[-104.602,38.2877],[-104.5971,38.2867],[-104.5811,38.3038],[-104.591,38.3079],[-104.6041,38.3035]]]}},{"type":"Feature","properties":{"GEOID":"08101000905","COUNTY":"101","NAME":null,"point_on_surface":{"lon":-104.599566,"lat":38.306233,"method":"largest-ring-centroid"}},"geometry":{"type":"Polygon","coordinates":[[[-104.6036,38.3073],[-104.6041,38.3035],[-104.591,38.3079],[-104.6036,38.3073]]]}},{"type":"Feature","properties":{"GEOID":"08101001200","COUNTY":"101","NAME":null,"point_on_surface":{"lon":-104.587039,"lat":38.266506,"method":"largest-ring-centroid"}},"geometry":{"type":"Polygon","coordinates":[[[-104.601,38.2699],[-104.5927,38.2582],[-104.5673,38.2718],[-104.589,38.2702],[-104.601,38.2699]]]}},{"type":"Feature","properties":{"GEOID":"08005081200","COUNTY":"005","NAME":null,"point_on_surface":{"lon":-104.824226,"lat":39.689435,"method":"largest-ring-centroid"}},"geometry":{"type":"Polygon","coordinates":[[[-104.8295,39.6966],[-104.8289,39.6821],[-104.8193,39.6821],[-104.8192,39.6966],[-104.8295,39.6966]]]}},{"type":"Feature","properties":{"GEOID":"08005007101","COUNTY":"005","NAME":null,"point_on_surface":{"lon":-104.069545,"lat":39.651694,"method":"largest-ring-centroid"}},"geometry":{"type":"Polygon","coordinates":[[[-104.4337,39.6365],[-104.4429,39.5638],[-103.7071,39.5663],[-103.7065,39.7399],[-104.4208,39.7381],[-104.4337,39.6365]]]}},{"type":"Feature","properties":{"GEOID":"08005007500","COUNTY":"005","NAME":null,"point_on_surface":{"lon":-104.840833,"lat":39.7337,"method":"largest-ring-centroid"}},"geometry":{"type":"Polygon","coordinates":[[[-104.8471,39.7361],[-104.8472,39.7289],[-104.8282,39.7361],[-104.8471,39.7361]]]}},{"type":"Feature","properties":{"GEOID":"08075966200","COUNTY":"075","NAME":null,"point_on_surface":{"lon":-103.17272,"lat":40.656668,"method":"largest-ring-centroid"}},"geometry":{"type":"Polygon","coordinates":[[[-103.1603,40.6847],[-103.2115,40.6255],[-103.186,40.6183],[-103.1243,40.7168],[-103.1603,40.6847]]]}},{"type":"Feature","properties":{"GEOID":"08075966000","COUNTY":"075","NAME":null,"point_on_surface":{"lon":-103.372674,"lat":40.670753,"method":"largest-ring-centroid"}},"geometry":{"type":"Polygon","coordinates":[[[-103.5737,40.8911],[-103.5818,40.5234],[-103.4654,40.4363],[-103.2266,40.4361],[-103.2354,40.5642],[-103.3157,40.5855],[-103.203,40.682],[-103.1603,40.6847],[-103.1243,40.7168],[-103.0558,40.7475],[-103.0813,40.8657],[-103.1911,40.8187],[-103.5737,40.8911]]]}},{"type":"Feature","properties":{"GEOID":"08075966400","COUNTY":"075","NAME":null,"point_on_surface":{"lon":-102.906197,"lat":40.61565,"method":"largest-ring-centroid"}},"geometry":{"type":"Polygon","coordinates":[[[-103.2354,40.5642],[-103.2266,40.4361],[-102.6648,40.4385],[-102.6513,40.7494],[-102.6521,40.8846],[-103.0558,40.7475],[-103.1243,40.7168],[-103.186,40.6183],[-103.2354,40.5642]]]}},{"type":"Feature","properties":{"GEOID":"08075966300","COUNTY":"075","NAME":null,"point_on_surface":{"lon":-103.243583,"lat":40.594157,"method":"largest-ring-centroid"}},"geometry":{"type":"Polygon","coordinates":[[[-103.3157,40.5855],[-103.2354,40.5642],[-103.186,40.6183],[-103.2115,40.6255],[-103.2333,40.6161],[-103.3157,40.5855]]]}},{"type":"Feature","properties":{"GEOID":"08075965900","COUNTY":"075","NAME":null,"point_on_surface":{"lon":-103.092966,"lat":40.914684,"method":"largest-ring-centroid"}},"geometry":{"type":"Polygon","coordinates":[[[-103.5738,41.0017],[-103.5737,40.8911],[-103.1911,40.8187],[-103.0813,40.8657],[-103.0558,40.7475],[-102.6521,40.8846],[-102.6535,41.0023],[-103.5738,41.0017]]]}},{"type":"Feature","properties":{"GEOID":"08101001800","COUNTY":"101","NAME":null,"point_on_surface":{"lon":-104.637841,"lat":38.255464,"method":"largest-ring-centroid"}},"geometry":{"type":"Polygon","coordinates":[[[-104.6398,38.2621],[-104.6439,38.2585],[-104.6439,38.2513],[-104.6301,38.2514],[-104.6301,38.2549],[-104.6398,38.2621]]]}},{"type":"Feature","properties":{"GEOID":"08041003906","COUNTY":"041","NAME":null,"point_on_surface":{"lon":-104.784163,"lat":38.951703,"method":"largest-ring-centroid"}},"geometry":{"type":"Polygon","coordinates":[[[-104.8058,38.9509],[-104.7751,38.9418],[-104.7644,38.9569],[-104.7985,38.9587],[-104.8058,38.9509]]]}},{"type":"Feature","properties":{"GEOID":"08041004703","COUNTY":"041","NAME":null,"point_on_surface":{"lon":-104.764163,"lat":38.921363,"method":"largest-ring-centroid"}},"geometry":{"type":"Polygon","coordinates":[[[-104.7751,38.9258],[-104.7753,38.914],[-104.7639,38.9156],[-104.7477,38.9234],[-104.752,38.9268],[-104.7751,38.9258]]]}},{"type":"Feature","properties":{"GEOID":"08041004800","COUNTY":"041","NAME":null,"point_on_surface":{"lon":-104.772935,"lat":38.909895,"method":"largest-ring-centroid"}},"geometry":{"type":"Polygon","coordinates":[[[-104.788,38.9121],[-104.768,38.9014],[-104.7601,38.9131],[-104.7639,38.9156],[-104.7753,38.914],[-104.7873,38.9149],[-104.788,38.9121]]]}},{"type":"Feature","properties":{"GEOID":"08031000905","COUNTY":"031","NAME":null,"point_on_surface":{"lon":-105.031965,"lat":39.730417,"method":"largest-ring-centroid"}},"geometry":{"type":"Polygon","coordinates":[[[-105.0393,39.7343],[-105.0395,39.7257],[-105.0251,39.7255],[-105.0252,39.7366],[-105.0322,39.735],[-105.0393,39.7343]]]}},{"type":"Feature","properties":{"GEOID":"08014030500","COUNTY":"014","NAME":null,"point_on_surface":{"lon":-105.043643,"lat":39.943156,"method":"largest-ring-centroid"}},"geometry":{"type":"Polygon","coordinates":[[[-105.0531,39.9319],[-105.0531,39.9287],[-105.0344,39.9287],[-105.0343,39.9577],[-105.0527,39.9577],[-105.0529,39.9432],[-105.0531,39.9319]]]}},{"type":"Feature","properties":{"GEOID":"08014031000","COUNTY":"014","NAME":null,"point_on_surface":{"lon":-105.024989,"lat":39.950425,"method":"largest-ring-centroid"}},"geometry":{"type":"Polygon","coordinates":[[[-105.0344,39.9432],[-105.0157,39.9431],[-105.0156,39.9577],[-105.0343,39.9577],[-105.0344,39.9432]]]}},{"type":"Feature","properties":{"GEOID":"08041005201","COUNTY":"041","NAME":null,"point_on_surface":{"lon":-104.773637,"lat":38.819353,"method":"largest-ring-centroid"}},"geometry":{"type":"Polygon","coordinates":[[[-104.7805,38.8253],[-104.7803,38.8155],[-104.7713,38.812],[-104.7663,38.8152],[-104.7681,38.8254],[-104.7805,38.8253]]]}},{"type":"Feature","properties":{"GEOID":"08059012055","COUNTY":"059","NAME":null,"point_on_surface":{"lon":-105.075907,"lat":39.56938,"method":"largest-ring-centroid"}},"geometry":{"type":"Polygon","coordinates":[[[-105.0728,39.5807],[-105.0872,39.5807],[-105.0828,39.5662],[-105.085,39.5541],[-105.0611,39.5663],[-105.0728,39.5807]]]}},{"type":"Feature","properties":{"GEOID":"08059012057","COUNTY":"059","NAME":null,"point_on_surface":{"lon":-105.10083,"lat":39.560537,"method":"largest-ring-centroid"}},"geometry":{"type":"Polygon","coordinates":[[[-105.1102,39.5696],[-105.1212,39.5544],[-105.085,39.5541],[-105.0828,39.5662],[-105.0953,39.5662],[-105.1102,39.5696]]]}},{"type":"Feature","properties":{"GEOID":"08059012026","COUNTY":"059","NAME":null,"point_on_surface":{"lon":-105.297623,"lat":39.613816,"method":"largest-ring-centroid"}},"geometry":{"type":"Polygon","coordinates":[[[-105.321,39.6324],[-105.3234,39.6195],[-105.3057,39.5805],[-105.2681,39.5889],[-105.2944,39.6558],[-105.321,39.6324]]]}},{"type":"Feature","properties":{"GEOID":"08041001600","COUNTY":"041","NAME":null,"point_on_surface":{"lon":-104.824723,"lat":38.844535,"method":"largest-ring-centroid"}},"geometry":{"type":"Polygon","coordinates":[[[-104.8207,38.8506],[-104.8323,38.8507],[-104.8304,38.8369],[-104.8178,38.8394],[-104.8173,38.8505],[-104.8207,38.8506]]]}},{"type":"Feature","properties":{"GEOID":"08041001700","COUNTY":"041","NAME":null,"point_on_surface":{"lon":-104.813883,"lat":38.844779,"method":"largest-ring-centroid"}},"geometry":{"type":"Polygon","coordinates":[[[-104.8173,38.8505],[-104.8178,38.8394],[-104.8104,38.8391],[-104.8101,38.8502],[-104.8173,38.8505]]]}},{"type":"Feature","properties":{"GEOID":"08059012036","COUNTY":"059","NAME":null,"point_on_surface":{"lon":-105.177386,"lat":39.496995,"method":"largest-ring-centroid"}},"geometry":{"type":"Polygon","coordinates":[[[-105.3057,39.5202],[-105.3067,39.5122],[-105.171,39.4078],[-105.127,39.4782],[-105.0933,39.4881],[-105.0644,39.5543],[-105.0486,39.5661],[-105.0611,39.5663],[-105.085,39.5541],[-105.1212,39.5544],[-105.187,39.5373],[-105.3057,39.5202]]]}},{"type":"Feature","properties":{"GEOID":"08037000100","COUNTY":"037","NAME":null,"point_on_surface":{"lon":-106.794107,"lat":39.807992,"method":"largest-ring-centroid"}},"geometry":{"type":"Polygon","coordinates":[[[-107.034,39.9189],[-107.1137,39.9191],[-107.1139,39.6242],[-107.0625,39.64],[-106.8748,39.6527],[-106.8109,39.749],[-106.6786,39.7291],[-106.5571,39.7877],[-106.422,39.7102],[-106.3653,39.7529],[-106.4345,39.9249],[-106.6266,39.9248],[-107.034,39.9189]]]}},{"type":"Feature","properties":{"GEOID":"08037000600","COUNTY":"037","NAME":null,"point_on_surface":{"lon":-106.374581,"lat":39.475124,"method":"largest-ring-centroid"}},"geometry":{"type":"Polygon","coordinates":[[[-106.5341,39.5098],[-106.5644,39.4354],[-106.5092,39.3623],[-106.4265,39.3619],[-106.2067,39.3796],[-106.216,39.5317],[-106.2719,39.5998],[-106.358,39.6052],[-106.4336,39.5965],[-106.508,39.5355],[-106.5341,39.5098]]]}},{"type":"Feature","properties":{"GEOID":"08037000200","COUNTY":"037","NAME":null,"point_on_surface":{"lon":-106.901336,"lat":39.532676,"method":"largest-ring-centroid"}},"geometry":{"type":"Polygon","coordinates":[[[-106.8748,39.6527],[-107.0625,39.64],[-106.9759,39.4843],[-106.8432,39.4218],[-106.6855,39.4415],[-106.7285,39.4708],[-106.8899,39.5546],[-106.8763,39.6462],[-106.8748,39.6527]]]}}]}