{"type":"FeatureCollection","features":[{"type":"Feature","geometry":{"type":"Polygon","coordinates":[[[-105.0815,39.7256],[-105.0815,39.7185],[-105.0533,39.7184],[-105.0533,39.7258],[-105.0627,39.7257],[-105.0815,39.7256]]]},"properties":{"GEOID":"08059011601","AREALAND":"1924279","AREAWATER":"5499"}},{"type":"Feature","geometry":{"type":"Polygon","coordinates":[[[-105.0815,39.7185],[-105.0815,39.711],[-105.0721,39.7111],[-105.0533,39.7113],[-105.0533,39.7184],[-105.0815,39.7185]]]},"properties":{"GEOID":"08059011602","AREALAND":"1984653","AREAWATER":"0"}},{"type":"Feature","geometry":{"type":"Polygon","coordinates":[[[-105.1123,39.6966],[-105.1004,39.6965],[-105.0815,39.6966],[-105.0815,39.7011],[-105.0815,39.7056],[-105.0815,39.711],[-105.1097,39.711],[-105.1099,39.7004],[-105.1123,39.6966]]]},"properties":{"GEOID":"08059011701","AREALAND":"3858316","AREAWATER":"76726"}},{"type":"Feature","geometry":{"type":"Polygon","coordinates":[[[-105.1329,39.7096],[-105.1294,39.6965],[-105.1099,39.7004],[-105.1097,39.711],[-105.1305,39.7106],[-105.1329,39.7096]]]},"properties":{"GEOID":"08059011708","AREALAND":"2507801","AREAWATER":"0"}},{"type":"Feature","geometry":{"type":"Polygon","coordinates":[[[-105.1294,39.6965],[-105.1286,39.6874],[-105.1294,39.6821],[-105.1203,39.6821],[-105.1123,39.6966],[-105.1099,39.7004],[-105.1294,39.6965]]]},"properties":{"GEOID":"08059011709","AREALAND":"1776073","AREAWATER":"173085"}},{"type":"Feature","geometry":{"type":"Polygon","coordinates":[[[-105.1123,39.6966],[-105.1203,39.6821],[-105.1097,39.6821],[-105.1002,39.6822],[-105.1004,39.6965],[-105.1123,39.6966]]]},"properties":{"GEOID":"08059011710","AREALAND":"1933466","AREAWATER":"391218"}},{"type":"Feature","geometry":{"type":"Polygon","coordinates":[[[-105.1485,39.6933],[-105.1286,39.6874],[-105.1294,39.6965],[-105.1329,39.7096],[-105.1472,39.6947],[-105.1485,39.6933]]]},"properties":{"GEOID":"08059011711","AREALAND":"2169927","AREAWATER":"0"}},{"type":"Feature","geometry":{"type":"Polygon","coordinates":[[[-105.1485,39.6933],[-105.1608,39.6814],[-105.1435,39.6798],[-105.1294,39.6821],[-105.1286,39.6874],[-105.1485,39.6933]]]},"properties":{"GEOID":"08059011712","AREALAND":"2427631","AREAWATER":"0"}},{"type":"Feature","geometry":{"type":"Polygon","coordinates":[[[-104.82,39.6531],[-104.8197,39.6385],[-104.8103,39.6385],[-104.81,39.6531],[-104.82,39.6531]]]},"properties":{"GEOID":"08005083800","AREALAND":"1293770","AREAWATER":"0"}},{"type":"Feature","geometry":{"type":"Polygon","coordinates":[[[-104.9317,39.7002],[-104.934,39.6966],[-104.9317,39.6966],[-104.9282,39.6966],[-104.9317,39.7002]]]},"properties":{"GEOID":"08005004951","AREALAND":"149488","AREAWATER":"5724"}},{"type":"Feature","geometry":{"type":"Polygon","coordinates":[[[-104.7955,39.5696],[-104.7911,39.566],[-104.7852,39.5659],[-104.7663,39.5659],[-104.72,39.5807],[-104.7185,39.5897],[-104.7415,39.5953],[-104.7447,39.5952],[-104.732,39.5804],[-104.7955,39.5696]]]},"properties":{"GEOID":"08005086500","AREALAND":"6105791","AREAWATER":"0"}},{"type":"Feature","geometry":{"type":"Polygon","coordinates":[[[-104.8472,39.6821],[-104.8473,39.6748],[-104.8289,39.6749],[-104.8289,39.6821],[-104.8472,39.6821]]]},"properties":{"GEOID":"08005080600","AREALAND":"1254777","AREAWATER":"0"}},{"type":"Feature","geometry":{"type":"Polygon","coordinates":[[[-104.7163,39.6386],[-104.7166,39.6137],[-104.697,39.6095],[-104.6803,39.6105],[-104.6607,39.5941],[-104.6608,39.5744],[-104.6421,39.5659],[-104.4429,39.5638],[-104.445,39.6035],[-104.4337,39.6365],[-104.6038,39.6382],[-104.6253,39.6384],[-104.7163,39.6386]]]},"properties":{"GEOID":"08005007106","AREALAND":"166810191","AREAWATER":"80408"}},{"type":"Feature","geometry":{"type":"Polygon","coordinates":[[[-105.0253,39.6568],[-105.0322,39.6533],[-105.0062,39.6537],[-105.0038,39.6605],[-105.0044,39.6605],[-105.0157,39.6787],[-105.0253,39.6568]]]},"properties":{"GEOID":"08005005551","AREALAND":"3105120","AREAWATER":"7882"}},{"type":"Feature","geometry":{"type":"Polygon","coordinates":[[[-104.9603,39.5806],[-104.9605,39.5661],[-104.9419,39.566],[-104.9417,39.566],[-104.9416,39.5806],[-104.9603,39.5806]]]},"properties":{"GEOID":"08005005630","AREALAND":"2583009","AREAWATER":"12972"}},{"type":"Feature","geometry":{"type":"Polygon","coordinates":[[[-105.0336,39.6533],[-105.03,39.6422],[-105.0152,39.6423],[-105.0062,39.6537],[-105.0322,39.6533],[-105.0336,39.6533]]]},"properties":{"GEOID":"08005005552","AREALAND":"2103423","AREAWATER":"62055"}},{"type":"Feature","geometry":{"type":"Polygon","coordinates":[[[-105.0348,39.6278],[-105.0302,39.6241],[-105.0183,39.6242],[-105.0147,39.6319],[-105.0152,39.6423],[-105.03,39.6422],[-105.0347,39.6386],[-105.0348,39.6278]]]},"properties":{"GEOID":"08005005553","AREALAND":"2464731","AREAWATER":"147866"}},{"type":"Feature","geometry":{"type":"Polygon","coordinates":[[[-104.9882,39.6028],[-104.9883,39.5951],[-104.9751,39.5951],[-104.9602,39.5952],[-104.96,39.6097],[-104.9881,39.6096],[-104.9882,39.6028]]]},"properties":{"GEOID":"08005005611","AREALAND":"4013230","AREAWATER":"2002"}},{"type":"Feature","geometry":{"type":"Polygon","coordinates":[[[-109.0455,37.2399],[-109.0452,36.999],[-108.739,36.9988],[-108.3793,36.9996],[-108.3718,37.0291],[-108.3554,37.0256],[-108.3468,37.0481],[-108.3348,37.0542],[-108.3211,37.0971],[-108.3106,37.1046],[-108.3105,37.1285],[-108.2906,37.1458],[-108.2974,37.1712],[-108.2952,37.215],[-108.4456,37.2159],[-108.4459,37.1565],[-108.5446,37.1565],[-108.5449,37.2157],[-108.5543,37.2157],[-108.5546,37.2656],[-108.6093,37.2655],[-108.6184,37.2517],[-108.6371,37.2479],[-108.6457,37.2164],[-108.7274,37.2166],[-108.719,37.242],[-108.6967,37.2419],[-108.7012,37.2663],[-108.6876,37.2702],[-108.6828,37.3169],[-108.6921,37.3169],[-108.684,37.3405],[-108.7056,37.3377],[-108.7241,37.3337],[-108.7577,37.338],[-108.7665,37.3269],[-108.8192,37.3272],[-108.8221,37.313],[-108.8641,37.3169],[-108.8584,37.3274],[-108.8857,37.3237],[-108.9,37.3067],[-108.9161,37.3066],[-108.9163,37.2689],[-108.9245,37.2687],[-108.9253,37.2406],[-109.0455,37.2399]]]},"properties":{"GEOID":"08083941100","AREALAND":"1799391538","AREAWATER":"347405"}},{"type":"Feature","geometry":{"type":"Polygon","coordinates":[[[-108.54,39.1117],[-108.5524,39.0919],[-108.5152,39.0918],[-108.5111,39.1081],[-108.54,39.1117]]]},"properties":{"GEOID":"08077001001","AREALAND":"5368420","AREAWATER":"0"}},{"type":"Feature","geometry":{"type":"Polygon","coordinates":[[[-108.7383,39.1414],[-108.7245,39.1207],[-108.6827,39.0849],[-108.6639,39.0742],[-108.6346,39.0781],[-108.6253,39.0881],[-108.6602,39.1088],[-108.6801,39.1226],[-108.6952,39.1184],[-108.7187,39.1294],[-108.7383,39.1414]]]},"properties":{"GEOID":"08077001402","AREALAND":"24014147","AREAWATER":"970297"}},{"type":"Feature","geometry":{"type":"Polygon","coordinates":[[[-108.5074,39.2334],[-108.5384,39.1949],[-108.5717,39.1713],[-108.5895,39.1427],[-108.6267,39.1498],[-108.644,39.1122],[-108.5895,39.1138],[-108.54,39.1117],[-108.5111,39.1081],[-108.4967,39.1076],[-108.4816,39.105],[-108.4681,39.1334],[-108.4691,39.1583],[-108.4594,39.1621],[-108.4745,39.2005],[-108.5074,39.2334]]]},"properties":{"GEOID":"08077001600","AREALAND":"113708380","AREAWATER":"0"}},{"type":"Feature","geometry":{"type":"Polygon","coordinates":[[[-108.4967,39.1076],[-108.4966,39.0918],[-108.4966,39.0778],[-108.4778,39.0817],[-108.4816,39.105],[-108.4967,39.1076]]]},"properties":{"GEOID":"08077001102","AREALAND":"4494618","AREAWATER":"0"}},{"type":"Feature","geometry":{"type":"Polygon","coordinates":[[[-108.6827,39.0849],[-108.6544,39.0487],[-108.6364,39.036],[-108.6043,39.0517],[-108.6064,39.0662],[-108.6346,39.0781],[-108.6639,39.0742],[-108.6827,39.0849]]]},"properties":{"GEOID":"08077001404","AREALAND":"16193150","AREAWATER":"0"}},{"type":"Feature","geometry":{"type":"Polygon","coordinates":[[[-104.9881,39.6132],[-104.9881,39.6096],[-104.96,39.6097],[-104.9598,39.6242],[-104.9786,39.6241],[-104.988,39.6241],[-104.9881,39.6132]]]},"properties":{"GEOID":"08005005612","AREALAND":"3875703","AREAWATER":"7516"}},{"type":"Feature","geometry":{"type":"Polygon","coordinates":[[[-104.96,39.6097],[-104.9602,39.5952],[-104.9414,39.5952],[-104.9506,39.6097],[-104.96,39.6097]]]},"properties":{"GEOID":"08005005614","AREALAND":"2327960","AREAWATER":"0"}},{"type":"Feature","geometry":{"type":"Polygon","coordinates":[[[-105.0535,39.6209],[-105.0536,39.6097],[-105.0375,39.6096],[-105.0278,39.6124],[-105.0302,39.6241],[-105.0348,39.6278],[-105.0534,39.6315],[-105.0535,39.6295],[-105.0535,39.6209]]]},"properties":{"GEOID":"08005005619","AREALAND":"3813635","AREAWATER":"453882"}},{"type":"Feature","geometry":{"type":"Polygon","coordinates":[[[-105.0302,39.6241],[-105.0278,39.6124],[-105.0252,39.6132],[-105.0183,39.6242],[-105.0302,39.6241]]]},"properties":{"GEOID":"08005005620","AREALAND":"983598","AREAWATER":"54536"}},{"type":"Feature","geometry":{"type":"Polygon","coordinates":[[[-105.0064,39.791],[-104.9978,39.791],[-104.9888,39.791],[-104.9832,39.828],[-104.9874,39.8277],[-105.006,39.8308],[-105.0062,39.8309],[-105.0062,39.8273],[-105.0063,39.8015],[-105.0064,39.791]]]},"properties":{"GEOID":"08001009553","AREALAND":"7630947","AREAWATER":"111055"}},{"type":"Feature","geometry":{"type":"Polygon","coordinates":[[[-105.054,39.5807],[-105.054,39.5758],[-105.0375,39.6096],[-105.0536,39.6097],[-105.0537,39.5952],[-105.054,39.5807]]]},"properties":{"GEOID":"08005005621","AREALAND":"2594389","AREAWATER":"19519"}},{"type":"Feature","geometry":{"type":"Polygon","coordinates":[[[-104.8101,38.8475],[-104.8104,38.8391],[-104.808,38.8391],[-104.7944,38.8386],[-104.7943,38.8409],[-104.7942,38.847],[-104.8101,38.8475]]]},"properties":{"GEOID":"08041001800","AREALAND":"1281858","AREAWATER":"0"}},{"type":"Feature","geometry":{"type":"Polygon","coordinates":[[[-108.4579,39.0879],[-108.4595,39.0773],[-108.43,39.0809],[-108.427,39.1062],[-108.4443,39.1054],[-108.4579,39.0879]]]},"properties":{"GEOID":"08077001705","AREALAND":"6751056","AREAWATER":"0"}},{"type":"Feature","geometry":{"type":"Polygon","coordinates":[[[-104.8135,40.4213],[-104.8133,40.4068],[-104.7751,40.4068],[-104.7752,40.4213],[-104.8135,40.4213]]]},"properties":{"GEOID":"08123001412","AREALAND":"5245954","AREAWATER":"0"}},{"type":"Feature","geometry":{"type":"Polygon","coordinates":[[[-104.7563,40.4069],[-104.7562,40.3923],[-104.735,40.3924],[-104.7351,40.4065],[-104.7563,40.4069]]]},"properties":{"GEOID":"08123001409","AREALAND":"2872639","AREAWATER":"0"}},{"type":"Feature","geometry":{"type":"Polygon","coordinates":[[[-105.1092,39.9566],[-105.091,39.9578],[-105.1074,39.9579],[-105.1092,39.9566]]]},"properties":{"GEOID":"08014980100","AREALAND":"111951","AREAWATER":"0"}},{"type":"Feature","geometry":{"type":"Polygon","coordinates":[[[-105.1096,39.7751],[-105.1096,39.762],[-105.1096,39.7547],[-105.0814,39.7548],[-105.0814,39.7694],[-105.0814,39.7766],[-105.0814,39.7844],[-105.0814,39.7845],[-105.1096,39.7751]]]},"properties":{"GEOID":"08059010502","AREALAND":"5946653","AREAWATER":"295053"}},{"type":"Feature","geometry":{"type":"Polygon","coordinates":[[[-105.1434,39.7735],[-105.1432,39.7619],[-105.1096,39.762],[-105.1096,39.7751],[-105.1434,39.7735]]]},"properties":{"GEOID":"08059010503","AREALAND":"3968200","AREAWATER":"107552"}},{"type":"Feature","geometry":{"type":"Polygon","coordinates":[[[-105.1432,39.7619],[-105.1456,39.7546],[-105.1424,39.7545],[-105.1096,39.7547],[-105.1096,39.762],[-105.1432,39.7619]]]},"properties":{"GEOID":"08059010504","AREALAND":"2313155","AREAWATER":"4975"}},{"type":"Feature","geometry":{"type":"Polygon","coordinates":[[[-105.0814,39.7844],[-105.0814,39.7766],[-105.0533,39.7766],[-105.0532,39.7837],[-105.0627,39.7839],[-105.0743,39.7858],[-105.0814,39.7844],[-105.0814,39.7845],[-105.0814,39.7844]]]},"properties":{"GEOID":"08059010604","AREALAND":"1875430","AREAWATER":"157267"}},{"type":"Feature","geometry":{"type":"Polygon","coordinates":[[[-105.0647,39.7694],[-105.0673,39.7548],[-105.0532,39.7548],[-105.0532,39.7585],[-105.0532,39.7693],[-105.0647,39.7694]]]},"properties":{"GEOID":"08059010702","AREALAND":"1669995","AREAWATER":"26688"}},{"type":"Feature","geometry":{"type":"Polygon","coordinates":[[[-105.1424,39.7545],[-105.1424,39.7473],[-105.1096,39.7474],[-105.1096,39.7547],[-105.1424,39.7545]]]},"properties":{"GEOID":"08059010801","AREALAND":"2081809","AREAWATER":"246868"}},{"type":"Feature","geometry":{"type":"Polygon","coordinates":[[[-105.1651,39.827],[-105.1918,39.8269],[-105.1972,39.8127],[-105.1933,39.8127],[-105.1698,39.8125],[-105.1652,39.8125],[-105.1651,39.827]]]},"properties":{"GEOID":"08059009838","AREALAND":"4377636","AREAWATER":"4772"}},{"type":"Feature","geometry":{"type":"Polygon","coordinates":[[[-104.7759,38.8399],[-104.7759,38.8398],[-104.7575,38.8396],[-104.7574,38.8544],[-104.7574,38.8592],[-104.7757,38.859],[-104.7758,38.8507],[-104.7759,38.8399]]]},"properties":{"GEOID":"08041002000","AREALAND":"3446169","AREAWATER":"0"}},{"type":"Feature","geometry":{"type":"Polygon","coordinates":[[[-105.2823,40.1337],[-105.2823,40.1145],[-105.1976,40.1162],[-105.1832,40.1125],[-105.1784,40.1379],[-105.1781,40.1877],[-105.2516,40.1891],[-105.2822,40.1493],[-105.2823,40.1337]]]},"properties":{"GEOID":"08013013202","AREALAND":"63330974","AREAWATER":"2252651"}},{"type":"Feature","geometry":{"type":"Polygon","coordinates":[[[-105.2823,40.0105],[-105.2819,40.0001],[-105.2636,40.0001],[-105.277,40.0105],[-105.2823,40.0105]]]},"properties":{"GEOID":"08013012401","AREALAND":"1118148","AREAWATER":"0"}},{"type":"Feature","geometry":{"type":"Polygon","coordinates":[[[-105.3271,39.9815],[-105.337,39.9562],[-105.3202,39.9528],[-105.3147,39.9139],[-105.2389,39.9144],[-105.2335,39.9588],[-105.2409,39.9756],[-105.2602,39.98],[-105.2985,39.969],[-105.3271,39.9815]]]},"properties":{"GEOID":"08013012510","AREALAND":"50722343","AREAWATER":"87793"}},{"type":"Feature","geometry":{"type":"Polygon","coordinates":[[[-105.1309,40.174],[-105.1308,40.1663],[-105.1025,40.1558],[-105.1025,40.1739],[-105.1165,40.174],[-105.1309,40.174]]]},"properties":{"GEOID":"08013013302","AREALAND":"3774458","AREAWATER":"53367"}},{"type":"Feature","geometry":{"type":"Polygon","coordinates":[[[-105.1311,40.2032],[-105.1309,40.1886],[-105.1168,40.1885],[-105.1168,40.2032],[-105.1311,40.2032]]]},"properties":{"GEOID":"08013013305","AREALAND":"1965699","AREAWATER":"0"}},{"type":"Feature","geometry":{"type":"Polygon","coordinates":[[[-105.1309,40.1886],[-105.1309,40.174],[-105.1165,40.174],[-105.1168,40.1885],[-105.1309,40.1886]]]},"properties":{"GEOID":"08013013307","AREALAND":"1952838","AREAWATER":"13257"}},{"type":"Feature","geometry":{"type":"Polygon","coordinates":[[[-104.8471,39.7438],[-104.8471,39.7402],[-104.847,39.7402],[-104.8255,39.7403],[-104.8252,39.7403],[-104.8265,39.751],[-104.8469,39.7549],[-104.8469,39.7547],[-104.8471,39.7438]]]},"properties":{"GEOID":"08001008100","AREALAND":"2717103","AREAWATER":"2738"}},{"type":"Feature","geometry":{"type":"Polygon","coordinates":[[[-104.8283,39.7692],[-104.8564,39.7686],[-104.8555,39.7578],[-104.8469,39.7549],[-104.8265,39.751],[-104.8283,39.7692]]]},"properties":{"GEOID":"08001008200","AREALAND":"4497506","AREAWATER":"2155"}},{"type":"Feature","geometry":{"type":"Polygon","coordinates":[[[-104.8283,39.7692],[-104.8265,39.751],[-104.8252,39.7403],[-104.8101,39.7401],[-104.8099,39.7728],[-104.8282,39.7724],[-104.8283,39.7692]]]},"properties":{"GEOID":"08001008308","AREALAND":"4311913","AREAWATER":"0"}},{"type":"Feature","geometry":{"type":"Polygon","coordinates":[[[-105.1168,40.1885],[-105.1165,40.174],[-105.1025,40.1739],[-105.1023,40.1886],[-105.1168,40.1885]]]},"properties":{"GEOID":"08013013308","AREALAND":"1963964","AREAWATER":"0"}},{"type":"Feature","geometry":{"type":"Polygon","coordinates":[[[-105.1025,40.1558],[-105.0742,40.1531],[-105.0883,40.174],[-105.1025,40.1739],[-105.1025,40.1558]]]},"properties":{"GEOID":"08013013401","AREALAND":"3157702","AREAWATER":"152277"}},{"type":"Feature","geometry":{"type":"Polygon","coordinates":[[[-105.1547,40.1887],[-105.1546,40.1742],[-105.1309,40.174],[-105.1309,40.1886],[-105.1547,40.1887]]]},"properties":{"GEOID":"08013013208","AREALAND":"3229327","AREAWATER":"33975"}},{"type":"Feature","geometry":{"type":"Polygon","coordinates":[[[-105.1308,40.1433],[-105.1309,40.1379],[-105.1024,40.1382],[-105.1025,40.1558],[-105.1308,40.1663],[-105.1308,40.1433]]]},"properties":{"GEOID":"08013013210","AREALAND":"5591441","AREAWATER":"222900"}},{"type":"Feature","geometry":{"type":"Polygon","coordinates":[[[-104.8099,39.7728],[-104.8101,39.7401],[-104.81,39.7401],[-104.7912,39.7403],[-104.7806,39.7403],[-104.7725,39.7403],[-104.7723,39.7539],[-104.7722,39.7715],[-104.7722,39.7764],[-104.8099,39.7728]]]},"properties":{"GEOID":"08001008309","AREALAND":"12009458","AREAWATER":"22102"}},{"type":"Feature","geometry":{"type":"Polygon","coordinates":[[[-104.9875,39.8979],[-104.9874,39.8853],[-104.9778,39.8852],[-104.9626,39.8852],[-104.9664,39.8995],[-104.9777,39.8997],[-104.9875,39.8979]]]},"properties":{"GEOID":"08001008505","AREALAND":"3066015","AREAWATER":"0"}},{"type":"Feature","geometry":{"type":"Polygon","coordinates":[[[-104.9896,39.9141],[-104.9875,39.8979],[-104.9777,39.8997],[-104.978,39.9142],[-104.9896,39.9141]]]},"properties":{"GEOID":"08001008506","AREALAND":"1595851","AREAWATER":"39432"}},{"type":"Feature","geometry":{"type":"Polygon","coordinates":[[[-104.978,39.9142],[-104.9777,39.8997],[-104.9664,39.8995],[-104.9588,39.8995],[-104.9582,39.9139],[-104.978,39.9142]]]},"properties":{"GEOID":"08001008507","AREALAND":"2634626","AREAWATER":"0"}},{"type":"Feature","geometry":{"type":"Polygon","coordinates":[[[-105.1309,40.1379],[-105.1313,40.0728],[-105.0555,40.0694],[-105.0554,40.0875],[-105.0553,40.1522],[-105.0553,40.1523],[-105.0742,40.1531],[-105.1025,40.1558],[-105.1024,40.1382],[-105.1309,40.1379]]]},"properties":{"GEOID":"08013013211","AREALAND":"52397116","AREAWATER":"2388084"}},{"type":"Feature","geometry":{"type":"Polygon","coordinates":[[[-104.8054,37.612],[-104.8373,37.5873],[-104.8561,37.5807],[-104.8465,37.57],[-104.8192,37.575],[-104.8005,37.5898],[-104.767,37.5919],[-104.7602,37.5797],[-104.745,37.5947],[-104.7296,37.6047],[-104.6966,37.6612],[-104.6863,37.6669],[-104.6831,37.7018],[-104.7274,37.7002],[-104.8134,37.6762],[-104.8341,37.6659],[-104.8171,37.641],[-104.8315,37.6282],[-104.8049,37.6288],[-104.8054,37.612]]]},"properties":{"GEOID":"08055960600","AREALAND":"115785643","AREAWATER":"479764"}},{"type":"Feature","geometry":{"type":"Polygon","coordinates":[[[-104.6957,39.6965],[-104.7185,39.6918],[-104.7161,39.682],[-104.7162,39.653],[-104.7163,39.6386],[-104.6253,39.6384],[-104.6568,39.6544],[-104.6782,39.682],[-104.6957,39.6965]]]},"properties":{"GEOID":"08005007109","AREALAND":"29124853","AREAWATER":"4938"}},{"type":"Feature","geometry":{"type":"Polygon","coordinates":[[[-104.8248,39.7256],[-104.8269,39.7112],[-104.8194,39.7111],[-104.8194,39.7256],[-104.8248,39.7256]]]},"properties":{"GEOID":"08005081001","AREALAND":"967327","AREAWATER":"0"}},{"type":"Feature","geometry":{"type":"Polygon","coordinates":[[[-104.8292,39.7012],[-104.8295,39.6966],[-104.8192,39.6966],[-104.8099,39.701],[-104.81,39.7086],[-104.8194,39.7111],[-104.8269,39.7112],[-104.8292,39.7012]]]},"properties":{"GEOID":"08005081101","AREALAND":"2084901","AREAWATER":"0"}},{"type":"Feature","geometry":{"type":"Polygon","coordinates":[[[-104.9036,39.6767],[-104.9035,39.6746],[-104.89,39.6676],[-104.8793,39.6639],[-104.8753,39.6748],[-104.9036,39.6767]]]},"properties":{"GEOID":"08005087302","AREALAND":"1717958","AREAWATER":"0"}},{"type":"Feature","geometry":{"type":"Polygon","coordinates":[[[-104.8756,39.645],[-104.8759,39.6242],[-104.8525,39.6241],[-104.8199,39.6057],[-104.8105,39.6104],[-104.8152,39.6142],[-104.8288,39.6303],[-104.8289,39.6386],[-104.8318,39.6531],[-104.8329,39.6542],[-104.8436,39.6585],[-104.8487,39.6592],[-104.8756,39.645]]]},"properties":{"GEOID":"08005980000","AREALAND":"12409984","AREAWATER":"3517762"}},{"type":"Feature","geometry":{"type":"Polygon","coordinates":[[[-104.7417,39.6531],[-104.7351,39.6384],[-104.7192,39.6386],[-104.7163,39.6386],[-104.7162,39.653],[-104.7417,39.6531]]]},"properties":{"GEOID":"08005083202","AREALAND":"2800743","AREAWATER":"0"}},{"type":"Feature","geometry":{"type":"Polygon","coordinates":[[[-104.8289,39.6386],[-104.8288,39.6303],[-104.8103,39.6314],[-104.8103,39.6326],[-104.8227,39.6386],[-104.8289,39.6386]]]},"properties":{"GEOID":"08005083600","AREALAND":"953488","AREAWATER":"0"}},{"type":"Feature","geometry":{"type":"Polygon","coordinates":[[[-104.8855,39.6095],[-104.8934,39.6093],[-104.885,39.5948],[-104.8761,39.6023],[-104.8855,39.6095]]]},"properties":{"GEOID":"08005006860","AREALAND":"1174546","AREAWATER":"0"}},{"type":"Feature","geometry":{"type":"Polygon","coordinates":[[[-104.8667,39.6096],[-104.8668,39.595],[-104.8481,39.5951],[-104.8479,39.6101],[-104.8667,39.6096]]]},"properties":{"GEOID":"08005006861","AREALAND":"2643397","AREAWATER":"0"}},{"type":"Feature","geometry":{"type":"Polygon","coordinates":[[[-104.9019,39.6241],[-104.8934,39.6093],[-104.8855,39.6095],[-104.8853,39.6241],[-104.9019,39.6241]]]},"properties":{"GEOID":"08005006859","AREALAND":"1673292","AREAWATER":"0"}},{"type":"Feature","geometry":{"type":"Polygon","coordinates":[[[-104.7263,39.6239],[-104.7213,39.6058],[-104.7228,39.6011],[-104.7168,39.6022],[-104.7166,39.6137],[-104.7163,39.6386],[-104.7192,39.6386],[-104.7263,39.6239]]]},"properties":{"GEOID":"08005086002","AREALAND":"1721221","AREAWATER":"0"}},{"type":"Feature","geometry":{"type":"Polygon","coordinates":[[[-104.9035,39.6985],[-104.9035,39.6893],[-104.8941,39.6927],[-104.8895,39.6893],[-104.8858,39.6893],[-104.8858,39.6965],[-104.9035,39.6985]]]},"properties":{"GEOID":"08005086801","AREALAND":"941467","AREAWATER":"0"}},{"type":"Feature","geometry":{"type":"Polygon","coordinates":[[[-105.1608,39.6814],[-105.1534,39.6692],[-105.1435,39.6798],[-105.1608,39.6814]]]},"properties":{"GEOID":"08059011725","AREALAND":"1004142","AREAWATER":"0"}},{"type":"Feature","geometry":{"type":"Polygon","coordinates":[[[-105.1435,39.6798],[-105.1534,39.6692],[-105.1504,39.6656],[-105.1097,39.6691],[-105.1097,39.6821],[-105.1203,39.6821],[-105.1294,39.6821],[-105.1435,39.6798]]]},"properties":{"GEOID":"08059011726","AREALAND":"5614860","AREAWATER":"89831"}},{"type":"Feature","geometry":{"type":"Polygon","coordinates":[[[-105.1097,39.6821],[-105.1097,39.6691],[-105.0814,39.6749],[-105.0814,39.6822],[-105.1002,39.6822],[-105.1097,39.6821]]]},"properties":{"GEOID":"08059011727","AREALAND":"2556004","AREAWATER":"24337"}},{"type":"Feature","geometry":{"type":"Polygon","coordinates":[[[-105.1608,39.6814],[-105.1914,39.688],[-105.1924,39.6758],[-105.1865,39.6525],[-105.1504,39.6656],[-105.1534,39.6692],[-105.1608,39.6814]]]},"properties":{"GEOID":"08059011724","AREALAND":"9273241","AREAWATER":"15500"}},{"type":"Feature","geometry":{"type":"Polygon","coordinates":[[[-104.7382,39.6272],[-104.7387,39.6191],[-104.7213,39.6058],[-104.7263,39.6239],[-104.7382,39.6272]]]},"properties":{"GEOID":"08005086001","AREALAND":"1648713","AREAWATER":"0"}},{"type":"Feature","geometry":{"type":"Polygon","coordinates":[[[-104.7912,39.7403],[-104.7912,39.7256],[-104.7912,39.7138],[-104.77,39.6967],[-104.7537,39.6965],[-104.7536,39.682],[-104.7161,39.682],[-104.7185,39.6918],[-104.6957,39.6965],[-104.7806,39.7403],[-104.7912,39.7403]]]},"properties":{"GEOID":"08005007108","AREALAND":"26631427","AREAWATER":"0"}},{"type":"Feature","geometry":{"type":"Polygon","coordinates":[[[-104.7166,39.6137],[-104.7168,39.6022],[-104.7143,39.6011],[-104.7075,39.5981],[-104.6796,39.5735],[-104.6797,39.5968],[-104.697,39.6095],[-104.7166,39.6137]]]},"properties":{"GEOID":"08005007112","AREALAND":"5575390","AREAWATER":"0"}},{"type":"Feature","geometry":{"type":"Polygon","coordinates":[[[-104.7806,39.7403],[-104.6957,39.6965],[-104.6782,39.682],[-104.6783,39.74],[-104.7359,39.7403],[-104.7725,39.7403],[-104.7806,39.7403]]]},"properties":{"GEOID":"08005007110","AREALAND":"24214393","AREAWATER":"0"}},{"type":"Feature","geometry":{"type":"Polygon","coordinates":[[[-104.9035,39.6746],[-104.9035,39.6676],[-104.8902,39.6645],[-104.89,39.6676],[-104.9035,39.6746]]]},"properties":{"GEOID":"08005087301","AREALAND":"526348","AREAWATER":"0"}},{"type":"Feature","geometry":{"type":"Polygon","coordinates":[[[-105.0003,39.6677],[-105.0044,39.6605],[-105.0038,39.6605],[-104.9876,39.6605],[-104.9876,39.6677],[-105.0003,39.6677]]]},"properties":{"GEOID":"08005005701","AREALAND":"1103307","AREAWATER":"36133"}},{"type":"Feature","geometry":{"type":"Polygon","coordinates":[[[-104.8668,39.595],[-104.8768,39.5805],[-104.8724,39.566],[-104.8141,39.566],[-104.8294,39.5757],[-104.8312,39.595],[-104.8481,39.5951],[-104.8668,39.595]]]},"properties":{"GEOID":"08005006864","AREALAND":"12076448","AREAWATER":"0"}},{"type":"Feature","geometry":{"type":"Polygon","coordinates":[[[-105.0038,39.6605],[-105.0062,39.6537],[-104.9877,39.6515],[-104.9876,39.6605],[-105.0038,39.6605]]]},"properties":{"GEOID":"08005005702","AREALAND":"1164044","AREAWATER":"15301"}},{"type":"Feature","geometry":{"type":"Polygon","coordinates":[[[-104.7537,39.6531],[-104.7542,39.6385],[-104.7351,39.6384],[-104.7417,39.6531],[-104.7537,39.6531]]]},"properties":{"GEOID":"08005083201","AREALAND":"2398246","AREAWATER":"0"}},{"type":"Feature","geometry":{"type":"Polygon","coordinates":[[[-104.8858,39.6965],[-104.8858,39.6893],[-104.8753,39.6892],[-104.8753,39.6965],[-104.8753,39.6984],[-104.8858,39.6965]]]},"properties":{"GEOID":"08005086802","AREALAND":"767987","AREAWATER":"0"}},{"type":"Feature","geometry":{"type":"Polygon","coordinates":[[[-104.697,39.6095],[-104.6797,39.5968],[-104.6796,39.5735],[-104.6795,39.5659],[-104.6606,39.5659],[-104.6421,39.5659],[-104.6608,39.5744],[-104.6607,39.5941],[-104.6803,39.6105],[-104.697,39.6095]]]},"properties":{"GEOID":"08005007113","AREALAND":"8560028","AREAWATER":"0"}},{"type":"Feature","geometry":{"type":"Polygon","coordinates":[[[-104.8312,39.595],[-104.8294,39.5757],[-104.8141,39.566],[-104.8012,39.566],[-104.7911,39.566],[-104.7955,39.5696],[-104.8012,39.579],[-104.8133,39.5949],[-104.8312,39.595]]]},"properties":{"GEOID":"08005006863","AREALAND":"6789318","AREAWATER":"0"}},{"type":"Feature","geometry":{"type":"Polygon","coordinates":[[[-104.6783,39.74],[-104.6782,39.682],[-104.6568,39.6544],[-104.6253,39.6384],[-104.6038,39.6382],[-104.6031,39.7399],[-104.6783,39.74]]]},"properties":{"GEOID":"08005007111","AREALAND":"63186296","AREAWATER":"24542"}},{"type":"Feature","geometry":{"type":"Polygon","coordinates":[[[-104.8851,39.639],[-104.8853,39.6241],[-104.8759,39.6242],[-104.8756,39.645],[-104.877,39.6531],[-104.8801,39.6531],[-104.8851,39.639]]]},"properties":{"GEOID":"08005006854","AREALAND":"2038940","AREAWATER":"0"}},{"type":"Feature","geometry":{"type":"Polygon","coordinates":[[[-104.8525,39.6241],[-104.8479,39.6101],[-104.8481,39.5951],[-104.8312,39.595],[-104.8133,39.5949],[-104.8199,39.6057],[-104.8525,39.6241]]]},"properties":{"GEOID":"08005006862","AREALAND":"5580945","AREAWATER":"0"}},{"type":"Feature","geometry":{"type":"Polygon","coordinates":[[[-104.8288,39.6303],[-104.8152,39.6142],[-104.8104,39.6204],[-104.8103,39.6314],[-104.8288,39.6303]]]},"properties":{"GEOID":"08005083700","AREALAND":"2039109","AREAWATER":"0"}},{"type":"Feature","geometry":{"type":"Polygon","coordinates":[[[-104.8194,39.7256],[-104.8194,39.7111],[-104.81,39.7086],[-104.8104,39.7256],[-104.8194,39.7256]]]},"properties":{"GEOID":"08005081002","AREALAND":"1432773","AREAWATER":"0"}},{"type":"Feature","geometry":{"type":"Polygon","coordinates":[[[-104.8099,39.701],[-104.8192,39.6966],[-104.8099,39.6966],[-104.8099,39.701]]]},"properties":{"GEOID":"08005081102","AREALAND":"353648","AREAWATER":"0"}},{"type":"Feature","geometry":{"type":"Polygon","coordinates":[[[-105.0817,39.6388],[-105.0733,39.6387],[-105.0571,39.6529],[-105.072,39.66],[-105.0815,39.6621],[-105.0813,39.6529],[-105.0817,39.6388]]]},"properties":{"GEOID":"08059011904","AREALAND":"2654782","AREAWATER":"30462"}},{"type":"Feature","geometry":{"type":"Polygon","coordinates":[[[-107.1336,37.2385],[-107.1164,37.2274],[-107.0963,37.2439],[-107.0527,37.2677],[-107.0871,37.2881],[-107.1119,37.2678],[-107.1235,37.2427],[-107.1336,37.2385]]]},"properties":{"GEOID":"08007974202","AREALAND":"18362245","AREAWATER":"851215"}},{"type":"Feature","geometry":{"type":"Polygon","coordinates":[[[-107.1268,37.3335],[-107.1611,37.3162],[-107.1755,37.2687],[-107.1941,37.2473],[-107.1757,37.2363],[-107.1336,37.2385],[-107.1235,37.2427],[-107.1119,37.2678],[-107.0871,37.2881],[-107.0994,37.2955],[-107.1082,37.3171],[-107.1268,37.3335]]]},"properties":{"GEOID":"08007974201","AREALAND":"56162363","AREAWATER":"351699"}},{"type":"Feature","geometry":{"type":"Polygon","coordinates":[[[-105.2821,40.0618],[-105.295,40.0637],[-105.2966,40.0427],[-105.2821,40.0409],[-105.2821,40.0618]]]},"properties":{"GEOID":"08013012104","AREALAND":"2700655","AREAWATER":"96592"}},{"type":"Feature","geometry":{"type":"Polygon","coordinates":[[[-107.8571,38.4882],[-107.8798,38.4773],[-107.8748,38.4694],[-107.8571,38.4882]]]},"properties":{"GEOID":"08085966301","AREALAND":"1853732","AREAWATER":"0"}},{"type":"Feature","geometry":{"type":"Polygon","coordinates":[[[-107.9124,38.5111],[-107.9117,38.5038],[-107.9116,38.5038],[-107.8856,38.4751],[-107.8798,38.4773],[-107.8571,38.4882],[-107.8471,38.4888],[-107.8479,38.5],[-107.8711,38.4998],[-107.871,38.4908],[-107.9124,38.5111]]]},"properties":{"GEOID":"08085966302","AREALAND":"9559879","AREAWATER":"0"}},{"type":"Feature","geometry":{"type":"Polygon","coordinates":[[[-104.639,38.235],[-104.6391,38.2186],[-104.6154,38.2217],[-104.6186,38.2386],[-104.623,38.2386],[-104.639,38.235]]]},"properties":{"GEOID":"08101002300","AREALAND":"2998330","AREAWATER":"560090"}},{"type":"Feature","geometry":{"type":"Polygon","coordinates":[[[-104.6346,38.2514],[-104.6345,38.2405],[-104.6232,38.2406],[-104.623,38.246],[-104.6231,38.2495],[-104.6301,38.2514],[-104.6346,38.2514]]]},"properties":{"GEOID":"08101002500","AREALAND":"1200283","AREAWATER":"0"}},{"type":"Feature","geometry":{"type":"Polygon","coordinates":[[[-104.6505,38.2428],[-104.6437,38.2199],[-104.6391,38.2186],[-104.639,38.235],[-104.6345,38.2405],[-104.6346,38.2514],[-104.6439,38.2513],[-104.6505,38.2428]]]},"properties":{"GEOID":"08101002600","AREALAND":"2345469","AREAWATER":"0"}},{"type":"Feature","geometry":{"type":"Polygon","coordinates":[[[-104.6624,38.2355],[-104.6437,38.2199],[-104.6505,38.2428],[-104.6624,38.2355]]]},"properties":{"GEOID":"08101002700","AREALAND":"2823038","AREAWATER":"0"}},{"type":"Feature","geometry":{"type":"Polygon","coordinates":[[[-107.8463,38.4672],[-107.8663,38.46],[-107.8643,38.4545],[-107.8463,38.4672]]]},"properties":{"GEOID":"08085966401","AREALAND":"2253022","AREAWATER":"0"}},{"type":"Feature","geometry":{"type":"Polygon","coordinates":[[[-107.8856,38.4751],[-107.8727,38.4575],[-107.8663,38.46],[-107.8463,38.4672],[-107.8471,38.4888],[-107.8571,38.4882],[-107.8748,38.4694],[-107.8798,38.4773],[-107.8856,38.4751]]]},"properties":{"GEOID":"08085966402","AREALAND":"5467054","AREAWATER":"0"}},{"type":"Feature","geometry":{"type":"Polygon","coordinates":[[[-104.6624,38.2355],[-104.6727,38.2292],[-104.6621,38.2149],[-104.6437,38.2199],[-104.6624,38.2355]]]},"properties":{"GEOID":"08101002801","AREALAND":"2170771","AREAWATER":"0"}},{"type":"Feature","geometry":{"type":"Polygon","coordinates":[[[-105.2966,40.0427],[-105.2939,40.015],[-105.2841,40.0181],[-105.2821,40.0267],[-105.2821,40.0364],[-105.2821,40.0409],[-105.2966,40.0427]]]},"properties":{"GEOID":"08013012101","AREALAND":"2973342","AREAWATER":"0"}},{"type":"Feature","geometry":{"type":"Polygon","coordinates":[[[-105.2821,40.0618],[-105.2821,40.0409],[-105.2821,40.0364],[-105.2727,40.0364],[-105.2651,40.0547],[-105.2816,40.0651],[-105.2821,40.0618]]]},"properties":{"GEOID":"08013012105","AREALAND":"2471068","AREAWATER":"470"}},{"type":"Feature","geometry":{"type":"Polygon","coordinates":[[[-104.9734,39.7075],[-104.9734,39.6898],[-104.9595,39.6847],[-104.9593,39.6966],[-104.9593,39.7075],[-104.9734,39.7075]]]},"properties":{"GEOID":"08031003402","AREALAND":"2735577","AREAWATER":"54418"}},{"type":"Feature","geometry":{"type":"Polygon","coordinates":[[[-104.9594,39.7729],[-104.9597,39.762],[-104.9407,39.7619],[-104.9405,39.7729],[-104.9594,39.7729]]]},"properties":{"GEOID":"08031003602","AREALAND":"1999338","AREAWATER":"0"}},{"type":"Feature","geometry":{"type":"Polygon","coordinates":[[[-104.9602,39.7291],[-104.9602,39.7256],[-104.9498,39.7256],[-104.9406,39.7256],[-104.9406,39.7321],[-104.9495,39.7321],[-104.9598,39.7334],[-104.9602,39.7291]]]},"properties":{"GEOID":"08031003300","AREALAND":"1288720","AREAWATER":"0"}},{"type":"Feature","geometry":{"type":"Polygon","coordinates":[[[-104.9734,39.7165],[-104.9734,39.7111],[-104.9734,39.7075],[-104.9593,39.7075],[-104.9593,39.7153],[-104.9732,39.7184],[-104.9734,39.7165]]]},"properties":{"GEOID":"08031003401","AREALAND":"1128054","AREAWATER":"0"}},{"type":"Feature","geometry":{"type":"Polygon","coordinates":[[[-106.6938,37.8352],[-106.6956,37.6643],[-106.7116,37.6643],[-106.7108,37.4042],[-106.6784,37.4036],[-106.488,37.4016],[-106.488,37.3993],[-106.3509,37.401],[-106.1489,37.4011],[-106.1495,37.5602],[-106.1946,37.5604],[-106.1967,37.5855],[-106.2733,37.6485],[-106.3304,37.6755],[-106.3558,37.6632],[-106.3733,37.6708],[-106.4061,37.6617],[-106.405,37.6735],[-106.3615,37.6875],[-106.3506,37.685],[-106.2641,37.7451],[-106.2526,37.7481],[-106.5864,37.7478],[-106.5871,37.8344],[-106.6938,37.8352]]]},"properties":{"GEOID":"08105977001","AREALAND":"1758619437","AREAWATER":"422972"}},{"type":"Feature","geometry":{"type":"Polygon","coordinates":[[[-106.2526,37.7481],[-106.2641,37.7451],[-106.3506,37.685],[-106.3304,37.6755],[-106.2733,37.6485],[-106.1967,37.5855],[-106.2044,37.5934],[-106.2042,37.6242],[-106.1676,37.6048],[-106.1443,37.6099],[-106.111,37.5975],[-106.0941,37.5828],[-106.0941,37.5593],[-106.1495,37.5602],[-106.1489,37.4011],[-106.0393,37.4008],[-106.0393,37.577],[-106.0384,37.7484],[-106.2526,37.7481]]]},"properties":{"GEOID":"08105977002","AREALAND":"546724343","AREAWATER":"498405"}},{"type":"Feature","geometry":{"type":"Polygon","coordinates":[[[-105.0931,40.2032],[-105.0931,40.1886],[-105.0883,40.1886],[-105.0742,40.1887],[-105.0742,40.2033],[-105.0931,40.2032]]]},"properties":{"GEOID":"08013013506","AREALAND":"2597929","AREAWATER":"0"}},{"type":"Feature","geometry":{"type":"Polygon","coordinates":[[[-105.0742,40.1887],[-105.0741,40.1741],[-105.0553,40.1746],[-105.0552,40.2037],[-105.0742,40.2033],[-105.0742,40.1887]]]},"properties":{"GEOID":"08013013508","AREALAND":"5173899","AREAWATER":"58992"}},{"type":"Feature","geometry":{"type":"Polygon","coordinates":[[[-105.166,39.9141],[-105.1662,39.9141],[-105.166,39.9141],[-105.1471,39.9139],[-105.1471,39.914],[-105.147,39.9289],[-105.1474,39.9289],[-105.1658,39.9287],[-105.166,39.9141]]]},"properties":{"GEOID":"08013061400","AREALAND":"2552610","AREAWATER":"8890"}},{"type":"Feature","geometry":{"type":"Polygon","coordinates":[[[-104.9399,39.791],[-104.9223,39.7838],[-104.9034,39.7838],[-104.9034,39.7839],[-104.9036,39.7984],[-104.9035,39.813],[-104.9129,39.8129],[-104.9315,39.8128],[-104.9399,39.791]]]},"properties":{"GEOID":"08001008709","AREALAND":"7787107","AREAWATER":"126170"}},{"type":"Feature","geometry":{"type":"Polygon","coordinates":[[[-105.0531,39.9287],[-105.0529,39.9142],[-105.0344,39.9142],[-105.0344,39.9214],[-105.0344,39.9287],[-105.0531,39.9287]]]},"properties":{"GEOID":"08014030800","AREALAND":"2557490","AREAWATER":"613"}},{"type":"Feature","geometry":{"type":"Polygon","coordinates":[[[-105.0585,39.9753],[-105.0585,39.9744],[-105.0529,39.9578],[-105.0527,39.9577],[-105.0343,39.9577],[-105.0156,39.9577],[-105.0158,39.9812],[-104.9974,39.9812],[-104.9882,39.9685],[-104.9878,39.9815],[-105.0184,39.9842],[-105.0354,39.9815],[-105.0528,39.9777],[-105.0585,39.9753]]]},"properties":{"GEOID":"08014031300","AREALAND":"10340574","AREAWATER":"142035"}},{"type":"Feature","geometry":{"type":"Polygon","coordinates":[[[-104.819,39.9143],[-104.8319,39.8997],[-104.8185,39.8988],[-104.7715,39.9001],[-104.7713,39.9054],[-104.7712,39.9144],[-104.8162,39.9143],[-104.819,39.9143]]]},"properties":{"GEOID":"08001008536","AREALAND":"7269154","AREAWATER":"38685"}},{"type":"Feature","geometry":{"type":"Polygon","coordinates":[[[-104.9403,39.9284],[-104.9402,39.9209],[-104.9219,39.9207],[-104.9219,39.9285],[-104.9402,39.9284],[-104.9403,39.9284]]]},"properties":{"GEOID":"08001008546","AREALAND":"1324546","AREAWATER":"988"}},{"type":"Feature","geometry":{"type":"Polygon","coordinates":[[[-104.9589,39.8851],[-104.9589,39.8778],[-104.9402,39.8774],[-104.9402,39.885],[-104.9589,39.8851]]]},"properties":{"GEOID":"08001009206","AREALAND":"1295355","AREAWATER":"11050"}},{"type":"Feature","geometry":{"type":"Polygon","coordinates":[[[-105.0533,39.7911],[-105.0251,39.794],[-105.0252,39.8038],[-105.0347,39.8043],[-105.044,39.8043],[-105.0528,39.8025],[-105.0533,39.7911]]]},"properties":{"GEOID":"08001009751","AREALAND":"2950963","AREAWATER":"424602"}},{"type":"Feature","geometry":{"type":"Polygon","coordinates":[[[-104.813,40.3776],[-104.8035,40.3632],[-104.8029,40.3373],[-104.7904,40.3483],[-104.7596,40.3543],[-104.7377,40.3595],[-104.7349,40.3776],[-104.794,40.3778],[-104.813,40.3776]]]},"properties":{"GEOID":"08123001404","AREALAND":"17751243","AREAWATER":"178918"}},{"type":"Feature","geometry":{"type":"Polygon","coordinates":[[[-104.866,39.7984],[-104.8659,39.7756],[-104.847,39.774],[-104.847,39.7824],[-104.8471,39.7893],[-104.8472,39.7982],[-104.866,39.7984]]]},"properties":{"GEOID":"08031980100","AREALAND":"4225561","AREAWATER":"0"}},{"type":"Feature","geometry":{"type":"Polygon","coordinates":[[[-105.0772,40.616],[-105.0764,40.6134],[-105.0575,40.6126],[-105.0577,40.596],[-105.0015,40.5956],[-105.0015,40.6102],[-105.0386,40.6103],[-105.0772,40.616]]]},"properties":{"GEOID":"08069001307","AREALAND":"9070102","AREAWATER":"524239"}},{"type":"Feature","geometry":{"type":"Polygon","coordinates":[[[-105.0436,40.5234],[-105.0489,40.4946],[-105.042,40.4801],[-105.0394,40.4774],[-105.0393,40.5091],[-105.0394,40.5232],[-105.0436,40.5234]]]},"properties":{"GEOID":"08069001606","AREALAND":"3279554","AREAWATER":"14716"}},{"type":"Feature","geometry":{"type":"Polygon","coordinates":[[[-105.8225,40.4768],[-105.811,40.4758],[-105.8057,40.4479],[-105.8153,40.4215],[-105.7909,40.3986],[-105.7907,40.3863],[-105.7593,40.3533],[-105.7363,40.3466],[-105.7291,40.3353],[-105.7017,40.3243],[-105.6858,40.3025],[-105.6824,40.2728],[-105.6533,40.2605],[-105.5617,40.2615],[-105.5624,40.2931],[-105.5427,40.3004],[-105.5491,40.3251],[-105.5828,40.3252],[-105.5922,40.3431],[-105.5707,40.3487],[-105.5567,40.3658],[-105.5657,40.3943],[-105.5521,40.3834],[-105.495,40.4047],[-105.4988,40.4256],[-105.5129,40.4339],[-105.5178,40.5191],[-105.5618,40.506],[-105.5869,40.5196],[-105.5997,40.5371],[-105.665,40.5289],[-105.6827,40.55],[-105.7354,40.5474],[-105.7536,40.535],[-105.7481,40.5235],[-105.7729,40.4999],[-105.8046,40.4913],[-105.8225,40.4768]]]},"properties":{"GEOID":"08069002803","AREALAND":"570731214","AREAWATER":"2672155"}},{"type":"Feature","geometry":{"type":"Polygon","coordinates":[[[-105.0957,40.5963],[-105.1149,40.5892],[-105.0957,40.5891],[-105.0957,40.5963]]]},"properties":{"GEOID":"08069000401","AREALAND":"1312162","AREAWATER":"0"}},{"type":"Feature","geometry":{"type":"Polygon","coordinates":[[[-105.1337,40.5895],[-105.1338,40.5819],[-105.115,40.582],[-105.0959,40.5818],[-105.0958,40.5871],[-105.0957,40.5891],[-105.1149,40.5892],[-105.1337,40.5895]]]},"properties":{"GEOID":"08069000402","AREALAND":"2551327","AREAWATER":"59912"}},{"type":"Feature","geometry":{"type":"Polygon","coordinates":[[[-105.1151,40.5746],[-105.1151,40.5675],[-105.096,40.5672],[-105.0959,40.5746],[-105.1151,40.5746]]]},"properties":{"GEOID":"08069000504","AREALAND":"1296198","AREAWATER":"4385"}},{"type":"Feature","geometry":{"type":"Polygon","coordinates":[[[-105.1338,40.575],[-105.1339,40.5678],[-105.1151,40.5675],[-105.1151,40.5746],[-105.1338,40.575]]]},"properties":{"GEOID":"08069000506","AREALAND":"1277426","AREAWATER":"0"}},{"type":"Feature","geometry":{"type":"Polygon","coordinates":[[[-105.0665,40.5814],[-105.0669,40.5671],[-105.0579,40.5671],[-105.0579,40.5779],[-105.0633,40.5815],[-105.0665,40.5814]]]},"properties":{"GEOID":"08069000801","AREALAND":"1100303","AREAWATER":"0"}},{"type":"Feature","geometry":{"type":"Polygon","coordinates":[[[-105.0579,40.5779],[-105.0579,40.5671],[-105.0432,40.5671],[-105.0579,40.5779]]]},"properties":{"GEOID":"08069000802","AREALAND":"1048298","AREAWATER":"0"}},{"type":"Feature","geometry":{"type":"Polygon","coordinates":[[[-104.0555,38.8689],[-104.0519,38.6944],[-104.0541,38.6387],[-104.0543,38.5224],[-104.0539,38.5224],[-103.9191,38.5231],[-103.719,38.5218],[-103.613,38.5226],[-103.613,38.5179],[-103.5047,38.5164],[-103.5047,38.5237],[-103.2506,38.5237],[-103.1729,38.5253],[-103.1729,38.6125],[-103.1725,38.6901],[-103.1642,38.6901],[-103.163,39.0376],[-103.1631,39.128],[-103.1552,39.128],[-103.1552,39.2887],[-103.1544,39.5656],[-103.3076,39.5665],[-103.4912,39.5657],[-103.4914,39.2877],[-103.4349,39.2876],[-103.4349,39.2784],[-103.4913,39.2752],[-103.4916,39.1438],[-103.4844,39.128],[-103.7152,39.1283],[-103.7211,39.1283],[-103.7215,38.9973],[-103.7197,38.8668],[-103.8329,38.867],[-104.0555,38.8689]]]},"properties":{"GEOID":"08073961800","AREALAND":"5736568852","AREAWATER":"19096919"}},{"type":"Feature","geometry":{"type":"Polygon","coordinates":[[[-103.7144,39.5663],[-103.7148,39.3739],[-103.7152,39.1283],[-103.4844,39.128],[-103.4916,39.1438],[-103.4913,39.2752],[-103.4349,39.2784],[-103.4349,39.2876],[-103.4914,39.2877],[-103.4912,39.5657],[-103.7071,39.5663],[-103.7144,39.5663]]]},"properties":{"GEOID":"08073961700","AREALAND":"939720701","AREAWATER":"3683439"}},{"type":"Feature","geometry":{"type":"Polygon","coordinates":[[[-104.6966,40.4331],[-104.6962,40.4226],[-104.6963,40.4138],[-104.6853,40.4137],[-104.6889,40.4314],[-104.6966,40.4331]]]},"properties":{"GEOID":"08123000100","AREALAND":"1491495","AREAWATER":"0"}},{"type":"Feature","geometry":{"type":"Polygon","coordinates":[[[-106.6786,39.7291],[-106.6893,39.7426],[-106.709,39.7414],[-106.7215,39.7202],[-106.7549,39.7294],[-106.763,39.7145],[-106.785,39.7188],[-106.8109,39.749],[-106.8272,39.7383],[-106.847,39.7483],[-106.8567,39.7383],[-106.8403,39.7272],[-106.8532,39.706],[-106.8657,39.7132],[-106.8873,39.675],[-106.8748,39.6527],[-106.8763,39.6462],[-106.824,39.6487],[-106.7812,39.636],[-106.7647,39.6115],[-106.7643,39.5627],[-106.7492,39.5245],[-106.753,39.4977],[-106.7285,39.4708],[-106.6855,39.4415],[-106.6803,39.4557],[-106.6471,39.4641],[-106.6168,39.4576],[-106.5611,39.4298],[-106.5644,39.4354],[-106.6028,39.4731],[-106.6397,39.5213],[-106.6373,39.5518],[-106.6522,39.5656],[-106.664,39.5966],[-106.69,39.6127],[-106.6997,39.628],[-106.6912,39.6399],[-106.6465,39.666],[-106.6665,39.6996],[-106.686,39.708],[-106.6786,39.7291]]]},"properties":{"GEOID":"08037000404","AREALAND":"370603017","AREAWATER":"900535"}},{"type":"Feature","geometry":{"type":"Polygon","coordinates":[[[-106.8763,39.6462],[-106.8961,39.6461],[-106.8725,39.6036],[-106.858,39.5927],[-106.8899,39.5546],[-106.8576,39.5486],[-106.8444,39.5282],[-106.807,39.5153],[-106.7931,39.4971],[-106.7348,39.4672],[-106.7285,39.4708],[-106.753,39.4977],[-106.7492,39.5245],[-106.7643,39.5627],[-106.7647,39.6115],[-106.7812,39.636],[-106.824,39.6487],[-106.8763,39.6462]]]},"properties":{"GEOID":"08037000405","AREALAND":"146119420","AREAWATER":"202292"}},{"type":"Feature","geometry":{"type":"Polygon","coordinates":[[[-106.4463,39.6857],[-106.478,39.7024],[-106.5205,39.6971],[-106.5535,39.6676],[-106.5557,39.6423],[-106.5265,39.6395],[-106.4856,39.623],[-106.4585,39.618],[-106.4483,39.6084],[-106.4423,39.6146],[-106.4389,39.65],[-106.456,39.6565],[-106.462,39.6722],[-106.4463,39.6857]]]},"properties":{"GEOID":"08037000505","AREALAND":"65007930","AREAWATER":"61877"}},{"type":"Feature","geometry":{"type":"Polygon","coordinates":[[[-106.5557,39.6423],[-106.5558,39.6414],[-106.5212,39.6315],[-106.4856,39.623],[-106.5265,39.6395],[-106.5557,39.6423]]]},"properties":{"GEOID":"08037000504","AREALAND":"2311696","AREAWATER":"169173"}},{"type":"Feature","geometry":{"type":"Polygon","coordinates":[[[-103.1544,39.5656],[-103.1552,39.2887],[-103.1552,39.128],[-103.1631,39.128],[-103.163,39.0376],[-103.0512,39.0396],[-102.9179,39.0393],[-102.7241,39.0402],[-102.7158,39.0387],[-102.5029,39.0416],[-102.4099,39.0442],[-102.4098,39.0628],[-102.4283,39.0721],[-102.4266,39.2005],[-102.4279,39.2863],[-102.4532,39.2865],[-102.4276,39.3231],[-102.4257,39.5707],[-102.4304,39.5708],[-102.5726,39.5692],[-102.8029,39.5678],[-102.9352,39.5686],[-103.1544,39.5656]]]},"properties":{"GEOID":"08063962400","AREALAND":"3686902387","AREAWATER":"1362270"}},{"type":"Feature","geometry":{"type":"Polygon","coordinates":[[[-104.9403,38.8507],[-104.9312,38.8318],[-104.8879,38.8546],[-104.8726,38.8513],[-104.872,38.8531],[-104.882,38.8565],[-104.9267,38.8578],[-104.9403,38.8507]]]},"properties":{"GEOID":"08041006702","AREALAND":"8551213","AREAWATER":"0"}},{"type":"Feature","geometry":{"type":"Polygon","coordinates":[[[-104.6032,39.0714],[-104.6075,39.0404],[-104.5481,39.0425],[-104.5518,39.1294],[-104.5937,39.1294],[-104.6032,39.0714]]]},"properties":{"GEOID":"08041003913","AREALAND":"43131936","AREAWATER":"0"}},{"type":"Feature","geometry":{"type":"Polygon","coordinates":[[[-104.8628,39.0923],[-104.8805,39.1086],[-104.9055,39.0999],[-104.896,39.0928],[-104.8967,39.0715],[-104.9144,39.0716],[-104.9145,39.0558],[-104.8815,39.0611],[-104.8512,39.0421],[-104.843,39.0423],[-104.8515,39.0566],[-104.8595,39.0784],[-104.8628,39.0923]]]},"properties":{"GEOID":"08041003712","AREALAND":"21796315","AREAWATER":"128899"}},{"type":"Feature","geometry":{"type":"Polygon","coordinates":[[[-104.7709,38.9822],[-104.7848,38.9668],[-104.7577,38.966],[-104.7438,38.9682],[-104.7658,38.9843],[-104.7709,38.9822]]]},"properties":{"GEOID":"08041007104","AREALAND":"4017116","AREAWATER":"0"}},{"type":"Feature","geometry":{"type":"Polygon","coordinates":[[[-104.8109,38.7494],[-104.8186,38.7198],[-104.7991,38.721],[-104.7929,38.7346],[-104.8003,38.7491],[-104.8109,38.7494]]]},"properties":{"GEOID":"08041004405","AREALAND":"4037732","AREAWATER":"0"}},{"type":"Feature","geometry":{"type":"Polygon","coordinates":[[[-104.8306,39.1298],[-104.8287,39.0928],[-104.7985,39.1001],[-104.7707,39.1],[-104.7666,39.1297],[-104.7699,39.1297],[-104.8306,39.1298]]]},"properties":{"GEOID":"08041007402","AREALAND":"19168824","AREAWATER":"25575"}},{"type":"Feature","geometry":{"type":"Polygon","coordinates":[[[-104.8166,38.9068],[-104.8182,38.8976],[-104.7857,38.8892],[-104.7855,38.8892],[-104.7831,38.897],[-104.7897,38.91],[-104.8166,38.9068]]]},"properties":{"GEOID":"08041007802","AREALAND":"3983719","AREAWATER":"6318"}},{"type":"Feature","geometry":{"type":"Polygon","coordinates":[[[-104.7897,38.91],[-104.7831,38.897],[-104.7757,38.9045],[-104.788,38.9121],[-104.7897,38.91]]]},"properties":{"GEOID":"08041007801","AREALAND":"1221688","AREAWATER":"0"}},{"type":"Feature","geometry":{"type":"Polygon","coordinates":[[[-104.9407,39.6784],[-104.9407,39.6683],[-104.9316,39.6675],[-104.9304,39.6675],[-104.9257,39.6675],[-104.934,39.6784],[-104.9404,39.6829],[-104.9407,39.6784]]]},"properties":{"GEOID":"08031005300","AREALAND":"1136448","AREAWATER":"0"}},{"type":"Feature","geometry":{"type":"Polygon","coordinates":[[[-105.0571,39.6529],[-105.0733,39.6387],[-105.0591,39.6382],[-105.0533,39.6388],[-105.0533,39.6398],[-105.0531,39.6534],[-105.0571,39.6529]]]},"properties":{"GEOID":"08031012001","AREALAND":"1963357","AREAWATER":"10200"}},{"type":"Feature","geometry":{"type":"Polygon","coordinates":[[[-106.0393,37.577],[-106.0393,37.4008],[-106.0389,37.3569],[-105.7607,37.3568],[-105.7795,37.3831],[-105.7821,37.425],[-105.8037,37.438],[-105.8478,37.453],[-105.8531,37.4666],[-105.8559,37.4667],[-105.8537,37.4397],[-105.8407,37.4203],[-105.8801,37.4226],[-105.8893,37.4295],[-105.9284,37.4299],[-105.9304,37.4901],[-105.9306,37.5071],[-105.9171,37.5153],[-105.8756,37.4764],[-105.8701,37.4884],[-105.8209,37.4881],[-105.8209,37.464],[-105.803,37.4623],[-105.8074,37.4881],[-105.7849,37.4883],[-105.7848,37.5028],[-105.8407,37.5025],[-105.8578,37.5176],[-105.8615,37.5751],[-106.0197,37.5744],[-106.0393,37.577]]]},"properties":{"GEOID":"08003960100","AREALAND":"420511406","AREAWATER":"938349"}},{"type":"Feature","geometry":{"type":"Polygon","coordinates":[[[-105.9304,37.4901],[-105.9284,37.4299],[-105.8893,37.4295],[-105.8801,37.4226],[-105.8407,37.4203],[-105.8537,37.4397],[-105.8559,37.4667],[-105.8743,37.4666],[-105.9304,37.4901]]]},"properties":{"GEOID":"08003960300","AREALAND":"36634118","AREAWATER":"0"}},{"type":"Feature","geometry":{"type":"Polygon","coordinates":[[[-105.1655,39.7321],[-105.1654,39.7253],[-105.1512,39.7253],[-105.1306,39.7253],[-105.1283,39.7401],[-105.1471,39.7391],[-105.1655,39.7321]]]},"properties":{"GEOID":"08059010901","AREALAND":"4540433","AREAWATER":"617"}},{"type":"Feature","geometry":{"type":"Polygon","coordinates":[[[-105.1283,39.7401],[-105.1306,39.7253],[-105.1098,39.7254],[-105.1095,39.7401],[-105.1283,39.7401]]]},"properties":{"GEOID":"08059010902","AREALAND":"2651184","AREAWATER":"3031"}},{"type":"Feature","geometry":{"type":"Polygon","coordinates":[[[-105.1096,39.7547],[-105.1096,39.7474],[-105.1095,39.7401],[-105.0908,39.7402],[-105.0813,39.7402],[-105.0814,39.7548],[-105.1096,39.7547]]]},"properties":{"GEOID":"08059011000","AREALAND":"3914473","AREAWATER":"0"}},{"type":"Feature","geometry":{"type":"Polygon","coordinates":[[[-105.1098,39.7254],[-105.1097,39.711],[-105.0815,39.711],[-105.0815,39.7185],[-105.0815,39.7256],[-105.0909,39.7256],[-105.1098,39.7254]]]},"properties":{"GEOID":"08059011202","AREALAND":"3896693","AREAWATER":"12075"}},{"type":"Feature","geometry":{"type":"Polygon","coordinates":[[[-105.072,39.7548],[-105.0662,39.7476],[-105.0532,39.7476],[-105.0532,39.7548],[-105.0673,39.7548],[-105.072,39.7548]]]},"properties":{"GEOID":"08059011300","AREALAND":"1284657","AREAWATER":"0"}},{"type":"Feature","geometry":{"type":"Polygon","coordinates":[[[-106.0384,37.7484],[-106.0393,37.577],[-106.0197,37.5744],[-105.8615,37.5751],[-105.8578,37.5176],[-105.8407,37.5025],[-105.7848,37.5028],[-105.7849,37.4883],[-105.8074,37.4881],[-105.803,37.4623],[-105.8209,37.464],[-105.8531,37.4666],[-105.8478,37.453],[-105.8037,37.438],[-105.7821,37.425],[-105.7795,37.3831],[-105.7607,37.3568],[-105.7433,37.3568],[-105.4963,37.5639],[-105.4855,37.5779],[-105.5013,37.5986],[-105.487,37.6535],[-105.4772,37.6662],[-105.4773,37.7077],[-105.4543,37.724],[-105.4573,37.7515],[-105.6173,37.7523],[-105.8093,37.7505],[-106.0384,37.7484]]]},"properties":{"GEOID":"08003960000","AREALAND":"1391575843","AREAWATER":"652350"}},{"type":"Feature","geometry":{"type":"Polygon","coordinates":[[[-105.4573,37.7515],[-105.4543,37.724],[-105.4773,37.7077],[-105.4772,37.6662],[-105.487,37.6535],[-105.5013,37.5986],[-105.4855,37.5779],[-105.4545,37.5905],[-105.4423,37.6118],[-105.3914,37.6184],[-105.3703,37.6394],[-105.3482,37.638],[-105.2956,37.6544],[-105.236,37.6208],[-105.2142,37.6263],[-105.19,37.6141],[-105.1846,37.5933],[-105.1702,37.5748],[-105.1245,37.5548],[-105.0696,37.5414],[-105.0044,37.5446],[-104.9553,37.5524],[-104.8966,37.5852],[-104.8782,37.5858],[-104.8593,37.5978],[-104.8054,37.612],[-104.8049,37.6288],[-104.8315,37.6282],[-104.8171,37.641],[-104.8341,37.6659],[-104.8134,37.6762],[-104.7274,37.7002],[-104.6831,37.7018],[-104.6863,37.6669],[-104.6966,37.6612],[-104.7296,37.6047],[-104.745,37.5947],[-104.6935,37.5162],[-104.6704,37.495],[-104.6699,37.495],[-104.6492,37.4953],[-104.6279,37.5107],[-104.6203,37.5301],[-104.5486,37.5747],[-104.5484,37.6094],[-104.4549,37.7408],[-104.4567,37.7479],[-104.3755,37.7986],[-104.3511,37.8175],[-104.572,37.8797],[-104.646,37.9004],[-105.0137,37.8813],[-105.0348,37.8946],[-105.0316,37.9042],[-105.0499,37.9155],[-105.0632,37.917],[-105.0661,37.9442],[-105.0844,37.9554],[-105.1085,37.9434],[-105.1262,37.9515],[-105.1313,37.9735],[-105.1525,37.9921],[-105.148,38.0062],[-105.1686,38.0189],[-105.1946,38.0076],[-105.1971,37.9924],[-105.2131,37.981],[-105.2154,37.9705],[-105.2389,37.9626],[-105.2738,37.9077],[-105.2851,37.8994],[-105.3145,37.9384],[-105.3771,37.9161],[-105.4136,37.8905],[-105.4403,37.8975],[-105.4732,37.896],[-105.4785,37.8798],[-105.4505,37.8781],[-105.4289,37.8517],[-105.4352,37.8048],[-105.4549,37.7957],[-105.4494,37.7781],[-105.4573,37.7515]]]},"properties":{"GEOID":"08055960901","AREALAND":"3095878847","AREAWATER":"4537858"}},{"type":"Feature","geometry":{"type":"Polygon","coordinates":[[[-105.19,37.6141],[-105.1932,37.5922],[-105.2183,37.5824],[-105.2016,37.574],[-105.1783,37.5463],[-105.1713,37.5133],[-105.1754,37.4563],[-105.1577,37.4575],[-105.1327,37.4036],[-105.1664,37.3888],[-105.1688,37.3621],[-105.1631,37.3289],[-105.1646,37.2891],[-105.1542,37.2931],[-105.1317,37.3012],[-105.1154,37.2963],[-105.0922,37.3154],[-105.0364,37.3417],[-105.0284,37.3395],[-105.0235,37.3569],[-104.9955,37.3755],[-104.9712,37.3762],[-104.9467,37.3914],[-104.91,37.3937],[-104.8843,37.3858],[-104.8383,37.3987],[-104.7489,37.407],[-104.7368,37.425],[-104.6956,37.4422],[-104.7007,37.4502],[-104.6961,37.4843],[-104.6704,37.495],[-104.6935,37.5162],[-104.745,37.5947],[-104.7602,37.5797],[-104.767,37.5919],[-104.8005,37.5898],[-104.8192,37.575],[-104.8465,37.57],[-104.8561,37.5807],[-104.8373,37.5873],[-104.8054,37.612],[-104.8593,37.5978],[-104.8782,37.5858],[-104.8966,37.5852],[-104.9553,37.5524],[-105.0044,37.5446],[-105.0696,37.5414],[-105.1245,37.5548],[-105.1702,37.5748],[-105.1846,37.5933],[-105.19,37.6141]]]},"properties":{"GEOID":"08055960902","AREALAND":"909091840","AREAWATER":"774479"}},{"type":"Feature","geometry":{"type":"Polygon","coordinates":[[[-107.3247,39.5485],[-107.3293,39.5352],[-107.3016,39.504],[-107.2947,39.5282],[-107.3049,39.5446],[-107.2918,39.5569],[-107.3109,39.5603],[-107.3247,39.5485]]]},"properties":{"GEOID":"08045951702","AREALAND":"11298127","AREAWATER":"0"}},{"type":"Feature","geometry":{"type":"Polygon","coordinates":[[[-107.5784,39.8287],[-107.5828,39.8116],[-107.6177,39.802],[-107.6302,39.8048],[-107.6351,39.7869],[-107.6564,39.7712],[-107.6451,39.7608],[-107.654,39.7463],[-107.647,39.7338],[-107.6657,39.6878],[-107.6285,39.6711],[-107.6209,39.6411],[-107.6525,39.6286],[-107.6668,39.5892],[-107.6308,39.5755],[-107.6265,39.5565],[-107.5984,39.5473],[-107.6133,39.5408],[-107.5939,39.5211],[-107.5635,39.5194],[-107.5412,39.4929],[-107.5113,39.4939],[-107.4977,39.4655],[-107.4707,39.4509],[-107.4623,39.4387],[-107.4103,39.4298],[-107.4067,39.4139],[-107.3814,39.4257],[-107.3819,39.4526],[-107.3944,39.4802],[-107.4128,39.4844],[-107.4112,39.52],[-107.4198,39.5284],[-107.4074,39.5617],[-107.4476,39.5737],[-107.4497,39.6389],[-107.4298,39.6681],[-107.4109,39.6782],[-107.3897,39.7043],[-107.401,39.7453],[-107.4124,39.7664],[-107.4258,39.7706],[-107.422,39.8072],[-107.4632,39.8066],[-107.4765,39.8283],[-107.5784,39.8287]]]},"properties":{"GEOID":"08045951902","AREALAND":"713760589","AREAWATER":"1346199"}},{"type":"Feature","geometry":{"type":"Polygon","coordinates":[[[-105.0531,39.6534],[-105.0533,39.6398],[-105.0347,39.6386],[-105.03,39.6422],[-105.0336,39.6533],[-105.0414,39.6543],[-105.0531,39.6534]]]},"properties":{"GEOID":"08031005502","AREALAND":"2898737","AREAWATER":"0"}},{"type":"Feature","geometry":{"type":"Polygon","coordinates":[[[-105.0533,39.6388],[-105.0534,39.6315],[-105.0348,39.6278],[-105.0347,39.6386],[-105.0533,39.6398],[-105.0533,39.6388]]]},"properties":{"GEOID":"08031005503","AREALAND":"2020257","AREAWATER":"0"}},{"type":"Feature","geometry":{"type":"Polygon","coordinates":[[[-104.8929,39.6357],[-104.9071,39.6343],[-104.9019,39.6241],[-104.8853,39.6241],[-104.8851,39.639],[-104.8929,39.6357]]]},"properties":{"GEOID":"08031006804","AREALAND":"2223324","AREAWATER":"0"}},{"type":"Feature","geometry":{"type":"Polygon","coordinates":[[[-104.7752,39.511],[-104.7684,39.4931],[-104.7688,39.4785],[-104.7443,39.4786],[-104.7396,39.492],[-104.7565,39.504],[-104.7752,39.511]]]},"properties":{"GEOID":"08035013907","AREALAND":"6333540","AREAWATER":"0"}},{"type":"Feature","geometry":{"type":"Polygon","coordinates":[[[-104.737,39.2706],[-104.7372,39.2509],[-104.7746,39.2272],[-104.7742,39.1733],[-104.7694,39.1727],[-104.7699,39.1297],[-104.7666,39.1297],[-104.6629,39.1295],[-104.663,39.2167],[-104.6633,39.362],[-104.6889,39.3748],[-104.7528,39.3911],[-104.7473,39.3618],[-104.7339,39.346],[-104.737,39.2706]]]},"properties":{"GEOID":"08035014602","AREALAND":"214398769","AREAWATER":"345663"}},{"type":"Feature","geometry":{"type":"Polygon","coordinates":[[[-103.203,40.682],[-103.2221,40.6836],[-103.222,40.669],[-103.3158,40.6677],[-103.3157,40.5855],[-103.2333,40.6161],[-103.2306,40.6396],[-103.2026,40.6474],[-103.203,40.682]]]},"properties":{"GEOID":"08075966101","AREALAND":"62856473","AREAWATER":"0"}},{"type":"Feature","geometry":{"type":"Polygon","coordinates":[[[-103.203,40.682],[-103.2026,40.6474],[-103.2306,40.6396],[-103.2333,40.6161],[-103.2115,40.6255],[-103.2119,40.6391],[-103.1935,40.6403],[-103.1603,40.6847],[-103.203,40.682]]]},"properties":{"GEOID":"08075966102","AREALAND":"15096428","AREAWATER":"0"}},{"type":"Feature","geometry":{"type":"Polygon","coordinates":[[[-105.0911,39.6387],[-105.1098,39.6457],[-105.1098,39.6387],[-105.0911,39.6387]]]},"properties":{"GEOID":"08059980400","AREALAND":"801490","AREAWATER":"0"}},{"type":"Feature","geometry":{"type":"Polygon","coordinates":[[[-105.0248,39.8491],[-105.0248,39.836],[-105.0155,39.8336],[-105.0153,39.849],[-105.0248,39.8491]]]},"properties":{"GEOID":"08001009309","AREALAND":"1280593","AREAWATER":"0"}},{"type":"Feature","geometry":{"type":"Polygon","coordinates":[[[-104.9275,39.8272],[-104.9315,39.8128],[-104.9129,39.8129],[-104.9155,39.8272],[-104.9241,39.8272],[-104.9275,39.8272]]]},"properties":{"GEOID":"08001008705","AREALAND":"2441945","AREAWATER":"0"}},{"type":"Feature","geometry":{"type":"Polygon","coordinates":[[[-104.9675,39.7933],[-104.9689,39.791],[-104.9497,39.7946],[-104.9399,39.791],[-104.9315,39.8128],[-104.9275,39.8272],[-104.9482,39.8308],[-104.9675,39.7933]]]},"properties":{"GEOID":"08001008901","AREALAND":"7948890","AREAWATER":"566409"}},{"type":"Feature","geometry":{"type":"Polygon","coordinates":[[[-105.025,39.8852],[-105.025,39.8708],[-105.0155,39.8708],[-105.0155,39.8852],[-105.025,39.8852]]]},"properties":{"GEOID":"08001009321","AREALAND":"1309073","AREAWATER":"0"}},{"type":"Feature","geometry":{"type":"Polygon","coordinates":[[[-104.7349,40.3776],[-104.7377,40.3595],[-104.7208,40.3545],[-104.6964,40.3651],[-104.6962,40.3701],[-104.7157,40.3703],[-104.7158,40.3849],[-104.7159,40.3921],[-104.735,40.3924],[-104.735,40.3847],[-104.7349,40.3776]]]},"properties":{"GEOID":"08123001005","AREALAND":"8037160","AREAWATER":"152580"}},{"type":"Feature","geometry":{"type":"Polygon","coordinates":[[[-104.4146,40.0007],[-104.4144,39.7599],[-104.3956,39.7578],[-104.3801,39.7381],[-103.9075,39.7407],[-103.7065,39.7399],[-103.7057,40.0014],[-103.7916,40.0013],[-103.8661,40.0012],[-104.1503,40.0009],[-104.4146,40.0007]]]},"properties":{"GEOID":"08001008402","AREALAND":"1736030774","AREAWATER":"17054267"}},{"type":"Feature","geometry":{"type":"Polygon","coordinates":[[[-104.8847,39.7475],[-104.8846,39.7438],[-104.8658,39.7438],[-104.8659,39.7547],[-104.8847,39.7475]]]},"properties":{"GEOID":"08001007900","AREALAND":"1637885","AREAWATER":"338"}},{"type":"Feature","geometry":{"type":"Polygon","coordinates":[[[-104.6256,39.8225],[-104.6309,39.8045],[-104.6236,39.7841],[-104.6091,39.7775],[-104.5825,39.7396],[-104.4208,39.7381],[-104.3801,39.7381],[-104.3956,39.7578],[-104.4144,39.7599],[-104.4146,40.0007],[-104.6041,40.0006],[-104.6188,39.9838],[-104.6239,39.9618],[-104.6073,39.8991],[-104.6053,39.8731],[-104.6192,39.8732],[-104.6198,39.8224],[-104.6256,39.8225]]]},"properties":{"GEOID":"08001008401","AREALAND":"497963963","AREAWATER":"3673375"}},{"type":"Feature","geometry":{"type":"Polygon","coordinates":[[[-104.938,39.8561],[-104.9482,39.8308],[-104.9275,39.8272],[-104.9241,39.8272],[-104.9014,39.8562],[-104.8817,39.8562],[-104.8651,39.8707],[-104.8657,39.8707],[-104.8678,39.8707],[-104.9135,39.8742],[-104.938,39.8561]]]},"properties":{"GEOID":"08001008802","AREALAND":"12057265","AREAWATER":"3131934"}},{"type":"Feature","geometry":{"type":"Polygon","coordinates":[[[-104.9402,39.8774],[-104.9403,39.8559],[-104.938,39.8561],[-104.9135,39.8742],[-104.9022,39.8852],[-104.928,39.8852],[-104.9402,39.885],[-104.9402,39.8774]]]},"properties":{"GEOID":"08001009103","AREALAND":"4211367","AREAWATER":"930415"}},{"type":"Feature","geometry":{"type":"Polygon","coordinates":[[[-105.0529,39.9142],[-105.053,39.8998],[-105.0249,39.8996],[-105.025,39.9142],[-105.0344,39.9142],[-105.0529,39.9142]]]},"properties":{"GEOID":"08001009408","AREALAND":"3815939","AREAWATER":"50182"}},{"type":"Feature","geometry":{"type":"Polygon","coordinates":[[[-105.0344,39.8273],[-105.0347,39.8043],[-105.0252,39.8038],[-105.0248,39.8273],[-105.0344,39.8273]]]},"properties":{"GEOID":"08001009606","AREALAND":"1859409","AREAWATER":"233323"}},{"type":"Feature","geometry":{"type":"Polygon","coordinates":[[[-105.2355,39.7528],[-105.2238,39.7455],[-105.2003,39.7463],[-105.2109,39.7623],[-105.1852,39.7668],[-105.1798,39.7618],[-105.1748,39.7715],[-105.1979,39.7684],[-105.198,39.7684],[-105.2134,39.7621],[-105.2226,39.7567],[-105.2355,39.7528]]]},"properties":{"GEOID":"08059009901","AREALAND":"3794784","AREAWATER":"74450"}},{"type":"Feature","geometry":{"type":"Polygon","coordinates":[[[-105.2003,39.7463],[-105.2238,39.7455],[-105.2092,39.7301],[-105.1941,39.7253],[-105.1842,39.7458],[-105.2003,39.7463]]]},"properties":{"GEOID":"08059010001","AREALAND":"5074550","AREAWATER":"5289"}},{"type":"Feature","geometry":{"type":"Polygon","coordinates":[[[-102.7423,38.267],[-102.7417,38.097],[-102.7035,38.1027],[-102.6935,38.0935],[-102.6714,38.0939],[-102.6516,38.1045],[-102.6043,38.1061],[-102.6033,38.1057],[-102.5669,38.1121],[-102.5332,38.098],[-102.4976,38.0945],[-102.4809,38.1207],[-102.4884,38.1562],[-102.4777,38.174],[-102.4867,38.1994],[-102.4803,38.2139],[-102.4869,38.2495],[-102.4797,38.2679],[-102.7423,38.267]]]},"properties":{"GEOID":"08099000100","AREALAND":"409873960","AREAWATER":"2217571"}},{"type":"Feature","geometry":{"type":"Polygon","coordinates":[[[-102.2111,38.2682],[-102.2106,38.1382],[-102.2268,38.1546],[-102.266,38.1578],[-102.2656,38.1006],[-102.2916,38.1003],[-102.2922,38.0902],[-102.2369,38.0639],[-102.2299,38.0557],[-102.2606,38.0506],[-102.2792,37.9988],[-102.2651,37.9987],[-102.2628,37.8243],[-102.2561,37.8242],[-102.2557,37.6442],[-102.0416,37.6443],[-102.0445,37.9846],[-102.0445,38.2687],[-102.2111,38.2682]]]},"properties":{"GEOID":"08099000600","AREALAND":"1266298806","AREAWATER":"4785087"}},{"type":"Feature","geometry":{"type":"Polygon","coordinates":[[[-105.0344,39.9432],[-105.0344,39.9287],[-105.0155,39.9285],[-105.0157,39.9431],[-105.0344,39.9432]]]},"properties":{"GEOID":"08014030600","AREALAND":"2530469","AREAWATER":"64721"}},{"type":"Feature","geometry":{"type":"Polygon","coordinates":[[[-105.0964,40.451],[-105.0966,40.429],[-105.0775,40.4305],[-105.0774,40.4511],[-105.0964,40.451]]]},"properties":{"GEOID":"08069001807","AREALAND":"3799378","AREAWATER":"25213"}},{"type":"Feature","geometry":{"type":"Polygon","coordinates":[[[-105.1209,40.4072],[-105.1252,40.3929],[-105.116,40.3926],[-105.0969,40.3928],[-105.0779,40.4022],[-105.0874,40.4049],[-105.1209,40.4072]]]},"properties":{"GEOID":"08069001901","AREALAND":"4339468","AREAWATER":"412467"}},{"type":"Feature","geometry":{"type":"Polygon","coordinates":[[[-108.4594,39.1621],[-108.4691,39.1583],[-108.4681,39.1334],[-108.4816,39.105],[-108.4443,39.1054],[-108.427,39.1062],[-108.43,39.0809],[-108.4293,39.0668],[-108.4294,39.0667],[-108.3949,39.092],[-108.3502,39.0987],[-108.3475,39.1092],[-108.3204,39.1173],[-108.3244,39.1318],[-108.3315,39.1193],[-108.3731,39.1265],[-108.4111,39.125],[-108.4125,39.1331],[-108.4594,39.1621]]]},"properties":{"GEOID":"08077001702","AREALAND":"51765532","AREAWATER":"370941"}},{"type":"Feature","geometry":{"type":"Polygon","coordinates":[[[-108.644,39.1122],[-108.6602,39.1088],[-108.6253,39.0881],[-108.5914,39.0805],[-108.5694,39.0555],[-108.5658,39.0543],[-108.5645,39.0644],[-108.579,39.0786],[-108.5895,39.0919],[-108.5895,39.1138],[-108.644,39.1122]]]},"properties":{"GEOID":"08077000900","AREALAND":"16764085","AREAWATER":"1360730"}},{"type":"Feature","geometry":{"type":"Polygon","coordinates":[[[-108.4967,39.0532],[-108.501,39.0204],[-108.4608,39.0265],[-108.3892,39.0723],[-108.3696,39.0783],[-108.3502,39.0987],[-108.3949,39.092],[-108.4294,39.0667],[-108.4293,39.0668],[-108.4294,39.0667],[-108.4595,39.0551],[-108.4782,39.0577],[-108.4967,39.0532]]]},"properties":{"GEOID":"08077001200","AREALAND":"32516332","AREAWATER":"1028356"}},{"type":"Feature","geometry":{"type":"Polygon","coordinates":[[[-108.5702,39.3665],[-108.5658,39.313],[-108.5784,39.2963],[-108.5658,39.2685],[-108.547,39.2834],[-108.5573,39.262],[-108.5364,39.2621],[-108.5074,39.2334],[-108.4745,39.2005],[-108.4594,39.1621],[-108.4125,39.1331],[-108.4111,39.125],[-108.3731,39.1265],[-108.3315,39.1193],[-108.3244,39.1318],[-108.2869,39.1254],[-108.2671,39.1026],[-108.237,39.0812],[-108.2226,39.0837],[-108.2329,39.0655],[-108.2537,39.0485],[-108.2322,39.0405],[-108.2684,39.0404],[-108.2686,38.9697],[-108.2126,38.9704],[-108.2129,38.9568],[-108.2308,38.9564],[-108.2304,38.8778],[-108.1525,38.9013],[-108.1383,38.9261],[-108.1189,38.929],[-108.0873,38.9632],[-108.0948,38.9797],[-108.032,39.0273],[-107.9822,39.0599],[-107.9512,39.0597],[-107.8752,39.0709],[-107.8586,39.0802],[-107.7942,39.0617],[-107.776,39.0478],[-107.7561,39.0499],[-107.738,39.0662],[-107.7216,39.0652],[-107.7098,39.0827],[-107.6941,39.0851],[-107.6376,39.142],[-107.5682,39.1814],[-107.5434,39.1819],[-107.5435,39.1944],[-107.5006,39.2179],[-107.4844,39.2352],[-107.451,39.2307],[-107.4292,39.2422],[-107.4305,39.2567],[-107.3945,39.2563],[-107.3792,39.2691],[-107.3966,39.2939],[-107.4126,39.2919],[-107.4517,39.3045],[-107.466,39.3221],[-107.4305,39.3482],[-107.4309,39.3662],[-107.7535,39.3662],[-107.8841,39.3662],[-108.1068,39.3662],[-108.4096,39.366],[-108.5702,39.3665]]]},"properties":{"GEOID":"08077001800","AREALAND":"2970587270","AREAWATER":"11931146"}},{"type":"Feature","geometry":{"type":"Polygon","coordinates":[[[-105.6758,39.9325],[-105.6911,39.8973],[-105.6997,39.8915],[-105.6903,39.852],[-105.6333,39.8437],[-105.629,39.8327],[-105.5949,39.8171],[-105.5834,39.8221],[-105.5272,39.83],[-105.5006,39.8387],[-105.4661,39.8638],[-105.4741,39.8838],[-105.4485,39.9108],[-105.4532,39.9342],[-105.5011,39.9324],[-105.6758,39.9325]]]},"properties":{"GEOID":"08047013801","AREALAND":"209603699","AREAWATER":"813029"}},{"type":"Feature","geometry":{"type":"Polygon","coordinates":[[[-105.4532,39.9342],[-105.4485,39.9108],[-105.4741,39.8838],[-105.4661,39.8638],[-105.5006,39.8387],[-105.5272,39.83],[-105.5834,39.8221],[-105.5785,39.8055],[-105.5455,39.7869],[-105.5482,39.7818],[-105.5083,39.7642],[-105.4547,39.7559],[-105.4226,39.7552],[-105.4214,39.7459],[-105.3979,39.746],[-105.3979,39.9129],[-105.398,39.9348],[-105.419,39.9287],[-105.44,39.9384],[-105.4532,39.9342]]]},"properties":{"GEOID":"08047013802","AREALAND":"178953057","AREAWATER":"129027"}},{"type":"Feature","geometry":{"type":"Polygon","coordinates":[[[-108.6253,39.0881],[-108.6346,39.0781],[-108.6064,39.0662],[-108.6043,39.0517],[-108.586,39.0629],[-108.5762,39.0477],[-108.5694,39.0555],[-108.5914,39.0805],[-108.6253,39.0881]]]},"properties":{"GEOID":"08077001403","AREALAND":"8899178","AREAWATER":"842122"}},{"type":"Feature","geometry":{"type":"Polygon","coordinates":[[[-105.0861,40.5871],[-105.0807,40.5781],[-105.077,40.5781],[-105.0665,40.5814],[-105.0633,40.5815],[-105.0631,40.5815],[-105.0766,40.5952],[-105.0861,40.5871]]]},"properties":{"GEOID":"08069000100","AREALAND":"1844765","AREAWATER":"13645"}},{"type":"Feature","geometry":{"type":"Polygon","coordinates":[[[-104.9594,39.5522],[-104.9613,39.5403],[-104.9482,39.5427],[-104.9446,39.545],[-104.9553,39.5531],[-104.9594,39.5522]]]},"properties":{"GEOID":"08035014109","AREALAND":"1545578","AREAWATER":"0"}},{"type":"Feature","geometry":{"type":"Polygon","coordinates":[[[-104.9605,39.5661],[-104.9553,39.5531],[-104.9446,39.545],[-104.9419,39.566],[-104.9605,39.5661]]]},"properties":{"GEOID":"08035014110","AREALAND":"2692409","AREAWATER":"1317"}},{"type":"Feature","geometry":{"type":"Polygon","coordinates":[[[-104.9199,39.5538],[-104.931,39.5426],[-104.9194,39.5444],[-104.9134,39.542],[-104.9116,39.5551],[-104.9199,39.5538]]]},"properties":{"GEOID":"08035014112","AREALAND":"1692298","AREAWATER":"4930"}},{"type":"Feature","geometry":{"type":"Polygon","coordinates":[[[-105.0554,40.0148],[-105.0555,40.0003],[-105.0528,40.0003],[-105.0371,40.0005],[-105.0369,40.0147],[-105.0376,40.0657],[-105.0555,40.0658],[-105.0555,40.0366],[-105.0554,40.0148]]]},"properties":{"GEOID":"08123002007","AREALAND":"11201766","AREAWATER":"9385"}},{"type":"Feature","geometry":{"type":"Polygon","coordinates":[[[-104.9416,40.1022],[-104.9413,40.088],[-104.9241,40.0877],[-104.9238,40.1022],[-104.9416,40.1022]]]},"properties":{"GEOID":"08123002014","AREALAND":"2352122","AREAWATER":"0"}},{"type":"Feature","geometry":{"type":"Polygon","coordinates":[[[-105.0253,39.7766],[-105.0252,39.7693],[-105.0112,39.7693],[-105.0112,39.7766],[-105.0253,39.7766]]]},"properties":{"GEOID":"08031000401","AREALAND":"978390","AREAWATER":"0"}},{"type":"Feature","geometry":{"type":"Polygon","coordinates":[[[-104.9077,40.509],[-104.9077,40.48],[-104.889,40.4797],[-104.8891,40.4652],[-104.8892,40.4476],[-104.8731,40.4371],[-104.8514,40.4435],[-104.8563,40.4796],[-104.8701,40.4942],[-104.8889,40.4941],[-104.8888,40.509],[-104.9077,40.509]]]},"properties":{"GEOID":"08123002203","AREALAND":"19793498","AREAWATER":"687449"}},{"type":"Feature","geometry":{"type":"Polygon","coordinates":[[[-104.9124,40.4616],[-104.9059,40.4393],[-104.9073,40.4068],[-104.9072,40.4068],[-104.8799,40.4068],[-104.8462,40.4212],[-104.8135,40.4213],[-104.8116,40.4516],[-104.8163,40.4804],[-104.8563,40.4796],[-104.8514,40.4435],[-104.8731,40.4371],[-104.8892,40.4476],[-104.9077,40.4629],[-104.9124,40.4616]]]},"properties":{"GEOID":"08123002209","AREALAND":"39756850","AREAWATER":"1330520"}},{"type":"Feature","geometry":{"type":"Polygon","coordinates":[[[-104.9072,40.4068],[-104.9064,40.349],[-104.9061,40.3345],[-104.8868,40.3341],[-104.886,40.2621],[-104.8801,40.2581],[-104.8737,40.2713],[-104.8349,40.2935],[-104.7999,40.3304],[-104.7637,40.3424],[-104.7596,40.3543],[-104.7904,40.3483],[-104.8029,40.3373],[-104.8035,40.3632],[-104.813,40.3776],[-104.8132,40.4004],[-104.8133,40.4068],[-104.8135,40.4213],[-104.8462,40.4212],[-104.8799,40.4068],[-104.9072,40.4068]]]},"properties":{"GEOID":"08123002101","AREALAND":"111767202","AREAWATER":"905198"}},{"type":"Feature","geometry":{"type":"Polygon","coordinates":[[[-105.134,40.557],[-105.1444,40.5551],[-105.1409,40.5285],[-105.1151,40.5309],[-105.1151,40.5382],[-105.1151,40.5528],[-105.134,40.557]]]},"properties":{"GEOID":"08069001112","AREALAND":"6524651","AREAWATER":"215974"}},{"type":"Feature","geometry":{"type":"Polygon","coordinates":[[[-105.1151,40.5309],[-105.1151,40.5235],[-105.0961,40.5236],[-105.0961,40.5382],[-105.1151,40.5382],[-105.1151,40.5309]]]},"properties":{"GEOID":"08069001113","AREALAND":"2608267","AREAWATER":"0"}},{"type":"Feature","geometry":{"type":"Polygon","coordinates":[[[-105.0433,40.5526],[-105.0433,40.538],[-105.0202,40.5378],[-105.0257,40.5523],[-105.0433,40.5526]]]},"properties":{"GEOID":"08069001602","AREALAND":"3038149","AREAWATER":"10095"}},{"type":"Feature","geometry":{"type":"Polygon","coordinates":[[[-105.0585,40.4289],[-105.0761,40.4217],[-105.073,40.4072],[-105.0363,40.4072],[-105.0363,40.4126],[-105.0585,40.4289]]]},"properties":{"GEOID":"08069001706","AREALAND":"4776841","AREAWATER":"726251"}},{"type":"Feature","geometry":{"type":"Polygon","coordinates":[[[-105.0775,40.4305],[-105.0761,40.4217],[-105.0585,40.4289],[-105.0774,40.4511],[-105.0775,40.4305]]]},"properties":{"GEOID":"08069001707","AREALAND":"3381156","AREAWATER":"6728"}},{"type":"Feature","geometry":{"type":"Polygon","coordinates":[[[-105.1151,40.5235],[-105.1156,40.4944],[-105.0909,40.4946],[-105.0808,40.5236],[-105.0961,40.5236],[-105.1151,40.5235]]]},"properties":{"GEOID":"08069001114","AREALAND":"8587936","AREAWATER":"35603"}},{"type":"Feature","geometry":{"type":"Polygon","coordinates":[[[-105.0767,40.5962],[-105.0768,40.5952],[-105.0766,40.5952],[-105.0631,40.5815],[-105.0014,40.5812],[-105.0015,40.5956],[-105.0577,40.596],[-105.0767,40.5962]]]},"properties":{"GEOID":"08069001306","AREALAND":"9375407","AREAWATER":"181838"}},{"type":"Feature","geometry":{"type":"Polygon","coordinates":[[[-105.0631,40.5815],[-105.0633,40.5815],[-105.0579,40.5779],[-105.0432,40.5671],[-105.0015,40.5666],[-105.0014,40.5812],[-105.0631,40.5815]]]},"properties":{"GEOID":"08069001601","AREALAND":"5838909","AREAWATER":"734294"}},{"type":"Feature","geometry":{"type":"Polygon","coordinates":[[[-105.0773,40.4948],[-105.0774,40.4802],[-105.042,40.4801],[-105.0489,40.4946],[-105.0582,40.4945],[-105.0773,40.4948]]]},"properties":{"GEOID":"08069001708","AREALAND":"3931805","AREAWATER":"222038"}},{"type":"Feature","geometry":{"type":"Polygon","coordinates":[[[-105.0956,40.603],[-105.0956,40.6029],[-105.0768,40.5952],[-105.0767,40.5962],[-105.0764,40.6134],[-105.0772,40.616],[-105.0953,40.6254],[-105.0956,40.603]]]},"properties":{"GEOID":"08069001304","AREALAND":"3896642","AREAWATER":"128989"}},{"type":"Feature","geometry":{"type":"Polygon","coordinates":[[[-105.0764,40.6134],[-105.0767,40.5962],[-105.0577,40.596],[-105.0575,40.6126],[-105.0764,40.6134]]]},"properties":{"GEOID":"08069001305","AREALAND":"2849147","AREAWATER":"18378"}},{"type":"Feature","geometry":{"type":"Polygon","coordinates":[[[-107.3728,39.5602],[-107.3412,39.5338],[-107.3324,39.5125],[-107.3145,39.4991],[-107.3016,39.504],[-107.3293,39.5352],[-107.3247,39.5485],[-107.3393,39.5584],[-107.3728,39.5602]]]},"properties":{"GEOID":"08045951701","AREALAND":"13065764","AREAWATER":"129256"}},{"type":"Feature","geometry":{"type":"Polygon","coordinates":[[[-107.7002,39.5479],[-107.716,39.5375],[-107.6898,39.5142],[-107.6898,39.4742],[-107.6767,39.4231],[-107.6955,39.4085],[-107.6998,39.3931],[-107.7233,39.3833],[-107.7339,39.3693],[-107.7535,39.3662],[-107.4309,39.3662],[-107.4267,39.3662],[-107.4275,39.3956],[-107.4067,39.4139],[-107.4103,39.4298],[-107.4623,39.4387],[-107.4707,39.4509],[-107.4977,39.4655],[-107.5113,39.4939],[-107.5412,39.4929],[-107.5635,39.5194],[-107.5939,39.5211],[-107.6133,39.5408],[-107.5984,39.5473],[-107.6265,39.5565],[-107.6308,39.5755],[-107.6668,39.5892],[-107.6759,39.564],[-107.7002,39.564],[-107.7002,39.5479]]]},"properties":{"GEOID":"08045951901","AREALAND":"375854821","AREAWATER":"1483438"}},{"type":"Feature","geometry":{"type":"Polygon","coordinates":[[[-104.8133,39.5949],[-104.8012,39.579],[-104.7733,39.5804],[-104.7732,39.595],[-104.7919,39.5949],[-104.8133,39.5949]]]},"properties":{"GEOID":"08005086300","AREALAND":"4944225","AREAWATER":"0"}},{"type":"Feature","geometry":{"type":"Polygon","coordinates":[[[-104.756,39.6095],[-104.7732,39.595],[-104.7447,39.5952],[-104.7415,39.5953],[-104.7344,39.6055],[-104.7447,39.6078],[-104.7555,39.612],[-104.756,39.6095]]]},"properties":{"GEOID":"08005085200","AREALAND":"3603157","AREAWATER":"0"}},{"type":"Feature","geometry":{"type":"Polygon","coordinates":[[[-104.7916,39.6182],[-104.7917,39.6106],[-104.773,39.6096],[-104.7732,39.6188],[-104.7861,39.624],[-104.7915,39.6261],[-104.7916,39.6182]]]},"properties":{"GEOID":"08005085500","AREALAND":"2178317","AREAWATER":"0"}},{"type":"Feature","geometry":{"type":"Polygon","coordinates":[[[-104.7732,39.6188],[-104.773,39.6096],[-104.756,39.6095],[-104.7555,39.612],[-104.7732,39.6188]]]},"properties":{"GEOID":"08005085600","AREALAND":"1281728","AREAWATER":"0"}},{"type":"Feature","geometry":{"type":"Polygon","coordinates":[[[-104.7917,39.6106],[-104.7919,39.5949],[-104.7732,39.595],[-104.756,39.6095],[-104.773,39.6096],[-104.7917,39.6106]]]},"properties":{"GEOID":"08005085100","AREALAND":"3739597","AREAWATER":"0"}},{"type":"Feature","geometry":{"type":"Polygon","coordinates":[[[-104.7387,39.6191],[-104.7447,39.6078],[-104.7344,39.6055],[-104.7228,39.6011],[-104.7213,39.6058],[-104.7387,39.6191]]]},"properties":{"GEOID":"08005086100","AREALAND":"1893509","AREAWATER":"0"}},{"type":"Feature","geometry":{"type":"Polygon","coordinates":[[[-104.7075,39.5981],[-104.707,39.566],[-104.6795,39.5659],[-104.6796,39.5735],[-104.7075,39.5981]]]},"properties":{"GEOID":"08005086700","AREALAND":"6123939","AREAWATER":"0"}},{"type":"Feature","geometry":{"type":"Polygon","coordinates":[[[-104.7632,39.6385],[-104.7544,39.6282],[-104.7544,39.6266],[-104.7382,39.6272],[-104.7263,39.6239],[-104.7192,39.6386],[-104.7351,39.6384],[-104.7542,39.6385],[-104.7632,39.6385]]]},"properties":{"GEOID":"08005085900","AREALAND":"4714119","AREAWATER":"0"}},{"type":"Feature","geometry":{"type":"Polygon","coordinates":[[[-104.7344,39.6055],[-104.7415,39.5953],[-104.7185,39.5897],[-104.7143,39.6011],[-104.7168,39.6022],[-104.7228,39.6011],[-104.7344,39.6055]]]},"properties":{"GEOID":"08005085300","AREALAND":"1818800","AREAWATER":"0"}},{"type":"Feature","geometry":{"type":"Polygon","coordinates":[[[-104.7663,39.5659],[-104.7181,39.5659],[-104.707,39.566],[-104.7075,39.5981],[-104.7143,39.6011],[-104.7185,39.5897],[-104.72,39.5807],[-104.7663,39.5659]]]},"properties":{"GEOID":"08005086600","AREALAND":"7444413","AREAWATER":"0"}},{"type":"Feature","geometry":{"type":"Polygon","coordinates":[[[-104.7725,39.669],[-104.7724,39.6677],[-104.7536,39.6679],[-104.7536,39.682],[-104.7724,39.682],[-104.7725,39.6807],[-104.7725,39.669]]]},"properties":{"GEOID":"08005083100","AREALAND":"2554624","AREAWATER":"0"}},{"type":"Feature","geometry":{"type":"Polygon","coordinates":[[[-104.8105,39.6104],[-104.8199,39.6057],[-104.8133,39.5949],[-104.7919,39.5949],[-104.7917,39.6106],[-104.8105,39.6104]]]},"properties":{"GEOID":"08005085000","AREALAND":"3622742","AREAWATER":"0"}},{"type":"Feature","geometry":{"type":"Polygon","coordinates":[[[-104.8753,39.6965],[-104.8753,39.6892],[-104.8753,39.6857],[-104.8659,39.6857],[-104.866,39.6966],[-104.8753,39.6965]]]},"properties":{"GEOID":"08005087000","AREALAND":"964295","AREAWATER":"0"}},{"type":"Feature","geometry":{"type":"Polygon","coordinates":[[[-104.7537,39.6531],[-104.7417,39.6531],[-104.7162,39.653],[-104.7161,39.682],[-104.7536,39.682],[-104.7536,39.6679],[-104.7537,39.6531]]]},"properties":{"GEOID":"08005083000","AREALAND":"10298555","AREAWATER":"0"}},{"type":"Feature","geometry":{"type":"Polygon","coordinates":[[[-104.847,39.7402],[-104.8471,39.7361],[-104.8282,39.7361],[-104.8255,39.7363],[-104.8255,39.7403],[-104.847,39.7402]]]},"properties":{"GEOID":"08005007301","AREALAND":"858952","AREAWATER":"0"}},{"type":"Feature","geometry":{"type":"Polygon","coordinates":[[[-104.8753,39.6857],[-104.8753,39.6784],[-104.8709,39.6748],[-104.8661,39.6709],[-104.8659,39.682],[-104.8659,39.6857],[-104.8753,39.6857]]]},"properties":{"GEOID":"08005087100","AREALAND":"982355","AREAWATER":"0"}},{"type":"Feature","geometry":{"type":"Polygon","coordinates":[[[-104.8858,39.6893],[-104.8895,39.6893],[-104.8753,39.6784],[-104.8753,39.6857],[-104.8753,39.6892],[-104.8858,39.6893]]]},"properties":{"GEOID":"08005086900","AREALAND":"733046","AREAWATER":"0"}},{"type":"Feature","geometry":{"type":"Polygon","coordinates":[[[-104.7724,39.6966],[-104.7724,39.682],[-104.7536,39.682],[-104.7537,39.6965],[-104.77,39.6967],[-104.7724,39.6966]]]},"properties":{"GEOID":"08005082900","AREALAND":"2579452","AREAWATER":"0"}},{"type":"Feature","geometry":{"type":"Polygon","coordinates":[[[-104.8103,39.6314],[-104.8104,39.6204],[-104.7916,39.6182],[-104.7915,39.6261],[-104.8103,39.6326],[-104.8103,39.6314]]]},"properties":{"GEOID":"08005081700","AREALAND":"1850448","AREAWATER":"0"}},{"type":"Feature","geometry":{"type":"Polygon","coordinates":[[[-105.2019,39.7024],[-105.1924,39.6758],[-105.1914,39.688],[-105.1608,39.6814],[-105.1485,39.6933],[-105.1472,39.6947],[-105.1478,39.7096],[-105.1654,39.7092],[-105.1654,39.7253],[-105.1797,39.7253],[-105.2019,39.7024]]]},"properties":{"GEOID":"08059011720","AREALAND":"15469958","AREAWATER":"7231"}},{"type":"Feature","geometry":{"type":"Polygon","coordinates":[[[-105.1654,39.7253],[-105.1654,39.7092],[-105.1478,39.7096],[-105.1473,39.7112],[-105.1491,39.7139],[-105.1512,39.7253],[-105.1654,39.7253]]]},"properties":{"GEOID":"08059011721","AREALAND":"2543931","AREAWATER":"3353"}},{"type":"Feature","geometry":{"type":"Polygon","coordinates":[[[-102.7127,37.6436],[-102.7236,37.6305],[-102.774,37.626],[-102.8038,37.5986],[-102.8472,37.5812],[-102.8427,37.5565],[-102.802,37.5565],[-102.8021,37.5275],[-102.7656,37.5275],[-102.7652,37.4116],[-102.7469,37.4117],[-102.7468,37.3825],[-102.7783,37.3814],[-102.7782,37.2095],[-102.7618,37.204],[-102.7587,37.2165],[-102.741,37.2239],[-102.7095,37.2249],[-102.6944,37.2154],[-102.6677,37.2325],[-102.6542,37.2262],[-102.6076,37.2428],[-102.5381,37.2506],[-102.5252,37.2719],[-102.5112,37.2773],[-102.4945,37.2979],[-102.4731,37.2913],[-102.4594,37.3079],[-102.434,37.3022],[-102.4155,37.3115],[-102.4015,37.2936],[-102.3798,37.3018],[-102.3798,37.3326],[-102.3864,37.3538],[-102.4106,37.3538],[-102.4008,37.3838],[-102.4009,37.5046],[-102.4134,37.5197],[-102.4301,37.5228],[-102.4645,37.5468],[-102.5001,37.5656],[-102.5241,37.5725],[-102.5359,37.5943],[-102.5295,37.6267],[-102.54,37.6437],[-102.7127,37.6436]]]},"properties":{"GEOID":"08009964700","AREALAND":"1326799777","AREAWATER":"4960434"}},{"type":"Feature","geometry":{"type":"Polygon","coordinates":[[[-103.0759,37.6434],[-103.0747,37.3817],[-103.0825,37.3816],[-103.0867,37.1764],[-103.0861,37.0002],[-102.9872,36.9986],[-102.8151,36.9998],[-102.6981,36.9952],[-102.3886,36.9948],[-102.0421,36.993],[-102.0418,37.4071],[-102.0416,37.6443],[-102.2557,37.6442],[-102.54,37.6437],[-102.5295,37.6267],[-102.5359,37.5943],[-102.5241,37.5725],[-102.5001,37.5656],[-102.4645,37.5468],[-102.4301,37.5228],[-102.4134,37.5197],[-102.4009,37.5046],[-102.4008,37.3838],[-102.4106,37.3538],[-102.3864,37.3538],[-102.3798,37.3326],[-102.3798,37.3018],[-102.4015,37.2936],[-102.4155,37.3115],[-102.434,37.3022],[-102.4594,37.3079],[-102.4731,37.2913],[-102.4945,37.2979],[-102.5112,37.2773],[-102.5252,37.2719],[-102.5381,37.2506],[-102.6076,37.2428],[-102.6542,37.2262],[-102.6677,37.2325],[-102.6944,37.2154],[-102.7095,37.2249],[-102.741,37.2239],[-102.7587,37.2165],[-102.7618,37.204],[-102.7782,37.2095],[-102.7783,37.3814],[-102.7468,37.3825],[-102.7469,37.4117],[-102.7652,37.4116],[-102.7656,37.5275],[-102.8021,37.5275],[-102.802,37.5565],[-102.8427,37.5565],[-102.8472,37.5812],[-102.8038,37.5986],[-102.774,37.626],[-102.7236,37.6305],[-102.7127,37.6436],[-102.7476,37.6436],[-103.0759,37.6434]]]},"properties":{"GEOID":"08009964600","AREALAND":"5290600791","AREAWATER":"1181758"}},{"type":"Feature","geometry":{"type":"Polygon","coordinates":[[[-104.7975,38.796],[-104.7759,38.7648],[-104.733,38.7248],[-104.7267,38.7323],[-104.7307,38.7367],[-104.7407,38.7475],[-104.7442,38.7512],[-104.7442,38.7513],[-104.7581,38.7701],[-104.7575,38.7817],[-104.7575,38.789],[-104.7755,38.7967],[-104.7839,38.7983],[-104.7975,38.796]]]},"properties":{"GEOID":"08041004501","AREALAND":"13565105","AREAWATER":"42902"}},{"type":"Feature","geometry":{"type":"Polygon","coordinates":[[[-107.7242,37.3354],[-107.7559,37.3264],[-107.7914,37.2983],[-107.7983,37.2826],[-107.758,37.2338],[-107.7466,37.215],[-107.5953,37.2148],[-107.6121,37.2368],[-107.6017,37.2626],[-107.6075,37.313],[-107.6257,37.3237],[-107.6281,37.3392],[-107.644,37.3491],[-107.6706,37.3604],[-107.7242,37.3354]]]},"properties":{"GEOID":"08067970601","AREALAND":"205239973","AREAWATER":"0"}},{"type":"Feature","geometry":{"type":"Polygon","coordinates":[[[-107.644,37.3491],[-107.6281,37.3392],[-107.6257,37.3237],[-107.6075,37.313],[-107.6017,37.2626],[-107.6121,37.2368],[-107.5953,37.2148],[-107.4821,37.2148],[-107.4821,37.4227],[-107.4822,37.6395],[-107.592,37.6396],[-107.5943,37.6044],[-107.6069,37.5912],[-107.5768,37.5728],[-107.5736,37.5577],[-107.5571,37.5524],[-107.5995,37.5259],[-107.6,37.5099],[-107.6254,37.4735],[-107.6178,37.4578],[-107.6397,37.3819],[-107.644,37.3491]]]},"properties":{"GEOID":"08067970602","AREALAND":"523098115","AREAWATER":"11153860"}},{"type":"Feature","geometry":{"type":"Polygon","coordinates":[[[-107.8061,37.6401],[-107.8243,37.5913],[-107.8239,37.5461],[-107.8184,37.5346],[-107.8155,37.4793],[-107.7947,37.4558],[-107.7996,37.422],[-107.8334,37.385],[-107.799,37.3633],[-107.7788,37.3804],[-107.7387,37.3956],[-107.7503,37.3775],[-107.739,37.3476],[-107.7242,37.3354],[-107.6706,37.3604],[-107.644,37.3491],[-107.6397,37.3819],[-107.6178,37.4578],[-107.6254,37.4735],[-107.6,37.5099],[-107.5995,37.5259],[-107.5571,37.5524],[-107.5736,37.5577],[-107.5768,37.5728],[-107.6069,37.5912],[-107.5943,37.6044],[-107.592,37.6396],[-107.8061,37.6401]]]},"properties":{"GEOID":"08067970706","AREALAND":"560111492","AREAWATER":"7020788"}},{"type":"Feature","geometry":{"type":"Polygon","coordinates":[[[-107.9261,37.6398],[-107.9311,37.6024],[-107.9518,37.5657],[-107.9316,37.5111],[-107.8864,37.4861],[-107.8543,37.4414],[-107.8544,37.4021],[-107.8334,37.385],[-107.7996,37.422],[-107.7947,37.4558],[-107.8155,37.4793],[-107.8184,37.5346],[-107.8239,37.5461],[-107.8243,37.5913],[-107.8061,37.6401],[-107.9261,37.6398]]]},"properties":{"GEOID":"08067970705","AREALAND":"223422681","AREAWATER":"14407"}},{"type":"Feature","geometry":{"type":"Polygon","coordinates":[[[-104.7442,38.7512],[-104.7407,38.7475],[-104.7231,38.7589],[-104.7391,38.7697],[-104.7442,38.7513],[-104.7442,38.7512]]]},"properties":{"GEOID":"08041004200","AREALAND":"1965694","AREAWATER":"0"}},{"type":"Feature","geometry":{"type":"Polygon","coordinates":[[[-104.9024,38.811],[-104.8994,38.7873],[-104.8641,38.7909],[-104.8519,38.7985],[-104.8593,38.8247],[-104.8592,38.8283],[-104.8792,38.8308],[-104.9024,38.811]]]},"properties":{"GEOID":"08041002501","AREALAND":"14783822","AREAWATER":"99522"}},{"type":"Feature","geometry":{"type":"Polygon","coordinates":[[[-104.7713,38.812],[-104.7755,38.7967],[-104.7575,38.789],[-104.7575,38.8138],[-104.7663,38.8152],[-104.7713,38.812]]]},"properties":{"GEOID":"08041005400","AREALAND":"2824053","AREAWATER":"0"}},{"type":"Feature","geometry":{"type":"Polygon","coordinates":[[[-104.8182,38.8976],[-104.8126,38.8877],[-104.8126,38.8876],[-104.7947,38.8805],[-104.7857,38.8892],[-104.8182,38.8976]]]},"properties":{"GEOID":"08041000203","AREALAND":"2631161","AREAWATER":"0"}},{"type":"Feature","geometry":{"type":"Polygon","coordinates":[[[-109.0601,38.5],[-109.0602,38.2755],[-109.0428,38.1663],[-109.0426,38.153],[-108.8808,38.154],[-108.7355,38.1531],[-108.3338,38.1525],[-108.0279,38.1526],[-107.9658,38.1523],[-107.947,38.1525],[-107.9477,38.1738],[-107.9381,38.1739],[-107.9376,38.219],[-107.9842,38.2339],[-107.9841,38.2484],[-108.0115,38.2553],[-108.0866,38.2552],[-108.0867,38.2758],[-108.116,38.277],[-108.1292,38.3125],[-108.1822,38.3237],[-108.2043,38.3178],[-108.2309,38.3255],[-108.2445,38.3541],[-108.2773,38.3778],[-108.2983,38.3841],[-108.3386,38.4074],[-108.3785,38.4112],[-108.3824,38.428],[-108.4247,38.4256],[-108.4628,38.4602],[-108.4938,38.4718],[-108.5365,38.457],[-108.5729,38.4757],[-108.5837,38.5],[-109.0601,38.5]]]},"properties":{"GEOID":"08085966100","AREALAND":"2875032906","AREAWATER":"682240"}},{"type":"Feature","geometry":{"type":"Polygon","coordinates":[[[-104.6968,38.7084],[-104.6968,38.6939],[-104.6899,38.6863],[-104.6737,38.7084],[-104.6843,38.7084],[-104.6968,38.7084]]]},"properties":{"GEOID":"08041004514","AREALAND":"2928710","AREAWATER":"0"}},{"type":"Feature","geometry":{"type":"Polygon","coordinates":[[[-104.6995,38.7233],[-104.6868,38.727],[-104.6921,38.7374],[-104.6952,38.7374],[-104.6995,38.7233]]]},"properties":{"GEOID":"08041004520","AREALAND":"872724","AREAWATER":"0"}},{"type":"Feature","geometry":{"type":"Polygon","coordinates":[[[-104.6887,38.684],[-104.6678,38.5883],[-104.647,38.5629],[-104.6261,38.52],[-104.6124,38.5202],[-104.62,38.5275],[-104.6218,38.5601],[-104.6367,38.5937],[-104.611,38.6192],[-104.6063,38.6419],[-104.6256,38.6537],[-104.6168,38.6834],[-104.6276,38.694],[-104.654,38.694],[-104.6643,38.6829],[-104.6887,38.684]]]},"properties":{"GEOID":"08041004517","AREALAND":"70762447","AREAWATER":"283418"}},{"type":"Feature","geometry":{"type":"Polygon","coordinates":[[[-104.7091,38.6729],[-104.7462,38.6641],[-104.7464,38.621],[-104.7181,38.6212],[-104.718,38.5196],[-104.6261,38.52],[-104.647,38.5629],[-104.6678,38.5883],[-104.6887,38.684],[-104.6996,38.6881],[-104.7091,38.6729]]]},"properties":{"GEOID":"08041004516","AREALAND":"96577372","AREAWATER":"69069"}},{"type":"Feature","geometry":{"type":"Polygon","coordinates":[[[-104.5518,39.1294],[-104.5481,39.0425],[-104.5391,39.0426],[-104.5341,39.0168],[-104.5341,38.9547],[-104.4787,38.9542],[-104.4785,39.0264],[-104.2937,39.0267],[-104.2629,39.0545],[-104.1818,39.1078],[-104.167,39.1285],[-104.2924,39.1287],[-104.5049,39.1295],[-104.5518,39.1294]]]},"properties":{"GEOID":"08041003911","AREALAND":"352437237","AREAWATER":"421990"}},{"type":"Feature","geometry":{"type":"Polygon","coordinates":[[[-104.7741,38.8892],[-104.7571,38.8823],[-104.7571,38.8909],[-104.7741,38.8892]]]},"properties":{"GEOID":"08041000103","AREALAND":"1295090","AREAWATER":"0"}},{"type":"Feature","geometry":{"type":"Polygon","coordinates":[[[-104.7197,38.9403],[-104.7195,38.926],[-104.6953,38.9261],[-104.6902,38.9414],[-104.7011,38.9411],[-104.7197,38.9403]]]},"properties":{"GEOID":"08041005121","AREALAND":"5063375","AREAWATER":"0"}},{"type":"Feature","geometry":{"type":"Polygon","coordinates":[[[-104.8186,38.8216],[-104.8223,38.815],[-104.8224,38.8149],[-104.8128,38.8126],[-104.7975,38.796],[-104.7839,38.7983],[-104.7803,38.8155],[-104.7806,38.8175],[-104.7978,38.8207],[-104.8084,38.8212],[-104.8186,38.8216]]]},"properties":{"GEOID":"08041002802","AREALAND":"6294252","AREAWATER":"0"}},{"type":"Feature","geometry":{"type":"Polygon","coordinates":[[[-104.8128,38.8126],[-104.8132,38.7972],[-104.7975,38.796],[-104.8128,38.8126]]]},"properties":{"GEOID":"08041002902","AREALAND":"910870","AREAWATER":"0"}},{"type":"Feature","geometry":{"type":"Polygon","coordinates":[[[-104.8224,38.8149],[-104.8223,38.8067],[-104.8222,38.8055],[-104.8221,38.7974],[-104.8132,38.7972],[-104.8128,38.8126],[-104.8224,38.8149]]]},"properties":{"GEOID":"08041002901","AREALAND":"2108486","AREAWATER":"0"}},{"type":"Feature","geometry":{"type":"Polygon","coordinates":[[[-104.7107,38.9098],[-104.7086,38.8982],[-104.6964,38.9027],[-104.6948,38.9123],[-104.7017,38.9119],[-104.7107,38.9098]]]},"properties":{"GEOID":"08041005113","AREALAND":"1398112","AREAWATER":"0"}},{"type":"Feature","geometry":{"type":"Polygon","coordinates":[[[-104.7197,38.8937],[-104.7198,38.8853],[-104.7034,38.8866],[-104.6891,38.9009],[-104.6964,38.9027],[-104.7086,38.8982],[-104.7197,38.8937]]]},"properties":{"GEOID":"08041005117","AREALAND":"2603203","AREAWATER":"0"}},{"type":"Feature","geometry":{"type":"Polygon","coordinates":[[[-104.7195,38.9109],[-104.7197,38.8937],[-104.7086,38.8982],[-104.7107,38.9098],[-104.7195,38.9109]]]},"properties":{"GEOID":"08041005112","AREALAND":"1519329","AREAWATER":"0"}},{"type":"Feature","geometry":{"type":"Polygon","coordinates":[[[-104.6948,38.9123],[-104.6964,38.9027],[-104.6891,38.9009],[-104.6829,38.901],[-104.6829,38.9117],[-104.6948,38.9123]]]},"properties":{"GEOID":"08041005124","AREALAND":"1313720","AREAWATER":"0"}},{"type":"Feature","geometry":{"type":"Polygon","coordinates":[[[-104.6806,38.8532],[-104.6828,38.8415],[-104.6435,38.8348],[-104.6297,38.8389],[-104.5536,38.8386],[-104.5527,38.9549],[-104.5782,38.9551],[-104.6164,38.928],[-104.6635,38.864],[-104.6806,38.8532]]]},"properties":{"GEOID":"08041005123","AREALAND":"95036455","AREAWATER":"0"}},{"type":"Feature","geometry":{"type":"Polygon","coordinates":[[[-104.7198,38.8853],[-104.7199,38.8721],[-104.7013,38.868],[-104.7034,38.8866],[-104.7198,38.8853]]]},"properties":{"GEOID":"08041005118","AREALAND":"2889450","AREAWATER":"0"}},{"type":"Feature","geometry":{"type":"Polygon","coordinates":[[[-104.7034,38.8866],[-104.7013,38.868],[-104.6939,38.8682],[-104.6827,38.8681],[-104.6828,38.8872],[-104.7034,38.8866]]]},"properties":{"GEOID":"08041005119","AREALAND":"3419997","AREAWATER":"0"}},{"type":"Feature","geometry":{"type":"Polygon","coordinates":[[[-104.852,38.9236],[-104.8445,38.8967],[-104.83,38.8969],[-104.8234,38.9104],[-104.8242,38.9145],[-104.852,38.9236]]]},"properties":{"GEOID":"08041003711","AREALAND":"5890219","AREAWATER":"0"}},{"type":"Feature","geometry":{"type":"Polygon","coordinates":[[[-104.8637,38.9285],[-104.8635,38.9057],[-104.8509,38.8966],[-104.8445,38.8967],[-104.852,38.9236],[-104.8637,38.9285]]]},"properties":{"GEOID":"08041003710","AREALAND":"2427168","AREAWATER":"0"}},{"type":"Feature","geometry":{"type":"Polygon","coordinates":[[[-104.6077,38.9772],[-104.6077,38.9442],[-104.5782,38.9551],[-104.56,38.9688],[-104.5787,38.979],[-104.6077,38.9772]]]},"properties":{"GEOID":"08041003912","AREALAND":"9879629","AREAWATER":"10800"}},{"type":"Feature","geometry":{"type":"Polygon","coordinates":[[[-104.695,38.8532],[-104.6806,38.8532],[-104.6635,38.864],[-104.6827,38.8681],[-104.6939,38.8682],[-104.695,38.8532]]]},"properties":{"GEOID":"08041005115","AREALAND":"3268690","AREAWATER":"0"}},{"type":"Feature","geometry":{"type":"Polygon","coordinates":[[[-107.7216,39.0652],[-107.6903,39.0603],[-107.6626,39.0393],[-107.6579,39.0182],[-107.6711,39.0126],[-107.6697,38.9926],[-107.6569,38.986],[-107.6633,38.971],[-107.6521,38.9548],[-107.663,38.9481],[-107.7019,38.9504],[-107.7293,38.9421],[-107.7179,38.9312],[-107.7037,38.8935],[-107.7321,38.8739],[-107.7169,38.8594],[-107.7254,38.8468],[-107.7113,38.8208],[-107.7159,38.8025],[-107.6984,38.8077],[-107.6381,38.7959],[-107.6217,38.8244],[-107.603,38.8243],[-107.5715,38.8076],[-107.551,38.7867],[-107.5182,38.7997],[-107.5006,38.7992],[-107.5006,39.2179],[-107.5435,39.1944],[-107.5434,39.1819],[-107.5682,39.1814],[-107.6376,39.142],[-107.6941,39.0851],[-107.7098,39.0827],[-107.7216,39.0652]]]},"properties":{"GEOID":"08029964600","AREALAND":"666992353","AREAWATER":"1163483"}},{"type":"Feature","geometry":{"type":"Polygon","coordinates":[[[-108.2304,38.8778],[-108.2305,38.8695],[-108.1205,38.8712],[-108.1112,38.8843],[-108.0869,38.8785],[-108.0807,38.8647],[-108.0556,38.8519],[-108.0389,38.8347],[-108.0401,38.8236],[-108.0046,38.8083],[-108.0314,38.7857],[-108.0024,38.7727],[-107.9831,38.7684],[-107.9365,38.78],[-107.9436,38.7948],[-107.9142,38.8359],[-107.9141,38.8426],[-107.9452,38.8423],[-107.9294,38.8825],[-107.9495,38.8897],[-107.9469,38.9116],[-107.9552,38.912],[-107.9555,38.9555],[-107.9268,38.9587],[-107.9448,38.9707],[-107.9262,38.9734],[-107.9392,38.9882],[-107.9338,39.0018],[-107.9792,38.999],[-107.9965,39.0082],[-108.0011,39.0266],[-107.9868,39.044],[-108.032,39.0273],[-108.0948,38.9797],[-108.0873,38.9632],[-108.1189,38.929],[-108.1383,38.9261],[-108.1525,38.9013],[-108.2304,38.8778]]]},"properties":{"GEOID":"08029964700","AREALAND":"340977126","AREAWATER":"2356429"}},{"type":"Feature","geometry":{"type":"Polygon","coordinates":[[[-108.0671,38.7469],[-108.0654,38.7262],[-108.0192,38.6937],[-107.9991,38.6685],[-107.9989,38.6685],[-107.8486,38.6681],[-107.8358,38.6955],[-107.8482,38.7209],[-107.8289,38.7635],[-107.837,38.7828],[-107.8547,38.7846],[-107.8555,38.7722],[-107.8806,38.7668],[-107.893,38.7767],[-107.9078,38.7662],[-107.9365,38.78],[-107.9831,38.7684],[-108.0024,38.7727],[-108.0106,38.741],[-108.0552,38.741],[-108.0671,38.7469]]]},"properties":{"GEOID":"08029964900","AREALAND":"191916939","AREAWATER":"1298681"}},{"type":"Feature","geometry":{"type":"Polygon","coordinates":[[[-108.0671,38.7469],[-108.0863,38.7573],[-108.1198,38.7478],[-108.1157,38.7264],[-108.0832,38.7265],[-108.0832,38.6975],[-108.0964,38.6975],[-108.0958,38.6685],[-107.9991,38.6685],[-108.0192,38.6937],[-108.0654,38.7262],[-108.0671,38.7469]]]},"properties":{"GEOID":"08029965100","AREALAND":"46821474","AREAWATER":"413195"}},{"type":"Feature","geometry":{"type":"Polygon","coordinates":[[[-108.2304,38.8778],[-108.379,38.8291],[-108.3787,38.6681],[-108.0958,38.6685],[-108.0964,38.6975],[-108.0832,38.6975],[-108.0832,38.7265],[-108.1157,38.7264],[-108.1198,38.7478],[-108.0863,38.7573],[-108.0671,38.7469],[-108.0552,38.741],[-108.0106,38.741],[-108.0024,38.7727],[-108.0314,38.7857],[-108.0046,38.8083],[-108.0401,38.8236],[-108.0389,38.8347],[-108.0556,38.8519],[-108.0807,38.8647],[-108.0869,38.8785],[-108.1112,38.8843],[-108.1205,38.8712],[-108.2305,38.8695],[-108.2304,38.8778]]]},"properties":{"GEOID":"08029964800","AREALAND":"603518917","AREAWATER":"3258168"}},{"type":"Feature","geometry":{"type":"Polygon","coordinates":[[[-105.0004,39.7455],[-104.9986,39.7402],[-104.9874,39.7401],[-104.9874,39.7415],[-104.9965,39.7485],[-105.0004,39.7455]]]},"properties":{"GEOID":"08031001707","AREALAND":"638897","AREAWATER":"0"}},{"type":"Feature","geometry":{"type":"Polygon","coordinates":[[[-104.9406,39.7401],[-104.9406,39.7347],[-104.9304,39.7329],[-104.9304,39.7401],[-104.9406,39.7401]]]},"properties":{"GEOID":"08031004307","AREALAND":"614543","AREAWATER":"0"}},{"type":"Feature","geometry":{"type":"Polygon","coordinates":[[[-104.9874,39.7401],[-104.9874,39.7353],[-104.9799,39.7351],[-104.9799,39.74],[-104.9874,39.7401]]]},"properties":{"GEOID":"08031002704","AREALAND":"344920","AREAWATER":"0"}},{"type":"Feature","geometry":{"type":"Polygon","coordinates":[[[-104.9874,39.7273],[-104.9799,39.7273],[-104.9798,39.732],[-104.9874,39.732],[-104.9874,39.7273]]]},"properties":{"GEOID":"08031002706","AREALAND":"340238","AREAWATER":"0"}},{"type":"Feature","geometry":{"type":"Polygon","coordinates":[[[-104.9803,39.7215],[-104.9803,39.7165],[-104.9734,39.7165],[-104.9732,39.7184],[-104.9803,39.7215]]]},"properties":{"GEOID":"08031002804","AREALAND":"204354","AREAWATER":"0"}},{"type":"Feature","geometry":{"type":"Polygon","coordinates":[[[-105.0158,39.7255],[-105.0001,39.7112],[-104.9924,39.6967],[-104.9874,39.6966],[-104.9876,39.7112],[-104.9875,39.7184],[-105.0002,39.7257],[-105.0002,39.7265],[-105.0158,39.7255]]]},"properties":{"GEOID":"08031002102","AREALAND":"2977259","AREAWATER":"0"}},{"type":"Feature","geometry":{"type":"Polygon","coordinates":[[[-105.0002,39.7257],[-104.9875,39.7184],[-104.9874,39.7256],[-105.0002,39.7257]]]},"properties":{"GEOID":"08031002101","AREALAND":"880924","AREAWATER":"0"}},{"type":"Feature","geometry":{"type":"Polygon","coordinates":[[[-104.9128,39.7401],[-104.9128,39.7256],[-104.9034,39.7256],[-104.9035,39.7329],[-104.9035,39.7401],[-104.9128,39.7401]]]},"properties":{"GEOID":"08031004310","AREALAND":"1289540","AREAWATER":"0"}},{"type":"Feature","geometry":{"type":"Polygon","coordinates":[[[-104.9848,39.7674],[-104.9877,39.7594],[-104.977,39.7596],[-104.9733,39.7621],[-104.9719,39.7703],[-104.9784,39.7753],[-104.9848,39.7674]]]},"properties":{"GEOID":"08031001601","AREALAND":"1278840","AREAWATER":"0"}},{"type":"Feature","geometry":{"type":"Polygon","coordinates":[[[-104.9943,39.7543],[-104.9917,39.7523],[-104.9874,39.7489],[-104.9818,39.7559],[-104.977,39.7596],[-104.9877,39.7594],[-104.9943,39.7543]]]},"properties":{"GEOID":"08031001603","AREALAND":"949345","AREAWATER":"0"}},{"type":"Feature","geometry":{"type":"Polygon","coordinates":[[[-105.0034,39.75],[-105.0004,39.7455],[-104.9965,39.7485],[-104.9917,39.7523],[-104.9943,39.7543],[-104.996,39.7556],[-105.0034,39.75]]]},"properties":{"GEOID":"08031001704","AREALAND":"489769","AREAWATER":"0"}},{"type":"Feature","geometry":{"type":"Polygon","coordinates":[[[-104.9128,39.7114],[-104.9128,39.7028],[-104.9035,39.6985],[-104.9035,39.7113],[-104.9128,39.7114]]]},"properties":{"GEOID":"08031005003","AREALAND":"978109","AREAWATER":"0"}},{"type":"Feature","geometry":{"type":"Polygon","coordinates":[[[-105.0532,39.7403],[-105.0532,39.7349],[-105.0393,39.7343],[-105.0393,39.7403],[-105.0532,39.7404],[-105.0532,39.7403]]]},"properties":{"GEOID":"08031000704","AREALAND":"720670","AREAWATER":"0"}},{"type":"Feature","geometry":{"type":"Polygon","coordinates":[[[-104.9965,39.7485],[-104.9874,39.7415],[-104.9874,39.7434],[-104.9874,39.7474],[-104.9874,39.7489],[-104.9917,39.7523],[-104.9965,39.7485]]]},"properties":{"GEOID":"08031001706","AREALAND":"477571","AREAWATER":"0"}},{"type":"Feature","geometry":{"type":"Polygon","coordinates":[[[-104.9874,39.7489],[-104.9874,39.7474],[-104.9811,39.7475],[-104.9782,39.7475],[-104.9781,39.7532],[-104.9818,39.7559],[-104.9874,39.7489]]]},"properties":{"GEOID":"08031002405","AREALAND":"569896","AREAWATER":"0"}},{"type":"Feature","geometry":{"type":"Polygon","coordinates":[[[-104.866,39.7984],[-104.8661,39.8128],[-104.8844,39.8128],[-104.8845,39.7983],[-104.8762,39.7765],[-104.8659,39.7756],[-104.866,39.7984]]]},"properties":{"GEOID":"08031004109","AREALAND":"4644255","AREAWATER":"0"}},{"type":"Feature","geometry":{"type":"Polygon","coordinates":[[[-104.9034,39.7838],[-104.9036,39.7783],[-104.8829,39.7771],[-104.8762,39.7765],[-104.8845,39.7983],[-104.9036,39.7984],[-104.9034,39.7839],[-104.9034,39.7838]]]},"properties":{"GEOID":"08031004111","AREALAND":"5444226","AREAWATER":"1749"}},{"type":"Feature","geometry":{"type":"Polygon","coordinates":[[[-104.9036,39.7783],[-104.9034,39.762],[-104.9035,39.7614],[-104.8902,39.7599],[-104.8902,39.7603],[-104.8829,39.7771],[-104.9036,39.7783]]]},"properties":{"GEOID":"08031004113","AREALAND":"2718836","AREAWATER":"0"}},{"type":"Feature","geometry":{"type":"Polygon","coordinates":[[[-104.9128,39.7028],[-104.9129,39.6909],[-104.9034,39.6855],[-104.9035,39.6893],[-104.9035,39.6985],[-104.9128,39.7028]]]},"properties":{"GEOID":"08031005004","AREALAND":"1131438","AREAWATER":"0"}},{"type":"Feature","geometry":{"type":"Polygon","coordinates":[[[-104.9128,39.6785],[-104.9129,39.6676],[-104.9048,39.6676],[-104.9035,39.6676],[-104.9035,39.6746],[-104.9036,39.6767],[-104.9062,39.6784],[-104.9128,39.6785]]]},"properties":{"GEOID":"08031006903","AREALAND":"936328","AREAWATER":"0"}},{"type":"Feature","geometry":{"type":"Polygon","coordinates":[[[-104.9316,39.6785],[-104.934,39.6784],[-104.9257,39.6675],[-104.9227,39.6676],[-104.9164,39.6676],[-104.9129,39.6676],[-104.9128,39.6785],[-104.9223,39.6785],[-104.9316,39.6785]]]},"properties":{"GEOID":"08031006902","AREALAND":"1053096","AREAWATER":"0"}},{"type":"Feature","geometry":{"type":"Polygon","coordinates":[[[-104.9874,39.7434],[-104.9874,39.7415],[-104.9874,39.7401],[-104.9799,39.74],[-104.9799,39.7433],[-104.9874,39.7434]]]},"properties":{"GEOID":"08031002604","AREALAND":"230082","AREAWATER":"0"}},{"type":"Feature","geometry":{"type":"Polygon","coordinates":[[[-104.9035,39.7614],[-104.9034,39.751],[-104.8847,39.7475],[-104.8902,39.7599],[-104.9035,39.7614]]]},"properties":{"GEOID":"08031004112","AREALAND":"1569578","AREAWATER":"0"}},{"type":"Feature","geometry":{"type":"Polygon","coordinates":[[[-104.9874,39.6966],[-104.9875,39.6876],[-104.9734,39.6876],[-104.9734,39.6898],[-104.9804,39.6951],[-104.9874,39.6966]]]},"properties":{"GEOID":"08031003005","AREALAND":"905916","AREAWATER":"0"}},{"type":"Feature","geometry":{"type":"Polygon","coordinates":[[[-104.9874,39.7353],[-104.9874,39.732],[-104.9798,39.732],[-104.9799,39.7351],[-104.9874,39.7353]]]},"properties":{"GEOID":"08031002705","AREALAND":"229175","AREAWATER":"0"}},{"type":"Feature","geometry":{"type":"Polygon","coordinates":[[[-104.9034,39.7256],[-104.9037,39.7171],[-104.8913,39.7328],[-104.9035,39.7329],[-104.9034,39.7256]]]},"properties":{"GEOID":"08031004406","AREALAND":"1700467","AREAWATER":"0"}},{"type":"Feature","geometry":{"type":"Polygon","coordinates":[[[-104.9798,39.732],[-104.9799,39.7273],[-104.9729,39.7273],[-104.9729,39.7291],[-104.973,39.7321],[-104.9798,39.732]]]},"properties":{"GEOID":"08031002707","AREALAND":"315263","AREAWATER":"0"}},{"type":"Feature","geometry":{"type":"Polygon","coordinates":[[[-104.9818,39.7559],[-104.9781,39.7532],[-104.9734,39.7546],[-104.9733,39.7621],[-104.977,39.7596],[-104.9818,39.7559]]]},"properties":{"GEOID":"08031002404","AREALAND":"371688","AREAWATER":"0"}},{"type":"Feature","geometry":{"type":"Polygon","coordinates":[[[-104.9037,39.7171],[-104.9035,39.7113],[-104.8929,39.7112],[-104.8854,39.7071],[-104.8754,39.709],[-104.8706,39.7102],[-104.8753,39.7256],[-104.8847,39.7328],[-104.8913,39.7328],[-104.9037,39.7171]]]},"properties":{"GEOID":"08031004407","AREALAND":"4307777","AREAWATER":"0"}},{"type":"Feature","geometry":{"type":"Polygon","coordinates":[[[-104.9497,39.7946],[-104.9593,39.78],[-104.9405,39.7799],[-104.9399,39.791],[-104.9497,39.7946]]]},"properties":{"GEOID":"08031003502","AREALAND":"2078922","AREAWATER":"0"}},{"type":"Feature","geometry":{"type":"Polygon","coordinates":[[[-105.0911,39.6387],[-105.1099,39.6299],[-105.0872,39.63],[-105.0817,39.6388],[-105.0911,39.6387]]]},"properties":{"GEOID":"08031012015","AREALAND":"1507922","AREAWATER":"14530"}},{"type":"Feature","geometry":{"type":"Polygon","coordinates":[[[-104.9803,39.7165],[-104.9804,39.7111],[-104.9734,39.7111],[-104.9734,39.7165],[-104.9803,39.7165]]]},"properties":{"GEOID":"08031002805","AREALAND":"359752","AREAWATER":"0"}},{"type":"Feature","geometry":{"type":"Polygon","coordinates":[[[-104.9602,39.7256],[-104.9593,39.7153],[-104.9462,39.7115],[-104.9498,39.7256],[-104.9602,39.7256]]]},"properties":{"GEOID":"08031003801","AREALAND":"1176700","AREAWATER":"0"}},{"type":"Feature","geometry":{"type":"Polygon","coordinates":[[[-105.0393,39.7585],[-105.0358,39.7464],[-105.0349,39.7464],[-105.0346,39.7585],[-105.0393,39.7585]]]},"properties":{"GEOID":"08031000503","AREALAND":"514450","AREAWATER":"0"}},{"type":"Feature","geometry":{"type":"Polygon","coordinates":[[[-104.8829,39.7771],[-104.8902,39.7603],[-104.8555,39.7578],[-104.8564,39.7686],[-104.8283,39.7692],[-104.8282,39.7724],[-104.847,39.774],[-104.8659,39.7756],[-104.8762,39.7765],[-104.8829,39.7771]]]},"properties":{"GEOID":"08031004110","AREALAND":"6465800","AREAWATER":"32253"}},{"type":"Feature","geometry":{"type":"Polygon","coordinates":[[[-104.8902,39.7599],[-104.8847,39.7475],[-104.8659,39.7547],[-104.8469,39.7547],[-104.8469,39.7549],[-104.8555,39.7578],[-104.8902,39.7603],[-104.8902,39.7599]]]},"properties":{"GEOID":"08031004108","AREALAND":"2302497","AREAWATER":"0"}},{"type":"Feature","geometry":{"type":"Polygon","coordinates":[[[-105.1099,39.6299],[-105.1075,39.6242],[-105.0913,39.6242],[-105.0912,39.6271],[-105.0872,39.63],[-105.1099,39.6299]]]},"properties":{"GEOID":"08031012016","AREALAND":"990615","AREAWATER":"3606"}},{"type":"Feature","geometry":{"type":"Polygon","coordinates":[[[-104.9784,39.7753],[-104.9719,39.7703],[-104.9594,39.7729],[-104.9405,39.7729],[-104.9405,39.7799],[-104.9593,39.78],[-104.9497,39.7946],[-104.9689,39.791],[-104.9784,39.7753]]]},"properties":{"GEOID":"08031003501","AREALAND":"4665472","AREAWATER":"20"}},{"type":"Feature","geometry":{"type":"Polygon","coordinates":[[[-104.9406,39.7321],[-104.9406,39.7256],[-104.9305,39.7256],[-104.9304,39.7329],[-104.9406,39.7347],[-104.9406,39.7321]]]},"properties":{"GEOID":"08031004308","AREALAND":"791213","AREAWATER":"0"}},{"type":"Feature","geometry":{"type":"Polygon","coordinates":[[[-104.9223,39.7401],[-104.9228,39.7256],[-104.9128,39.7256],[-104.9128,39.7401],[-104.9223,39.7401]]]},"properties":{"GEOID":"08031004309","AREALAND":"1332722","AREAWATER":"0"}},{"type":"Feature","geometry":{"type":"Polygon","coordinates":[[[-105.006,39.7521],[-105.0034,39.75],[-104.996,39.7556],[-105.0004,39.759],[-105.006,39.7521]]]},"properties":{"GEOID":"08031001705","AREALAND":"377140","AREAWATER":"0"}},{"type":"Feature","geometry":{"type":"Polygon","coordinates":[[[-105.0029,39.7606],[-105.0004,39.759],[-104.996,39.7556],[-104.9943,39.7543],[-104.9877,39.7594],[-104.9848,39.7674],[-104.9984,39.7621],[-105.0029,39.7606]]]},"properties":{"GEOID":"08031001602","AREALAND":"970383","AREAWATER":"0"}},{"type":"Feature","geometry":{"type":"Polygon","coordinates":[[[-105.0082,39.7548],[-105.006,39.7521],[-105.0004,39.759],[-105.0029,39.7606],[-105.0082,39.7548]]]},"properties":{"GEOID":"08031001703","AREALAND":"272487","AREAWATER":"0"}},{"type":"Feature","geometry":{"type":"Polygon","coordinates":[[[-105.0163,39.7434],[-105.0174,39.7405],[-105.0002,39.7402],[-104.9986,39.7402],[-105.0004,39.7455],[-105.0034,39.75],[-105.006,39.7521],[-105.0082,39.7548],[-105.0095,39.7539],[-105.0163,39.7434]]]},"properties":{"GEOID":"08031980200","AREALAND":"1671279","AREAWATER":"0"}},{"type":"Feature","geometry":{"type":"Polygon","coordinates":[[[-107.8696,37.263],[-107.8585,37.2518],[-107.8645,37.2357],[-107.8476,37.2149],[-107.7466,37.215],[-107.758,37.2338],[-107.7983,37.2826],[-107.7914,37.2983],[-107.7559,37.3264],[-107.7242,37.3354],[-107.739,37.3476],[-107.7503,37.3775],[-107.7387,37.3956],[-107.7788,37.3804],[-107.799,37.3633],[-107.8334,37.385],[-107.8544,37.4021],[-107.8635,37.3334],[-107.8547,37.3315],[-107.8432,37.3308],[-107.8503,37.3105],[-107.8353,37.3084],[-107.8257,37.2937],[-107.8696,37.263]]]},"properties":{"GEOID":"08067970703","AREALAND":"147267109","AREAWATER":"17910"}},{"type":"Feature","geometry":{"type":"Polygon","coordinates":[[[-105.6903,39.852],[-105.6963,39.8389],[-105.7134,39.8382],[-105.7241,39.819],[-105.6805,39.8113],[-105.6256,39.7911],[-105.6063,39.7914],[-105.5635,39.7562],[-105.5972,39.7463],[-105.6101,39.7252],[-105.6232,39.7222],[-105.5987,39.7107],[-105.6181,39.6932],[-105.6609,39.6758],[-105.6784,39.6118],[-105.651,39.6134],[-105.6555,39.592],[-105.6324,39.5794],[-105.6408,39.5975],[-105.5983,39.6219],[-105.6062,39.652],[-105.582,39.6682],[-105.543,39.6736],[-105.5067,39.6939],[-105.4784,39.6809],[-105.4449,39.6738],[-105.4327,39.6939],[-105.4041,39.704],[-105.3983,39.7141],[-105.3983,39.7171],[-105.3979,39.7458],[-105.3979,39.7459],[-105.3979,39.746],[-105.4214,39.7459],[-105.4226,39.7552],[-105.4547,39.7559],[-105.5083,39.7642],[-105.4966,39.7402],[-105.5202,39.7408],[-105.5568,39.755],[-105.5604,39.7792],[-105.5482,39.7818],[-105.5455,39.7869],[-105.5785,39.8055],[-105.5834,39.8221],[-105.5949,39.8171],[-105.629,39.8327],[-105.6333,39.8437],[-105.6903,39.852]]]},"properties":{"GEOID":"08019014702","AREALAND":"249704165","AREAWATER":"1101014"}},{"type":"Feature","geometry":{"type":"Polygon","coordinates":[[[-104.6621,38.2688],[-104.6615,38.2584],[-104.6439,38.2585],[-104.6398,38.2621],[-104.6336,38.2694],[-104.6332,38.2728],[-104.6493,38.2722],[-104.6621,38.2688]]]},"properties":{"GEOID":"08101001600","AREALAND":"2522133","AREAWATER":"169927"}},{"type":"Feature","geometry":{"type":"Polygon","coordinates":[[[-104.6621,38.2471],[-104.6624,38.2355],[-104.6505,38.2428],[-104.6439,38.2513],[-104.6439,38.2585],[-104.6615,38.2584],[-104.6621,38.2471]]]},"properties":{"GEOID":"08101001700","AREALAND":"3118760","AREAWATER":"0"}},{"type":"Feature","geometry":{"type":"Polygon","coordinates":[[[-107.7831,38.3322],[-107.8756,38.3328],[-108.1324,38.3316],[-108.1233,38.3136],[-108.1048,38.3137],[-108.1042,38.2842],[-108.0867,38.2758],[-108.0866,38.2552],[-108.0115,38.2553],[-107.9841,38.2484],[-107.9842,38.2339],[-107.9376,38.219],[-107.9381,38.1739],[-107.9111,38.17],[-107.8364,38.1707],[-107.7942,38.1831],[-107.7636,38.1813],[-107.7413,38.2059],[-107.756,38.2116],[-107.7693,38.2535],[-107.7654,38.2864],[-107.7831,38.3322]]]},"properties":{"GEOID":"08091967601","AREALAND":"403388399","AREAWATER":"64618"}},{"type":"Feature","geometry":{"type":"Polygon","coordinates":[[[-107.9658,38.1523],[-107.9517,38.145],[-107.9516,38.1161],[-107.8915,38.116],[-107.8938,38.0577],[-107.8882,38.0458],[-107.8998,38.0258],[-107.8833,38.0074],[-107.8491,38.0086],[-107.8491,37.9926],[-107.7955,37.9885],[-107.7787,37.9609],[-107.7489,37.9531],[-107.7354,37.9319],[-107.7383,37.9054],[-107.7072,37.8936],[-107.6638,37.9035],[-107.6379,37.9209],[-107.6416,37.965],[-107.5689,37.965],[-107.587,37.9685],[-107.5914,37.9922],[-107.5743,38.0062],[-107.5499,37.9983],[-107.538,38.0089],[-107.5399,38.0271],[-107.5109,38.0609],[-107.5333,38.0801],[-107.5536,38.0792],[-107.5654,38.0989],[-107.5686,38.1473],[-107.5622,38.1582],[-107.581,38.2127],[-107.5888,38.2496],[-107.6116,38.2608],[-107.635,38.3019],[-107.6357,38.3321],[-107.7831,38.3322],[-107.7654,38.2864],[-107.7693,38.2535],[-107.756,38.2116],[-107.7413,38.2059],[-107.7636,38.1813],[-107.7942,38.1831],[-107.8364,38.1707],[-107.9111,38.17],[-107.9381,38.1739],[-107.9477,38.1738],[-107.947,38.1525],[-107.9658,38.1523]]]},"properties":{"GEOID":"08091967602","AREALAND":"996944181","AREAWATER":"3921674"}},{"type":"Feature","geometry":{"type":"Polygon","coordinates":[[[-104.7384,38.897],[-104.7386,38.8857],[-104.7297,38.8848],[-104.7198,38.8853],[-104.7197,38.8937],[-104.7384,38.897]]]},"properties":{"GEOID":"08041005601","AREALAND":"1858391","AREAWATER":"0"}},{"type":"Feature","geometry":{"type":"Polygon","coordinates":[[[-104.7297,38.8848],[-104.7226,38.8715],[-104.7199,38.8721],[-104.7198,38.8853],[-104.7297,38.8848]]]},"properties":{"GEOID":"08041005602","AREALAND":"1512448","AREAWATER":"0"}},{"type":"Feature","geometry":{"type":"Polygon","coordinates":[[[-105.072,39.66],[-105.0571,39.6529],[-105.0531,39.6534],[-105.0533,39.6678],[-105.0673,39.6678],[-105.072,39.66]]]},"properties":{"GEOID":"08031011902","AREALAND":"2446002","AREAWATER":"0"}},{"type":"Feature","geometry":{"type":"Polygon","coordinates":[[[-105.0814,39.6701],[-105.0815,39.6677],[-105.0815,39.6621],[-105.072,39.66],[-105.0673,39.6678],[-105.0814,39.6701]]]},"properties":{"GEOID":"08031011903","AREALAND":"1052079","AREAWATER":"0"}},{"type":"Feature","geometry":{"type":"Polygon","coordinates":[[[-104.8311,39.0272],[-104.7983,38.9765],[-104.7981,38.9804],[-104.7934,38.9905],[-104.8086,39.0272],[-104.8281,39.0282],[-104.8311,39.0272]]]},"properties":{"GEOID":"08041007205","AREALAND":"8477543","AREAWATER":"39367"}},{"type":"Feature","geometry":{"type":"Polygon","coordinates":[[[-104.8408,38.809],[-104.8409,38.8016],[-104.8222,38.8055],[-104.8223,38.8067],[-104.8408,38.809]]]},"properties":{"GEOID":"08041003002","AREALAND":"1139244","AREAWATER":"0"}},{"type":"Feature","geometry":{"type":"Polygon","coordinates":[[[-104.9228,38.8678],[-104.939,38.8677],[-104.9403,38.8507],[-104.9267,38.8578],[-104.882,38.8565],[-104.8789,38.8677],[-104.9022,38.8678],[-104.9228,38.8678]]]},"properties":{"GEOID":"08041006701","AREALAND":"6398281","AREAWATER":"0"}},{"type":"Feature","geometry":{"type":"Polygon","coordinates":[[[-105.0335,39.1298],[-105.0279,39.0419],[-105.0275,39.0196],[-105.0135,39.0207],[-105.0246,38.9952],[-105.0023,38.9648],[-104.9603,38.938],[-104.9612,38.9215],[-104.9318,38.9165],[-104.9093,38.8961],[-104.8936,38.8916],[-104.9022,38.8678],[-104.8789,38.8677],[-104.8706,38.8778],[-104.8722,38.8979],[-104.8757,38.9157],[-104.8868,38.944],[-104.8916,38.9547],[-104.8937,38.9815],[-104.9038,38.9801],[-104.9058,39.0062],[-104.9097,39.0421],[-104.8512,39.0421],[-104.8815,39.0611],[-104.9145,39.0558],[-104.9144,39.0716],[-104.8967,39.0715],[-104.896,39.0928],[-104.9055,39.0999],[-104.8805,39.1086],[-104.8628,39.0923],[-104.8639,39.1299],[-104.9103,39.1299],[-105.0275,39.1298],[-105.0296,39.1298],[-105.0335,39.1298]]]},"properties":{"GEOID":"08041003713","AREALAND":"258868992","AREAWATER":"1960313"}},{"type":"Feature","geometry":{"type":"Polygon","coordinates":[[[-104.7849,39.0565],[-104.7849,39.0783],[-104.8595,39.0784],[-104.8515,39.0566],[-104.8241,39.0566],[-104.7849,39.0565]]]},"properties":{"GEOID":"08041007301","AREALAND":"15117750","AREAWATER":"0"}},{"type":"Feature","geometry":{"type":"Polygon","coordinates":[[[-104.7217,38.9209],[-104.7382,38.9203],[-104.7337,38.9133],[-104.7217,38.9209]]]},"properties":{"GEOID":"08041004707","AREALAND":"903532","AREAWATER":"0"}},{"type":"Feature","geometry":{"type":"Polygon","coordinates":[[[-104.7577,38.966],[-104.7644,38.9569],[-104.7503,38.9567],[-104.7393,38.9545],[-104.7273,38.9564],[-104.7438,38.9682],[-104.7577,38.966]]]},"properties":{"GEOID":"08041007103","AREALAND":"2806404","AREAWATER":"0"}},{"type":"Feature","geometry":{"type":"Polygon","coordinates":[[[-105.0271,38.952],[-105.0286,38.8687],[-105.0664,38.8692],[-105.0725,38.805],[-105.0722,38.7994],[-104.9488,38.7986],[-104.9398,38.7923],[-104.9133,38.7953],[-104.9024,38.811],[-104.8792,38.8308],[-104.8665,38.8458],[-104.8726,38.8513],[-104.8879,38.8546],[-104.9312,38.8318],[-104.9403,38.8507],[-104.939,38.8677],[-104.9228,38.8678],[-104.9735,38.899],[-104.9741,38.9079],[-105.0194,38.9442],[-105.0271,38.9553],[-105.0271,38.9549],[-105.0271,38.952]]]},"properties":{"GEOID":"08041003401","AREALAND":"149105303","AREAWATER":"940802"}},{"type":"Feature","geometry":{"type":"Polygon","coordinates":[[[-104.6633,39.362],[-104.663,39.2167],[-104.6442,39.2167],[-104.6443,39.253],[-104.5901,39.2454],[-104.5337,39.2415],[-104.5108,39.2844],[-104.4916,39.3051],[-104.4736,39.3466],[-104.547,39.3613],[-104.6068,39.3616],[-104.6633,39.362]]]},"properties":{"GEOID":"08039961208","AREALAND":"180235740","AREAWATER":"0"}},{"type":"Feature","geometry":{"type":"Polygon","coordinates":[[[-104.663,39.2167],[-104.6629,39.1295],[-104.5937,39.1294],[-104.5518,39.1294],[-104.5049,39.1295],[-104.5056,39.1582],[-104.4964,39.1585],[-104.4968,39.2308],[-104.4364,39.2375],[-104.4269,39.2622],[-104.4104,39.2685],[-104.3935,39.3005],[-104.3945,39.3252],[-104.4635,39.3466],[-104.4736,39.3466],[-104.4916,39.3051],[-104.5108,39.2844],[-104.5337,39.2415],[-104.5901,39.2454],[-104.6443,39.253],[-104.6442,39.2167],[-104.663,39.2167]]]},"properties":{"GEOID":"08039961209","AREALAND":"276517196","AREAWATER":"0"}},{"type":"Feature","geometry":{"type":"Polygon","coordinates":[[[-104.6627,39.4344],[-104.6633,39.362],[-104.6068,39.3616],[-104.6062,39.463],[-104.6623,39.4635],[-104.6627,39.4344]]]},"properties":{"GEOID":"08039961206","AREALAND":"54239635","AREAWATER":"0"}},{"type":"Feature","geometry":{"type":"Polygon","coordinates":[[[-104.6062,39.463],[-104.6068,39.3616],[-104.547,39.3613],[-104.4736,39.3466],[-104.4635,39.3466],[-104.4644,39.4159],[-104.4482,39.448],[-104.5332,39.4484],[-104.5331,39.4629],[-104.6062,39.463]]]},"properties":{"GEOID":"08039961207","AREALAND":"137507747","AREAWATER":"69257"}},{"type":"Feature","geometry":{"type":"Polygon","coordinates":[[[-103.5818,40.5234],[-103.6963,40.522],[-103.8034,40.5242],[-104.1477,40.5244],[-104.1465,40.4291],[-104.1502,40.306],[-104.1502,40.3055],[-104.1281,40.3208],[-104.0944,40.3205],[-104.0775,40.3443],[-104.0498,40.3517],[-104.0005,40.354],[-103.9748,40.3373],[-103.9228,40.3218],[-103.8811,40.2906],[-103.8342,40.2748],[-103.8014,40.2689],[-103.7952,40.265],[-103.7126,40.276],[-103.6634,40.2939],[-103.6412,40.2967],[-103.5954,40.3216],[-103.5552,40.3325],[-103.5401,40.352],[-103.4965,40.3586],[-103.4784,40.3781],[-103.4647,40.4082],[-103.4654,40.4363],[-103.4672,40.5232],[-103.5818,40.5234]]]},"properties":{"GEOID":"08087000100","AREALAND":"1323282811","AREAWATER":"17557402"}},{"type":"Feature","geometry":{"type":"Polygon","coordinates":[[[-103.6612,40.2477],[-103.661,40.2297],[-103.6229,40.228],[-103.604,40.2201],[-103.603,40.2766],[-103.6595,40.2759],[-103.6612,40.2477]]]},"properties":{"GEOID":"08087000700","AREALAND":"27487871","AREAWATER":"107346"}},{"type":"Feature","geometry":{"type":"Polygon","coordinates":[[[-104.1502,40.3055],[-104.1503,40.0009],[-103.8661,40.0012],[-103.8745,40.0461],[-103.9077,40.1221],[-103.9122,40.1465],[-103.9243,40.1572],[-103.9243,40.2428],[-103.9228,40.3218],[-103.9748,40.3373],[-104.0005,40.354],[-104.0498,40.3517],[-104.0775,40.3443],[-104.0944,40.3205],[-104.1281,40.3208],[-104.1502,40.3055]]]},"properties":{"GEOID":"08087000200","AREALAND":"750564287","AREAWATER":"14887388"}},{"type":"Feature","geometry":{"type":"Polygon","coordinates":[[[-103.9243,40.2428],[-103.9243,40.1572],[-103.9122,40.1465],[-103.9077,40.1221],[-103.8745,40.0461],[-103.8661,40.0012],[-103.7916,40.0013],[-103.7922,40.1874],[-103.7784,40.203],[-103.7529,40.2127],[-103.7538,40.227],[-103.7326,40.2366],[-103.7014,40.2659],[-103.7126,40.276],[-103.7952,40.265],[-103.8014,40.2689],[-103.8014,40.2637],[-103.7778,40.254],[-103.7787,40.2468],[-103.8298,40.2467],[-103.8298,40.254],[-103.8806,40.2542],[-103.9243,40.2428]]]},"properties":{"GEOID":"08087000600","AREALAND":"293168145","AREAWATER":"111988"}},{"type":"Feature","geometry":{"type":"Polygon","coordinates":[[[-103.8014,40.2637],[-103.8171,40.254],[-103.7778,40.254],[-103.8014,40.2637]]]},"properties":{"GEOID":"08087000400","AREALAND":"3299278","AREAWATER":"0"}},{"type":"Feature","geometry":{"type":"Polygon","coordinates":[[[-103.8298,40.254],[-103.8298,40.2467],[-103.7787,40.2468],[-103.7778,40.254],[-103.8171,40.254],[-103.8298,40.254]]]},"properties":{"GEOID":"08087000500","AREALAND":"3554128","AREAWATER":"0"}},{"type":"Feature","geometry":{"type":"Polygon","coordinates":[[[-103.7126,40.276],[-103.7014,40.2659],[-103.7326,40.2366],[-103.7538,40.227],[-103.7529,40.2127],[-103.7784,40.203],[-103.7922,40.1874],[-103.7916,40.0013],[-103.7057,40.0014],[-103.472,40.0015],[-103.4735,40.1666],[-103.471,40.3498],[-103.4646,40.3499],[-103.4647,40.4082],[-103.4784,40.3781],[-103.4965,40.3586],[-103.5401,40.352],[-103.5552,40.3325],[-103.5954,40.3216],[-103.6412,40.2967],[-103.6634,40.2939],[-103.7126,40.276]],[[-103.6612,40.2477],[-103.6595,40.2759],[-103.603,40.2766],[-103.604,40.2201],[-103.6229,40.228],[-103.661,40.2297],[-103.6612,40.2477]]]},"properties":{"GEOID":"08087000800","AREALAND":"873975841","AREAWATER":"314014"}},{"type":"Feature","geometry":{"type":"Polygon","coordinates":[[[-103.9228,40.3218],[-103.9243,40.2428],[-103.8806,40.2542],[-103.8298,40.254],[-103.8171,40.254],[-103.8014,40.2637],[-103.8014,40.2689],[-103.8342,40.2748],[-103.8811,40.2906],[-103.9228,40.3218]]]},"properties":{"GEOID":"08087000300","AREALAND":"41129337","AREAWATER":"1664753"}},{"type":"Feature","geometry":{"type":"Polygon","coordinates":[[[-104.9594,39.6784],[-104.9594,39.6676],[-104.9407,39.6676],[-104.9407,39.6683],[-104.9407,39.6784],[-104.9594,39.6784]]]},"properties":{"GEOID":"08031004006","AREALAND":"1953042","AREAWATER":"0"}},{"type":"Feature","geometry":{"type":"Polygon","coordinates":[[[-105.1102,39.593],[-105.1055,39.5807],[-105.1008,39.5807],[-105.0872,39.5807],[-105.0915,39.5931],[-105.1102,39.593]]]},"properties":{"GEOID":"08059012023","AREALAND":"2116606","AREAWATER":"2860"}},{"type":"Feature","geometry":{"type":"Polygon","coordinates":[[[-105.146,39.5774],[-105.1307,39.5508],[-105.1212,39.5544],[-105.1102,39.5696],[-105.1055,39.5807],[-105.146,39.5774]]]},"properties":{"GEOID":"08059012024","AREALAND":"8041713","AREAWATER":"21600"}},{"type":"Feature","geometry":{"type":"Polygon","coordinates":[[[-104.9405,39.7729],[-104.9407,39.7619],[-104.9405,39.762],[-104.9223,39.762],[-104.9223,39.7838],[-104.9399,39.791],[-104.9405,39.7799],[-104.9405,39.7729]]]},"properties":{"GEOID":"08031004101","AREALAND":"4693587","AREAWATER":"0"}},{"type":"Feature","geometry":{"type":"Polygon","coordinates":[[[-104.9406,39.7116],[-104.9407,39.7111],[-104.9317,39.7111],[-104.9223,39.7113],[-104.9228,39.7256],[-104.9305,39.7256],[-104.9406,39.7256],[-104.9406,39.7116]]]},"properties":{"GEOID":"08031004303","AREALAND":"2495204","AREAWATER":"0"}},{"type":"Feature","geometry":{"type":"Polygon","coordinates":[[[-104.9593,39.6966],[-104.9595,39.6847],[-104.9404,39.6829],[-104.9406,39.6893],[-104.9406,39.6954],[-104.9406,39.6966],[-104.9593,39.6966]]]},"properties":{"GEOID":"08031003902","AREALAND":"2192999","AREAWATER":"0"}},{"type":"Feature","geometry":{"type":"Polygon","coordinates":[[[-104.9594,39.6615],[-104.955,39.653],[-104.9407,39.653],[-104.9407,39.6676],[-104.9594,39.6676],[-104.9594,39.6615]]]},"properties":{"GEOID":"08031004002","AREALAND":"2367834","AREAWATER":"51146"}},{"type":"Feature","geometry":{"type":"Polygon","coordinates":[[[-104.9407,39.6676],[-104.9407,39.653],[-104.9317,39.653],[-104.9185,39.6531],[-104.9257,39.6675],[-104.9304,39.6675],[-104.9316,39.6675],[-104.9407,39.6683],[-104.9407,39.6676]]]},"properties":{"GEOID":"08031004003","AREALAND":"2615057","AREAWATER":"0"}},{"type":"Feature","geometry":{"type":"Polygon","coordinates":[[[-104.9317,39.653],[-104.9132,39.6387],[-104.9101,39.6387],[-104.9133,39.6439],[-104.9185,39.6531],[-104.9317,39.653]]]},"properties":{"GEOID":"08031004004","AREALAND":"1428118","AREAWATER":"0"}},{"type":"Feature","geometry":{"type":"Polygon","coordinates":[[[-104.9223,39.7511],[-104.9223,39.7401],[-104.9128,39.7401],[-104.9035,39.7401],[-104.9034,39.751],[-104.9223,39.7511]]]},"properties":{"GEOID":"08031004202","AREALAND":"1952597","AREAWATER":"0"}},{"type":"Feature","geometry":{"type":"Polygon","coordinates":[[[-105.1723,39.6333],[-105.164,39.6235],[-105.1463,39.6241],[-105.1432,39.6393],[-105.1723,39.6333]]]},"properties":{"GEOID":"08059012038","AREALAND":"3269867","AREAWATER":"780"}},{"type":"Feature","geometry":{"type":"Polygon","coordinates":[[[-105.1432,39.6393],[-105.1463,39.6241],[-105.1287,39.6242],[-105.1286,39.6387],[-105.1317,39.6438],[-105.1432,39.6393]]]},"properties":{"GEOID":"08059012039","AREALAND":"2535609","AREAWATER":"0"}},{"type":"Feature","geometry":{"type":"Polygon","coordinates":[[[-104.9304,39.7329],[-104.9305,39.7256],[-104.9228,39.7256],[-104.9223,39.7401],[-104.9304,39.7401],[-104.9304,39.7329]]]},"properties":{"GEOID":"08031004302","AREALAND":"1104052","AREAWATER":"0"}},{"type":"Feature","geometry":{"type":"Polygon","coordinates":[[[-104.9595,39.6847],[-104.9594,39.6784],[-104.9407,39.6784],[-104.9404,39.6829],[-104.9595,39.6847]]]},"properties":{"GEOID":"08031004005","AREALAND":"1056272","AREAWATER":"0"}},{"type":"Feature","geometry":{"type":"Polygon","coordinates":[[[-104.9403,39.9574],[-104.9403,39.9428],[-104.9402,39.9284],[-104.9219,39.9285],[-104.9221,39.9574],[-104.9403,39.9574]]]},"properties":{"GEOID":"08001008524","AREALAND":"4984859","AREAWATER":"42066"}},{"type":"Feature","geometry":{"type":"Polygon","coordinates":[[[-104.9881,39.9576],[-104.9878,39.9285],[-104.9652,39.9284],[-104.9593,39.9428],[-104.9594,39.9575],[-104.9881,39.9576]]]},"properties":{"GEOID":"08001008526","AREALAND":"7230023","AREAWATER":"108728"}},{"type":"Feature","geometry":{"type":"Polygon","coordinates":[[[-105.0156,39.9577],[-104.997,39.9432],[-105.0157,39.9431],[-105.0155,39.9285],[-104.9878,39.9285],[-104.9881,39.9576],[-105.0156,39.9577]]]},"properties":{"GEOID":"08001060100","AREALAND":"6381672","AREAWATER":"289277"}},{"type":"Feature","geometry":{"type":"Polygon","coordinates":[[[-105.0344,39.9214],[-105.0344,39.9142],[-105.025,39.9142],[-104.9967,39.9141],[-104.9899,39.9141],[-104.9878,39.9285],[-105.0155,39.9285],[-105.0344,39.9214]]]},"properties":{"GEOID":"08001060200","AREALAND":"4953285","AREAWATER":"50951"}},{"type":"Feature","geometry":{"type":"Polygon","coordinates":[[[-104.9582,39.9139],[-104.9588,39.8995],[-104.9402,39.8994],[-104.9402,39.9138],[-104.9582,39.9139]]]},"properties":{"GEOID":"08001008508","AREALAND":"2506915","AREAWATER":"28118"}},{"type":"Feature","geometry":{"type":"Polygon","coordinates":[[[-105.226,38.4391],[-105.2151,38.4381],[-105.2362,38.4205],[-105.1655,38.3989],[-105.1378,38.4072],[-105.1787,38.4222],[-105.2063,38.4387],[-105.226,38.4391]]]},"properties":{"GEOID":"08043979100","AREALAND":"16101024","AREAWATER":"97465"}},{"type":"Feature","geometry":{"type":"Polygon","coordinates":[[[-105.2457,38.4352],[-105.2486,38.4174],[-105.2362,38.4205],[-105.2151,38.4381],[-105.226,38.4391],[-105.2328,38.4394],[-105.2457,38.4352]]]},"properties":{"GEOID":"08043978800","AREALAND":"5143795","AREAWATER":"0"}},{"type":"Feature","geometry":{"type":"Polygon","coordinates":[[[-105.1625,38.4497],[-105.1787,38.4222],[-105.1378,38.4072],[-105.1275,38.4181],[-105.1349,38.4426],[-105.1625,38.4497]]]},"properties":{"GEOID":"08043980300","AREALAND":"13744372","AREAWATER":"154353"}},{"type":"Feature","geometry":{"type":"Polygon","coordinates":[[[-105.1099,38.6478],[-105.1078,38.6335],[-105.1344,38.6132],[-105.087,38.564],[-105.0932,38.5533],[-105.1262,38.5353],[-105.1269,38.52],[-105.1051,38.5035],[-105.12,38.4794],[-105.1137,38.4372],[-105.0538,38.4216],[-105.056,38.3957],[-105.027,38.3972],[-105.0032,38.3802],[-104.9712,38.3747],[-104.9407,38.3373],[-104.9407,38.3379],[-104.9409,38.372],[-104.9409,38.4178],[-104.9415,38.5196],[-104.9421,38.5675],[-104.9422,38.6501],[-105.0498,38.6524],[-105.1099,38.6478]]]},"properties":{"GEOID":"08043978100","AREALAND":"422215310","AREAWATER":"1265800"}},{"type":"Feature","geometry":{"type":"Polygon","coordinates":[[[-105.1655,38.3989],[-105.1633,38.3965],[-105.1214,38.3773],[-105.078,38.3766],[-105.056,38.3957],[-105.0538,38.4216],[-105.1137,38.4372],[-105.1349,38.4426],[-105.1275,38.4181],[-105.1378,38.4072],[-105.1655,38.3989]]]},"properties":{"GEOID":"08043978200","AREALAND":"40673193","AREAWATER":"317384"}},{"type":"Feature","geometry":{"type":"Polygon","coordinates":[[[-105.2096,38.5035],[-105.2588,38.5189],[-105.2639,38.4802],[-105.252,38.4466],[-105.2458,38.4466],[-105.2274,38.4551],[-105.2096,38.5035]]]},"properties":{"GEOID":"08043978500","AREALAND":"22916403","AREAWATER":"66314"}},{"type":"Feature","geometry":{"type":"Polygon","coordinates":[[[-105.2458,38.4466],[-105.2458,38.4367],[-105.2457,38.4352],[-105.2328,38.4394],[-105.2271,38.4459],[-105.2274,38.4551],[-105.2458,38.4466]]]},"properties":{"GEOID":"08043978600","AREALAND":"2435411","AREAWATER":"0"}},{"type":"Feature","geometry":{"type":"Polygon","coordinates":[[[-105.1904,38.6482],[-105.197,38.6333],[-105.2124,38.634],[-105.235,38.5776],[-105.222,38.5599],[-105.2218,38.5357],[-105.2096,38.5035],[-105.2274,38.4551],[-105.2271,38.4459],[-105.1625,38.4497],[-105.1349,38.4426],[-105.1137,38.4372],[-105.12,38.4794],[-105.1051,38.5035],[-105.1269,38.52],[-105.1262,38.5353],[-105.0932,38.5533],[-105.087,38.564],[-105.1344,38.6132],[-105.1078,38.6335],[-105.1099,38.6478],[-105.1904,38.6482]]]},"properties":{"GEOID":"08043978300","AREALAND":"205097575","AREAWATER":"0"}},{"type":"Feature","geometry":{"type":"Polygon","coordinates":[[[-105.3752,38.4858],[-105.3723,38.45],[-105.3513,38.4454],[-105.3248,38.4125],[-105.3247,38.4038],[-105.358,38.3665],[-105.3337,38.3357],[-105.3476,38.3229],[-105.359,38.2937],[-105.3511,38.2696],[-105.3689,38.2594],[-105.3041,38.2582],[-105.2792,38.2587],[-105.2866,38.2938],[-105.2606,38.2977],[-105.2415,38.3156],[-105.2387,38.3434],[-105.2056,38.3736],[-105.1633,38.3965],[-105.1655,38.3989],[-105.2362,38.4205],[-105.2486,38.4174],[-105.2457,38.4352],[-105.2458,38.4367],[-105.252,38.4466],[-105.2639,38.4802],[-105.2892,38.4959],[-105.3595,38.4982],[-105.3752,38.4858]]]},"properties":{"GEOID":"08043979200","AREALAND":"252706641","AREAWATER":"64108"}},{"type":"Feature","geometry":{"type":"Polygon","coordinates":[[[-105.2271,38.4459],[-105.2328,38.4394],[-105.226,38.4391],[-105.2063,38.4387],[-105.1787,38.4222],[-105.1625,38.4497],[-105.2271,38.4459]]]},"properties":{"GEOID":"08043978400","AREALAND":"8429059","AREAWATER":"19992"}},{"type":"Feature","geometry":{"type":"Polygon","coordinates":[[[-105.1286,39.6387],[-105.1287,39.6242],[-105.1099,39.6242],[-105.1075,39.6242],[-105.1099,39.6299],[-105.0911,39.6387],[-105.1098,39.6387],[-105.1286,39.6387]]]},"properties":{"GEOID":"08059012041","AREALAND":"3137227","AREAWATER":"196477"}},{"type":"Feature","geometry":{"type":"Polygon","coordinates":[[[-105.164,39.6235],[-105.1563,39.6003],[-105.1532,39.6016],[-105.1288,39.6097],[-105.1287,39.6242],[-105.1463,39.6241],[-105.164,39.6235]]]},"properties":{"GEOID":"08059012043","AREALAND":"4733369","AREAWATER":"298037"}},{"type":"Feature","geometry":{"type":"Polygon","coordinates":[[[-105.252,38.4466],[-105.2458,38.4367],[-105.2458,38.4466],[-105.252,38.4466]]]},"properties":{"GEOID":"08043980100","AREALAND":"739741","AREAWATER":"0"}},{"type":"Feature","geometry":{"type":"Polygon","coordinates":[[[-104.9132,39.6387],[-104.9134,39.6241],[-104.9019,39.6241],[-104.9071,39.6343],[-104.9101,39.6387],[-104.9132,39.6387]]]},"properties":{"GEOID":"08031006701","AREALAND":"1018161","AREAWATER":"0"}},{"type":"Feature","geometry":{"type":"Polygon","coordinates":[[[-105.0532,39.7837],[-105.0533,39.7766],[-105.0253,39.7766],[-105.0253,39.7844],[-105.0532,39.7837]]]},"properties":{"GEOID":"08031000102","AREALAND":"1706897","AREAWATER":"243474"}},{"type":"Feature","geometry":{"type":"Polygon","coordinates":[[[-105.0253,39.7844],[-105.0253,39.7766],[-105.0112,39.7766],[-104.9982,39.7766],[-104.9983,39.7824],[-105.0251,39.7844],[-105.0253,39.7844]]]},"properties":{"GEOID":"08031000202","AREALAND":"1785697","AREAWATER":"0"}},{"type":"Feature","geometry":{"type":"Polygon","coordinates":[[[-105.0533,39.7766],[-105.0532,39.7693],[-105.0393,39.7694],[-105.0252,39.7693],[-105.0253,39.7766],[-105.0533,39.7766]]]},"properties":{"GEOID":"08031000301","AREALAND":"1926792","AREAWATER":"0"}},{"type":"Feature","geometry":{"type":"Polygon","coordinates":[[[-105.0532,39.7693],[-105.0532,39.7585],[-105.0393,39.7585],[-105.0393,39.7694],[-105.0532,39.7693]]]},"properties":{"GEOID":"08031000302","AREALAND":"1444047","AREAWATER":"0"}},{"type":"Feature","geometry":{"type":"Polygon","coordinates":[[[-105.1637,39.945],[-105.1658,39.9287],[-105.1474,39.9289],[-105.1637,39.945]]]},"properties":{"GEOID":"08013061300","AREALAND":"2069153","AREAWATER":"6895"}},{"type":"Feature","geometry":{"type":"Polygon","coordinates":[[[-105.1546,40.1742],[-105.1498,40.1432],[-105.1497,40.1223],[-105.1308,40.1433],[-105.1308,40.1663],[-105.1309,40.174],[-105.1546,40.1742]]]},"properties":{"GEOID":"08013013212","AREALAND":"8482397","AREAWATER":"589999"}},{"type":"Feature","geometry":{"type":"Polygon","coordinates":[[[-105.0883,40.1886],[-105.0883,40.174],[-105.0741,40.1741],[-105.0742,40.1887],[-105.0883,40.1886]]]},"properties":{"GEOID":"08013013507","AREALAND":"1954236","AREAWATER":"0"}},{"type":"Feature","geometry":{"type":"Polygon","coordinates":[[[-105.0533,39.6678],[-105.0531,39.6534],[-105.0414,39.6543],[-105.0417,39.6677],[-105.0533,39.6678]]]},"properties":{"GEOID":"08031004801","AREALAND":"1401480","AREAWATER":"0"}},{"type":"Feature","geometry":{"type":"Polygon","coordinates":[[[-104.9223,39.7113],[-104.9221,39.6962],[-104.9129,39.6909],[-104.9128,39.7028],[-104.9128,39.7114],[-104.9223,39.7113]]]},"properties":{"GEOID":"08031005001","AREALAND":"1542074","AREAWATER":"0"}},{"type":"Feature","geometry":{"type":"Polygon","coordinates":[[[-109.042,37.8811],[-109.0416,37.5587],[-109.0434,37.4848],[-108.9171,37.6319],[-108.6948,37.6315],[-108.6479,37.6327],[-108.2506,37.6328],[-108.108,37.6388],[-107.9701,37.6396],[-107.9571,37.6489],[-107.9694,37.6792],[-107.9689,37.6965],[-107.9543,37.7065],[-107.9372,37.7026],[-107.907,37.7177],[-107.873,37.7224],[-107.8756,37.7388],[-107.8619,37.756],[-107.8608,37.7755],[-107.8863,37.7854],[-107.8925,37.8027],[-107.9214,37.8237],[-107.9377,37.8227],[-107.9508,37.8358],[-107.9714,37.8324],[-107.9892,37.8566],[-108.0309,37.8555],[-108.0585,37.841],[-108.067,37.8514],[-108.0909,37.8399],[-108.1125,37.8552],[-108.1415,37.8325],[-108.1749,37.8326],[-108.1991,37.8242],[-108.227,37.8432],[-108.2378,37.8764],[-108.2565,37.8946],[-108.3574,37.8936],[-108.8167,37.8955],[-108.8205,37.8809],[-109.042,37.8811]]]},"properties":{"GEOID":"08033000100","AREALAND":"2763958509","AREAWATER":"2716141"}},{"type":"Feature","geometry":{"type":"Polygon","coordinates":[[[-105.1033,39.817],[-105.1144,39.8122],[-105.1048,39.802],[-105.1002,39.8021],[-105.1033,39.817]]]},"properties":{"GEOID":"08059010304","AREALAND":"1350995","AREAWATER":"0"}},{"type":"Feature","geometry":{"type":"Polygon","coordinates":[[[-105.1029,39.817],[-105.1033,39.817],[-105.1002,39.8021],[-105.0837,39.802],[-105.0766,39.802],[-105.078,39.8065],[-105.0908,39.8098],[-105.1029,39.817]]]},"properties":{"GEOID":"08059010305","AREALAND":"1661536","AREAWATER":"0"}},{"type":"Feature","geometry":{"type":"Polygon","coordinates":[[[-105.1235,39.8127],[-105.1235,39.8018],[-105.1048,39.802],[-105.1144,39.8122],[-105.1235,39.8127]]]},"properties":{"GEOID":"08059010307","AREALAND":"1488571","AREAWATER":"0"}},{"type":"Feature","geometry":{"type":"Polygon","coordinates":[[[-105.1379,39.8018],[-105.138,39.7867],[-105.0861,39.7975],[-105.0837,39.802],[-105.1002,39.8021],[-105.1048,39.802],[-105.1235,39.8018],[-105.1379,39.8018]]]},"properties":{"GEOID":"08059010308","AREALAND":"4898593","AREAWATER":"9630"}},{"type":"Feature","geometry":{"type":"Polygon","coordinates":[[[-105.138,39.7867],[-105.1379,39.7799],[-105.0861,39.785],[-105.0861,39.7975],[-105.138,39.7867]]]},"properties":{"GEOID":"08059010402","AREALAND":"4026518","AREAWATER":"149839"}},{"type":"Feature","geometry":{"type":"Polygon","coordinates":[[[-105.0861,39.7975],[-105.0861,39.785],[-105.0814,39.7845],[-105.0814,39.7844],[-105.0743,39.7858],[-105.0766,39.7997],[-105.0766,39.802],[-105.0837,39.802],[-105.0861,39.7975]]]},"properties":{"GEOID":"08059010405","AREALAND":"1609581","AREAWATER":"28397"}},{"type":"Feature","geometry":{"type":"Polygon","coordinates":[[[-105.0766,39.7997],[-105.0743,39.7858],[-105.0627,39.7839],[-105.0533,39.7911],[-105.0528,39.8025],[-105.0673,39.8003],[-105.0766,39.7997]]]},"properties":{"GEOID":"08059010406","AREALAND":"2787051","AREAWATER":"24471"}},{"type":"Feature","geometry":{"type":"Polygon","coordinates":[[[-105.0816,39.8636],[-105.0828,39.8619],[-105.0817,39.8564],[-105.0648,39.8565],[-105.0533,39.856],[-105.0533,39.8568],[-105.0567,39.8636],[-105.0816,39.8636]]]},"properties":{"GEOID":"08059009831","AREALAND":"1845115","AREAWATER":"3625"}},{"type":"Feature","geometry":{"type":"Polygon","coordinates":[[[-105.0533,39.856],[-105.0648,39.8565],[-105.0627,39.8412],[-105.0532,39.8418],[-105.0533,39.856]]]},"properties":{"GEOID":"08059009832","AREALAND":"1332723","AREAWATER":"0"}},{"type":"Feature","geometry":{"type":"Polygon","coordinates":[[[-105.0817,39.8564],[-105.0818,39.8418],[-105.0734,39.8418],[-105.0627,39.8412],[-105.0648,39.8565],[-105.0817,39.8564]]]},"properties":{"GEOID":"08059009833","AREALAND":"2536468","AREAWATER":"183944"}},{"type":"Feature","geometry":{"type":"Polygon","coordinates":[[[-105.1006,39.8564],[-105.0866,39.8418],[-105.0818,39.8418],[-105.0817,39.8564],[-105.1006,39.8564]]]},"properties":{"GEOID":"08059009834","AREALAND":"1842286","AREAWATER":"0"}},{"type":"Feature","geometry":{"type":"Polygon","coordinates":[[[-105.1076,39.8566],[-105.1103,39.8534],[-105.1101,39.842],[-105.0866,39.8418],[-105.1006,39.8564],[-105.1076,39.8566]]]},"properties":{"GEOID":"08059009835","AREALAND":"1856431","AREAWATER":"192531"}},{"type":"Feature","geometry":{"type":"Polygon","coordinates":[[[-105.1653,39.8472],[-105.1651,39.827],[-105.1495,39.8271],[-105.1379,39.8271],[-105.1285,39.8271],[-105.1286,39.8362],[-105.1289,39.8421],[-105.1478,39.8459],[-105.1653,39.8472]]]},"properties":{"GEOID":"08059009836","AREALAND":"6187261","AREAWATER":"27379"}},{"type":"Feature","geometry":{"type":"Polygon","coordinates":[[[-102.3823,40.7493],[-102.3807,40.7055],[-102.3759,40.7055],[-102.379,40.6003],[-102.3982,40.6007],[-102.3972,40.4397],[-102.0515,40.44],[-102.0514,40.7496],[-102.1867,40.7489],[-102.3823,40.7493]]]},"properties":{"GEOID":"08095967600","AREALAND":"981425676","AREAWATER":"258511"}},{"type":"Feature","geometry":{"type":"Polygon","coordinates":[[[-102.6513,40.7494],[-102.6509,40.7053],[-102.6647,40.7052],[-102.6656,40.6134],[-102.6648,40.4385],[-102.4738,40.4392],[-102.3972,40.4397],[-102.3982,40.6007],[-102.379,40.6003],[-102.3759,40.7055],[-102.3807,40.7055],[-102.3823,40.7493],[-102.6513,40.7494]]]},"properties":{"GEOID":"08095967700","AREALAND":"800299298","AREAWATER":"43297"}},{"type":"Feature","geometry":{"type":"Polygon","coordinates":[[[-107.8355,37.9466],[-107.8222,37.9137],[-107.8228,37.8871],[-107.8312,37.8775],[-107.7937,37.8753],[-107.7825,37.8678],[-107.7562,37.8829],[-107.7383,37.9054],[-107.7354,37.9319],[-107.7673,37.9434],[-107.8065,37.9393],[-107.8355,37.9466]]]},"properties":{"GEOID":"08113968101","AREALAND":"53656663","AREAWATER":"288172"}},{"type":"Feature","geometry":{"type":"Polygon","coordinates":[[[-106.8578,41.0027],[-106.8509,40.9913],[-106.8706,40.9812],[-106.8699,40.9567],[-106.8456,40.9251],[-106.8248,40.932],[-106.8006,40.8959],[-106.7813,40.907],[-106.7408,40.8898],[-106.7393,40.8708],[-106.7045,40.8767],[-106.6917,40.8882],[-106.6545,40.8455],[-106.6631,40.8275],[-106.6355,40.8114],[-106.6369,40.7895],[-106.67,40.7603],[-106.6629,40.743],[-106.6761,40.7353],[-106.6685,40.6946],[-106.6876,40.6815],[-106.6806,40.6493],[-106.7061,40.6166],[-106.694,40.5936],[-106.7023,40.5784],[-106.6808,40.5446],[-106.6737,40.5259],[-106.6556,40.5085],[-106.6572,40.4834],[-106.6521,40.4452],[-106.6288,40.4222],[-106.6123,40.3794],[-106.5946,40.3832],[-106.5567,40.3773],[-106.5313,40.3666],[-106.5267,40.3841],[-106.5123,40.3867],[-106.4898,40.4116],[-106.4434,40.3465],[-106.4227,40.3528],[-106.404,40.3449],[-106.3565,40.3581],[-106.3371,40.3397],[-106.3122,40.3302],[-106.2939,40.3376],[-106.2905,40.3584],[-106.2657,40.361],[-106.2296,40.3235],[-106.1969,40.3256],[-106.1634,40.3432],[-106.1494,40.332],[-106.0994,40.3545],[-106.0898,40.3501],[-106.0857,40.3472],[-106.0186,40.3733],[-106.0109,40.3619],[-105.9866,40.3646],[-105.9597,40.3481],[-105.9385,40.3662],[-105.9472,40.3781],[-105.9205,40.4018],[-105.9051,40.3988],[-105.8977,40.4177],[-105.9033,40.4328],[-105.8918,40.4766],[-105.8549,40.4862],[-105.8523,40.5065],[-105.8801,40.5233],[-105.9045,40.5141],[-105.9109,40.5664],[-105.9213,40.5726],[-105.9302,40.6062],[-105.9421,40.6091],[-105.9485,40.6423],[-105.9719,40.6819],[-105.9722,40.6948],[-105.9891,40.7103],[-105.9906,40.7272],[-106.0107,40.741],[-106.0454,40.7919],[-106.0577,40.8171],[-106.1013,40.8436],[-106.1084,40.8633],[-106.1269,40.8696],[-106.1366,40.9019],[-106.1479,40.9046],[-106.1852,40.9339],[-106.1906,40.9976],[-106.3142,40.9989],[-106.4539,41.0021],[-106.8578,41.0027]]]},"properties":{"GEOID":"08057955600","AREALAND":"4179530240","AREAWATER":"18750017"}},{"type":"Feature","geometry":{"type":"Polygon","coordinates":[[[-104.866,39.6966],[-104.8659,39.6857],[-104.8659,39.682],[-104.8472,39.6821],[-104.8471,39.6966],[-104.866,39.6966]]]},"properties":{"GEOID":"08005080200","AREALAND":"2596944","AREAWATER":"0"}},{"type":"Feature","geometry":{"type":"Polygon","coordinates":[[[-104.8255,39.7363],[-104.8248,39.7256],[-104.8194,39.7256],[-104.8104,39.7256],[-104.81,39.7401],[-104.8101,39.7401],[-104.8252,39.7403],[-104.8255,39.7403],[-104.8255,39.7363]]]},"properties":{"GEOID":"08005081800","AREALAND":"2119140","AREAWATER":"0"}},{"type":"Feature","geometry":{"type":"Polygon","coordinates":[[[-104.81,39.7401],[-104.8104,39.7256],[-104.7912,39.7256],[-104.7912,39.7403],[-104.81,39.7401]]]},"properties":{"GEOID":"08005081900","AREALAND":"2623712","AREAWATER":"0"}},{"type":"Feature","geometry":{"type":"Polygon","coordinates":[[[-104.9317,39.7111],[-104.9317,39.7002],[-104.9282,39.6966],[-104.9223,39.6959],[-104.9221,39.6962],[-104.9223,39.7113],[-104.9317,39.7111]]]},"properties":{"GEOID":"08031015300","AREALAND":"1137447","AREAWATER":"0"}},{"type":"Feature","geometry":{"type":"Polygon","coordinates":[[[-104.8759,39.6242],[-104.8761,39.6096],[-104.8667,39.6096],[-104.8479,39.6101],[-104.8525,39.6241],[-104.8759,39.6242]]]},"properties":{"GEOID":"08005006808","AREALAND":"3807643","AREAWATER":"0"}},{"type":"Feature","geometry":{"type":"Polygon","coordinates":[[[-104.885,39.5948],[-104.8768,39.5805],[-104.8668,39.595],[-104.8667,39.6096],[-104.8761,39.6096],[-104.8761,39.6023],[-104.885,39.5948]]]},"properties":{"GEOID":"08005006815","AREALAND":"3210396","AREAWATER":"0"}},{"type":"Feature","geometry":{"type":"Polygon","coordinates":[[[-104.604,38.2809],[-104.601,38.2699],[-104.589,38.2702],[-104.5892,38.2757],[-104.5891,38.286],[-104.5971,38.2867],[-104.602,38.2877],[-104.604,38.2809]]]},"properties":{"GEOID":"08101000800","AREALAND":"2083696","AREAWATER":"33230"}},{"type":"Feature","geometry":{"type":"Polygon","coordinates":[[[-104.9164,39.6676],[-104.9227,39.6676],[-104.913,39.6562],[-104.9164,39.6676]]]},"properties":{"GEOID":"08005015100","AREALAND":"1503321","AREAWATER":"0"}},{"type":"Feature","geometry":{"type":"Polygon","coordinates":[[[-104.7575,38.8254],[-104.7575,38.8138],[-104.7463,38.811],[-104.7416,38.8253],[-104.7487,38.8253],[-104.7575,38.8254]]]},"properties":{"GEOID":"08041006302","AREALAND":"1712445","AREAWATER":"0"}},{"type":"Feature","geometry":{"type":"Polygon","coordinates":[[[-104.7974,38.7657],[-104.8003,38.7491],[-104.7929,38.7346],[-104.7916,38.7237],[-104.7734,38.7282],[-104.733,38.7248],[-104.7759,38.7648],[-104.7974,38.7657]]]},"properties":{"GEOID":"08041004402","AREALAND":"16031096","AREAWATER":"0"}},{"type":"Feature","geometry":{"type":"Polygon","coordinates":[[[-104.7393,38.9545],[-104.7397,38.9402],[-104.72,38.9403],[-104.7273,38.9564],[-104.7393,38.9545]]]},"properties":{"GEOID":"08041006901","AREALAND":"2815762","AREAWATER":"0"}},{"type":"Feature","geometry":{"type":"Polygon","coordinates":[[[-104.9418,40.1755],[-104.9419,40.1458],[-104.9241,40.1456],[-104.9233,40.1753],[-104.9418,40.1755]]]},"properties":{"GEOID":"08123002020","AREALAND":"5055870","AREAWATER":"35891"}},{"type":"Feature","geometry":{"type":"Polygon","coordinates":[[[-104.9419,40.1386],[-104.942,40.1314],[-104.8861,40.1311],[-104.886,40.1455],[-104.8857,40.1748],[-104.9233,40.1753],[-104.9241,40.1456],[-104.9419,40.1458],[-104.9419,40.1386]]]},"properties":{"GEOID":"08123002021","AREALAND":"18148693","AREAWATER":"75370"}},{"type":"Feature","geometry":{"type":"Polygon","coordinates":[[[-104.8083,40.1018],[-104.8105,40.0802],[-104.7823,40.0729],[-104.7853,40.1018],[-104.8083,40.1018]]]},"properties":{"GEOID":"08123001905","AREALAND":"7053455","AREAWATER":"0"}},{"type":"Feature","geometry":{"type":"Polygon","coordinates":[[[-104.9988,40.1023],[-105.0084,40.0874],[-104.9806,40.0873],[-104.9805,40.1023],[-104.9988,40.1023]]]},"properties":{"GEOID":"08123002011","AREALAND":"3849425","AREAWATER":"15862"}},{"type":"Feature","geometry":{"type":"Polygon","coordinates":[[[-104.9238,40.1022],[-104.9241,40.0877],[-104.9048,40.0825],[-104.8864,40.08],[-104.8863,40.102],[-104.9238,40.1022]]]},"properties":{"GEOID":"08123002015","AREALAND":"6445889","AREAWATER":"25533"}},{"type":"Feature","geometry":{"type":"Polygon","coordinates":[[[-104.9803,40.1388],[-104.9987,40.1388],[-104.9988,40.1023],[-104.9805,40.1023],[-104.9803,40.1315],[-104.9803,40.1388]]]},"properties":{"GEOID":"08123002017","AREALAND":"6357722","AREAWATER":"0"}},{"type":"Feature","geometry":{"type":"Polygon","coordinates":[[[-104.9077,40.4654],[-104.9077,40.4629],[-104.8892,40.4476],[-104.8891,40.4652],[-104.9077,40.4654]]]},"properties":{"GEOID":"08123002204","AREALAND":"1520453","AREAWATER":"443634"}},{"type":"Feature","geometry":{"type":"Polygon","coordinates":[[[-104.7574,38.8544],[-104.7575,38.8396],[-104.7481,38.8397],[-104.7304,38.8393],[-104.7295,38.8549],[-104.7574,38.8544]]]},"properties":{"GEOID":"08041006000","AREALAND":"3963049","AREAWATER":"0"}},{"type":"Feature","geometry":{"type":"Polygon","coordinates":[[[-108.5524,39.0919],[-108.5524,39.0846],[-108.5152,39.0846],[-108.5152,39.0918],[-108.5524,39.0919]]]},"properties":{"GEOID":"08077000601","AREALAND":"2565480","AREAWATER":"0"}},{"type":"Feature","geometry":{"type":"Polygon","coordinates":[[[-108.5524,39.0846],[-108.5524,39.0774],[-108.5152,39.0773],[-108.5152,39.0846],[-108.5524,39.0846]]]},"properties":{"GEOID":"08077000602","AREALAND":"2594136","AREAWATER":"0"}},{"type":"Feature","geometry":{"type":"Polygon","coordinates":[[[-108.5895,39.1138],[-108.5895,39.0919],[-108.5616,39.0918],[-108.5524,39.0919],[-108.54,39.1117],[-108.5895,39.1138]]]},"properties":{"GEOID":"08077001002","AREALAND":"9002431","AREAWATER":"12515"}},{"type":"Feature","geometry":{"type":"Polygon","coordinates":[[[-108.5246,39.0411],[-108.5407,39.0311],[-108.501,39.0204],[-108.4967,39.0532],[-108.5175,39.0486],[-108.5246,39.0411]]]},"properties":{"GEOID":"08077001302","AREALAND":"7416938","AREAWATER":"100491"}},{"type":"Feature","geometry":{"type":"Polygon","coordinates":[[[-109.0508,39.3667],[-109.0515,39.1165],[-109.0387,39.116],[-109.0242,39.136],[-109.0038,39.1411],[-108.996,39.1543],[-108.9633,39.1556],[-108.9545,39.1734],[-108.9366,39.1762],[-108.9319,39.2028],[-108.9152,39.2051],[-108.9085,39.1856],[-108.8753,39.1862],[-108.8642,39.1662],[-108.8373,39.163],[-108.803,39.1753],[-108.7821,39.1587],[-108.7536,39.1581],[-108.7505,39.1642],[-108.7428,39.1769],[-108.7012,39.1788],[-108.7011,39.1643],[-108.7013,39.1319],[-108.7187,39.1294],[-108.6952,39.1184],[-108.6801,39.1226],[-108.6602,39.1088],[-108.644,39.1122],[-108.6267,39.1498],[-108.5895,39.1427],[-108.5717,39.1713],[-108.5384,39.1949],[-108.5074,39.2334],[-108.5364,39.2621],[-108.5573,39.262],[-108.547,39.2834],[-108.5658,39.2685],[-108.5784,39.2963],[-108.5658,39.313],[-108.5702,39.3665],[-108.8261,39.3663],[-109.0508,39.3667]]]},"properties":{"GEOID":"08077001502","AREALAND":"997948181","AREAWATER":"5093294"}},{"type":"Feature","geometry":{"type":"Polygon","coordinates":[[[-104.721,40.4524],[-104.7158,40.4375],[-104.7015,40.4343],[-104.6966,40.4331],[-104.6889,40.4314],[-104.6915,40.449],[-104.693,40.4517],[-104.721,40.4524]]]},"properties":{"GEOID":"08123000600","AREALAND":"4736004","AREAWATER":"93911"}},{"type":"Feature","geometry":{"type":"Polygon","coordinates":[[[-104.6801,40.4101],[-104.6789,40.4281],[-104.6915,40.449],[-104.6889,40.4314],[-104.6853,40.4137],[-104.683,40.406],[-104.683,40.3933],[-104.6815,40.3937],[-104.6801,40.4101]]]},"properties":{"GEOID":"08123000701","AREALAND":"3275611","AREAWATER":"0"}},{"type":"Feature","geometry":{"type":"Polygon","coordinates":[[[-104.6966,40.4062],[-104.6969,40.3993],[-104.6969,40.392],[-104.683,40.3933],[-104.683,40.406],[-104.6966,40.4062]]]},"properties":{"GEOID":"08123000800","AREALAND":"1824011","AREAWATER":"0"}},{"type":"Feature","geometry":{"type":"Polygon","coordinates":[[[-104.7159,40.4003],[-104.7159,40.3921],[-104.6969,40.392],[-104.6969,40.3993],[-104.7067,40.4047],[-104.7159,40.4003]]]},"properties":{"GEOID":"08123000900","AREALAND":"1494108","AREAWATER":"0"}},{"type":"Feature","geometry":{"type":"Polygon","coordinates":[[[-104.7447,40.441],[-104.7735,40.4367],[-104.7741,40.4293],[-104.7555,40.4289],[-104.7447,40.441]]]},"properties":{"GEOID":"08123001415","AREALAND":"2213520","AREAWATER":"0"}},{"type":"Feature","geometry":{"type":"Polygon","coordinates":[[[-105.0369,40.0147],[-105.0371,40.0005],[-105.008,40.0005],[-105.0079,40.0058],[-105.009,40.0148],[-105.0369,40.0147]]]},"properties":{"GEOID":"08123002008","AREALAND":"3859566","AREAWATER":"0"}},{"type":"Feature","geometry":{"type":"Polygon","coordinates":[[[-104.942,40.1314],[-104.9416,40.1022],[-104.9238,40.1022],[-104.8863,40.102],[-104.8862,40.1165],[-104.8861,40.1311],[-104.942,40.1314]]]},"properties":{"GEOID":"08123002016","AREALAND":"15202949","AREAWATER":"141814"}},{"type":"Feature","geometry":{"type":"Polygon","coordinates":[[[-104.7555,40.4289],[-104.7564,40.4216],[-104.7352,40.4229],[-104.7351,40.4301],[-104.7555,40.4289]]]},"properties":{"GEOID":"08123001413","AREALAND":"1419325","AREAWATER":"0"}},{"type":"Feature","geometry":{"type":"Polygon","coordinates":[[[-104.6779,40.3925],[-104.6747,40.3774],[-104.6516,40.3936],[-104.6779,40.3925]]]},"properties":{"GEOID":"08123000704","AREALAND":"1727367","AREAWATER":"164823"}},{"type":"Feature","geometry":{"type":"Polygon","coordinates":[[[-107.8608,37.7755],[-107.8619,37.756],[-107.8756,37.7388],[-107.873,37.7224],[-107.907,37.7177],[-107.9372,37.7026],[-107.9543,37.7065],[-107.9689,37.6965],[-107.9694,37.6792],[-107.9571,37.6489],[-107.9701,37.6396],[-107.9261,37.6398],[-107.8061,37.6401],[-107.592,37.6396],[-107.4822,37.6395],[-107.4822,37.7683],[-107.4668,37.7664],[-107.4592,37.7943],[-107.4746,37.8155],[-107.5167,37.8265],[-107.5179,37.857],[-107.5365,37.8796],[-107.5202,37.9013],[-107.5359,37.9201],[-107.5326,37.9439],[-107.5634,37.9559],[-107.5689,37.965],[-107.6416,37.965],[-107.6379,37.9209],[-107.6638,37.9035],[-107.7072,37.8936],[-107.7383,37.9054],[-107.7562,37.8829],[-107.7825,37.8678],[-107.78,37.8486],[-107.7964,37.8227],[-107.8285,37.8119],[-107.8222,37.7957],[-107.8409,37.7741],[-107.8608,37.7755]]]},"properties":{"GEOID":"08111972600","AREALAND":"1003660666","AREAWATER":"2035929"}},{"type":"Feature","geometry":{"type":"Polygon","coordinates":[[[-104.7681,38.8254],[-104.7663,38.8152],[-104.7575,38.8138],[-104.7575,38.8254],[-104.7681,38.8254]]]},"properties":{"GEOID":"08041005202","AREALAND":"1018412","AREAWATER":"0"}},{"type":"Feature","geometry":{"type":"Polygon","coordinates":[[[-107.4821,37.2148],[-107.4817,37.0001],[-107.1509,37],[-106.9636,37.0001],[-106.9656,37.033],[-106.997,37.0331],[-107.0015,37.0403],[-107.0007,37.2186],[-107.1091,37.2175],[-107.1091,37.215],[-107.4821,37.2148]]]},"properties":{"GEOID":"08007940400","AREALAND":"1022633895","AREAWATER":"11004750"}},{"type":"Feature","geometry":{"type":"Polygon","coordinates":[[[-104.7839,38.7983],[-104.7755,38.7967],[-104.7713,38.812],[-104.7803,38.8155],[-104.7839,38.7983]]]},"properties":{"GEOID":"08041005300","AREALAND":"1490893","AREAWATER":"0"}},{"type":"Feature","geometry":{"type":"Polygon","coordinates":[[[-104.7571,38.8909],[-104.7571,38.8823],[-104.7386,38.8857],[-104.7384,38.897],[-104.7478,38.8971],[-104.7571,38.8909]]]},"properties":{"GEOID":"08041005502","AREALAND":"1850729","AREAWATER":"0"}},{"type":"Feature","geometry":{"type":"Polygon","coordinates":[[[-105.0071,39.5822],[-105.0214,39.5781],[-104.9885,39.5735],[-104.9884,39.5785],[-105.0071,39.5822]]]},"properties":{"GEOID":"08005005633","AREALAND":"1954635","AREAWATER":"0"}},{"type":"Feature","geometry":{"type":"Polygon","coordinates":[[[-105.0409,39.5662],[-104.9885,39.5661],[-104.9885,39.5735],[-105.0214,39.5781],[-105.0324,39.5811],[-105.0409,39.5662]]]},"properties":{"GEOID":"08005005634","AREALAND":"4042019","AREAWATER":"742035"}},{"type":"Feature","geometry":{"type":"Polygon","coordinates":[[[-107.3476,39.3661],[-107.1135,39.3661],[-107.1136,39.4016],[-107.2192,39.4145],[-107.2072,39.4083],[-107.2055,39.3866],[-107.2216,39.4158],[-107.2358,39.4208],[-107.2627,39.4566],[-107.2656,39.4223],[-107.3003,39.4316],[-107.2937,39.4197],[-107.2993,39.3987],[-107.3476,39.3661]]]},"properties":{"GEOID":"08045951804","AREALAND":"94454975","AREAWATER":"374262"}},{"type":"Feature","geometry":{"type":"Polygon","coordinates":[[[-107.1136,39.4873],[-107.1276,39.471],[-107.1621,39.4769],[-107.1643,39.4868],[-107.2027,39.484],[-107.2201,39.4906],[-107.2315,39.4741],[-107.2627,39.4566],[-107.2358,39.4208],[-107.2216,39.4158],[-107.2055,39.3866],[-107.2072,39.4083],[-107.2192,39.4145],[-107.1136,39.4016],[-107.1136,39.4213],[-107.1136,39.4873]]]},"properties":{"GEOID":"08045951803","AREALAND":"93114233","AREAWATER":"70340"}},{"type":"Feature","geometry":{"type":"Polygon","coordinates":[[[-104.9876,39.6677],[-104.9876,39.6605],[-104.9711,39.6604],[-104.9688,39.6604],[-104.9746,39.6677],[-104.9876,39.6677]]]},"properties":{"GEOID":"08005005800","AREALAND":"1210927","AREAWATER":"0"}},{"type":"Feature","geometry":{"type":"Polygon","coordinates":[[[-104.9876,39.6605],[-104.9877,39.6515],[-104.9783,39.6513],[-104.9712,39.6531],[-104.9711,39.6604],[-104.9876,39.6605]]]},"properties":{"GEOID":"08005005951","AREALAND":"1435050","AREAWATER":"0"}},{"type":"Feature","geometry":{"type":"Polygon","coordinates":[[[-104.9711,39.6604],[-104.9712,39.6531],[-104.9594,39.653],[-104.955,39.653],[-104.9594,39.6615],[-104.9688,39.6604],[-104.9711,39.6604]]]},"properties":{"GEOID":"08005005952","AREALAND":"1019836","AREAWATER":"0"}},{"type":"Feature","geometry":{"type":"Polygon","coordinates":[[[-105.0062,39.6537],[-105.0152,39.6423],[-104.9878,39.6422],[-104.9877,39.6515],[-105.0062,39.6537]]]},"properties":{"GEOID":"08005006000","AREALAND":"2578926","AREAWATER":"51185"}},{"type":"Feature","geometry":{"type":"Polygon","coordinates":[[[-104.7412,38.8087],[-104.7411,38.7923],[-104.7304,38.7959],[-104.7303,38.8063],[-104.7412,38.8087]]]},"properties":{"GEOID":"08041006501","AREALAND":"1600531","AREAWATER":"0"}},{"type":"Feature","geometry":{"type":"Polygon","coordinates":[[[-104.8509,38.8966],[-104.8467,38.8761],[-104.8352,38.8764],[-104.83,38.8969],[-104.8445,38.8967],[-104.8509,38.8966]]]},"properties":{"GEOID":"08041008000","AREALAND":"2829740","AREAWATER":"0"}},{"type":"Feature","geometry":{"type":"Polygon","coordinates":[[[-104.8637,38.9285],[-104.8757,38.9157],[-104.8722,38.8979],[-104.8509,38.8966],[-104.8635,38.9057],[-104.8637,38.9285]]]},"properties":{"GEOID":"08041003708","AREALAND":"3161770","AREAWATER":"0"}},{"type":"Feature","geometry":{"type":"Polygon","coordinates":[[[-104.7304,38.7959],[-104.7206,38.7809],[-104.7159,38.7664],[-104.6827,38.761],[-104.6693,38.7622],[-104.6596,38.7809],[-104.6535,38.7906],[-104.6828,38.826],[-104.6828,38.8381],[-104.6828,38.8382],[-104.7015,38.839],[-104.7207,38.8389],[-104.7249,38.8246],[-104.7303,38.8063],[-104.7304,38.7959]]]},"properties":{"GEOID":"08041004008","AREALAND":"40212607","AREAWATER":"21258"}},{"type":"Feature","geometry":{"type":"Polygon","coordinates":[[[-104.7601,38.9131],[-104.768,38.9014],[-104.7571,38.8909],[-104.7478,38.8971],[-104.7469,38.8978],[-104.7601,38.9131]]]},"properties":{"GEOID":"08041004901","AREALAND":"1694878","AREAWATER":"0"}},{"type":"Feature","geometry":{"type":"Polygon","coordinates":[[[-104.7574,38.8592],[-104.7574,38.8544],[-104.7295,38.8549],[-104.7304,38.8393],[-104.7207,38.8389],[-104.72,38.8688],[-104.7199,38.8721],[-104.7226,38.8715],[-104.7357,38.8679],[-104.7572,38.8678],[-104.7574,38.8592]]]},"properties":{"GEOID":"08041005900","AREALAND":"6259860","AREAWATER":"0"}},{"type":"Feature","geometry":{"type":"Polygon","coordinates":[[[-108.7505,39.1642],[-108.7011,39.1643],[-108.7012,39.1788],[-108.7428,39.1769],[-108.7505,39.1642]]]},"properties":{"GEOID":"08077001503","AREALAND":"5887743","AREAWATER":"0"}},{"type":"Feature","geometry":{"type":"Polygon","coordinates":[[[-108.7505,39.1642],[-108.7536,39.1581],[-108.7383,39.1414],[-108.7187,39.1294],[-108.7013,39.1319],[-108.7011,39.1643],[-108.7505,39.1642]]]},"properties":{"GEOID":"08077001504","AREALAND":"12664340","AREAWATER":"875290"}},{"type":"Feature","geometry":{"type":"Polygon","coordinates":[[[-108.5152,39.0846],[-108.5152,39.0773],[-108.4999,39.0769],[-108.4966,39.0778],[-108.4966,39.0918],[-108.5152,39.0918],[-108.5152,39.0846]]]},"properties":{"GEOID":"08077001104","AREALAND":"2588076","AREAWATER":"0"}},{"type":"Feature","geometry":{"type":"Polygon","coordinates":[[[-108.5658,39.0543],[-108.547,39.0412],[-108.5246,39.0411],[-108.5175,39.0486],[-108.5658,39.0543]]]},"properties":{"GEOID":"08077001304","AREALAND":"3932698","AREAWATER":"229318"}},{"type":"Feature","geometry":{"type":"Polygon","coordinates":[[[-108.5111,39.1081],[-108.5152,39.0918],[-108.4966,39.0918],[-108.4967,39.1076],[-108.5111,39.1081]]]},"properties":{"GEOID":"08077001103","AREALAND":"2862865","AREAWATER":"0"}},{"type":"Feature","geometry":{"type":"Polygon","coordinates":[[[-108.5645,39.0644],[-108.5658,39.0543],[-108.5175,39.0486],[-108.4967,39.0532],[-108.4966,39.0778],[-108.4999,39.0769],[-108.5524,39.0644],[-108.5611,39.0644],[-108.5645,39.0644]]]},"properties":{"GEOID":"08077000801","AREALAND":"11807810","AREAWATER":"239306"}},{"type":"Feature","geometry":{"type":"Polygon","coordinates":[[[-108.4966,39.0778],[-108.4967,39.0532],[-108.4782,39.0577],[-108.4778,39.0817],[-108.4966,39.0778]]]},"properties":{"GEOID":"08077000802","AREALAND":"4059884","AREAWATER":"71847"}},{"type":"Feature","geometry":{"type":"Polygon","coordinates":[[[-108.5762,39.0477],[-108.5584,39.0246],[-108.5407,39.0311],[-108.5246,39.0411],[-108.547,39.0412],[-108.5658,39.0543],[-108.5694,39.0555],[-108.5762,39.0477]]]},"properties":{"GEOID":"08077001303","AREALAND":"5782941","AREAWATER":"206970"}},{"type":"Feature","geometry":{"type":"Polygon","coordinates":[[[-102.6535,41.0023],[-102.6521,40.8846],[-102.6513,40.7494],[-102.3823,40.7493],[-102.1867,40.7489],[-102.0514,40.7496],[-102.0517,41.0024],[-102.3449,41.0022],[-102.6535,41.0023]]]},"properties":{"GEOID":"08115968300","AREALAND":"1419419017","AREAWATER":"3530746"}},{"type":"Feature","geometry":{"type":"Polygon","coordinates":[[[-105.072,39.9577],[-105.0909,39.9361],[-105.0906,39.9288],[-105.0719,39.9288],[-105.072,39.9433],[-105.0529,39.9432],[-105.0527,39.9577],[-105.0529,39.9578],[-105.0719,39.9579],[-105.072,39.9577]]]},"properties":{"GEOID":"08014030900","AREALAND":"5421901","AREAWATER":"40005"}},{"type":"Feature","geometry":{"type":"Polygon","coordinates":[[[-105.0555,40.0694],[-105.0555,40.0658],[-105.0376,40.0657],[-105.0369,40.0147],[-105.009,40.0148],[-105.0079,40.0058],[-104.9896,40.0077],[-104.999,40.0258],[-104.9801,40.0293],[-104.9792,40.0438],[-104.98,40.073],[-104.9752,40.0875],[-104.9806,40.0873],[-105.0084,40.0874],[-105.0554,40.0875],[-105.0555,40.0694]]]},"properties":{"GEOID":"08123002009","AREALAND":"42751752","AREAWATER":"5459"}},{"type":"Feature","geometry":{"type":"Polygon","coordinates":[[[-104.9228,39.6241],[-104.9228,39.6096],[-104.9041,39.6023],[-104.8979,39.595],[-104.885,39.5948],[-104.8934,39.6093],[-104.9019,39.6241],[-104.9134,39.6241],[-104.9228,39.6241]]]},"properties":{"GEOID":"08005006712","AREALAND":"5018619","AREAWATER":"4716"}},{"type":"Feature","geometry":{"type":"Polygon","coordinates":[[[-104.8104,39.6204],[-104.8152,39.6142],[-104.8105,39.6104],[-104.7917,39.6106],[-104.7916,39.6182],[-104.8104,39.6204]]]},"properties":{"GEOID":"08005084900","AREALAND":"1679917","AREAWATER":"0"}},{"type":"Feature","geometry":{"type":"Polygon","coordinates":[[[-104.7751,38.9418],[-104.7751,38.9298],[-104.7532,38.9301],[-104.7568,38.938],[-104.7696,38.9485],[-104.7751,38.9418]]]},"properties":{"GEOID":"08041006801","AREALAND":"1907349","AREAWATER":"0"}},{"type":"Feature","geometry":{"type":"Polygon","coordinates":[[[-104.9443,40.5228],[-104.9441,40.4793],[-104.9077,40.48],[-104.9077,40.509],[-104.908,40.5231],[-104.9443,40.5228]]]},"properties":{"GEOID":"08123002207","AREALAND":"14527703","AREAWATER":"336568"}},{"type":"Feature","geometry":{"type":"Polygon","coordinates":[[[-104.9077,40.48],[-104.9077,40.4654],[-104.8891,40.4652],[-104.889,40.4797],[-104.9077,40.48]]]},"properties":{"GEOID":"08123002205","AREALAND":"2520870","AREAWATER":"0"}},{"type":"Feature","geometry":{"type":"Polygon","coordinates":[[[-104.9441,40.4793],[-104.9441,40.4735],[-104.9124,40.4616],[-104.9077,40.4629],[-104.9077,40.4654],[-104.9077,40.48],[-104.9441,40.4793]]]},"properties":{"GEOID":"08123002206","AREALAND":"3797877","AREAWATER":"453807"}},{"type":"Feature","geometry":{"type":"Polygon","coordinates":[[[-104.9441,40.4734],[-104.9446,40.407],[-104.9073,40.4068],[-104.9059,40.4393],[-104.9124,40.4616],[-104.9441,40.4735],[-104.9441,40.4734]]]},"properties":{"GEOID":"08123002210","AREALAND":"19818975","AREAWATER":"474105"}},{"type":"Feature","geometry":{"type":"Polygon","coordinates":[[[-104.7159,40.3921],[-104.7158,40.3849],[-104.6969,40.3861],[-104.6969,40.392],[-104.7159,40.3921]]]},"properties":{"GEOID":"08123001003","AREALAND":"1247007","AREAWATER":"0"}},{"type":"Feature","geometry":{"type":"Polygon","coordinates":[[[-104.7741,40.4293],[-104.7752,40.4213],[-104.7564,40.4216],[-104.7555,40.4289],[-104.7741,40.4293]]]},"properties":{"GEOID":"08123001414","AREALAND":"1404381","AREAWATER":"0"}},{"type":"Feature","geometry":{"type":"Polygon","coordinates":[[[-104.9805,40.1023],[-104.9806,40.0873],[-104.9752,40.0875],[-104.9612,40.0872],[-104.961,40.1314],[-104.9803,40.1315],[-104.9805,40.1023]]]},"properties":{"GEOID":"08123002012","AREALAND":"8104734","AREAWATER":"0"}},{"type":"Feature","geometry":{"type":"Polygon","coordinates":[[[-104.5527,38.9549],[-104.5536,38.8386],[-104.3871,38.8383],[-104.3863,38.9539],[-104.4787,38.9542],[-104.5341,38.9547],[-104.5527,38.9549]]]},"properties":{"GEOID":"08041004601","AREALAND":"185506307","AREAWATER":"0"}},{"type":"Feature","geometry":{"type":"Polygon","coordinates":[[[-104.7416,38.8253],[-104.7463,38.811],[-104.7412,38.8087],[-104.7303,38.8063],[-104.7249,38.8246],[-104.7416,38.8253]]]},"properties":{"GEOID":"08041006301","AREALAND":"2546044","AREAWATER":"0"}},{"type":"Feature","geometry":{"type":"Polygon","coordinates":[[[-104.7644,38.9569],[-104.7696,38.9485],[-104.7568,38.938],[-104.7503,38.9567],[-104.7644,38.9569]]]},"properties":{"GEOID":"08041006802","AREALAND":"2127455","AREAWATER":"0"}},{"type":"Feature","geometry":{"type":"Polygon","coordinates":[[[-104.1938,39.5652],[-104.1884,39.5243],[-104.1951,39.5057],[-104.2091,39.4978],[-104.2021,39.4835],[-104.2073,39.4484],[-104.1978,39.4402],[-104.2058,39.4041],[-104.2169,39.4042],[-104.2044,39.379],[-104.2164,39.3295],[-104.2052,39.3025],[-104.2348,39.3026],[-104.2348,39.2736],[-104.2745,39.2797],[-104.31,39.2926],[-104.3104,39.2013],[-104.2921,39.2013],[-104.2924,39.1287],[-104.167,39.1285],[-104.0516,39.1284],[-104.0535,39.0438],[-104.0534,38.9411],[-104.0555,38.8689],[-103.8329,38.867],[-103.7197,38.8668],[-103.7215,38.9973],[-103.7211,39.1283],[-103.7152,39.1283],[-103.7148,39.3739],[-103.7144,39.5663],[-103.8815,39.5666],[-104.1938,39.5652]]]},"properties":{"GEOID":"08039961100","AREALAND":"3030782906","AREAWATER":"284922"}},{"type":"Feature","geometry":{"type":"Polygon","coordinates":[[[-104.6613,39.5215],[-104.6623,39.4635],[-104.6062,39.463],[-104.5331,39.4629],[-104.5332,39.4484],[-104.4482,39.448],[-104.4413,39.4626],[-104.4224,39.4627],[-104.4214,39.5637],[-104.4429,39.5638],[-104.6421,39.5659],[-104.6606,39.5659],[-104.6613,39.5215]]]},"properties":{"GEOID":"08039961204","AREALAND":"244792467","AREAWATER":"5952"}},{"type":"Feature","geometry":{"type":"Polygon","coordinates":[[[-104.4635,39.3466],[-104.3945,39.3252],[-104.3935,39.3005],[-104.4104,39.2685],[-104.4269,39.2622],[-104.4364,39.2375],[-104.4968,39.2308],[-104.4964,39.1585],[-104.5056,39.1582],[-104.5049,39.1295],[-104.2924,39.1287],[-104.2921,39.2013],[-104.3104,39.2013],[-104.31,39.2926],[-104.2745,39.2797],[-104.2348,39.2736],[-104.2348,39.3026],[-104.2052,39.3025],[-104.2164,39.3295],[-104.2044,39.379],[-104.2169,39.4042],[-104.2058,39.4041],[-104.1978,39.4402],[-104.2073,39.4484],[-104.2021,39.4835],[-104.2091,39.4978],[-104.1951,39.5057],[-104.1884,39.5243],[-104.1938,39.5652],[-104.4214,39.5637],[-104.4224,39.4627],[-104.4413,39.4626],[-104.4482,39.448],[-104.4644,39.4159],[-104.4635,39.3466]]]},"properties":{"GEOID":"08039961205","AREALAND":"869520919","AREAWATER":"82016"}},{"type":"Feature","geometry":{"type":"Polygon","coordinates":[[[-104.8099,39.6857],[-104.8099,39.6748],[-104.791,39.6821],[-104.791,39.6857],[-104.8099,39.6857]]]},"properties":{"GEOID":"08005082300","AREALAND":"1228043","AREAWATER":"0"}},{"type":"Feature","geometry":{"type":"Polygon","coordinates":[[[-104.8472,39.7033],[-104.8471,39.6966],[-104.8295,39.6966],[-104.8292,39.7012],[-104.8472,39.7033]]]},"properties":{"GEOID":"08005080800","AREALAND":"914502","AREAWATER":"0"}},{"type":"Feature","geometry":{"type":"Polygon","coordinates":[[[-104.8185,39.8988],[-104.802,39.8855],[-104.7935,39.8708],[-104.791,39.8563],[-104.7719,39.8564],[-104.7713,39.9054],[-104.7715,39.9001],[-104.8185,39.8988]]]},"properties":{"GEOID":"08001008538","AREALAND":"11510751","AREAWATER":"11378"}},{"type":"Feature","geometry":{"type":"Polygon","coordinates":[[[-104.9832,39.828],[-104.9888,39.791],[-104.9675,39.7933],[-104.9482,39.8308],[-104.938,39.8561],[-104.9403,39.8559],[-104.9541,39.8562],[-104.955,39.8493],[-104.9591,39.8381],[-104.9779,39.8381],[-104.9836,39.8345],[-104.9832,39.828]]]},"properties":{"GEOID":"08001015000","AREALAND":"14102825","AREAWATER":"1158077"}},{"type":"Feature","geometry":{"type":"Polygon","coordinates":[[[-103.5513,37.9916],[-103.5464,37.968],[-103.5326,37.9681],[-103.5318,37.9907],[-103.5513,37.9916]]]},"properties":{"GEOID":"08089968600","AREALAND":"5083410","AREAWATER":"71355"}},{"type":"Feature","geometry":{"type":"Polygon","coordinates":[[[-103.6328,38.0248],[-103.6572,37.9985],[-103.6893,37.9904],[-103.693,37.9594],[-103.6744,37.9646],[-103.6482,37.956],[-103.6557,37.9412],[-103.6441,37.935],[-103.6212,37.9524],[-103.6121,37.9445],[-103.5847,37.958],[-103.5714,37.947],[-103.5717,37.9239],[-103.5622,37.9365],[-103.5197,37.9378],[-103.528,37.953],[-103.4987,37.9648],[-103.504,37.9892],[-103.4665,38.0036],[-103.4736,38.0129],[-103.5226,37.9898],[-103.5318,37.9907],[-103.5326,37.9681],[-103.5464,37.968],[-103.5513,37.9916],[-103.5727,37.9955],[-103.5893,38.0116],[-103.6236,38.031],[-103.6328,38.0248]]]},"properties":{"GEOID":"08089968300","AREALAND":"97470956","AREAWATER":"588383"}},{"type":"Feature","geometry":{"type":"Polygon","coordinates":[[[-104.0591,38.0936],[-104.0594,37.875],[-104.0619,37.8227],[-104.0611,37.7347],[-104.0582,37.6441],[-103.8334,37.6448],[-103.7505,37.6436],[-103.5005,37.6429],[-103.4043,37.6436],[-103.4037,37.8228],[-103.3999,37.8228],[-103.3981,37.9606],[-103.3986,38.0414],[-103.4263,38.0455],[-103.4229,38.0375],[-103.4509,38.0301],[-103.4736,38.0129],[-103.4665,38.0036],[-103.504,37.9892],[-103.4987,37.9648],[-103.528,37.953],[-103.5197,37.9378],[-103.5622,37.9365],[-103.5717,37.9239],[-103.5714,37.947],[-103.5847,37.958],[-103.6121,37.9445],[-103.6212,37.9524],[-103.6441,37.935],[-103.6557,37.9412],[-103.6482,37.956],[-103.6744,37.9646],[-103.693,37.9594],[-103.7167,37.9531],[-103.7322,37.9379],[-103.7733,37.9401],[-103.7851,37.9535],[-103.7522,37.9707],[-103.7642,37.9859],[-103.748,37.9996],[-103.7479,38.027],[-103.7662,38.0232],[-103.7622,38.0362],[-103.7886,38.0425],[-103.7981,38.0526],[-103.821,38.04],[-103.8016,38.0791],[-103.7865,38.0983],[-103.803,38.1125],[-103.8356,38.1133],[-103.862,38.1271],[-103.9482,38.1282],[-103.9655,38.1157],[-103.9784,38.0943],[-104.0116,38.0642],[-103.994,38.0942],[-103.9941,38.1086],[-104.0153,38.11],[-104.0419,38.0831],[-104.0591,38.0936]]]},"properties":{"GEOID":"08089968400","AREALAND":"2480675406","AREAWATER":"3465130"}},{"type":"Feature","geometry":{"type":"Polygon","coordinates":[[[-104.0582,38.1465],[-104.0591,38.0936],[-104.0419,38.0831],[-104.0153,38.11],[-103.9941,38.1086],[-103.994,38.0942],[-104.0116,38.0642],[-103.9784,38.0943],[-103.9655,38.1157],[-103.9482,38.1282],[-103.9744,38.1321],[-103.9983,38.1463],[-104.0222,38.1409],[-104.0582,38.1465]]]},"properties":{"GEOID":"08089968000","AREALAND":"44653975","AREAWATER":"715252"}},{"type":"Feature","geometry":{"type":"Polygon","coordinates":[[[-103.6848,38.0647],[-103.6841,38.0498],[-103.6554,38.0468],[-103.6539,38.0362],[-103.6328,38.0248],[-103.6236,38.031],[-103.5893,38.0116],[-103.5727,37.9955],[-103.5513,37.9916],[-103.5318,37.9907],[-103.5226,37.9898],[-103.4736,38.0129],[-103.4509,38.0301],[-103.4229,38.0375],[-103.4263,38.0455],[-103.3986,38.0414],[-103.3999,38.2654],[-103.5018,38.265],[-103.5101,38.2652],[-103.5094,38.1725],[-103.6193,38.1715],[-103.6192,38.1134],[-103.6737,38.1129],[-103.6745,38.0688],[-103.6848,38.0647]]]},"properties":{"GEOID":"08089968500","AREALAND":"473349219","AREAWATER":"11248757"}},{"type":"Feature","geometry":{"type":"Polygon","coordinates":[[[-103.803,38.1125],[-103.7865,38.0983],[-103.8016,38.0791],[-103.821,38.04],[-103.7981,38.0526],[-103.7886,38.0425],[-103.7622,38.0362],[-103.7662,38.0232],[-103.7479,38.027],[-103.748,37.9996],[-103.7642,37.9859],[-103.7522,37.9707],[-103.7851,37.9535],[-103.7733,37.9401],[-103.7322,37.9379],[-103.7167,37.9531],[-103.693,37.9594],[-103.6893,37.9904],[-103.6572,37.9985],[-103.6328,38.0248],[-103.6539,38.0362],[-103.6554,38.0468],[-103.6841,38.0498],[-103.6848,38.0647],[-103.7022,38.0459],[-103.7294,38.0478],[-103.7293,38.0842],[-103.7476,38.0841],[-103.7476,38.1131],[-103.803,38.1125]]]},"properties":{"GEOID":"08089968200","AREALAND":"133548712","AREAWATER":"1252090"}},{"type":"Feature","geometry":{"type":"Polygon","coordinates":[[[-108.0279,38.1526],[-108.131,38.0738],[-108.1587,38.0627],[-108.1113,38.0317],[-108.1204,38.0057],[-108.1106,37.9927],[-108.1218,37.9576],[-108.1313,37.9502],[-108.1324,37.9204],[-108.144,37.9033],[-108.1702,37.8995],[-108.1595,37.8665],[-108.1991,37.8242],[-108.1749,37.8326],[-108.1415,37.8325],[-108.1125,37.8552],[-108.0909,37.8399],[-108.067,37.8514],[-108.0585,37.841],[-108.0309,37.8555],[-107.9892,37.8566],[-107.9714,37.8324],[-107.9508,37.8358],[-107.9377,37.8227],[-107.9214,37.8237],[-107.8925,37.8027],[-107.8863,37.7854],[-107.8608,37.7755],[-107.8409,37.7741],[-107.8222,37.7957],[-107.8285,37.8119],[-107.7964,37.8227],[-107.78,37.8486],[-107.7825,37.8678],[-107.7937,37.8753],[-107.8312,37.8775],[-107.8695,37.861],[-107.8891,37.8854],[-107.8819,37.943],[-107.8712,37.9505],[-107.8355,37.9466],[-107.8065,37.9393],[-107.7673,37.9434],[-107.7354,37.9319],[-107.7489,37.9531],[-107.7787,37.9609],[-107.7955,37.9885],[-107.8491,37.9926],[-107.8491,38.0086],[-107.8833,38.0074],[-107.8998,38.0258],[-107.8882,38.0458],[-107.8938,38.0577],[-107.8915,38.116],[-107.9516,38.1161],[-107.9517,38.145],[-107.9658,38.1523],[-108.0279,38.1526]]]},"properties":{"GEOID":"08113968103","AREALAND":"827899575","AREAWATER":"991507"}},{"type":"Feature","geometry":{"type":"Polygon","coordinates":[[[-107.8355,37.9466],[-107.8712,37.9505],[-107.8819,37.943],[-107.8891,37.8854],[-107.8695,37.861],[-107.8312,37.8775],[-107.8228,37.8871],[-107.8222,37.9137],[-107.8355,37.9466]]]},"properties":{"GEOID":"08113968102","AREALAND":"43732056","AREAWATER":"106598"}},{"type":"Feature","geometry":{"type":"Polygon","coordinates":[[[-104.72,38.8688],[-104.7207,38.8389],[-104.7015,38.839],[-104.6979,38.8532],[-104.72,38.8688]]]},"properties":{"GEOID":"08041005000","AREALAND":"4962502","AREAWATER":"8832"}},{"type":"Feature","geometry":{"type":"Polygon","coordinates":[[[-105.2728,40.0173],[-105.2725,40.0146],[-105.2586,40.0082],[-105.2583,40.0145],[-105.2584,40.0255],[-105.2637,40.0245],[-105.2728,40.0173]]]},"properties":{"GEOID":"08013012206","AREALAND":"1021888","AREAWATER":"0"}},{"type":"Feature","geometry":{"type":"Polygon","coordinates":[[[-105.2727,40.0364],[-105.2718,40.0228],[-105.2637,40.0245],[-105.2584,40.0255],[-105.2584,40.0328],[-105.2584,40.0365],[-105.2727,40.0364]]]},"properties":{"GEOID":"08013012107","AREALAND":"1652358","AREAWATER":"0"}},{"type":"Feature","geometry":{"type":"Polygon","coordinates":[[[-105.1832,40.1125],[-105.1877,40.0912],[-105.1497,40.1223],[-105.1498,40.1432],[-105.1784,40.1379],[-105.1832,40.1125]]]},"properties":{"GEOID":"08013013214","AREALAND":"9723386","AREAWATER":"13066"}},{"type":"Feature","geometry":{"type":"Polygon","coordinates":[[[-105.1781,40.1877],[-105.1784,40.1379],[-105.1498,40.1432],[-105.1546,40.1742],[-105.1547,40.1887],[-105.1781,40.1887],[-105.1781,40.1877]]]},"properties":{"GEOID":"08013013215","AREALAND":"10490981","AREAWATER":"358346"}},{"type":"Feature","geometry":{"type":"Polygon","coordinates":[[[-105.0889,38.9622],[-105.0802,38.95],[-105.0476,38.9626],[-105.0271,38.952],[-105.0271,38.9549],[-105.0452,38.9824],[-105.0474,38.9971],[-105.0624,38.9967],[-105.0725,38.9795],[-105.0889,38.9622]]]},"properties":{"GEOID":"08119010104","AREALAND":"12957879","AREAWATER":"1969"}},{"type":"Feature","geometry":{"type":"Polygon","coordinates":[[[-104.9116,39.5551],[-104.9134,39.542],[-104.9043,39.5365],[-104.9042,39.551],[-104.906,39.5582],[-104.9116,39.5551]]]},"properties":{"GEOID":"08035014113","AREALAND":"1264692","AREAWATER":"0"}},{"type":"Feature","geometry":{"type":"Polygon","coordinates":[[[-104.9044,39.566],[-104.906,39.5582],[-104.9042,39.551],[-104.8855,39.5509],[-104.8857,39.566],[-104.9044,39.566]]]},"properties":{"GEOID":"08035014114","AREALAND":"3121591","AREAWATER":"0"}},{"type":"Feature","geometry":{"type":"Polygon","coordinates":[[[-105.0532,39.7585],[-105.0532,39.7548],[-105.0532,39.7476],[-105.0532,39.744],[-105.0393,39.7439],[-105.0358,39.7464],[-105.0393,39.7585],[-105.0532,39.7585]]]},"properties":{"GEOID":"08031000501","AREALAND":"1313701","AREAWATER":"716678"}},{"type":"Feature","geometry":{"type":"Polygon","coordinates":[[[-105.0252,39.7585],[-105.0252,39.7464],[-105.0163,39.7434],[-105.0095,39.7539],[-105.0127,39.7554],[-105.0252,39.7585]]]},"properties":{"GEOID":"08031000600","AREALAND":"1278946","AREAWATER":"0"}},{"type":"Feature","geometry":{"type":"Polygon","coordinates":[[[-104.6586,40.3343],[-104.6396,40.3197],[-104.6395,40.3051],[-104.6188,40.3052],[-104.6021,40.3158],[-104.6024,40.276],[-104.5276,40.276],[-104.5274,40.2903],[-104.507,40.3045],[-104.5098,40.3197],[-104.4896,40.3196],[-104.4659,40.35],[-104.4156,40.3255],[-104.4145,40.3492],[-104.4459,40.3743],[-104.4888,40.3794],[-104.489,40.3919],[-104.5081,40.3993],[-104.5077,40.5226],[-104.6015,40.5221],[-104.6018,40.4497],[-104.5836,40.4498],[-104.5834,40.4281],[-104.5645,40.4065],[-104.5835,40.4055],[-104.583,40.3484],[-104.6021,40.3484],[-104.602,40.3339],[-104.6586,40.3343]]]},"properties":{"GEOID":"08123001600","AREALAND":"240893606","AREAWATER":"2007866"}},{"type":"Feature","geometry":{"type":"Polygon","coordinates":[[[-104.6963,40.4138],[-104.6966,40.4062],[-104.683,40.406],[-104.6853,40.4137],[-104.6963,40.4138]]]},"properties":{"GEOID":"08123000200","AREALAND":"889467","AREAWATER":"0"}},{"type":"Feature","geometry":{"type":"Polygon","coordinates":[[[-104.671,40.0446],[-104.7162,40.0005],[-104.7147,40.0005],[-104.6041,40.0006],[-104.4146,40.0007],[-104.1503,40.0009],[-104.1502,40.3055],[-104.1502,40.306],[-104.162,40.3094],[-104.2024,40.2989],[-104.2251,40.3076],[-104.281,40.3064],[-104.2967,40.3021],[-104.3242,40.3113],[-104.3695,40.3143],[-104.3854,40.3222],[-104.3931,40.3399],[-104.4145,40.3492],[-104.4156,40.3255],[-104.4659,40.35],[-104.4896,40.3196],[-104.5098,40.3197],[-104.507,40.3045],[-104.5274,40.2903],[-104.5276,40.276],[-104.6024,40.276],[-104.603,40.1455],[-104.6026,40.1022],[-104.6431,40.077],[-104.671,40.0446]]]},"properties":{"GEOID":"08123002502","AREALAND":"1363487706","AREAWATER":"16004583"}},{"type":"Feature","geometry":{"type":"Polygon","coordinates":[[[-104.9406,39.751],[-104.9406,39.7401],[-104.9304,39.7401],[-104.9223,39.7401],[-104.9223,39.7511],[-104.9406,39.751]]]},"properties":{"GEOID":"08031004201","AREALAND":"1904500","AREAWATER":"0"}},{"type":"Feature","geometry":{"type":"Polygon","coordinates":[[[-104.8163,40.4804],[-104.8116,40.4516],[-104.7348,40.4545],[-104.721,40.4524],[-104.693,40.4517],[-104.6018,40.4497],[-104.6015,40.5221],[-104.6014,40.5427],[-104.6098,40.5531],[-104.7352,40.5536],[-104.7351,40.539],[-104.7741,40.5386],[-104.7734,40.4812],[-104.8163,40.4804]]]},"properties":{"GEOID":"08123001500","AREALAND":"169558532","AREAWATER":"1258974"}},{"type":"Feature","geometry":{"type":"Polygon","coordinates":[[[-104.7159,40.4289],[-104.7159,40.423],[-104.6962,40.4226],[-104.6966,40.4331],[-104.7015,40.4343],[-104.7159,40.4289]]]},"properties":{"GEOID":"08123000502","AREALAND":"1355033","AREAWATER":"0"}},{"type":"Feature","geometry":{"type":"Polygon","coordinates":[[[-104.9439,40.6388],[-104.9441,40.5809],[-104.8902,40.5815],[-104.8889,40.5524],[-104.85,40.5451],[-104.8509,40.5524],[-104.7734,40.5532],[-104.7741,40.5386],[-104.7351,40.539],[-104.7352,40.5536],[-104.6098,40.5531],[-104.6014,40.5427],[-104.6011,40.58],[-104.59,40.5832],[-104.5253,40.6387],[-104.6014,40.6381],[-104.7153,40.6412],[-104.9439,40.6388]]]},"properties":{"GEOID":"08123002300","AREALAND":"290631951","AREAWATER":"3155141"}},{"type":"Feature","geometry":{"type":"Polygon","coordinates":[[[-104.8737,40.2713],[-104.8618,40.2622],[-104.8298,40.2607],[-104.6587,40.2616],[-104.6589,40.2761],[-104.6024,40.276],[-104.6021,40.3158],[-104.6188,40.3052],[-104.6395,40.3051],[-104.6396,40.3197],[-104.6586,40.3343],[-104.6589,40.3775],[-104.6742,40.3774],[-104.6964,40.3651],[-104.7208,40.3545],[-104.7377,40.3595],[-104.7596,40.3543],[-104.7637,40.3424],[-104.7999,40.3304],[-104.8349,40.2935],[-104.8737,40.2713]]]},"properties":{"GEOID":"08123001700","AREALAND":"170058775","AREAWATER":"1554694"}},{"type":"Feature","geometry":{"type":"Polygon","coordinates":[[[-104.9435,40.6532],[-104.9439,40.6388],[-104.7153,40.6412],[-104.6014,40.6381],[-104.5253,40.6387],[-104.59,40.5832],[-104.6011,40.58],[-104.6014,40.5427],[-104.6015,40.5221],[-104.5077,40.5226],[-104.5081,40.3993],[-104.489,40.3919],[-104.4888,40.3794],[-104.4459,40.3743],[-104.4145,40.3492],[-104.3931,40.3399],[-104.3854,40.3222],[-104.3695,40.3143],[-104.3242,40.3113],[-104.2967,40.3021],[-104.281,40.3064],[-104.2251,40.3076],[-104.2024,40.2989],[-104.162,40.3094],[-104.1502,40.306],[-104.1465,40.4291],[-104.1477,40.5244],[-103.8034,40.5242],[-103.6963,40.522],[-103.5818,40.5234],[-103.5804,40.702],[-103.5743,40.702],[-103.5737,40.8911],[-103.5738,41.0017],[-104.0392,41.0015],[-104.3461,41.0015],[-104.6333,41.0014],[-104.9434,40.9982],[-104.9433,40.7833],[-104.9435,40.6965],[-104.9435,40.6532]]]},"properties":{"GEOID":"08123002501","AREALAND":"6369301704","AREAWATER":"20466276"}},{"type":"Feature","geometry":{"type":"Polygon","coordinates":[[[-104.9418,40.1823],[-104.9418,40.1755],[-104.9233,40.1753],[-104.8857,40.1748],[-104.886,40.1455],[-104.8485,40.1452],[-104.8485,40.1525],[-104.8126,40.1526],[-104.8112,40.1453],[-104.7578,40.1454],[-104.603,40.1455],[-104.6024,40.276],[-104.6589,40.2761],[-104.6587,40.2616],[-104.8298,40.2607],[-104.8618,40.2622],[-104.8737,40.2713],[-104.8801,40.2581],[-104.8994,40.2325],[-104.9069,40.2041],[-104.9182,40.1898],[-104.9418,40.1823]]]},"properties":{"GEOID":"08123001800","AREALAND":"323110405","AREAWATER":"8774886"}},{"type":"Feature","geometry":{"type":"Polygon","coordinates":[[[-104.7351,40.4065],[-104.735,40.3924],[-104.7159,40.3921],[-104.7159,40.4003],[-104.7159,40.4066],[-104.7351,40.4065]]]},"properties":{"GEOID":"08123001100","AREALAND":"2518214","AREAWATER":"34423"}},{"type":"Feature","geometry":{"type":"Polygon","coordinates":[[[-104.8664,39.6594],[-104.877,39.6531],[-104.8756,39.645],[-104.8487,39.6592],[-104.8663,39.6603],[-104.8664,39.6594]]]},"properties":{"GEOID":"08031007006","AREALAND":"1838348","AREAWATER":"0"}},{"type":"Feature","geometry":{"type":"Polygon","coordinates":[[[-105.0914,39.6183],[-105.0914,39.6143],[-105.0581,39.6144],[-105.0535,39.6209],[-105.0535,39.6295],[-105.0591,39.6382],[-105.0733,39.6387],[-105.0817,39.6388],[-105.0872,39.63],[-105.0912,39.6271],[-105.0651,39.6186],[-105.0914,39.6183]]]},"properties":{"GEOID":"08031012010","AREALAND":"3057388","AREAWATER":"2647172"}},{"type":"Feature","geometry":{"type":"Polygon","coordinates":[[[-105.0393,39.7694],[-105.0393,39.7585],[-105.0346,39.7585],[-105.0252,39.7585],[-105.0252,39.762],[-105.0252,39.7693],[-105.0393,39.7694]]]},"properties":{"GEOID":"08031000303","AREALAND":"1463503","AREAWATER":"0"}},{"type":"Feature","geometry":{"type":"Polygon","coordinates":[[[-105.0251,39.794],[-105.0251,39.7844],[-104.9983,39.7824],[-104.9978,39.791],[-105.0064,39.791],[-105.0251,39.794]]]},"properties":{"GEOID":"08031000201","AREALAND":"2079466","AREAWATER":"0"}},{"type":"Feature","geometry":{"type":"Polygon","coordinates":[[[-104.9734,39.6898],[-104.9734,39.6876],[-104.9734,39.6785],[-104.9594,39.6784],[-104.9595,39.6847],[-104.9734,39.6898]]]},"properties":{"GEOID":"08031003003","AREALAND":"1087788","AREAWATER":"0"}},{"type":"Feature","geometry":{"type":"Polygon","coordinates":[[[-105.1097,39.6677],[-105.1095,39.6539],[-105.0954,39.6536],[-105.0952,39.6677],[-105.1097,39.6677]]]},"properties":{"GEOID":"08059011730","AREALAND":"1921567","AREAWATER":"1258"}},{"type":"Feature","geometry":{"type":"Polygon","coordinates":[[[-105.1865,39.6525],[-105.1723,39.6333],[-105.1432,39.6393],[-105.1317,39.6438],[-105.1095,39.6539],[-105.1097,39.6677],[-105.1097,39.6691],[-105.1504,39.6656],[-105.1865,39.6525]]]},"properties":{"GEOID":"08059011731","AREALAND":"13005472","AREAWATER":"1076715"}},{"type":"Feature","geometry":{"type":"Polygon","coordinates":[[[-105.1097,39.6691],[-105.1097,39.6677],[-105.0952,39.6677],[-105.0815,39.6677],[-105.0814,39.6701],[-105.0814,39.6749],[-105.1097,39.6691]]]},"properties":{"GEOID":"08059011728","AREALAND":"1277509","AREAWATER":"0"}},{"type":"Feature","geometry":{"type":"Polygon","coordinates":[[[-105.0952,39.6677],[-105.0954,39.6536],[-105.0813,39.6529],[-105.0815,39.6621],[-105.0815,39.6677],[-105.0952,39.6677]]]},"properties":{"GEOID":"08059011729","AREALAND":"1935775","AREAWATER":"30745"}},{"type":"Feature","geometry":{"type":"Polygon","coordinates":[[[-104.7752,40.4213],[-104.7751,40.4068],[-104.7563,40.4069],[-104.7564,40.4216],[-104.7752,40.4213]]]},"properties":{"GEOID":"08123001411","AREALAND":"2575103","AREAWATER":"0"}},{"type":"Feature","geometry":{"type":"Polygon","coordinates":[[[-104.9752,40.0875],[-104.98,40.073],[-104.9424,40.0731],[-104.9054,40.0727],[-104.9048,40.0825],[-104.9241,40.0877],[-104.9413,40.088],[-104.9612,40.0872],[-104.9752,40.0875]]]},"properties":{"GEOID":"08123002004","AREALAND":"10186115","AREAWATER":"0"}},{"type":"Feature","geometry":{"type":"Polygon","coordinates":[[[-104.98,40.073],[-104.9792,40.0438],[-104.9611,40.0441],[-104.9614,40.0003],[-104.9411,40.0003],[-104.9424,40.0731],[-104.98,40.073]]]},"properties":{"GEOID":"08123002005","AREALAND":"18421978","AREAWATER":"16325"}},{"type":"Feature","geometry":{"type":"Polygon","coordinates":[[[-104.9799,40.1753],[-104.9803,40.1388],[-104.9419,40.1386],[-104.9419,40.1458],[-104.9418,40.1755],[-104.9418,40.1823],[-104.9799,40.1753]]]},"properties":{"GEOID":"08123002019","AREALAND":"12930566","AREAWATER":"1566710"}},{"type":"Feature","geometry":{"type":"Polygon","coordinates":[[[-104.9803,40.1388],[-104.9803,40.1315],[-104.961,40.1314],[-104.942,40.1314],[-104.9419,40.1386],[-104.9803,40.1388]]]},"properties":{"GEOID":"08123002018","AREALAND":"2636608","AREAWATER":"0"}},{"type":"Feature","geometry":{"type":"Polygon","coordinates":[[[-104.9424,40.0731],[-104.9411,40.0003],[-104.9222,40.0003],[-104.886,40.0004],[-104.8864,40.08],[-104.9048,40.0825],[-104.9054,40.0727],[-104.9424,40.0731]]]},"properties":{"GEOID":"08123002006","AREALAND":"39773850","AREAWATER":"162894"}},{"type":"Feature","geometry":{"type":"Polygon","coordinates":[[[-104.9876,39.7112],[-104.9874,39.6966],[-104.9804,39.6951],[-104.9804,39.7111],[-104.9876,39.7112]]]},"properties":{"GEOID":"08031002901","AREALAND":"995463","AREAWATER":"0"}},{"type":"Feature","geometry":{"type":"Polygon","coordinates":[[[-104.9446,39.545],[-104.931,39.5426],[-104.9199,39.5538],[-104.9291,39.566],[-104.9417,39.566],[-104.9419,39.566],[-104.9446,39.545]]]},"properties":{"GEOID":"08035014139","AREALAND":"3747315","AREAWATER":"3147"}},{"type":"Feature","geometry":{"type":"Polygon","coordinates":[[[-104.8472,39.7112],[-104.8472,39.7033],[-104.8292,39.7012],[-104.8269,39.7112],[-104.8472,39.7112]]]},"properties":{"GEOID":"08005080900","AREALAND":"1677433","AREAWATER":"0"}},{"type":"Feature","geometry":{"type":"Polygon","coordinates":[[[-104.8471,39.6966],[-104.8472,39.6821],[-104.8289,39.6821],[-104.8295,39.6966],[-104.8471,39.6966]]]},"properties":{"GEOID":"08005080700","AREALAND":"2523856","AREAWATER":"0"}},{"type":"Feature","geometry":{"type":"Polygon","coordinates":[[[-104.8659,39.682],[-104.8661,39.6709],[-104.8473,39.6675],[-104.8473,39.6748],[-104.8472,39.6821],[-104.8659,39.682]]]},"properties":{"GEOID":"08005080300","AREALAND":"2526554","AREAWATER":"0"}},{"type":"Feature","geometry":{"type":"Polygon","coordinates":[[[-104.8661,39.6709],[-104.8663,39.6603],[-104.8487,39.6592],[-104.8436,39.6585],[-104.8302,39.6676],[-104.8473,39.6675],[-104.8661,39.6709]]]},"properties":{"GEOID":"08005080400","AREALAND":"2416530","AREAWATER":"0"}},{"type":"Feature","geometry":{"type":"Polygon","coordinates":[[[-104.8099,39.6689],[-104.8329,39.6542],[-104.8318,39.6531],[-104.82,39.6531],[-104.81,39.6531],[-104.7995,39.6531],[-104.8022,39.6676],[-104.8099,39.6689]]]},"properties":{"GEOID":"08005081600","AREALAND":"3120068","AREAWATER":"0"}},{"type":"Feature","geometry":{"type":"Polygon","coordinates":[[[-104.8022,39.6676],[-104.7995,39.6531],[-104.7976,39.6531],[-104.7912,39.6531],[-104.7911,39.6603],[-104.791,39.6676],[-104.8022,39.6676]]]},"properties":{"GEOID":"08005082500","AREALAND":"1258128","AREAWATER":"0"}},{"type":"Feature","geometry":{"type":"Polygon","coordinates":[[[-104.9804,39.7111],[-104.9804,39.6951],[-104.9734,39.6898],[-104.9734,39.7075],[-104.9734,39.7111],[-104.9804,39.7111]]]},"properties":{"GEOID":"08031002902","AREALAND":"1263473","AREAWATER":"0"}},{"type":"Feature","geometry":{"type":"Polygon","coordinates":[[[-104.9876,39.6785],[-104.9876,39.6677],[-104.9746,39.6677],[-104.9734,39.6785],[-104.9876,39.6785]]]},"properties":{"GEOID":"08031003002","AREALAND":"1441148","AREAWATER":"0"}},{"type":"Feature","geometry":{"type":"Polygon","coordinates":[[[-104.9734,39.6785],[-104.9746,39.6677],[-104.9688,39.6604],[-104.9594,39.6615],[-104.9594,39.6676],[-104.9594,39.6784],[-104.9734,39.6785]]]},"properties":{"GEOID":"08031003004","AREALAND":"2160775","AREAWATER":"0"}},{"type":"Feature","geometry":{"type":"Polygon","coordinates":[[[-104.9734,39.7507],[-104.9733,39.747],[-104.9598,39.7469],[-104.9598,39.7507],[-104.9734,39.7507]]]},"properties":{"GEOID":"08031003101","AREALAND":"516843","AREAWATER":"0"}},{"type":"Feature","geometry":{"type":"Polygon","coordinates":[[[-104.9734,39.7438],[-104.9734,39.74],[-104.973,39.74],[-104.9648,39.74],[-104.9598,39.74],[-104.9598,39.7469],[-104.9733,39.747],[-104.9734,39.7438]]]},"properties":{"GEOID":"08031003102","AREALAND":"868796","AREAWATER":"0"}},{"type":"Feature","geometry":{"type":"Polygon","coordinates":[[[-104.866,39.7111],[-104.866,39.7038],[-104.8472,39.7033],[-104.8472,39.7112],[-104.8608,39.7111],[-104.866,39.7111]]]},"properties":{"GEOID":"08005080000","AREALAND":"1331488","AREAWATER":"0"}},{"type":"Feature","geometry":{"type":"Polygon","coordinates":[[[-104.866,39.7038],[-104.866,39.6966],[-104.8471,39.6966],[-104.8472,39.7033],[-104.866,39.7038]]]},"properties":{"GEOID":"08005080100","AREALAND":"1421058","AREAWATER":"0"}},{"type":"Feature","geometry":{"type":"Polygon","coordinates":[[[-104.5811,38.3038],[-104.5971,38.2867],[-104.5891,38.286],[-104.568,38.2802],[-104.5635,38.2961],[-104.5719,38.2998],[-104.5811,38.3038]]]},"properties":{"GEOID":"08101000902","AREALAND":"3671487","AREAWATER":"0"}},{"type":"Feature","geometry":{"type":"Polygon","coordinates":[[[-104.5719,38.2998],[-104.5691,38.3129],[-104.5851,38.3055],[-104.5811,38.3038],[-104.5719,38.2998]]]},"properties":{"GEOID":"08101000903","AREALAND":"1517095","AREAWATER":"0"}},{"type":"Feature","geometry":{"type":"Polygon","coordinates":[[[-105.0815,39.6966],[-105.0815,39.6895],[-105.0533,39.6896],[-105.0532,39.6968],[-105.0815,39.6966]]]},"properties":{"GEOID":"08059011803","AREALAND":"1928462","AREAWATER":"0"}},{"type":"Feature","geometry":{"type":"Polygon","coordinates":[[[-105.0815,39.6895],[-105.0814,39.6822],[-105.0578,39.6823],[-105.0532,39.6823],[-105.0533,39.6896],[-105.0815,39.6895]]]},"properties":{"GEOID":"08059011804","AREALAND":"1916210","AREAWATER":"33161"}},{"type":"Feature","geometry":{"type":"Polygon","coordinates":[[[-105.0814,39.6822],[-105.0814,39.6749],[-105.0814,39.6701],[-105.0673,39.6678],[-105.0533,39.6678],[-105.0578,39.6823],[-105.0814,39.6822]]]},"properties":{"GEOID":"08059011951","AREALAND":"2975413","AREAWATER":"257186"}},{"type":"Feature","geometry":{"type":"Polygon","coordinates":[[[-104.9602,39.5952],[-104.9603,39.5806],[-104.9416,39.5806],[-104.9414,39.5952],[-104.9602,39.5952]]]},"properties":{"GEOID":"08005005627","AREALAND":"2596146","AREAWATER":"3101"}},{"type":"Feature","geometry":{"type":"Polygon","coordinates":[[[-104.8192,39.6966],[-104.8193,39.6821],[-104.8099,39.6857],[-104.8099,39.6966],[-104.8192,39.6966]]]},"properties":{"GEOID":"08005081300","AREALAND":"1174975","AREAWATER":"0"}},{"type":"Feature","geometry":{"type":"Polygon","coordinates":[[[-104.7976,39.6531],[-104.7974,39.6385],[-104.7915,39.6385],[-104.7913,39.646],[-104.7912,39.6531],[-104.7976,39.6531]]]},"properties":{"GEOID":"08005084000","AREALAND":"883775","AREAWATER":"0"}},{"type":"Feature","geometry":{"type":"Polygon","coordinates":[[[-106.6786,39.7291],[-106.686,39.708],[-106.6665,39.6996],[-106.6465,39.666],[-106.6259,39.6524],[-106.5843,39.6389],[-106.5558,39.6414],[-106.5557,39.6423],[-106.5535,39.6676],[-106.5205,39.6971],[-106.478,39.7024],[-106.4463,39.6857],[-106.422,39.7102],[-106.4504,39.715],[-106.4644,39.7432],[-106.4896,39.7666],[-106.5183,39.7779],[-106.5412,39.7778],[-106.5571,39.7877],[-106.5576,39.756],[-106.5915,39.7596],[-106.61,39.7691],[-106.6536,39.7513],[-106.6786,39.7291]]]},"properties":{"GEOID":"08037000401","AREALAND":"190520746","AREAWATER":"620622"}},{"type":"Feature","geometry":{"type":"Polygon","coordinates":[[[-106.4423,39.6146],[-106.4483,39.6084],[-106.4336,39.5965],[-106.4,39.6125],[-106.358,39.6052],[-106.3746,39.6374],[-106.396,39.6427],[-106.4423,39.6146]]]},"properties":{"GEOID":"08037000701","AREALAND":"20076382","AREAWATER":"32650"}},{"type":"Feature","geometry":{"type":"Polygon","coordinates":[[[-107.1139,39.6242],[-107.1136,39.4873],[-107.1136,39.4213],[-107.0906,39.425],[-107.0781,39.4151],[-107.0718,39.3899],[-107.053,39.3741],[-107.0583,39.3663],[-107.0585,39.3663],[-107.0583,39.3663],[-106.9734,39.3656],[-106.7411,39.3624],[-106.5092,39.3623],[-106.5238,39.3939],[-106.543,39.4018],[-106.5611,39.4298],[-106.6168,39.4576],[-106.6471,39.4641],[-106.6803,39.4557],[-106.6855,39.4415],[-106.6874,39.4324],[-106.7621,39.4219],[-106.8151,39.4301],[-106.8432,39.4218],[-106.8955,39.4383],[-106.9152,39.4608],[-106.9551,39.4824],[-106.9759,39.4843],[-106.9953,39.5215],[-107.0003,39.5432],[-107.0314,39.5732],[-107.0625,39.64],[-107.0794,39.643],[-107.1139,39.6242]]]},"properties":{"GEOID":"08037000302","AREALAND":"598496736","AREAWATER":"3496884"}},{"type":"Feature","geometry":{"type":"Polygon","coordinates":[[[-106.5212,39.6315],[-106.5025,39.6001],[-106.5054,39.5713],[-106.5173,39.5548],[-106.508,39.5355],[-106.4699,39.5678],[-106.4586,39.5864],[-106.4336,39.5965],[-106.4483,39.6084],[-106.4585,39.618],[-106.4856,39.623],[-106.5212,39.6315]]]},"properties":{"GEOID":"08037000502","AREALAND":"36129789","AREAWATER":"167368"}},{"type":"Feature","geometry":{"type":"Polygon","coordinates":[[[-104.6031,39.7399],[-104.6038,39.6382],[-104.4337,39.6365],[-104.4328,39.7135],[-104.4208,39.7381],[-104.5825,39.7396],[-104.6031,39.7399]]]},"properties":{"GEOID":"08005007103","AREALAND":"165400307","AREAWATER":"461714"}},{"type":"Feature","geometry":{"type":"Polygon","coordinates":[[[-104.8473,39.6748],[-104.8473,39.6675],[-104.8302,39.6676],[-104.8289,39.6749],[-104.8473,39.6748]]]},"properties":{"GEOID":"08005080500","AREALAND":"1264542","AREAWATER":"0"}},{"type":"Feature","geometry":{"type":"Polygon","coordinates":[[[-106.5843,39.6389],[-106.5743,39.6069],[-106.5447,39.5827],[-106.5433,39.5414],[-106.5341,39.5098],[-106.508,39.5355],[-106.5173,39.5548],[-106.5054,39.5713],[-106.5025,39.6001],[-106.5212,39.6315],[-106.5558,39.6414],[-106.5843,39.6389]]]},"properties":{"GEOID":"08037000501","AREALAND":"49986379","AREAWATER":"134109"}},{"type":"Feature","geometry":{"type":"Polygon","coordinates":[[[-106.6465,39.666],[-106.6912,39.6399],[-106.6997,39.628],[-106.69,39.6127],[-106.664,39.5966],[-106.6522,39.5656],[-106.6373,39.5518],[-106.6397,39.5213],[-106.6028,39.4731],[-106.5644,39.4354],[-106.5687,39.4435],[-106.5572,39.4781],[-106.5609,39.501],[-106.5515,39.5154],[-106.5341,39.5098],[-106.5433,39.5414],[-106.5447,39.5827],[-106.5743,39.6069],[-106.5843,39.6389],[-106.6259,39.6524],[-106.6465,39.666]]]},"properties":{"GEOID":"08037000402","AREALAND":"168446759","AREAWATER":"748791"}},{"type":"Feature","geometry":{"type":"Polygon","coordinates":[[[-106.396,39.6427],[-106.3746,39.6374],[-106.358,39.6052],[-106.3631,39.584],[-106.3445,39.582],[-106.3173,39.5915],[-106.2899,39.5912],[-106.2719,39.5998],[-106.2798,39.6282],[-106.3135,39.6467],[-106.3584,39.6414],[-106.396,39.6427]]]},"properties":{"GEOID":"08037000702","AREALAND":"45577874","AREAWATER":"39314"}},{"type":"Feature","geometry":{"type":"Polygon","coordinates":[[[-107.1136,39.4016],[-107.1135,39.3661],[-107.0585,39.3663],[-107.0583,39.3663],[-107.053,39.3741],[-107.0718,39.3899],[-107.0781,39.4151],[-107.0906,39.425],[-107.1136,39.4213],[-107.1136,39.4016]]]},"properties":{"GEOID":"08037000301","AREALAND":"23923419","AREAWATER":"161550"}},{"type":"Feature","geometry":{"type":"Polygon","coordinates":[[[-106.4463,39.6857],[-106.462,39.6722],[-106.456,39.6565],[-106.4389,39.65],[-106.4423,39.6146],[-106.396,39.6427],[-106.3584,39.6414],[-106.3135,39.6467],[-106.2798,39.6282],[-106.2719,39.5998],[-106.2457,39.5912],[-106.2471,39.5749],[-106.2207,39.5483],[-106.216,39.5317],[-106.2057,39.5582],[-106.215,39.5752],[-106.209,39.5994],[-106.1776,39.6091],[-106.1765,39.6357],[-106.1838,39.6521],[-106.2348,39.662],[-106.2387,39.6803],[-106.2583,39.6798],[-106.2626,39.6979],[-106.2928,39.7065],[-106.2983,39.7206],[-106.3256,39.7334],[-106.3437,39.759],[-106.3653,39.7529],[-106.3643,39.7341],[-106.422,39.7102],[-106.4463,39.6857]]]},"properties":{"GEOID":"08037000703","AREALAND":"222355236","AREAWATER":"483052"}},{"type":"Feature","geometry":{"type":"Polygon","coordinates":[[[-104.7564,40.4216],[-104.7563,40.4069],[-104.7351,40.4065],[-104.7351,40.4147],[-104.7352,40.4229],[-104.7564,40.4216]]]},"properties":{"GEOID":"08123001410","AREALAND":"3075777","AREAWATER":"0"}},{"type":"Feature","geometry":{"type":"Polygon","coordinates":[[[-104.6969,40.392],[-104.6969,40.3861],[-104.6962,40.3701],[-104.6964,40.3651],[-104.6742,40.3774],[-104.6747,40.3774],[-104.6779,40.3925],[-104.6815,40.3937],[-104.683,40.3933],[-104.6969,40.392]]]},"properties":{"GEOID":"08123001004","AREALAND":"4357763","AREAWATER":"64657"}},{"type":"Feature","geometry":{"type":"Polygon","coordinates":[[[-104.8116,40.4516],[-104.8135,40.4213],[-104.7752,40.4213],[-104.7741,40.4293],[-104.7735,40.4367],[-104.7447,40.441],[-104.7349,40.4411],[-104.7348,40.4545],[-104.8116,40.4516]]]},"properties":{"GEOID":"08123001416","AREALAND":"15337826","AREAWATER":"411544"}},{"type":"Feature","geometry":{"type":"Polygon","coordinates":[[[-104.7447,40.441],[-104.7555,40.4289],[-104.7351,40.4301],[-104.7349,40.4411],[-104.7447,40.441]]]},"properties":{"GEOID":"08123001417","AREALAND":"1785749","AREAWATER":"6260"}},{"type":"Feature","geometry":{"type":"Polygon","coordinates":[[[-104.8099,39.6689],[-104.8022,39.6676],[-104.791,39.6676],[-104.791,39.6778],[-104.791,39.6821],[-104.8099,39.6748],[-104.8099,39.6707],[-104.8099,39.6689]]]},"properties":{"GEOID":"08005082400","AREALAND":"2078666","AREAWATER":"0"}},{"type":"Feature","geometry":{"type":"Polygon","coordinates":[[[-104.7199,38.8721],[-104.72,38.8688],[-104.6979,38.8532],[-104.695,38.8532],[-104.6939,38.8682],[-104.7013,38.868],[-104.7199,38.8721]]]},"properties":{"GEOID":"08041005110","AREALAND":"1980690","AREAWATER":"0"}},{"type":"Feature","geometry":{"type":"Polygon","coordinates":[[[-105.0533,39.7184],[-105.0533,39.7113],[-105.0397,39.7112],[-105.0395,39.7257],[-105.0533,39.7258],[-105.0533,39.7184]]]},"properties":{"GEOID":"08031000902","AREALAND":"1874238","AREAWATER":"0"}},{"type":"Feature","geometry":{"type":"Polygon","coordinates":[[[-105.0395,39.7257],[-105.0397,39.7112],[-105.0251,39.7112],[-105.0251,39.7255],[-105.0395,39.7257]]]},"properties":{"GEOID":"08031000903","AREALAND":"1980811","AREAWATER":"17393"}},{"type":"Feature","geometry":{"type":"Polygon","coordinates":[[[-104.9506,39.6097],[-104.9414,39.5952],[-104.9229,39.5951],[-104.9228,39.6096],[-104.9506,39.6097]]]},"properties":{"GEOID":"08005005635","AREALAND":"2696081","AREAWATER":"0"}},{"type":"Feature","geometry":{"type":"Polygon","coordinates":[[[-104.9041,39.6023],[-104.9042,39.595],[-104.8979,39.595],[-104.9041,39.6023]]]},"properties":{"GEOID":"08005006713","AREALAND":"532164","AREAWATER":"0"}},{"type":"Feature","geometry":{"type":"Polygon","coordinates":[[[-107.4821,37.4227],[-107.4821,37.2148],[-107.1091,37.215],[-107.1091,37.2175],[-107.0007,37.2186],[-107.0015,37.0403],[-106.997,37.0331],[-106.9656,37.033],[-106.9636,37.0001],[-106.8772,37.0001],[-106.8698,36.9925],[-106.7819,36.9925],[-106.8299,37.032],[-106.8445,37.0391],[-106.8259,37.071],[-106.8642,37.0808],[-106.895,37.0823],[-106.9283,37.1095],[-106.9205,37.1397],[-106.9458,37.1574],[-106.936,37.1836],[-106.9833,37.2141],[-106.9943,37.2529],[-106.9938,37.2696],[-107.0116,37.2663],[-107.0369,37.273],[-107.0527,37.2677],[-107.0963,37.2439],[-107.1164,37.2274],[-107.1336,37.2385],[-107.1757,37.2363],[-107.1941,37.2473],[-107.1755,37.2687],[-107.1611,37.3162],[-107.1268,37.3335],[-107.1628,37.357],[-107.1479,37.392],[-107.1921,37.423],[-107.4821,37.4227]]]},"properties":{"GEOID":"08007974300","AREALAND":"934707643","AREAWATER":"629055"}},{"type":"Feature","geometry":{"type":"Polygon","coordinates":[[[-107.1921,37.423],[-107.1479,37.392],[-107.1628,37.357],[-107.1268,37.3335],[-107.1082,37.3171],[-107.0994,37.2955],[-107.0871,37.2881],[-107.0527,37.2677],[-107.0369,37.273],[-107.0116,37.2663],[-106.9938,37.2696],[-106.9943,37.2529],[-106.9833,37.2141],[-106.936,37.1836],[-106.9458,37.1574],[-106.9205,37.1397],[-106.9283,37.1095],[-106.895,37.0823],[-106.8642,37.0808],[-106.8259,37.071],[-106.8445,37.0391],[-106.8299,37.032],[-106.7819,36.9925],[-106.4761,36.9935],[-106.4891,37.0151],[-106.5892,37.1402],[-106.5974,37.195],[-106.6783,37.2286],[-106.6784,37.4036],[-106.7108,37.4042],[-106.7108,37.3962],[-106.8405,37.3942],[-107.0453,37.3923],[-107.1287,37.3924],[-107.1287,37.4229],[-107.1921,37.423]]]},"properties":{"GEOID":"08007974400","AREALAND":"1464843660","AREAWATER":"905895"}},{"type":"Feature","geometry":{"type":"Polygon","coordinates":[[[-105.0252,39.7464],[-105.0252,39.7366],[-105.0251,39.7255],[-105.0158,39.7255],[-105.0174,39.7405],[-105.0163,39.7434],[-105.0252,39.7464]]]},"properties":{"GEOID":"08031000800","AREALAND":"1655101","AREAWATER":"0"}},{"type":"Feature","geometry":{"type":"Polygon","coordinates":[[[-104.7575,38.8138],[-104.7575,38.789],[-104.7472,38.789],[-104.7411,38.7923],[-104.7412,38.8087],[-104.7463,38.811],[-104.7575,38.8138]]]},"properties":{"GEOID":"08041006400","AREALAND":"3260681","AREAWATER":"0"}},{"type":"Feature","geometry":{"type":"Polygon","coordinates":[[[-104.735,40.3847],[-104.7844,40.385],[-104.794,40.3778],[-104.7349,40.3776],[-104.735,40.3847]]]},"properties":{"GEOID":"08123001405","AREALAND":"3847537","AREAWATER":"0"}},{"type":"Feature","geometry":{"type":"Polygon","coordinates":[[[-104.7158,40.3849],[-104.7157,40.3703],[-104.6962,40.3701],[-104.6969,40.3861],[-104.7158,40.3849]]]},"properties":{"GEOID":"08123001006","AREALAND":"2788776","AREAWATER":"0"}},{"type":"Feature","geometry":{"type":"Polygon","coordinates":[[[-104.6801,40.4101],[-104.6815,40.3937],[-104.6779,40.3925],[-104.6516,40.3936],[-104.6351,40.394],[-104.6557,40.4094],[-104.6801,40.4101]]]},"properties":{"GEOID":"08123000703","AREALAND":"5451125","AREAWATER":"67930"}},{"type":"Feature","geometry":{"type":"Polygon","coordinates":[[[-105.1072,38.3669],[-105.107,38.3523],[-105.0886,38.3523],[-105.0889,38.3668],[-105.1072,38.3669]]]},"properties":{"GEOID":"08043980200","AREALAND":"2601343","AREAWATER":"0"}},{"type":"Feature","geometry":{"type":"Polygon","coordinates":[[[-104.9422,38.6501],[-104.9421,38.5675],[-104.9183,38.5849],[-104.8648,38.643],[-104.8626,38.668],[-104.8507,38.6746],[-104.8199,38.7103],[-104.8186,38.7198],[-104.8109,38.7494],[-104.8123,38.7658],[-104.8313,38.7568],[-104.835,38.7378],[-104.8676,38.7522],[-104.8682,38.7795],[-104.881,38.7633],[-104.8793,38.7834],[-104.8641,38.7909],[-104.8994,38.7873],[-104.9024,38.811],[-104.9133,38.7953],[-104.9398,38.7923],[-104.939,38.7105],[-104.9422,38.6501]]]},"properties":{"GEOID":"08041003306","AREALAND":"168779452","AREAWATER":"30079"}},{"type":"Feature","geometry":{"type":"Polygon","coordinates":[[[-104.9421,38.5675],[-104.9415,38.5196],[-104.7341,38.5196],[-104.718,38.5196],[-104.7181,38.6212],[-104.7464,38.621],[-104.7462,38.6641],[-104.7091,38.6729],[-104.733,38.7248],[-104.7734,38.7282],[-104.7916,38.7237],[-104.7991,38.721],[-104.8186,38.7198],[-104.8199,38.7103],[-104.8507,38.6746],[-104.8626,38.668],[-104.8648,38.643],[-104.9183,38.5849],[-104.9421,38.5675]]]},"properties":{"GEOID":"08041004403","AREALAND":"319927026","AREAWATER":"143520"}},{"type":"Feature","geometry":{"type":"Polygon","coordinates":[[[-104.8682,38.7795],[-104.8676,38.7522],[-104.835,38.7378],[-104.8313,38.7568],[-104.8123,38.7658],[-104.8153,38.7763],[-104.822,38.7893],[-104.8218,38.7802],[-104.8482,38.7664],[-104.8682,38.7795]]]},"properties":{"GEOID":"08041003305","AREALAND":"13322541","AREAWATER":"14489"}},{"type":"Feature","geometry":{"type":"Polygon","coordinates":[[[-104.822,38.7893],[-104.8153,38.7763],[-104.7969,38.7744],[-104.8012,38.7906],[-104.822,38.7893]]]},"properties":{"GEOID":"08041003307","AREALAND":"2201938","AREAWATER":"67621"}},{"type":"Feature","geometry":{"type":"Polygon","coordinates":[[[-106.8493,39.2013],[-106.8602,39.1791],[-106.8807,39.1638],[-106.9009,39.1345],[-106.9269,39.0723],[-106.9371,39.0322],[-106.9154,38.9995],[-106.8821,38.9924],[-106.8938,39.0058],[-106.8834,39.0319],[-106.8816,39.0619],[-106.8455,39.1369],[-106.8499,39.1553],[-106.8371,39.1803],[-106.8192,39.1642],[-106.8172,39.1862],[-106.7978,39.1778],[-106.8114,39.1865],[-106.8493,39.2013]]]},"properties":{"GEOID":"08097000402","AREALAND":"88332863","AREAWATER":"0"}},{"type":"Feature","geometry":{"type":"Polygon","coordinates":[[[-105.0533,39.7911],[-105.0627,39.7839],[-105.0532,39.7837],[-105.0253,39.7844],[-105.0251,39.7844],[-105.0251,39.794],[-105.0533,39.7911]]]},"properties":{"GEOID":"08031015400","AREALAND":"2648851","AREAWATER":"0"}},{"type":"Feature","geometry":{"type":"Polygon","coordinates":[[[-104.9407,39.7111],[-104.9406,39.6966],[-104.9406,39.6954],[-104.934,39.6966],[-104.9317,39.7002],[-104.9317,39.7111],[-104.9407,39.7111]]]},"properties":{"GEOID":"08005004952","AREALAND":"1321697","AREAWATER":"0"}},{"type":"Feature","geometry":{"type":"Polygon","coordinates":[[[-104.8512,39.0421],[-104.9097,39.0421],[-104.9058,39.0062],[-104.8908,38.994],[-104.8422,39.0033],[-104.8337,38.9819],[-104.8351,38.9544],[-104.8135,38.9412],[-104.8058,38.9509],[-104.7985,38.9587],[-104.7983,38.9765],[-104.8311,39.0272],[-104.843,39.0423],[-104.8512,39.0421]]]},"properties":{"GEOID":"08041003802","AREALAND":"48589192","AREAWATER":"35008"}},{"type":"Feature","geometry":{"type":"Polygon","coordinates":[[[-104.7005,39.038],[-104.7003,38.9983],[-104.6634,38.9984],[-104.6261,38.9987],[-104.6076,38.9912],[-104.6075,39.0404],[-104.6032,39.0714],[-104.7002,39.0712],[-104.7005,39.038]]]},"properties":{"GEOID":"08041007602","AREALAND":"66299181","AREAWATER":"0"}},{"type":"Feature","geometry":{"type":"Polygon","coordinates":[[[-104.6276,38.694],[-104.6168,38.6834],[-104.6256,38.6537],[-104.6063,38.6419],[-104.611,38.6192],[-104.6367,38.5937],[-104.6218,38.5601],[-104.62,38.5275],[-104.6124,38.5202],[-104.5326,38.5198],[-104.2747,38.5211],[-104.0543,38.5224],[-104.0541,38.6387],[-104.0519,38.6944],[-104.0555,38.8689],[-104.0534,38.9411],[-104.0718,38.9411],[-104.0719,38.9555],[-104.3863,38.9539],[-104.3871,38.8383],[-104.3847,38.694],[-104.6276,38.694]]]},"properties":{"GEOID":"08041004602","AREALAND":"1782997669","AREAWATER":"200015"}},{"type":"Feature","geometry":{"type":"Polygon","coordinates":[[[-104.6828,38.8381],[-104.6828,38.826],[-104.6535,38.7906],[-104.6596,38.7809],[-104.6595,38.7576],[-104.6498,38.7374],[-104.644,38.7303],[-104.654,38.694],[-104.6276,38.694],[-104.3847,38.694],[-104.3871,38.8383],[-104.5536,38.8386],[-104.6297,38.8389],[-104.6435,38.8348],[-104.6828,38.8415],[-104.6828,38.8382],[-104.6828,38.8381]]]},"properties":{"GEOID":"08041004603","AREALAND":"378760813","AREAWATER":"0"}},{"type":"Feature","geometry":{"type":"Polygon","coordinates":[[[-104.7532,38.9301],[-104.7521,38.927],[-104.7195,38.926],[-104.7197,38.9403],[-104.72,38.9403],[-104.7397,38.9402],[-104.7532,38.9301]]]},"properties":{"GEOID":"08041004706","AREALAND":"2994878","AREAWATER":"0"}},{"type":"Feature","geometry":{"type":"Polygon","coordinates":[[[-104.7575,38.8396],[-104.7575,38.8254],[-104.7487,38.8253],[-104.7481,38.8397],[-104.7575,38.8396]]]},"properties":{"GEOID":"08041006100","AREALAND":"1355657","AREAWATER":"0"}},{"type":"Feature","geometry":{"type":"Polygon","coordinates":[[[-104.7481,38.8397],[-104.7487,38.8253],[-104.7416,38.8253],[-104.7249,38.8246],[-104.7207,38.8389],[-104.7304,38.8393],[-104.7481,38.8397]]]},"properties":{"GEOID":"08041006200","AREALAND":"3609652","AREAWATER":"0"}},{"type":"Feature","geometry":{"type":"Polygon","coordinates":[[[-104.8472,39.7982],[-104.8471,39.7893],[-104.8356,39.7911],[-104.8357,39.7981],[-104.8472,39.7982]]]},"properties":{"GEOID":"08031008304","AREALAND":"934491","AREAWATER":"0"}},{"type":"Feature","geometry":{"type":"Polygon","coordinates":[[[-104.8357,39.7981],[-104.8356,39.7911],[-104.8282,39.7887],[-104.8237,39.793],[-104.82,39.7983],[-104.8357,39.7981]]]},"properties":{"GEOID":"08031008305","AREALAND":"1026178","AREAWATER":"0"}},{"type":"Feature","geometry":{"type":"Polygon","coordinates":[[[-104.8471,39.7893],[-104.847,39.7824],[-104.8312,39.7843],[-104.8282,39.7887],[-104.8356,39.7911],[-104.8471,39.7893]]]},"properties":{"GEOID":"08031008306","AREALAND":"1366940","AREAWATER":"0"}},{"type":"Feature","geometry":{"type":"Polygon","coordinates":[[[-105.1288,39.6097],[-105.1532,39.6016],[-105.1459,39.5897],[-105.1253,39.5922],[-105.1288,39.6097]]]},"properties":{"GEOID":"08059012044","AREALAND":"4055874","AREAWATER":"215564"}},{"type":"Feature","geometry":{"type":"Polygon","coordinates":[[[-104.9889,39.5574],[-104.9594,39.5522],[-104.9553,39.5531],[-104.9605,39.5661],[-104.9718,39.5661],[-104.9885,39.5661],[-104.9889,39.5574]]]},"properties":{"GEOID":"08035014107","AREALAND":"2746509","AREAWATER":"0"}},{"type":"Feature","geometry":{"type":"Polygon","coordinates":[[[-104.7719,39.5441],[-104.7803,39.5197],[-104.7558,39.518],[-104.7558,39.5441],[-104.7719,39.5441]]]},"properties":{"GEOID":"08035013904","AREALAND":"5325684","AREAWATER":"0"}},{"type":"Feature","geometry":{"type":"Polygon","coordinates":[[[-104.8682,39.4126],[-104.8619,39.4004],[-104.8607,39.3802],[-104.8298,39.3771],[-104.8303,39.4031],[-104.8447,39.4103],[-104.8682,39.4126]]]},"properties":{"GEOID":"08035014503","AREALAND":"9396722","AREAWATER":"0"}},{"type":"Feature","geometry":{"type":"Polygon","coordinates":[[[-104.9058,39.0062],[-104.9038,38.9801],[-104.8937,38.9815],[-104.8916,38.9547],[-104.8351,38.9544],[-104.8337,38.9819],[-104.8422,39.0033],[-104.8908,38.994],[-104.9058,39.0062]]]},"properties":{"GEOID":"08041003801","AREALAND":"26412593","AREAWATER":"0"}},{"type":"Feature","geometry":{"type":"Polygon","coordinates":[[[-105.171,39.4078],[-105.1643,39.3911],[-105.173,39.3776],[-105.1664,39.3623],[-105.1851,39.3348],[-105.196,39.3021],[-105.2339,39.2469],[-105.2524,39.2437],[-105.2636,39.2287],[-105.2596,39.2114],[-105.2827,39.2007],[-105.288,39.1782],[-105.3135,39.1598],[-105.3294,39.1295],[-105.0335,39.1298],[-105.0296,39.1298],[-105.0275,39.1298],[-105.0296,39.1298],[-105.021,39.1598],[-105.0313,39.1817],[-105.0519,39.1917],[-105.0598,39.2202],[-105.0963,39.2339],[-105.0687,39.2821],[-105.0633,39.3125],[-105.0538,39.3233],[-105.0546,39.3831],[-105.0728,39.4117],[-105.0915,39.4201],[-105.0917,39.4635],[-105.1012,39.4781],[-105.127,39.4782],[-105.1348,39.4702],[-105.124,39.4548],[-105.1235,39.4342],[-105.171,39.4078]]]},"properties":{"GEOID":"08035014300","AREALAND":"491868554","AREAWATER":"1632889"}},{"type":"Feature","geometry":{"type":"Polygon","coordinates":[[[-104.9889,39.5574],[-104.9917,39.5493],[-104.9668,39.5416],[-104.9613,39.5403],[-104.9594,39.5522],[-104.9889,39.5574]]]},"properties":{"GEOID":"08035014108","AREALAND":"3090458","AREAWATER":"0"}},{"type":"Feature","geometry":{"type":"Polygon","coordinates":[[[-104.765,39.4495],[-104.771,39.4203],[-104.7602,39.3912],[-104.7528,39.3911],[-104.6889,39.3748],[-104.6633,39.362],[-104.6627,39.4344],[-104.6813,39.4514],[-104.6813,39.4456],[-104.7217,39.4421],[-104.7618,39.4495],[-104.765,39.4495]]]},"properties":{"GEOID":"08035013909","AREALAND":"63305322","AREAWATER":"27213"}},{"type":"Feature","geometry":{"type":"Polygon","coordinates":[[[-104.9042,39.551],[-104.9043,39.5365],[-104.8855,39.5363],[-104.8855,39.5509],[-104.9042,39.551]]]},"properties":{"GEOID":"08035014115","AREALAND":"2585072","AREAWATER":"0"}},{"type":"Feature","geometry":{"type":"Polygon","coordinates":[[[-104.8132,40.4004],[-104.813,40.3776],[-104.794,40.3778],[-104.7844,40.385],[-104.735,40.3847],[-104.735,40.3924],[-104.7562,40.3923],[-104.7846,40.3922],[-104.8132,40.4004]]]},"properties":{"GEOID":"08123001406","AREALAND":"7357210","AREAWATER":"0"}},{"type":"Feature","geometry":{"type":"Polygon","coordinates":[[[-104.8857,39.566],[-104.8855,39.5509],[-104.8855,39.5363],[-104.8685,39.5363],[-104.8705,39.5555],[-104.8724,39.566],[-104.8857,39.566]]]},"properties":{"GEOID":"08035014116","AREALAND":"3976442","AREAWATER":"0"}},{"type":"Feature","geometry":{"type":"Polygon","coordinates":[[[-104.9037,39.4265],[-104.9015,39.4253],[-104.875,39.4089],[-104.8619,39.4004],[-104.8682,39.4126],[-104.8786,39.428],[-104.8758,39.4499],[-104.9037,39.4265]]]},"properties":{"GEOID":"08035014123","AREALAND":"5624144","AREAWATER":"0"}},{"type":"Feature","geometry":{"type":"Polygon","coordinates":[[[-104.7803,39.5197],[-104.7752,39.511],[-104.7565,39.504],[-104.7364,39.5181],[-104.7558,39.518],[-104.7803,39.5197]]]},"properties":{"GEOID":"08035013905","AREALAND":"3645628","AREAWATER":"0"}},{"type":"Feature","geometry":{"type":"Polygon","coordinates":[[[-104.8846,39.7438],[-104.8846,39.7402],[-104.8658,39.7402],[-104.8658,39.7438],[-104.8846,39.7438]]]},"properties":{"GEOID":"08001007801","AREALAND":"641536","AREAWATER":"0"}},{"type":"Feature","geometry":{"type":"Polygon","coordinates":[[[-105.0249,39.8996],[-105.025,39.8852],[-105.0155,39.8852],[-105.0155,39.8997],[-105.0249,39.8996]]]},"properties":{"GEOID":"08001009326","AREALAND":"1279782","AREAWATER":"14568"}},{"type":"Feature","geometry":{"type":"Polygon","coordinates":[[[-104.8848,39.6531],[-104.9008,39.6531],[-104.8981,39.649],[-104.8929,39.6357],[-104.8851,39.639],[-104.8801,39.6531],[-104.8848,39.6531]]]},"properties":{"GEOID":"08031006810","AREALAND":"2251981","AREAWATER":"0"}},{"type":"Feature","geometry":{"type":"Polygon","coordinates":[[[-104.8793,39.6639],[-104.8664,39.6594],[-104.8663,39.6603],[-104.8661,39.6709],[-104.8709,39.6748],[-104.8753,39.6748],[-104.8793,39.6639]]]},"properties":{"GEOID":"08031006813","AREALAND":"1042128","AREAWATER":"0"}},{"type":"Feature","geometry":{"type":"Polygon","coordinates":[[[-106.9734,39.3656],[-106.9802,39.3313],[-106.952,39.3272],[-106.9301,39.3002],[-106.8936,39.2755],[-106.8753,39.2238],[-106.8603,39.208],[-106.8397,39.2108],[-106.8454,39.223],[-106.8269,39.2289],[-106.8032,39.2236],[-106.7936,39.2126],[-106.8042,39.1995],[-106.7759,39.196],[-106.7554,39.1725],[-106.7887,39.1629],[-106.7978,39.1778],[-106.8172,39.1862],[-106.8192,39.1642],[-106.8371,39.1803],[-106.8499,39.1553],[-106.8455,39.1369],[-106.8816,39.0619],[-106.8834,39.0319],[-106.8938,39.0058],[-106.8821,38.9924],[-106.8617,39.0094],[-106.8469,38.987],[-106.8273,38.9777],[-106.7997,38.9796],[-106.7513,39.0258],[-106.7494,39.0425],[-106.7103,39.0476],[-106.693,39.0551],[-106.6853,39.0454],[-106.6555,39.0444],[-106.6383,39.0192],[-106.6116,38.9954],[-106.5992,38.998],[-106.5917,39.0249],[-106.5972,39.0448],[-106.578,39.0579],[-106.5803,39.1022],[-106.564,39.106],[-106.5613,39.1557],[-106.5358,39.1626],[-106.5212,39.1573],[-106.4996,39.1838],[-106.4897,39.228],[-106.4968,39.2433],[-106.4812,39.2592],[-106.4833,39.2727],[-106.504,39.2848],[-106.4999,39.3015],[-106.427,39.3234],[-106.4352,39.3466],[-106.4265,39.3619],[-106.5092,39.3623],[-106.7411,39.3624],[-106.9734,39.3656]]]},"properties":{"GEOID":"08097000500","AREALAND":"1188520492","AREAWATER":"4804056"}},{"type":"Feature","geometry":{"type":"Polygon","coordinates":[[[-104.9406,39.6954],[-104.9406,39.6893],[-104.9317,39.6893],[-104.9317,39.6966],[-104.934,39.6966],[-104.9406,39.6954]]]},"properties":{"GEOID":"08031015500","AREALAND":"591740","AREAWATER":"0"}},{"type":"Feature","geometry":{"type":"Polygon","coordinates":[[[-102.7417,38.097],[-102.7405,37.8238],[-102.748,37.8232],[-102.7476,37.6436],[-102.7127,37.6436],[-102.54,37.6437],[-102.2557,37.6442],[-102.2561,37.8242],[-102.2628,37.8243],[-102.2651,37.9987],[-102.2792,37.9988],[-102.2606,38.0506],[-102.2299,38.0557],[-102.2369,38.0639],[-102.2922,38.0902],[-102.2916,38.1003],[-102.2656,38.1006],[-102.266,38.1578],[-102.2268,38.1546],[-102.2106,38.1382],[-102.2111,38.2682],[-102.4797,38.2679],[-102.4869,38.2495],[-102.4803,38.2139],[-102.4867,38.1994],[-102.4777,38.174],[-102.4884,38.1562],[-102.4809,38.1207],[-102.4976,38.0945],[-102.5332,38.098],[-102.5669,38.1121],[-102.6033,38.1057],[-102.6043,38.1061],[-102.6033,38.1057],[-102.6033,38.0885],[-102.6171,38.0635],[-102.6314,38.0643],[-102.6315,38.0849],[-102.6315,38.1017],[-102.6516,38.1045],[-102.6714,38.0939],[-102.6935,38.0935],[-102.7035,38.1027],[-102.7417,38.097]]]},"properties":{"GEOID":"08099000700","AREALAND":"2555466634","AREAWATER":"8145731"}},{"type":"Feature","geometry":{"type":"Polygon","coordinates":[[[-104.9877,39.9866],[-104.9594,39.9866],[-104.9594,39.9793],[-104.922,39.979],[-104.922,39.9862],[-104.9222,40.0003],[-104.9411,40.0003],[-104.9614,40.0003],[-104.9809,40.0003],[-104.9877,39.9866]]]},"properties":{"GEOID":"08001061200","AREALAND":"10617613","AREAWATER":"145577"}},{"type":"Feature","geometry":{"type":"Polygon","coordinates":[[[-106.3506,37.685],[-106.3615,37.6875],[-106.405,37.6735],[-106.4061,37.6617],[-106.3733,37.6708],[-106.3558,37.6632],[-106.3304,37.6755],[-106.3506,37.685]]]},"properties":{"GEOID":"08105976800","AREALAND":"10867683","AREAWATER":"13585"}},{"type":"Feature","geometry":{"type":"Polygon","coordinates":[[[-105.1842,39.7458],[-105.1941,39.7253],[-105.1797,39.7253],[-105.1654,39.7253],[-105.1655,39.7321],[-105.1594,39.74],[-105.1597,39.7532],[-105.1792,39.7558],[-105.1842,39.7458]]]},"properties":{"GEOID":"08059010100","AREALAND":"7015448","AREAWATER":"3054"}},{"type":"Feature","geometry":{"type":"Polygon","coordinates":[[[-105.1289,39.8421],[-105.1286,39.8362],[-105.1096,39.8231],[-105.1098,39.8312],[-105.1101,39.842],[-105.1289,39.8421]]]},"properties":{"GEOID":"08059010205","AREALAND":"2208316","AREAWATER":"0"}},{"type":"Feature","geometry":{"type":"Polygon","coordinates":[[[-109.0512,39.6605],[-109.0508,39.3667],[-108.8261,39.3663],[-108.5702,39.3665],[-108.4096,39.366],[-108.1068,39.3662],[-107.8841,39.3662],[-107.9166,39.4517],[-107.9074,39.4688],[-107.9318,39.497],[-107.9594,39.4787],[-107.9881,39.4725],[-108.0057,39.4955],[-108.0074,39.5343],[-107.9738,39.5427],[-107.9577,39.5359],[-107.9391,39.5442],[-107.9386,39.5556],[-107.9087,39.563],[-107.8919,39.5951],[-107.9198,39.6364],[-107.929,39.6613],[-107.913,39.6731],[-107.9386,39.7016],[-107.9386,39.6945],[-108.2179,39.6951],[-108.2179,39.6939],[-108.5173,39.6942],[-108.5547,39.6936],[-108.5547,39.6878],[-108.5546,39.6502],[-108.6619,39.6497],[-108.8957,39.6503],[-108.8957,39.6605],[-109.0512,39.6605]]]},"properties":{"GEOID":"08045952100","AREALAND":"3326904296","AREAWATER":"2969808"}},{"type":"Feature","geometry":{"type":"Polygon","coordinates":[[[-107.4765,39.8283],[-107.4632,39.8066],[-107.422,39.8072],[-107.4258,39.7706],[-107.4124,39.7664],[-107.401,39.7453],[-107.3897,39.7043],[-107.4109,39.6782],[-107.4298,39.6681],[-107.4497,39.6389],[-107.4476,39.5737],[-107.4074,39.5617],[-107.3728,39.5602],[-107.3393,39.5584],[-107.3247,39.5485],[-107.3109,39.5603],[-107.2918,39.5569],[-107.274,39.5658],[-107.2417,39.5579],[-107.2223,39.5761],[-107.2066,39.5767],[-107.171,39.5996],[-107.1139,39.6246],[-107.1137,39.9191],[-107.034,39.9189],[-107.032,40.0029],[-107.0374,40.0031],[-107.0374,40.0915],[-107.317,40.0908],[-107.3187,39.915],[-107.4317,39.9177],[-107.4318,39.8284],[-107.4765,39.8283]]]},"properties":{"GEOID":"08045951600","AREALAND":"1485108966","AREAWATER":"8972258"}},{"type":"Feature","geometry":{"type":"Polygon","coordinates":[[[-107.4067,39.4139],[-107.4275,39.3956],[-107.4267,39.3662],[-107.3476,39.3661],[-107.2993,39.3987],[-107.2937,39.4197],[-107.3003,39.4316],[-107.2656,39.4223],[-107.2627,39.4566],[-107.2315,39.4741],[-107.2201,39.4906],[-107.2027,39.484],[-107.1643,39.4868],[-107.1621,39.4769],[-107.1276,39.471],[-107.1136,39.4873],[-107.1139,39.6242],[-107.1139,39.6246],[-107.171,39.5996],[-107.2066,39.5767],[-107.2223,39.5761],[-107.2417,39.5579],[-107.274,39.5658],[-107.2918,39.5569],[-107.3049,39.5446],[-107.2947,39.5282],[-107.3016,39.504],[-107.3145,39.4991],[-107.3324,39.5125],[-107.3412,39.5338],[-107.3728,39.5602],[-107.4074,39.5617],[-107.4198,39.5284],[-107.4112,39.52],[-107.4128,39.4844],[-107.3944,39.4802],[-107.3819,39.4526],[-107.3814,39.4257],[-107.4067,39.4139]]]},"properties":{"GEOID":"08045951802","AREALAND":"369025270","AREAWATER":"993926"}},{"type":"Feature","geometry":{"type":"Polygon","coordinates":[[[-103.4647,40.4082],[-103.4646,40.3499],[-103.471,40.3498],[-103.4735,40.1666],[-103.472,40.0015],[-103.4578,40.0016],[-103.4591,39.9429],[-103.0864,39.9456],[-103.0488,39.947],[-103.0493,40.0011],[-103.0573,40.0023],[-103.062,40.3502],[-103.0645,40.408],[-103.0835,40.4079],[-103.0835,40.4368],[-103.2266,40.4361],[-103.3583,40.4353],[-103.4654,40.4363],[-103.4647,40.4082]]]},"properties":{"GEOID":"08121924200","AREALAND":"1891834768","AREAWATER":"8294230"}},{"type":"Feature","geometry":{"type":"Polygon","coordinates":[[[-103.7065,39.7399],[-103.7071,39.5663],[-103.4912,39.5657],[-103.3076,39.5665],[-103.1544,39.5656],[-102.9352,39.5686],[-102.8029,39.5678],[-102.8004,39.8308],[-102.8038,40.0025],[-102.7933,40.0025],[-102.7942,40.1694],[-102.7936,40.3513],[-102.7802,40.3511],[-102.78,40.4385],[-103.0835,40.4368],[-103.0835,40.4079],[-103.0645,40.408],[-103.062,40.3502],[-103.0573,40.0023],[-103.0493,40.0011],[-103.0488,39.947],[-103.0864,39.9456],[-103.4591,39.9429],[-103.4578,40.0016],[-103.472,40.0015],[-103.7057,40.0014],[-103.7065,39.7399]]]},"properties":{"GEOID":"08121924100","AREALAND":"4629972030","AREAWATER":"6913166"}},{"type":"Feature","geometry":{"type":"Polygon","coordinates":[[[-105.1495,39.8271],[-105.1523,39.8126],[-105.1378,39.8127],[-105.1379,39.8271],[-105.1495,39.8271]]]},"properties":{"GEOID":"08059009840","AREALAND":"1914739","AREAWATER":"7384"}},{"type":"Feature","geometry":{"type":"Polygon","coordinates":[[[-105.3991,39.5821],[-105.3989,39.5661],[-105.3985,39.5247],[-105.3591,39.5402],[-105.3295,39.5285],[-105.3122,39.5354],[-105.3181,39.5625],[-105.3057,39.5805],[-105.3234,39.6195],[-105.3453,39.5916],[-105.3683,39.5795],[-105.3991,39.5821]]]},"properties":{"GEOID":"08059012031","AREALAND":"47969563","AREAWATER":"53910"}},{"type":"Feature","geometry":{"type":"Polygon","coordinates":[[[-105.3985,39.5247],[-105.3983,39.4642],[-105.3804,39.4674],[-105.3603,39.4872],[-105.3067,39.5122],[-105.3057,39.5202],[-105.3058,39.5207],[-105.3122,39.5354],[-105.3295,39.5285],[-105.3591,39.5402],[-105.3985,39.5247]]]},"properties":{"GEOID":"08059012037","AREALAND":"40131439","AREAWATER":"43595"}},{"type":"Feature","geometry":{"type":"Polygon","coordinates":[[[-105.1287,39.6242],[-105.1288,39.6097],[-105.11,39.6097],[-105.1099,39.6242],[-105.1287,39.6242]]]},"properties":{"GEOID":"08059012042","AREALAND":"2546430","AREAWATER":"39974"}},{"type":"Feature","geometry":{"type":"Polygon","coordinates":[[[-105.1651,39.827],[-105.1652,39.8125],[-105.1523,39.8126],[-105.1495,39.8271],[-105.1651,39.827]]]},"properties":{"GEOID":"08059009839","AREALAND":"1824597","AREAWATER":"0"}},{"type":"Feature","geometry":{"type":"Polygon","coordinates":[[[-105.1933,39.8055],[-105.187,39.7945],[-105.198,39.7684],[-105.1979,39.7684],[-105.1748,39.7715],[-105.1746,39.8],[-105.1698,39.8125],[-105.1933,39.8127],[-105.1933,39.8055]]]},"properties":{"GEOID":"08059009842","AREALAND":"6544555","AREAWATER":"216971"}},{"type":"Feature","geometry":{"type":"Polygon","coordinates":[[[-105.0814,39.7694],[-105.0814,39.7548],[-105.072,39.7548],[-105.0673,39.7548],[-105.0647,39.7694],[-105.0814,39.7694]]]},"properties":{"GEOID":"08059010701","AREALAND":"2208517","AREAWATER":"0"}},{"type":"Feature","geometry":{"type":"Polygon","coordinates":[[[-105.3057,39.5805],[-105.3181,39.5625],[-105.3122,39.5354],[-105.3058,39.5207],[-105.2951,39.5423],[-105.2405,39.5544],[-105.239,39.5758],[-105.2221,39.5915],[-105.2681,39.5889],[-105.3057,39.5805]]]},"properties":{"GEOID":"08059012032","AREALAND":"31154322","AREAWATER":"51509"}},{"type":"Feature","geometry":{"type":"Polygon","coordinates":[[[-105.3289,39.7019],[-105.3405,39.6916],[-105.361,39.6942],[-105.3662,39.6836],[-105.3501,39.6788],[-105.3238,39.656],[-105.346,39.6531],[-105.3288,39.6335],[-105.321,39.6324],[-105.3076,39.6533],[-105.2944,39.6558],[-105.2757,39.6668],[-105.3082,39.6896],[-105.3212,39.7078],[-105.3289,39.7019]]]},"properties":{"GEOID":"08059009846","AREALAND":"27531038","AREAWATER":"36793"}},{"type":"Feature","geometry":{"type":"Polygon","coordinates":[[[-105.3212,39.7078],[-105.3082,39.6896],[-105.2757,39.6668],[-105.2176,39.654],[-105.1865,39.6525],[-105.1924,39.6758],[-105.2019,39.7024],[-105.2062,39.6979],[-105.21,39.6955],[-105.3117,39.7142],[-105.3212,39.7078]]]},"properties":{"GEOID":"08059009845","AREALAND":"43100797","AREAWATER":"20342"}},{"type":"Feature","geometry":{"type":"Polygon","coordinates":[[[-105.3983,39.7141],[-105.3983,39.6359],[-105.3621,39.6443],[-105.3288,39.6335],[-105.346,39.6531],[-105.3662,39.6836],[-105.361,39.6942],[-105.3405,39.6916],[-105.3289,39.7019],[-105.3743,39.7159],[-105.3983,39.7171],[-105.3983,39.7141]]]},"properties":{"GEOID":"08059009848","AREALAND":"34314474","AREAWATER":"29957"}},{"type":"Feature","geometry":{"type":"Polygon","coordinates":[[[-104.8655,38.8609],[-104.8668,38.8551],[-104.8539,38.8477],[-104.8458,38.848],[-104.838,38.8489],[-104.8594,38.8691],[-104.8655,38.8609]]]},"properties":{"GEOID":"08041001302","AREALAND":"3054642","AREAWATER":"0"}},{"type":"Feature","geometry":{"type":"Polygon","coordinates":[[[-105.0533,39.8219],[-105.0528,39.8025],[-105.044,39.8043],[-105.0533,39.8219]]]},"properties":{"GEOID":"08001009608","AREALAND":"1339293","AREAWATER":"132756"}},{"type":"Feature","geometry":{"type":"Polygon","coordinates":[[[-105.0533,39.8273],[-105.0533,39.8219],[-105.044,39.8043],[-105.0347,39.8043],[-105.0344,39.8273],[-105.0533,39.8273]]]},"properties":{"GEOID":"08001009607","AREALAND":"2225160","AREAWATER":"439973"}},{"type":"Feature","geometry":{"type":"Polygon","coordinates":[[[-105.1798,39.7618],[-105.1792,39.7558],[-105.1597,39.7532],[-105.1594,39.74],[-105.1456,39.7546],[-105.1432,39.7619],[-105.1434,39.7735],[-105.1748,39.7715],[-105.1798,39.7618]]]},"properties":{"GEOID":"08059009806","AREALAND":"5856374","AREAWATER":"1160433"}},{"type":"Feature","geometry":{"type":"Polygon","coordinates":[[[-105.1306,39.7253],[-105.1308,39.7229],[-105.1305,39.7106],[-105.1097,39.711],[-105.1098,39.7254],[-105.1306,39.7253]]]},"properties":{"GEOID":"08059980000","AREALAND":"2859289","AREAWATER":"24245"}},{"type":"Feature","geometry":{"type":"Polygon","coordinates":[[[-105.1483,39.8715],[-105.1393,39.8583],[-105.1118,39.853],[-105.0959,39.8781],[-105.1114,39.8782],[-105.1287,39.8783],[-105.1483,39.8715]]]},"properties":{"GEOID":"08059009829","AREALAND":"3327644","AREAWATER":"5024057"}},{"type":"Feature","geometry":{"type":"Polygon","coordinates":[[[-105.1378,39.8127],[-105.1379,39.8018],[-105.1235,39.8018],[-105.1235,39.8127],[-105.1284,39.8128],[-105.1378,39.8127]]]},"properties":{"GEOID":"08059010306","AREALAND":"1483811","AREAWATER":"0"}},{"type":"Feature","geometry":{"type":"Polygon","coordinates":[[[-104.7581,38.7701],[-104.7442,38.7513],[-104.7442,38.7512],[-104.7442,38.7513],[-104.7391,38.7697],[-104.7581,38.7701]]]},"properties":{"GEOID":"08041004100","AREALAND":"2485189","AREAWATER":"0"}},{"type":"Feature","geometry":{"type":"Polygon","coordinates":[[[-104.7934,38.9295],[-104.7873,38.9149],[-104.7753,38.914],[-104.7751,38.9258],[-104.7751,38.9298],[-104.7934,38.9295]]]},"properties":{"GEOID":"08041004701","AREALAND":"2235336","AREAWATER":"0"}},{"type":"Feature","geometry":{"type":"Polygon","coordinates":[[[-104.7751,38.9298],[-104.7751,38.9258],[-104.752,38.9268],[-104.7521,38.927],[-104.7532,38.9301],[-104.7751,38.9298]]]},"properties":{"GEOID":"08041004702","AREALAND":"1015061","AREAWATER":"0"}},{"type":"Feature","geometry":{"type":"Polygon","coordinates":[[[-104.8753,39.7256],[-104.8706,39.7102],[-104.866,39.7111],[-104.8659,39.7256],[-104.8659,39.7329],[-104.8753,39.7256]]]},"properties":{"GEOID":"08005007201","AREALAND":"1322308","AREAWATER":"0"}},{"type":"Feature","geometry":{"type":"Polygon","coordinates":[[[-104.8847,39.7328],[-104.8753,39.7256],[-104.8659,39.7329],[-104.8658,39.7364],[-104.8847,39.7373],[-104.8847,39.7328]]]},"properties":{"GEOID":"08005007202","AREALAND":"1663433","AREAWATER":"0"}},{"type":"Feature","geometry":{"type":"Polygon","coordinates":[[[-105.2221,39.5915],[-105.239,39.5758],[-105.2405,39.5544],[-105.2951,39.5423],[-105.3058,39.5207],[-105.3057,39.5202],[-105.2616,39.5037],[-105.2112,39.493],[-105.1902,39.5016],[-105.187,39.5373],[-105.21,39.5593],[-105.2184,39.5915],[-105.2225,39.5925],[-105.2221,39.5915]]]},"properties":{"GEOID":"08059012033","AREALAND":"56553797","AREAWATER":"69574"}},{"type":"Feature","geometry":{"type":"Polygon","coordinates":[[[-105.1563,39.6003],[-105.146,39.5774],[-105.1055,39.5807],[-105.1102,39.593],[-105.1253,39.5922],[-105.1459,39.5897],[-105.1532,39.6016],[-105.1563,39.6003]]]},"properties":{"GEOID":"08059012022","AREALAND":"5208073","AREAWATER":"27869"}},{"type":"Feature","geometry":{"type":"Polygon","coordinates":[[[-105.1473,39.7112],[-105.1478,39.7096],[-105.1472,39.6947],[-105.1329,39.7096],[-105.1473,39.7112]]]},"properties":{"GEOID":"08059011723","AREALAND":"1400256","AREAWATER":"0"}},{"type":"Feature","geometry":{"type":"Polygon","coordinates":[[[-104.7962,39.9868],[-104.7977,39.9723],[-104.771,39.9724],[-104.7712,39.9868],[-104.7962,39.9868]]]},"properties":{"GEOID":"08001008565","AREALAND":"3704653","AREAWATER":"988"}},{"type":"Feature","geometry":{"type":"Polygon","coordinates":[[[-105.1156,40.4944],[-105.1155,40.451],[-105.0964,40.451],[-105.0774,40.4511],[-105.0774,40.4802],[-105.0773,40.4948],[-105.0909,40.4946],[-105.1156,40.4944]]]},"properties":{"GEOID":"08069001813","AREALAND":"15561085","AREAWATER":"83664"}},{"type":"Feature","geometry":{"type":"Polygon","coordinates":[[[-104.9433,40.7833],[-104.985,40.7836],[-104.9928,40.7551],[-105.076,40.7547],[-105.0762,40.7289],[-105.068,40.7113],[-105.068,40.6828],[-105.07,40.6668],[-105.0223,40.6679],[-105.0194,40.7039],[-105.0004,40.6966],[-104.9435,40.6965],[-104.9433,40.7833]]]},"properties":{"GEOID":"08069002507","AREALAND":"87300088","AREAWATER":"7511518"}},{"type":"Feature","geometry":{"type":"Polygon","coordinates":[[[-105.0015,40.6102],[-105.0015,40.5956],[-105.0014,40.5812],[-104.9441,40.5809],[-104.9439,40.6388],[-104.9435,40.6532],[-105.0011,40.6535],[-105.0015,40.6102]]]},"properties":{"GEOID":"08069002504","AREALAND":"34931627","AREAWATER":"4070441"}},{"type":"Feature","geometry":{"type":"Polygon","coordinates":[[[-105.3662,39.6836],[-105.346,39.6531],[-105.3238,39.656],[-105.3501,39.6788],[-105.3662,39.6836]]]},"properties":{"GEOID":"08059009847","AREALAND":"5019174","AREAWATER":"33214"}},{"type":"Feature","geometry":{"type":"Polygon","coordinates":[[[-105.07,40.6668],[-105.0729,40.6542],[-105.0011,40.6535],[-104.9435,40.6532],[-104.9435,40.6965],[-105.0004,40.6966],[-105.0194,40.7039],[-105.0223,40.6679],[-105.07,40.6668]]]},"properties":{"GEOID":"08069002508","AREALAND":"36876379","AREAWATER":"2066518"}},{"type":"Feature","geometry":{"type":"Polygon","coordinates":[[[-105.0014,40.5812],[-105.0015,40.5666],[-104.9925,40.5234],[-104.9443,40.5228],[-104.9441,40.5809],[-105.0014,40.5812]]]},"properties":{"GEOID":"08069002506","AREALAND":"26605817","AREAWATER":"3045417"}},{"type":"Feature","geometry":{"type":"Polygon","coordinates":[[[-105.1504,40.3346],[-105.1502,40.2907],[-105.1592,40.2897],[-105.1591,40.2612],[-105.0551,40.2618],[-105.0552,40.2968],[-105.082,40.2857],[-105.1025,40.2937],[-105.0933,40.3271],[-105.0553,40.3199],[-105.0567,40.3493],[-105.074,40.3493],[-105.135,40.3495],[-105.1503,40.3494],[-105.1504,40.3346]]]},"properties":{"GEOID":"08069002602","AREALAND":"62067336","AREAWATER":"5354899"}},{"type":"Feature","geometry":{"type":"Polygon","coordinates":[[[-105.5995,40.7919],[-105.6168,40.7513],[-105.6429,40.7288],[-105.5994,40.7149],[-105.5803,40.6996],[-105.5456,40.7003],[-105.5161,40.691],[-105.487,40.6902],[-105.4782,40.6743],[-105.4481,40.6868],[-105.4182,40.6741],[-105.4095,40.6832],[-105.3819,40.6833],[-105.3791,40.6944],[-105.4037,40.715],[-105.3754,40.7029],[-105.2926,40.7058],[-105.2745,40.7293],[-105.262,40.7193],[-105.237,40.7186],[-105.2338,40.7331],[-105.2135,40.7372],[-105.2018,40.7521],[-105.1707,40.7524],[-105.1849,40.7675],[-105.1924,40.7911],[-105.2156,40.7945],[-105.243,40.7878],[-105.2969,40.7914],[-105.3489,40.7679],[-105.3746,40.7376],[-105.399,40.7341],[-105.4229,40.7497],[-105.4597,40.7545],[-105.5054,40.7689],[-105.5174,40.7793],[-105.5545,40.7792],[-105.5657,40.7882],[-105.5995,40.7919]]]},"properties":{"GEOID":"08069002404","AREALAND":"279597679","AREAWATER":"375325"}},{"type":"Feature","geometry":{"type":"Polygon","coordinates":[[[-105.5707,40.3487],[-105.5922,40.3431],[-105.5828,40.3252],[-105.5491,40.3251],[-105.5427,40.3004],[-105.5624,40.2931],[-105.5617,40.2615],[-105.4654,40.2594],[-105.4643,40.2752],[-105.4418,40.2709],[-105.4541,40.2953],[-105.465,40.3351],[-105.4775,40.3407],[-105.4544,40.3565],[-105.4784,40.3668],[-105.5108,40.3764],[-105.5055,40.3542],[-105.5165,40.3437],[-105.5379,40.3473],[-105.567,40.3421],[-105.5707,40.3487]]]},"properties":{"GEOID":"08069002804","AREALAND":"93509212","AREAWATER":"333201"}},{"type":"Feature","geometry":{"type":"Polygon","coordinates":[[[-105.5567,40.3658],[-105.5707,40.3487],[-105.567,40.3421],[-105.5379,40.3473],[-105.5165,40.3437],[-105.5055,40.3542],[-105.5108,40.3764],[-105.5487,40.3631],[-105.5567,40.3658]]]},"properties":{"GEOID":"08069002805","AREALAND":"14034713","AREAWATER":"25004"}},{"type":"Feature","geometry":{"type":"Polygon","coordinates":[[[-104.8659,39.7329],[-104.8659,39.7256],[-104.8472,39.7257],[-104.8472,39.7289],[-104.8471,39.7361],[-104.8658,39.7364],[-104.8659,39.7329]]]},"properties":{"GEOID":"08005007400","AREALAND":"1934558","AREAWATER":"0"}},{"type":"Feature","geometry":{"type":"Polygon","coordinates":[[[-105.1723,39.6333],[-105.204,39.6192],[-105.2326,39.6158],[-105.2225,39.5925],[-105.2184,39.5915],[-105.1678,39.5897],[-105.1563,39.6003],[-105.164,39.6235],[-105.1723,39.6333]]]},"properties":{"GEOID":"08059012034","AREALAND":"22261035","AREAWATER":"79258"}},{"type":"Feature","geometry":{"type":"Polygon","coordinates":[[[-105.2403,39.8659],[-105.2217,39.8201],[-105.1972,39.8127],[-105.1918,39.8269],[-105.1651,39.827],[-105.1653,39.8472],[-105.2007,39.8625],[-105.2403,39.8659]]]},"properties":{"GEOID":"08059009837","AREALAND":"21948285","AREAWATER":"1228890"}},{"type":"Feature","geometry":{"type":"Polygon","coordinates":[[[-104.9921,40.4647],[-104.9936,40.4],[-104.953,40.3998],[-104.9446,40.4053],[-104.9446,40.407],[-104.9441,40.4734],[-104.9634,40.4794],[-104.9633,40.4648],[-104.9921,40.4647]]]},"properties":{"GEOID":"08069001714","AREALAND":"31368533","AREAWATER":"207017"}},{"type":"Feature","geometry":{"type":"Polygon","coordinates":[[[-106.1906,40.9976],[-106.1852,40.9339],[-106.1479,40.9046],[-106.1366,40.9019],[-106.1269,40.8696],[-106.1084,40.8633],[-106.1013,40.8436],[-106.0577,40.8171],[-106.0454,40.7919],[-106.0107,40.741],[-105.9906,40.7272],[-105.9891,40.7103],[-105.9722,40.6948],[-105.9719,40.6819],[-105.9485,40.6423],[-105.9421,40.6091],[-105.9302,40.6062],[-105.9213,40.5726],[-105.9109,40.5664],[-105.9045,40.5141],[-105.8801,40.5233],[-105.8523,40.5065],[-105.8549,40.4862],[-105.8225,40.4768],[-105.8046,40.4913],[-105.7729,40.4999],[-105.7481,40.5235],[-105.7536,40.535],[-105.7354,40.5474],[-105.6827,40.55],[-105.665,40.5289],[-105.5997,40.5371],[-105.5869,40.5196],[-105.5618,40.506],[-105.5178,40.5191],[-105.505,40.5358],[-105.426,40.526],[-105.4047,40.5321],[-105.4027,40.5466],[-105.3687,40.5678],[-105.327,40.5749],[-105.2959,40.5603],[-105.2517,40.5125],[-105.2297,40.5083],[-105.2108,40.4873],[-105.1995,40.49],[-105.1982,40.5062],[-105.2255,40.5635],[-105.2621,40.597],[-105.2482,40.632],[-105.2222,40.6264],[-105.2,40.6342],[-105.2,40.6476],[-105.1781,40.6522],[-105.1888,40.6735],[-105.1785,40.6791],[-105.1707,40.7524],[-105.2018,40.7521],[-105.2135,40.7372],[-105.2338,40.7331],[-105.237,40.7186],[-105.262,40.7193],[-105.2745,40.7293],[-105.2926,40.7058],[-105.3754,40.7029],[-105.4037,40.715],[-105.3791,40.6944],[-105.3819,40.6833],[-105.4095,40.6832],[-105.4182,40.6741],[-105.4481,40.6868],[-105.4782,40.6743],[-105.487,40.6902],[-105.5161,40.691],[-105.5456,40.7003],[-105.5803,40.6996],[-105.5994,40.7149],[-105.6429,40.7288],[-105.6168,40.7513],[-105.5995,40.7919],[-105.7013,40.8154],[-105.7331,40.8118],[-105.746,40.803],[-105.7905,40.8067],[-105.816,40.8199],[-105.837,40.8186],[-105.866,40.8391],[-105.8744,40.8756],[-105.8268,40.8991],[-105.7941,40.9229],[-105.7852,40.9481],[-105.7698,40.9594],[-105.7776,40.9808],[-105.7706,40.9969],[-106.1906,40.9976]]]},"properties":{"GEOID":"08069002403","AREALAND":"2154806204","AREAWATER":"9453743"}},{"type":"Feature","geometry":{"type":"Polygon","coordinates":[[[-105.2108,40.4873],[-105.2297,40.5083],[-105.2517,40.5125],[-105.2959,40.5603],[-105.327,40.5749],[-105.3687,40.5678],[-105.4027,40.5466],[-105.4047,40.5321],[-105.426,40.526],[-105.505,40.5358],[-105.5178,40.5191],[-105.5129,40.4339],[-105.4988,40.4256],[-105.4862,40.4128],[-105.4561,40.4169],[-105.4689,40.4022],[-105.4565,40.3911],[-105.4767,40.3807],[-105.4784,40.3668],[-105.4544,40.3565],[-105.416,40.3678],[-105.3396,40.3661],[-105.3108,40.3763],[-105.2864,40.3722],[-105.2789,40.36],[-105.2348,40.3718],[-105.2196,40.3773],[-105.2166,40.3889],[-105.2282,40.4351],[-105.2185,40.4403],[-105.2263,40.4598],[-105.2234,40.4808],[-105.2108,40.4873]]]},"properties":{"GEOID":"08069001904","AREALAND":"457390763","AREAWATER":"400109"}},{"type":"Feature","geometry":{"type":"Polygon","coordinates":[[[-105.4544,40.3565],[-105.4775,40.3407],[-105.465,40.3351],[-105.4541,40.2953],[-105.4418,40.2709],[-105.4643,40.2752],[-105.4654,40.2594],[-105.391,40.2579],[-105.3363,40.2617],[-105.2373,40.2619],[-105.2382,40.3328],[-105.2348,40.3718],[-105.2789,40.36],[-105.2864,40.3722],[-105.3108,40.3763],[-105.3396,40.3661],[-105.416,40.3678],[-105.4544,40.3565]]]},"properties":{"GEOID":"08069001905","AREALAND":"218255566","AREAWATER":"476626"}},{"type":"Feature","geometry":{"type":"Polygon","coordinates":[[[-104.9925,40.5234],[-104.9918,40.5086],[-104.9921,40.4647],[-104.9633,40.4648],[-104.9634,40.4794],[-104.9441,40.4734],[-104.9441,40.4735],[-104.9441,40.4793],[-104.9443,40.5228],[-104.9925,40.5234]]]},"properties":{"GEOID":"08069002505","AREALAND":"22852090","AREAWATER":"1050025"}},{"type":"Feature","geometry":{"type":"Polygon","coordinates":[[[-105.0774,40.4802],[-105.0774,40.4511],[-105.0585,40.4289],[-105.0363,40.4126],[-105.0331,40.4657],[-105.0394,40.4774],[-105.042,40.4801],[-105.0774,40.4802]]]},"properties":{"GEOID":"08069001712","AREALAND":"14182340","AREAWATER":"6518347"}},{"type":"Feature","geometry":{"type":"Polygon","coordinates":[[[-105.0363,40.4126],[-105.0363,40.4072],[-105.0212,40.4],[-104.9936,40.4],[-104.9921,40.4647],[-105.0331,40.4657],[-105.0363,40.4126]]]},"properties":{"GEOID":"08069001715","AREALAND":"20403916","AREAWATER":"3419371"}},{"type":"Feature","geometry":{"type":"Polygon","coordinates":[[[-105.2348,40.3718],[-105.2382,40.3328],[-105.2373,40.2619],[-105.1591,40.2612],[-105.1592,40.2897],[-105.1502,40.2907],[-105.1504,40.3346],[-105.182,40.3386],[-105.1922,40.3844],[-105.2196,40.3773],[-105.2348,40.3718]]]},"properties":{"GEOID":"08069002601","AREALAND":"75392159","AREAWATER":"5201051"}},{"type":"Feature","geometry":{"type":"Polygon","coordinates":[[[-105.1155,40.4297],[-105.1252,40.4098],[-105.0968,40.4217],[-105.0966,40.429],[-105.1155,40.4297]]]},"properties":{"GEOID":"08069001811","AREALAND":"2445456","AREAWATER":"18250"}},{"type":"Feature","geometry":{"type":"Polygon","coordinates":[[[-105.0959,39.8781],[-105.1118,39.853],[-105.1103,39.8534],[-105.1076,39.8566],[-105.0828,39.8619],[-105.0816,39.8636],[-105.0821,39.8855],[-105.0959,39.8781]]]},"properties":{"GEOID":"08059009828","AREALAND":"4153145","AREAWATER":"27084"}},{"type":"Feature","geometry":{"type":"Polygon","coordinates":[[[-105.398,39.4242],[-105.3987,39.3369],[-105.3967,39.2649],[-105.3979,39.2033],[-105.3978,39.1586],[-105.3979,39.1296],[-105.3304,39.1295],[-105.3294,39.1295],[-105.3135,39.1598],[-105.288,39.1782],[-105.2827,39.2007],[-105.2596,39.2114],[-105.2636,39.2287],[-105.2524,39.2437],[-105.2339,39.2469],[-105.196,39.3021],[-105.1851,39.3348],[-105.1664,39.3623],[-105.173,39.3776],[-105.1643,39.3911],[-105.171,39.4078],[-105.1857,39.4103],[-105.2066,39.4288],[-105.2297,39.4311],[-105.2268,39.457],[-105.2866,39.5074],[-105.3067,39.5122],[-105.3603,39.4872],[-105.3804,39.4674],[-105.3983,39.4642],[-105.398,39.4242]]]},"properties":{"GEOID":"08059012058","AREALAND":"577212550","AREAWATER":"4029295"}},{"type":"Feature","geometry":{"type":"Polygon","coordinates":[[[-105.2944,39.6558],[-105.2849,39.6147],[-105.2681,39.5889],[-105.2221,39.5915],[-105.2225,39.5925],[-105.2326,39.6158],[-105.204,39.6192],[-105.1723,39.6333],[-105.1865,39.6525],[-105.2176,39.654],[-105.2757,39.6668],[-105.2944,39.6558]]]},"properties":{"GEOID":"08059012027","AREALAND":"54877926","AREAWATER":"33438"}},{"type":"Feature","geometry":{"type":"Polygon","coordinates":[[[-105.1379,39.7799],[-105.1434,39.7735],[-105.1096,39.7751],[-105.0814,39.7845],[-105.0861,39.785],[-105.1379,39.7799]]]},"properties":{"GEOID":"08059010403","AREALAND":"4082984","AREAWATER":"143983"}},{"type":"Feature","geometry":{"type":"Polygon","coordinates":[[[-105.0733,40.3642],[-105.074,40.3493],[-105.0567,40.3493],[-104.9813,40.3492],[-104.9455,40.3491],[-104.9446,40.4053],[-104.953,40.3998],[-104.9936,40.4],[-105.0212,40.4],[-105.0733,40.3783],[-105.0733,40.3642]]]},"properties":{"GEOID":"08069001713","AREALAND":"54502273","AREAWATER":"1738220"}},{"type":"Feature","geometry":{"type":"Polygon","coordinates":[[[-105.0658,40.3953],[-105.0733,40.3783],[-105.0212,40.4],[-105.0658,40.3953]]]},"properties":{"GEOID":"08069001710","AREALAND":"4600497","AREAWATER":"72598"}},{"type":"Feature","geometry":{"type":"Polygon","coordinates":[[[-105.0731,40.4023],[-105.0658,40.3953],[-105.0212,40.4],[-105.0363,40.4072],[-105.073,40.4072],[-105.0731,40.4023]]]},"properties":{"GEOID":"08069001711","AREALAND":"3913444","AREAWATER":"0"}},{"type":"Feature","geometry":{"type":"Polygon","coordinates":[[[-105.1995,40.49],[-105.1817,40.4345],[-105.1662,40.4119],[-105.1342,40.4073],[-105.1252,40.4098],[-105.1155,40.4297],[-105.1155,40.451],[-105.1156,40.4944],[-105.1151,40.5235],[-105.1151,40.5309],[-105.1409,40.5285],[-105.151,40.5144],[-105.1831,40.5226],[-105.1982,40.5062],[-105.1995,40.49]]]},"properties":{"GEOID":"08069001812","AREALAND":"76075416","AREAWATER":"108731"}},{"type":"Feature","geometry":{"type":"Polygon","coordinates":[[[-105.1155,40.451],[-105.1155,40.4297],[-105.0966,40.429],[-105.0964,40.451],[-105.1155,40.451]]]},"properties":{"GEOID":"08069001810","AREALAND":"3886712","AREAWATER":"4145"}},{"type":"Feature","geometry":{"type":"Polygon","coordinates":[[[-105.0914,39.6143],[-105.0914,39.6097],[-105.0725,39.6098],[-105.0536,39.6097],[-105.0535,39.6209],[-105.0581,39.6144],[-105.0914,39.6143]]]},"properties":{"GEOID":"08059012050","AREALAND":"3452820","AREAWATER":"669922"}},{"type":"Feature","geometry":{"type":"Polygon","coordinates":[[[-105.0814,39.7766],[-105.0814,39.7694],[-105.0647,39.7694],[-105.0532,39.7693],[-105.0533,39.7766],[-105.0814,39.7766]]]},"properties":{"GEOID":"08059010603","AREALAND":"1943853","AREAWATER":"0"}},{"type":"Feature","geometry":{"type":"Polygon","coordinates":[[[-105.1288,39.6097],[-105.1253,39.5922],[-105.1102,39.593],[-105.11,39.6045],[-105.11,39.6097],[-105.1288,39.6097]]]},"properties":{"GEOID":"08059012045","AREALAND":"2917725","AREAWATER":"16687"}},{"type":"Feature","geometry":{"type":"Polygon","coordinates":[[[-105.3983,39.6359],[-105.3991,39.5821],[-105.3683,39.5795],[-105.3453,39.5916],[-105.3234,39.6195],[-105.321,39.6324],[-105.3288,39.6335],[-105.3621,39.6443],[-105.3983,39.6359]]]},"properties":{"GEOID":"08059012030","AREALAND":"34181558","AREAWATER":"196689"}},{"type":"Feature","geometry":{"type":"Polygon","coordinates":[[[-105.2184,39.5915],[-105.21,39.5593],[-105.187,39.5373],[-105.1307,39.5508],[-105.146,39.5774],[-105.1563,39.6003],[-105.1678,39.5897],[-105.2184,39.5915]]]},"properties":{"GEOID":"08059012035","AREALAND":"29664577","AREAWATER":"245391"}},{"type":"Feature","geometry":{"type":"Polygon","coordinates":[[[-105.1379,39.8271],[-105.1378,39.8127],[-105.1284,39.8128],[-105.1285,39.8271],[-105.1379,39.8271]]]},"properties":{"GEOID":"08059009841","AREALAND":"1288574","AREAWATER":"0"}},{"type":"Feature","geometry":{"type":"Polygon","coordinates":[[[-105.1483,39.8715],[-105.1478,39.8459],[-105.1289,39.8421],[-105.1101,39.842],[-105.1103,39.8534],[-105.1118,39.853],[-105.1393,39.8583],[-105.1483,39.8715]]]},"properties":{"GEOID":"08059009815","AREALAND":"5467567","AREAWATER":"21447"}},{"type":"Feature","geometry":{"type":"Polygon","coordinates":[[[-104.7511,39.9724],[-104.8162,39.9143],[-104.7712,39.9144],[-104.7713,39.9054],[-104.7719,39.8564],[-104.791,39.8563],[-104.7909,39.8418],[-104.731,39.8452],[-104.7304,39.8961],[-104.7033,39.8959],[-104.692,39.9142],[-104.6797,39.907],[-104.6309,39.9066],[-104.6073,39.8991],[-104.6239,39.9618],[-104.6188,39.9838],[-104.6041,40.0006],[-104.7147,40.0005],[-104.7357,39.9869],[-104.7511,39.9724]]]},"properties":{"GEOID":"08001008553","AREALAND":"158123834","AREAWATER":"8106569"}},{"type":"Feature","geometry":{"type":"Polygon","coordinates":[[[-104.9878,39.9815],[-104.9882,39.9685],[-104.9881,39.9576],[-104.9594,39.9575],[-104.9403,39.9574],[-104.9221,39.9574],[-104.922,39.979],[-104.9594,39.9793],[-104.9594,39.9866],[-104.9877,39.9866],[-104.9878,39.9815]]]},"properties":{"GEOID":"08001060002","AREALAND":"15607169","AREAWATER":"237172"}},{"type":"Feature","geometry":{"type":"Polygon","coordinates":[[[-104.8594,39.9473],[-104.8674,39.9228],[-104.852,39.9216],[-104.8183,39.9215],[-104.819,39.9143],[-104.8162,39.9143],[-104.7511,39.9724],[-104.771,39.9724],[-104.7977,39.9723],[-104.8125,39.9723],[-104.8512,39.9723],[-104.8594,39.9473]]]},"properties":{"GEOID":"08001008552","AREALAND":"37509098","AREAWATER":"754776"}},{"type":"Feature","geometry":{"type":"Polygon","coordinates":[[[-104.7722,39.7715],[-104.7723,39.7539],[-104.7521,39.7522],[-104.7359,39.7403],[-104.6783,39.74],[-104.6031,39.7399],[-104.5825,39.7396],[-104.6091,39.7775],[-104.6236,39.7841],[-104.6309,39.8045],[-104.6256,39.8225],[-104.7531,39.8234],[-104.7625,39.8234],[-104.7626,39.7984],[-104.7344,39.7984],[-104.7345,39.7819],[-104.7346,39.7692],[-104.7534,39.7693],[-104.7722,39.7715]]]},"properties":{"GEOID":"08001008354","AREALAND":"108054889","AREAWATER":"539504"}},{"type":"Feature","geometry":{"type":"Polygon","coordinates":[[[-104.8654,39.8868],[-104.8678,39.8707],[-104.8657,39.8707],[-104.8488,39.8852],[-104.8319,39.8997],[-104.819,39.9143],[-104.8183,39.9215],[-104.852,39.9216],[-104.8558,39.9143],[-104.8466,39.897],[-104.8654,39.8868]]]},"properties":{"GEOID":"08001008557","AREALAND":"8601918","AREAWATER":"95296"}},{"type":"Feature","geometry":{"type":"Polygon","coordinates":[[[-104.8558,39.9143],[-104.8654,39.8868],[-104.8466,39.897],[-104.8558,39.9143]]]},"properties":{"GEOID":"08001008556","AREALAND":"3399302","AREAWATER":"0"}},{"type":"Feature","geometry":{"type":"Polygon","coordinates":[[[-104.922,39.979],[-104.9221,39.9574],[-104.9033,39.9495],[-104.9034,39.9612],[-104.8594,39.9473],[-104.8512,39.9723],[-104.8324,39.9869],[-104.922,39.9862],[-104.922,39.979]]]},"properties":{"GEOID":"08001008561","AREALAND":"22278872","AREAWATER":"355945"}},{"type":"Feature","geometry":{"type":"Polygon","coordinates":[[[-104.8318,39.6531],[-104.8289,39.6386],[-104.8227,39.6386],[-104.8197,39.6385],[-104.82,39.6531],[-104.8318,39.6531]]]},"properties":{"GEOID":"08005083900","AREALAND":"1376216","AREAWATER":"0"}},{"type":"Feature","geometry":{"type":"Polygon","coordinates":[[[-104.8472,39.7289],[-104.8472,39.7257],[-104.8432,39.7257],[-104.8248,39.7256],[-104.8255,39.7363],[-104.8282,39.7361],[-104.8472,39.7289]]]},"properties":{"GEOID":"08005007600","AREALAND":"1326879","AREAWATER":"0"}},{"type":"Feature","geometry":{"type":"Polygon","coordinates":[[[-105.6486,40.062],[-105.6374,40.0452],[-105.6528,40.0238],[-105.6222,40.0305],[-105.5711,40.0276],[-105.5513,40.0097],[-105.5332,40.013],[-105.5325,40.0282],[-105.512,40.0201],[-105.4778,40.0272],[-105.4372,40.0253],[-105.4577,40.0382],[-105.4322,40.0346],[-105.381,40.0418],[-105.3724,40.0505],[-105.3982,40.0591],[-105.4035,40.0508],[-105.4145,40.0727],[-105.3667,40.0816],[-105.3422,40.1023],[-105.3902,40.1182],[-105.4111,40.1385],[-105.4287,40.1369],[-105.4381,40.1238],[-105.4686,40.126],[-105.4978,40.0951],[-105.5661,40.0843],[-105.6004,40.0686],[-105.6486,40.062]]]},"properties":{"GEOID":"08013013703","AREALAND":"179045633","AREAWATER":"2253550"}},{"type":"Feature","geometry":{"type":"Polygon","coordinates":[[[-105.6903,39.9698],[-105.6932,39.9412],[-105.6758,39.9325],[-105.5011,39.9324],[-105.5043,39.9506],[-105.4827,39.9513],[-105.4827,39.9694],[-105.5085,39.9725],[-105.4927,39.9915],[-105.512,40.0201],[-105.5325,40.0282],[-105.5332,40.013],[-105.5513,40.0097],[-105.5711,40.0276],[-105.6222,40.0305],[-105.6528,40.0238],[-105.6897,40.0155],[-105.6832,39.9929],[-105.6903,39.9698]]]},"properties":{"GEOID":"08013013705","AREALAND":"161508384","AREAWATER":"2237894"}},{"type":"Feature","geometry":{"type":"Polygon","coordinates":[[[-105.512,40.0201],[-105.4927,39.9915],[-105.5085,39.9725],[-105.4827,39.9694],[-105.4827,39.9513],[-105.5043,39.9506],[-105.5011,39.9324],[-105.4532,39.9342],[-105.44,39.9384],[-105.419,39.9287],[-105.398,39.9348],[-105.3979,39.9129],[-105.3147,39.9139],[-105.3202,39.9528],[-105.337,39.9562],[-105.3271,39.9815],[-105.3092,39.9971],[-105.324,40.0153],[-105.3458,40.0368],[-105.3724,40.0505],[-105.381,40.0418],[-105.4322,40.0346],[-105.4577,40.0382],[-105.4372,40.0253],[-105.4778,40.0272],[-105.512,40.0201]]]},"properties":{"GEOID":"08013013706","AREALAND":"176978586","AREAWATER":"1725158"}},{"type":"Feature","geometry":{"type":"Polygon","coordinates":[[[-104.9222,40.0003],[-104.922,39.9862],[-104.8324,39.9869],[-104.8274,40.0004],[-104.886,40.0004],[-104.9222,40.0003]]]},"properties":{"GEOID":"08001008560","AREALAND":"11823738","AREAWATER":"373009"}},{"type":"Feature","geometry":{"type":"Polygon","coordinates":[[[-104.7723,39.7539],[-104.7725,39.7403],[-104.7359,39.7403],[-104.7521,39.7522],[-104.7723,39.7539]]]},"properties":{"GEOID":"08001008355","AREALAND":"3550543","AREAWATER":"11289"}},{"type":"Feature","geometry":{"type":"Polygon","coordinates":[[[-104.9882,39.9685],[-104.9974,39.9812],[-105.0158,39.9812],[-105.0156,39.9577],[-104.9881,39.9576],[-104.9882,39.9685]]]},"properties":{"GEOID":"08001060001","AREALAND":"4979245","AREAWATER":"3227"}},{"type":"Feature","geometry":{"type":"Polygon","coordinates":[[[-104.9899,39.9141],[-104.9896,39.9141],[-104.978,39.9142],[-104.9582,39.9139],[-104.9402,39.9138],[-104.9402,39.9184],[-104.9652,39.9284],[-104.9878,39.9285],[-104.9899,39.9141]]]},"properties":{"GEOID":"08001008555","AREALAND":"4829549","AREAWATER":"179271"}},{"type":"Feature","geometry":{"type":"Polygon","coordinates":[[[-104.9652,39.9284],[-104.9402,39.9184],[-104.9402,39.9209],[-104.9403,39.9284],[-104.9652,39.9284]]]},"properties":{"GEOID":"08001008554","AREALAND":"1264685","AREAWATER":"298340"}},{"type":"Feature","geometry":{"type":"Polygon","coordinates":[[[-104.8319,39.8997],[-104.8488,39.8852],[-104.802,39.8855],[-104.8185,39.8988],[-104.8319,39.8997]]]},"properties":{"GEOID":"08001008558","AREALAND":"3893908","AREAWATER":"5044"}},{"type":"Feature","geometry":{"type":"Polygon","coordinates":[[[-104.8657,39.8707],[-104.8651,39.8707],[-104.7935,39.8708],[-104.802,39.8855],[-104.8488,39.8852],[-104.8657,39.8707]]]},"properties":{"GEOID":"08001008559","AREALAND":"8582192","AREAWATER":"21916"}},{"type":"Feature","geometry":{"type":"Polygon","coordinates":[[[-104.7712,40.0005],[-104.7712,39.9868],[-104.7357,39.9869],[-104.7147,40.0005],[-104.7162,40.0005],[-104.7537,40.0005],[-104.7712,40.0005]]]},"properties":{"GEOID":"08001008562","AREALAND":"5863591","AREAWATER":"0"}},{"type":"Feature","geometry":{"type":"Polygon","coordinates":[[[-105.2254,40.0147],[-105.2254,40.0001],[-105.2128,40.0001],[-105.2128,39.9766],[-105.1655,39.9579],[-105.1633,39.964],[-105.1643,39.9725],[-105.1643,39.9869],[-105.1754,39.9868],[-105.1783,40.0146],[-105.2254,40.0147]]]},"properties":{"GEOID":"08013012710","AREALAND":"19225716","AREAWATER":"1123972"}},{"type":"Feature","geometry":{"type":"Polygon","coordinates":[[[-105.2329,40.0511],[-105.2424,40.0401],[-105.2346,40.0292],[-105.2254,40.0147],[-105.1783,40.0146],[-105.1311,40.0147],[-105.1311,40.0366],[-105.1312,40.0478],[-105.1783,40.0529],[-105.2041,40.051],[-105.2329,40.0511]]]},"properties":{"GEOID":"08013012707","AREALAND":"30454126","AREAWATER":"4297149"}},{"type":"Feature","geometry":{"type":"Polygon","coordinates":[[[-105.2583,40.0145],[-105.2586,40.0082],[-105.2534,40.0074],[-105.2484,40.0073],[-105.2397,40.0085],[-105.2408,40.0145],[-105.2583,40.0145]]]},"properties":{"GEOID":"08013012605","AREALAND":"1213031","AREAWATER":"0"}},{"type":"Feature","geometry":{"type":"Polygon","coordinates":[[[-105.324,40.0153],[-105.3092,39.9971],[-105.2819,40.0001],[-105.2823,40.0105],[-105.2841,40.0181],[-105.2939,40.015],[-105.324,40.0153]]]},"properties":{"GEOID":"08013012201","AREALAND":"5306990","AREAWATER":"0"}},{"type":"Feature","geometry":{"type":"Polygon","coordinates":[[[-105.1591,40.2612],[-105.1596,40.2323],[-105.1779,40.232],[-105.178,40.2033],[-105.1311,40.2032],[-105.1168,40.2032],[-105.1023,40.2033],[-105.0931,40.2032],[-105.0742,40.2033],[-105.0552,40.2037],[-105.0551,40.2561],[-105.0551,40.2618],[-105.1591,40.2612]]]},"properties":{"GEOID":"08013013201","AREALAND":"58577691","AREAWATER":"3903991"}},{"type":"Feature","geometry":{"type":"Polygon","coordinates":[[[-105.3363,40.2617],[-105.3391,40.2334],[-105.3572,40.2333],[-105.357,40.219],[-105.3382,40.2188],[-105.3392,40.2048],[-105.3,40.2045],[-105.3024,40.1773],[-105.3208,40.1778],[-105.3204,40.1065],[-105.308,40.1096],[-105.2999,40.131],[-105.2823,40.1337],[-105.2822,40.1493],[-105.2516,40.1891],[-105.1781,40.1877],[-105.1781,40.1887],[-105.178,40.2033],[-105.1779,40.232],[-105.1596,40.2323],[-105.1591,40.2612],[-105.2373,40.2619],[-105.3363,40.2617]]]},"properties":{"GEOID":"08013013601","AREALAND":"138103643","AREAWATER":"2036862"}},{"type":"Feature","geometry":{"type":"Polygon","coordinates":[[[-105.1633,39.964],[-105.1655,39.9579],[-105.1376,39.9397],[-105.1213,39.9524],[-105.1095,39.9565],[-105.1092,39.9566],[-105.1074,39.9579],[-105.1093,39.9724],[-105.1265,39.9704],[-105.1633,39.964]]]},"properties":{"GEOID":"08013060700","AREALAND":"9961606","AREAWATER":"77425"}},{"type":"Feature","geometry":{"type":"Polygon","coordinates":[[[-105.6533,40.2605],[-105.6673,40.2311],[-105.6776,40.1889],[-105.6676,40.1582],[-105.6365,40.1464],[-105.6261,40.1273],[-105.6346,40.1132],[-105.635,40.0755],[-105.6486,40.062],[-105.6004,40.0686],[-105.5661,40.0843],[-105.4978,40.0951],[-105.4686,40.126],[-105.4381,40.1238],[-105.4287,40.1369],[-105.4111,40.1385],[-105.3902,40.1182],[-105.3422,40.1023],[-105.3204,40.1065],[-105.3208,40.1778],[-105.3024,40.1773],[-105.3,40.2045],[-105.3392,40.2048],[-105.3382,40.2188],[-105.357,40.219],[-105.3572,40.2333],[-105.3391,40.2334],[-105.3363,40.2617],[-105.391,40.2579],[-105.4654,40.2594],[-105.5617,40.2615],[-105.6533,40.2605]]]},"properties":{"GEOID":"08013013602","AREALAND":"494936309","AREAWATER":"3405352"}},{"type":"Feature","geometry":{"type":"Polygon","coordinates":[[[-105.1168,40.2032],[-105.1168,40.1885],[-105.1023,40.1886],[-105.1023,40.2033],[-105.1168,40.2032]]]},"properties":{"GEOID":"08013013306","AREALAND":"1989501","AREAWATER":"0"}},{"type":"Feature","geometry":{"type":"Polygon","coordinates":[[[-107.635,38.3019],[-107.6116,38.2608],[-107.5888,38.2496],[-107.581,38.2127],[-107.5622,38.1582],[-107.5686,38.1473],[-107.2914,38.1471],[-107.0011,38.1471],[-107.0006,38.3841],[-107.0411,38.4144],[-107.0578,38.4426],[-107.0658,38.4753],[-107.0617,38.5054],[-107.1025,38.5546],[-107.1065,38.581],[-107.1382,38.6388],[-107.1669,38.6534],[-107.1917,38.6782],[-107.1875,38.7002],[-107.1998,38.7179],[-107.2066,38.7602],[-107.1908,38.7842],[-107.1524,38.8024],[-107.1446,38.8145],[-107.1053,38.8207],[-107.093,38.837],[-107.0994,38.8449],[-107.0945,38.8728],[-107.1138,38.8879],[-107.1202,38.9126],[-107.1077,38.9755],[-107.0954,39.0116],[-107.0838,38.9997],[-107.0511,38.9849],[-107.0476,39.0142],[-107.0166,39.0163],[-106.9961,39.0342],[-106.9891,39.0707],[-107.0055,39.0763],[-107.0663,39.1188],[-107.2825,39.1187],[-107.2956,39.1533],[-107.3163,39.1642],[-107.3534,39.173],[-107.3756,39.1979],[-107.3791,39.2317],[-107.3715,39.2388],[-107.3945,39.2563],[-107.4305,39.2567],[-107.4292,39.2422],[-107.451,39.2307],[-107.4844,39.2352],[-107.5006,39.2179],[-107.5006,38.7992],[-107.5006,38.6686],[-107.5006,38.4456],[-107.5,38.3019],[-107.635,38.3019]]]},"properties":{"GEOID":"08051963900","AREALAND":"4262311850","AREAWATER":"41566876"}},{"type":"Feature","geometry":{"type":"Polygon","coordinates":[[[-106.9961,39.0342],[-107.0166,39.0163],[-107.0476,39.0142],[-107.0511,38.9849],[-107.0838,38.9997],[-107.0954,39.0116],[-107.1077,38.9755],[-107.1202,38.9126],[-107.1138,38.8879],[-107.0945,38.8728],[-107.0994,38.8449],[-107.093,38.837],[-107.0682,38.8303],[-107.0287,38.8394],[-107.002,38.8345],[-106.9796,38.822],[-106.9418,38.7738],[-106.9493,38.7388],[-106.9461,38.7149],[-106.9091,38.7103],[-106.8921,38.6653],[-106.8756,38.6677],[-106.8498,38.6801],[-106.8135,38.7251],[-106.7774,38.7205],[-106.7683,38.741],[-106.7702,38.7595],[-106.7613,38.7925],[-106.7333,38.8133],[-106.7082,38.8561],[-106.721,38.8773],[-106.7202,38.8938],[-106.7455,38.9422],[-106.7927,38.9642],[-106.7997,38.9796],[-106.8273,38.9777],[-106.8469,38.987],[-106.8617,39.0094],[-106.8821,38.9924],[-106.9154,38.9995],[-106.9446,39.0144],[-106.9647,39.0175],[-106.9639,39.0285],[-106.9961,39.0342]]]},"properties":{"GEOID":"08051963800","AREALAND":"845104235","AREAWATER":"774727"}},{"type":"Feature","geometry":{"type":"Polygon","coordinates":[[[-104.9634,39.8493],[-104.9779,39.8381],[-104.9591,39.8381],[-104.955,39.8493],[-104.9634,39.8493]]]},"properties":{"GEOID":"08001009004","AREALAND":"1312427","AREAWATER":"30022"}},{"type":"Feature","geometry":{"type":"Polygon","coordinates":[[[-104.797,40.0005],[-104.7962,39.9868],[-104.7712,39.9868],[-104.7712,40.0005],[-104.797,40.0005]]]},"properties":{"GEOID":"08001008564","AREALAND":"3251823","AREAWATER":"19982"}},{"type":"Feature","geometry":{"type":"Polygon","coordinates":[[[-104.7712,39.9868],[-104.771,39.9724],[-104.7511,39.9724],[-104.7357,39.9869],[-104.7712,39.9868]]]},"properties":{"GEOID":"08001008563","AREALAND":"3786644","AREAWATER":"0"}},{"type":"Feature","geometry":{"type":"Polygon","coordinates":[[[-104.9857,39.8491],[-104.9836,39.8345],[-104.9779,39.8381],[-104.9634,39.8493],[-104.9857,39.8491]]]},"properties":{"GEOID":"08001009003","AREALAND":"1735293","AREAWATER":"5812"}},{"type":"Feature","geometry":{"type":"Polygon","coordinates":[[[-107.0379,40.2248],[-107.0374,40.0915],[-107.0374,40.0031],[-107.032,40.0029],[-107.034,39.9189],[-106.8761,39.9188],[-106.7253,39.9206],[-106.6265,39.9187],[-106.6266,39.9248],[-106.6261,40],[-106.637,40.0021],[-106.637,40.179],[-106.6331,40.179],[-106.6323,40.3416],[-106.6528,40.3416],[-106.6527,40.389],[-106.7056,40.3844],[-106.7515,40.3629],[-106.7465,40.3487],[-106.7775,40.3604],[-106.8107,40.383],[-106.8066,40.3939],[-106.8256,40.3988],[-106.8444,40.3922],[-106.8397,40.3699],[-106.864,40.3555],[-106.8697,40.2773],[-106.8936,40.264],[-106.9402,40.2568],[-106.947,40.2163],[-106.9822,40.202],[-107.033,40.21],[-107.0379,40.2248]]]},"properties":{"GEOID":"08107000800","AREALAND":"1499339064","AREAWATER":"6442864"}},{"type":"Feature","geometry":{"type":"Polygon","coordinates":[[[-104.6018,40.4497],[-104.693,40.4517],[-104.6915,40.449],[-104.6789,40.4281],[-104.6801,40.4101],[-104.6557,40.4094],[-104.6351,40.394],[-104.6516,40.3936],[-104.6747,40.3774],[-104.6742,40.3774],[-104.6589,40.3775],[-104.6586,40.3343],[-104.602,40.3339],[-104.6021,40.3484],[-104.583,40.3484],[-104.5835,40.4055],[-104.5645,40.4065],[-104.5834,40.4281],[-104.5836,40.4498],[-104.6018,40.4497]]]},"properties":{"GEOID":"08123000705","AREALAND":"85571639","AREAWATER":"3559447"}},{"type":"Feature","geometry":{"type":"Polygon","coordinates":[[[-104.7969,38.7744],[-104.8153,38.7763],[-104.8123,38.7658],[-104.798,38.7657],[-104.7969,38.7744]]]},"properties":{"GEOID":"08041003308","AREALAND":"1671880","AREAWATER":"0"}},{"type":"Feature","geometry":{"type":"Polygon","coordinates":[[[-104.7568,38.938],[-104.7532,38.9301],[-104.7397,38.9402],[-104.7393,38.9545],[-104.7503,38.9567],[-104.7568,38.938]]]},"properties":{"GEOID":"08041006902","AREALAND":"2469053","AREAWATER":"0"}},{"type":"Feature","geometry":{"type":"Polygon","coordinates":[[[-107.7949,39.544],[-107.7972,39.5284],[-107.7571,39.533],[-107.767,39.5541],[-107.7949,39.544]]]},"properties":{"GEOID":"08045952004","AREALAND":"7033574","AREAWATER":"0"}},{"type":"Feature","geometry":{"type":"Polygon","coordinates":[[[-108.5524,39.0774],[-108.5524,39.0644],[-108.4999,39.0769],[-108.5152,39.0773],[-108.5524,39.0774]]]},"properties":{"GEOID":"08077000700","AREALAND":"3502727","AREAWATER":"0"}},{"type":"Feature","geometry":{"type":"Polygon","coordinates":[[[-109.0515,39.1165],[-109.054,38.8772],[-109.0598,38.7184],[-109.0601,38.5],[-108.5837,38.5],[-108.3791,38.5],[-108.3787,38.6681],[-108.379,38.8291],[-108.2304,38.8778],[-108.2308,38.9564],[-108.2129,38.9568],[-108.2126,38.9704],[-108.2686,38.9697],[-108.2684,39.0404],[-108.2322,39.0405],[-108.2537,39.0485],[-108.2329,39.0655],[-108.2226,39.0837],[-108.237,39.0812],[-108.2671,39.1026],[-108.2869,39.1254],[-108.3244,39.1318],[-108.3204,39.1173],[-108.3475,39.1092],[-108.3502,39.0987],[-108.3696,39.0783],[-108.3892,39.0723],[-108.4608,39.0265],[-108.501,39.0204],[-108.5407,39.0311],[-108.5584,39.0246],[-108.5762,39.0477],[-108.586,39.0629],[-108.6043,39.0517],[-108.6364,39.036],[-108.6544,39.0487],[-108.6827,39.0849],[-108.7245,39.1207],[-108.7383,39.1414],[-108.7536,39.1581],[-108.7821,39.1587],[-108.803,39.1753],[-108.8373,39.163],[-108.8642,39.1662],[-108.8753,39.1862],[-108.9085,39.1856],[-108.9152,39.2051],[-108.9319,39.2028],[-108.9366,39.1762],[-108.9545,39.1734],[-108.9633,39.1556],[-108.996,39.1543],[-109.0038,39.1411],[-109.0242,39.136],[-109.0387,39.116],[-109.0515,39.1165]]]},"properties":{"GEOID":"08077001900","AREALAND":"4275100175","AREAWATER":"8487114"}},{"type":"Feature","geometry":{"type":"Polygon","coordinates":[[[-105.0969,40.3928],[-105.0954,40.3783],[-105.0733,40.3783],[-105.0658,40.3953],[-105.0731,40.4023],[-105.0779,40.4022],[-105.0969,40.3928]]]},"properties":{"GEOID":"08069002007","AREALAND":"4772219","AREAWATER":"462880"}},{"type":"Feature","geometry":{"type":"Polygon","coordinates":[[[-105.0954,40.3783],[-105.0973,40.3639],[-105.0733,40.3642],[-105.0733,40.3783],[-105.0954,40.3783]]]},"properties":{"GEOID":"08069002008","AREALAND":"3240036","AREAWATER":"31631"}},{"type":"Feature","geometry":{"type":"Polygon","coordinates":[[[-105.0433,40.538],[-105.0436,40.5234],[-105.0394,40.5232],[-105.0203,40.5233],[-105.0202,40.5378],[-105.0433,40.538]]]},"properties":{"GEOID":"08069001603","AREALAND":"3203404","AREAWATER":"1363"}},{"type":"Feature","geometry":{"type":"Polygon","coordinates":[[[-105.1213,39.9524],[-105.1208,39.9513],[-105.1095,39.9565],[-105.1213,39.9524]]]},"properties":{"GEOID":"08014980300","AREALAND":"105261","AREAWATER":"0"}},{"type":"Feature","geometry":{"type":"Polygon","coordinates":[[[-104.9135,39.8742],[-104.8678,39.8707],[-104.8654,39.8868],[-104.8558,39.9143],[-104.852,39.9216],[-104.8674,39.9228],[-104.8958,39.9063],[-104.9022,39.8852],[-104.9135,39.8742]]]},"properties":{"GEOID":"08001008535","AREALAND":"15299360","AREAWATER":"754191"}},{"type":"Feature","geometry":{"type":"Polygon","coordinates":[[[-104.9221,39.9574],[-104.9219,39.9285],[-104.9031,39.9286],[-104.8674,39.9228],[-104.8594,39.9473],[-104.9034,39.9612],[-104.9033,39.9495],[-104.9221,39.9574]]]},"properties":{"GEOID":"08001008540","AREALAND":"15315601","AREAWATER":"550692"}},{"type":"Feature","geometry":{"type":"Polygon","coordinates":[[[-105.2651,40.0547],[-105.2727,40.0364],[-105.2584,40.0365],[-105.2651,40.0547]]]},"properties":{"GEOID":"08013012103","AREALAND":"2307676","AREAWATER":"650"}},{"type":"Feature","geometry":{"type":"Polygon","coordinates":[[[-104.9155,39.8997],[-104.928,39.8852],[-104.9022,39.8852],[-104.8958,39.9063],[-104.8674,39.9228],[-104.9031,39.9286],[-104.9031,39.922],[-104.903,39.9143],[-104.9155,39.8997]]]},"properties":{"GEOID":"08001008551","AREALAND":"8747142","AREAWATER":"247442"}},{"type":"Feature","geometry":{"type":"Polygon","coordinates":[[[-105.11,39.6097],[-105.11,39.6045],[-105.0914,39.5999],[-105.0914,39.6097],[-105.11,39.6097]]]},"properties":{"GEOID":"08059012046","AREALAND":"1374701","AREAWATER":"4303"}},{"type":"Feature","geometry":{"type":"Polygon","coordinates":[[[-105.11,39.6045],[-105.1102,39.593],[-105.0915,39.5931],[-105.0915,39.5953],[-105.0914,39.5999],[-105.11,39.6045]]]},"properties":{"GEOID":"08059012047","AREALAND":"1733094","AREAWATER":"2002"}},{"type":"Feature","geometry":{"type":"Polygon","coordinates":[[[-105.0914,39.5999],[-105.0915,39.5953],[-105.0727,39.5952],[-105.0725,39.6098],[-105.0914,39.6097],[-105.0914,39.5999]]]},"properties":{"GEOID":"08059012048","AREALAND":"2362001","AREAWATER":"243010"}},{"type":"Feature","geometry":{"type":"Polygon","coordinates":[[[-105.0725,39.6098],[-105.0727,39.5952],[-105.0537,39.5952],[-105.0536,39.6097],[-105.0725,39.6098]]]},"properties":{"GEOID":"08059012049","AREALAND":"2631280","AREAWATER":"0"}},{"type":"Feature","geometry":{"type":"Polygon","coordinates":[[[-105.0727,39.5952],[-105.0728,39.5807],[-105.054,39.5807],[-105.0537,39.5952],[-105.0727,39.5952]]]},"properties":{"GEOID":"08059012051","AREALAND":"2611930","AREAWATER":"0"}},{"type":"Feature","geometry":{"type":"Polygon","coordinates":[[[-105.0728,39.5807],[-105.0611,39.5663],[-105.0541,39.5671],[-105.054,39.5758],[-105.054,39.5807],[-105.0728,39.5807]]]},"properties":{"GEOID":"08059012053","AREALAND":"2457716","AREAWATER":"85176"}},{"type":"Feature","geometry":{"type":"Polygon","coordinates":[[[-105.1099,39.6242],[-105.11,39.6097],[-105.0914,39.6097],[-105.0914,39.6143],[-105.0914,39.6183],[-105.0913,39.6242],[-105.1075,39.6242],[-105.1099,39.6242]]]},"properties":{"GEOID":"08059012054","AREALAND":"2349224","AREAWATER":"0"}},{"type":"Feature","geometry":{"type":"Polygon","coordinates":[[[-104.7352,40.4229],[-104.7351,40.4147],[-104.7159,40.4139],[-104.7159,40.423],[-104.7352,40.4229]]]},"properties":{"GEOID":"08123001201","AREALAND":"1503899","AREAWATER":"0"}},{"type":"Feature","geometry":{"type":"Polygon","coordinates":[[[-104.9291,39.566],[-104.9199,39.5538],[-104.9116,39.5551],[-104.906,39.5582],[-104.9044,39.566],[-104.923,39.566],[-104.9291,39.566]]]},"properties":{"GEOID":"08035014138","AREALAND":"1885399","AREAWATER":"0"}},{"type":"Feature","geometry":{"type":"Polygon","coordinates":[[[-104.964,39.5242],[-104.942,39.5035],[-104.9386,39.5258],[-104.941,39.5275],[-104.9636,39.5241],[-104.964,39.5242]]]},"properties":{"GEOID":"08035014134","AREALAND":"3177433","AREAWATER":"0"}},{"type":"Feature","geometry":{"type":"Polygon","coordinates":[[[-104.9668,39.5416],[-104.9636,39.5241],[-104.941,39.5275],[-104.9482,39.5427],[-104.9613,39.5403],[-104.9668,39.5416]]]},"properties":{"GEOID":"08035014132","AREALAND":"3305673","AREAWATER":"3538"}},{"type":"Feature","geometry":{"type":"Polygon","coordinates":[[[-104.917,39.5319],[-104.9138,39.5196],[-104.8857,39.5289],[-104.8855,39.5363],[-104.9043,39.5365],[-104.9134,39.542],[-104.917,39.5319]]]},"properties":{"GEOID":"08035014140","AREALAND":"3918204","AREAWATER":"0"}},{"type":"Feature","geometry":{"type":"Polygon","coordinates":[[[-104.7565,39.504],[-104.7396,39.492],[-104.7326,39.4899],[-104.7208,39.5016],[-104.7237,39.5183],[-104.7364,39.5181],[-104.7565,39.504]]]},"properties":{"GEOID":"08035013910","AREALAND":"5167469","AREAWATER":"0"}},{"type":"Feature","geometry":{"type":"Polygon","coordinates":[[[-104.961,40.1314],[-104.9612,40.0872],[-104.9413,40.088],[-104.9416,40.1022],[-104.942,40.1314],[-104.961,40.1314]]]},"properties":{"GEOID":"08123002013","AREALAND":"7795510","AREAWATER":"189947"}},{"type":"Feature","geometry":{"type":"Polygon","coordinates":[[[-107.9386,39.7016],[-107.913,39.6731],[-107.929,39.6613],[-107.9198,39.6364],[-107.8919,39.5951],[-107.9087,39.563],[-107.9386,39.5556],[-107.9391,39.5442],[-107.9577,39.5359],[-107.9738,39.5427],[-108.0074,39.5343],[-108.0057,39.4955],[-107.9881,39.4725],[-107.9594,39.4787],[-107.9318,39.497],[-107.9074,39.4688],[-107.9166,39.4517],[-107.8841,39.3662],[-107.7535,39.3662],[-107.7339,39.3693],[-107.7233,39.3833],[-107.6998,39.3931],[-107.6955,39.4085],[-107.6767,39.4231],[-107.6898,39.4742],[-107.6898,39.5142],[-107.716,39.5375],[-107.7002,39.5479],[-107.7571,39.533],[-107.7972,39.5284],[-107.7949,39.544],[-107.7694,39.5784],[-107.7701,39.6112],[-107.7625,39.6274],[-107.7306,39.6392],[-107.6826,39.6375],[-107.6525,39.6286],[-107.6209,39.6411],[-107.6285,39.6711],[-107.6657,39.6878],[-107.647,39.7338],[-107.654,39.7463],[-107.6451,39.7608],[-107.6564,39.7712],[-107.6351,39.7869],[-107.6302,39.8048],[-107.6177,39.802],[-107.5828,39.8116],[-107.5784,39.8287],[-107.6942,39.8301],[-107.7872,39.825],[-107.9385,39.825],[-107.9386,39.7016]]]},"properties":{"GEOID":"08045952003","AREALAND":"1057350204","AREAWATER":"4552844"}},{"type":"Feature","geometry":{"type":"Polygon","coordinates":[[[-102.4738,40.4392],[-102.4733,40.3955],[-102.5116,40.3952],[-102.5089,40.3515],[-102.5092,40.2213],[-102.4903,40.2212],[-102.4911,40.1415],[-102.4353,40.1426],[-102.4076,40.1488],[-102.3795,40.1281],[-102.3794,40.0992],[-102.473,40.105],[-102.4729,40.0053],[-102.4677,40.0011],[-102.4678,39.9202],[-102.4644,39.8199],[-102.4609,39.6432],[-102.4395,39.6432],[-102.4364,39.5766],[-102.4304,39.5708],[-102.4257,39.5707],[-102.2655,39.5716],[-102.0498,39.5741],[-102.0514,39.8434],[-102.0516,40.1789],[-102.0515,40.44],[-102.3972,40.4397],[-102.4738,40.4392]]]},"properties":{"GEOID":"08125963100","AREALAND":"3445560639","AREAWATER":"9770023"}},{"type":"Feature","geometry":{"type":"Polygon","coordinates":[[[-102.78,40.4385],[-102.7802,40.3511],[-102.7936,40.3513],[-102.7942,40.1694],[-102.7933,40.0025],[-102.8038,40.0025],[-102.8004,39.8308],[-102.8029,39.5678],[-102.5726,39.5692],[-102.4304,39.5708],[-102.4364,39.5766],[-102.4395,39.6432],[-102.4609,39.6432],[-102.4644,39.8199],[-102.4678,39.9202],[-102.4677,40.0011],[-102.4729,40.0053],[-102.473,40.105],[-102.3794,40.0992],[-102.3795,40.1281],[-102.4076,40.1488],[-102.4353,40.1426],[-102.4911,40.1415],[-102.4903,40.2212],[-102.5092,40.2213],[-102.5089,40.3515],[-102.5116,40.3952],[-102.4733,40.3955],[-102.4738,40.4392],[-102.6648,40.4385],[-102.78,40.4385]]]},"properties":{"GEOID":"08125963200","AREALAND":"2678203385","AREAWATER":"1364172"}},{"type":"Feature","geometry":{"type":"Polygon","coordinates":[[[-107.0011,38.1471],[-107.0006,37.956],[-106.968,37.975],[-106.9415,37.9543],[-106.9203,37.9674],[-106.8792,37.9611],[-106.8799,37.9499],[-106.8473,37.9192],[-106.801,37.9137],[-106.7731,37.8856],[-106.7558,37.8806],[-106.7367,37.8879],[-106.7229,37.875],[-106.6935,37.8735],[-106.6937,37.8483],[-106.6695,37.8615],[-106.6469,37.8997],[-106.5487,37.9689],[-106.5112,37.9716],[-106.4882,37.9447],[-106.4604,37.9296],[-106.4483,37.9151],[-106.3902,37.9052],[-106.361,37.8727],[-106.3445,37.8631],[-106.2904,37.8534],[-106.2175,37.8741],[-106.2065,37.885],[-106.2019,37.9084],[-106.1822,37.9085],[-106.1824,37.9231],[-106.1451,37.9226],[-106.1475,37.8351],[-105.8904,37.8367],[-105.8895,37.8285],[-105.8561,37.8152],[-105.8218,37.7553],[-105.8093,37.7505],[-105.6173,37.7523],[-105.4573,37.7515],[-105.4494,37.7781],[-105.4549,37.7957],[-105.4352,37.8048],[-105.4289,37.8517],[-105.4505,37.8781],[-105.4785,37.8798],[-105.4732,37.896],[-105.5031,37.9237],[-105.5111,37.9391],[-105.5333,37.9552],[-105.5603,37.9519],[-105.6044,38.0087],[-105.597,38.0132],[-105.6272,38.0673],[-105.6559,38.0923],[-105.6619,38.1187],[-105.6763,38.1462],[-105.6731,38.1589],[-105.7007,38.1696],[-105.7367,38.2096],[-105.7898,38.2444],[-105.7969,38.2651],[-105.819,38.2736],[-105.8668,38.3057],[-105.8888,38.3408],[-105.9198,38.3672],[-105.9446,38.3786],[-105.9476,38.3905],[-105.9839,38.42],[-105.9968,38.4203],[-106.0108,38.4466],[-106.019,38.4544],[-106.0584,38.4569],[-106.058,38.4447],[-106.0759,38.4238],[-106.0881,38.4223],[-106.2469,38.4228],[-106.5006,38.4244],[-106.8712,38.4253],[-107.0006,38.4256],[-107.0006,38.3841],[-107.0011,38.1471]]]},"properties":{"GEOID":"08109977600","AREALAND":"7205986236","AREAWATER":"4314125"}},{"type":"Feature","geometry":{"type":"Polygon","coordinates":[[[-106.6937,37.8483],[-106.6938,37.8352],[-106.5871,37.8344],[-106.5864,37.7478],[-106.2526,37.7481],[-106.0384,37.7484],[-105.8093,37.7505],[-105.8218,37.7553],[-105.8561,37.8152],[-105.8895,37.8285],[-105.8904,37.8367],[-106.1475,37.8351],[-106.1451,37.9226],[-106.1824,37.9231],[-106.1822,37.9085],[-106.2019,37.9084],[-106.2065,37.885],[-106.2175,37.8741],[-106.2904,37.8534],[-106.3445,37.8631],[-106.361,37.8727],[-106.3902,37.9052],[-106.4483,37.9151],[-106.4604,37.9296],[-106.4882,37.9447],[-106.5112,37.9716],[-106.5487,37.9689],[-106.6469,37.8997],[-106.6695,37.8615],[-106.6937,37.8483]]]},"properties":{"GEOID":"08109977700","AREALAND":"1000561520","AREAWATER":"140385"}},{"type":"Feature","geometry":{"type":"Polygon","coordinates":[[[-105.1004,39.6965],[-105.1002,39.6822],[-105.0814,39.6822],[-105.0815,39.6895],[-105.0815,39.6966],[-105.1004,39.6965]]]},"properties":{"GEOID":"08059011702","AREALAND":"2566570","AREAWATER":"10206"}},{"type":"Feature","geometry":{"type":"Polygon","coordinates":[[[-104.8789,38.8677],[-104.882,38.8565],[-104.872,38.8531],[-104.8668,38.8551],[-104.8655,38.8609],[-104.8706,38.8778],[-104.8789,38.8677]]]},"properties":{"GEOID":"08041006600","AREALAND":"2516901","AREAWATER":"91797"}},{"type":"Feature","geometry":{"type":"Polygon","coordinates":[[[-105.7298,37.1807],[-105.734,37.15],[-105.7489,37.1352],[-105.7408,37.1033],[-105.7701,37.0611],[-105.7608,37.026],[-105.7285,37.015],[-105.7185,36.9958],[-105.4841,36.9954],[-105.155,36.9953],[-105.1542,37.2931],[-105.1646,37.2891],[-105.1868,37.2839],[-105.1926,37.2725],[-105.2262,37.2473],[-105.2843,37.2278],[-105.3003,37.2408],[-105.3261,37.2324],[-105.338,37.2515],[-105.3623,37.2524],[-105.3893,37.2421],[-105.4262,37.2425],[-105.4334,37.2869],[-105.5969,37.2873],[-105.5969,37.3168],[-105.7244,37.3157],[-105.7384,37.3068],[-105.72,37.2859],[-105.7462,37.2491],[-105.7457,37.2188],[-105.7298,37.1807]]]},"properties":{"GEOID":"08023972700","AREALAND":"1624759009","AREAWATER":"5062663"}},{"type":"Feature","geometry":{"type":"Polygon","coordinates":[[[-105.0905,39.9144],[-105.0912,39.9144],[-105.0803,39.8998],[-105.0717,39.8998],[-105.053,39.9142],[-105.0718,39.9144],[-105.0905,39.9144]]]},"properties":{"GEOID":"08014030200","AREALAND":"2581398","AREAWATER":"26498"}},{"type":"Feature","geometry":{"type":"Polygon","coordinates":[[[-105.8756,37.4764],[-105.9171,37.5153],[-105.9306,37.5071],[-105.9304,37.4901],[-105.8743,37.4666],[-105.8756,37.4751],[-105.8756,37.4752],[-105.8756,37.4751],[-105.8756,37.4752],[-105.8756,37.4764]]]},"properties":{"GEOID":"08003960202","AREALAND":"12015699","AREAWATER":"79756"}},{"type":"Feature","geometry":{"type":"Polygon","coordinates":[[[-105.8756,37.4752],[-105.8756,37.4751],[-105.8743,37.4666],[-105.8559,37.4667],[-105.8531,37.4666],[-105.8209,37.464],[-105.8209,37.4881],[-105.8701,37.4884],[-105.8756,37.4764],[-105.8756,37.4752],[-105.8756,37.4751],[-105.8756,37.4752]]]},"properties":{"GEOID":"08003960201","AREALAND":"10905958","AREAWATER":"0"}},{"type":"Feature","geometry":{"type":"Polygon","coordinates":[[[-106.578,39.0579],[-106.5972,39.0448],[-106.5917,39.0249],[-106.5992,38.998],[-106.5772,38.9904],[-106.5542,38.9987],[-106.5284,38.9807],[-106.5285,38.9599],[-106.5044,38.9368],[-106.465,38.9104],[-106.4372,38.9149],[-106.4218,38.9281],[-106.4021,38.9106],[-106.3808,38.9257],[-106.3734,38.9066],[-106.3571,38.913],[-106.3261,38.911],[-106.3213,38.8926],[-106.3643,38.8534],[-106.3836,38.8247],[-106.4074,38.8293],[-106.4227,38.8076],[-106.415,38.7996],[-106.4193,38.766],[-106.4174,38.7257],[-106.4253,38.7103],[-106.4519,38.6983],[-106.419,38.6904],[-106.3074,38.7138],[-106.2973,38.7089],[-106.2517,38.7153],[-106.2405,38.709],[-106.2028,38.7111],[-106.1707,38.7324],[-106.1202,38.741],[-106.0827,38.7417],[-106.0826,38.7545],[-106.1136,38.7829],[-106.1144,38.8039],[-106.163,38.8104],[-106.1653,38.8332],[-106.175,38.8289],[-106.1829,38.8762],[-106.1595,38.876],[-106.173,38.8935],[-106.1833,38.9303],[-106.2149,38.9769],[-106.2217,38.997],[-106.2381,39.0035],[-106.2394,39.0188],[-106.2642,39.0389],[-106.2728,39.0564],[-106.3891,39.0563],[-106.578,39.0579]]]},"properties":{"GEOID":"08015000403","AREALAND":"926251035","AREAWATER":"2553678"}},{"type":"Feature","geometry":{"type":"Polygon","coordinates":[[[-106.1595,38.876],[-106.1829,38.8762],[-106.175,38.8289],[-106.1653,38.8332],[-106.163,38.8104],[-106.1144,38.8039],[-106.128,38.8345],[-106.1595,38.876]]]},"properties":{"GEOID":"08015000404","AREALAND":"26306420","AREAWATER":"235294"}},{"type":"Feature","geometry":{"type":"Polygon","coordinates":[[[-105.116,40.3926],[-105.1159,40.3784],[-105.0954,40.3783],[-105.0969,40.3928],[-105.116,40.3926]]]},"properties":{"GEOID":"08069002005","AREALAND":"2582685","AREAWATER":"4105"}},{"type":"Feature","geometry":{"type":"Polygon","coordinates":[[[-105.0344,39.9287],[-105.0344,39.9214],[-105.0155,39.9285],[-105.0344,39.9287]]]},"properties":{"GEOID":"08014030700","AREALAND":"1319414","AREAWATER":"14245"}},{"type":"Feature","geometry":{"type":"Polygon","coordinates":[[[-105.0529,39.9432],[-105.072,39.9433],[-105.0719,39.9288],[-105.0531,39.9319],[-105.0529,39.9432]]]},"properties":{"GEOID":"08014030400","AREALAND":"2317758","AREAWATER":"133645"}},{"type":"Feature","geometry":{"type":"Polygon","coordinates":[[[-105.3041,38.2582],[-105.3154,38.2426],[-105.3541,38.2225],[-105.3724,38.197],[-105.393,38.1991],[-105.4274,38.1594],[-105.4398,38.137],[-105.4638,38.1309],[-105.4546,38.0869],[-105.3782,38.0834],[-105.3401,38.0956],[-105.3282,38.0806],[-105.3194,38.0432],[-105.3121,38.0371],[-105.3269,38.0195],[-105.2926,38.0146],[-105.2941,37.9969],[-105.2501,37.9867],[-105.2499,37.9803],[-105.2131,37.981],[-105.1971,37.9924],[-105.1946,38.0076],[-105.1686,38.0189],[-105.148,38.0062],[-105.1525,37.9921],[-105.1313,37.9735],[-105.1262,37.9515],[-105.1085,37.9434],[-105.0844,37.9554],[-105.0661,37.9442],[-105.0632,37.917],[-105.0499,37.9155],[-105.05,37.9857],[-105.0507,38.1138],[-105.0483,38.1278],[-105.0492,38.258],[-105.2792,38.2587],[-105.3041,38.2582]]]},"properties":{"GEOID":"08027970102","AREALAND":"871112270","AREAWATER":"455018"}},{"type":"Feature","geometry":{"type":"Polygon","coordinates":[[[-105.7969,38.2651],[-105.7898,38.2444],[-105.7367,38.2096],[-105.7007,38.1696],[-105.6731,38.1589],[-105.6763,38.1462],[-105.6619,38.1187],[-105.6559,38.0923],[-105.6272,38.0673],[-105.597,38.0132],[-105.6044,38.0087],[-105.5603,37.9519],[-105.5333,37.9552],[-105.5111,37.9391],[-105.5031,37.9237],[-105.4732,37.896],[-105.4403,37.8975],[-105.4136,37.8905],[-105.3771,37.9161],[-105.3145,37.9384],[-105.2851,37.8994],[-105.2738,37.9077],[-105.2389,37.9626],[-105.2154,37.9705],[-105.2131,37.981],[-105.2499,37.9803],[-105.2501,37.9867],[-105.2941,37.9969],[-105.2926,38.0146],[-105.3269,38.0195],[-105.3121,38.0371],[-105.3194,38.0432],[-105.3282,38.0806],[-105.3401,38.0956],[-105.3782,38.0834],[-105.4546,38.0869],[-105.4638,38.1309],[-105.4398,38.137],[-105.4274,38.1594],[-105.393,38.1991],[-105.3724,38.197],[-105.3541,38.2225],[-105.3154,38.2426],[-105.3041,38.2582],[-105.3689,38.2594],[-105.6126,38.2649],[-105.7969,38.2651]]]},"properties":{"GEOID":"08027970101","AREALAND":"1041919698","AREAWATER":"2909134"}},{"type":"Feature","geometry":{"type":"Polygon","coordinates":[[[-105.0662,39.7476],[-105.066,39.7403],[-105.0532,39.7403],[-105.0532,39.7404],[-105.0532,39.744],[-105.0532,39.7476],[-105.0662,39.7476]]]},"properties":{"GEOID":"08059011401","AREALAND":"902515","AREAWATER":"0"}},{"type":"Feature","geometry":{"type":"Polygon","coordinates":[[[-105.1424,39.7473],[-105.1471,39.7391],[-105.1283,39.7401],[-105.1095,39.7401],[-105.1096,39.7474],[-105.1424,39.7473]]]},"properties":{"GEOID":"08059015800","AREALAND":"2309713","AREAWATER":"737"}},{"type":"Feature","geometry":{"type":"Polygon","coordinates":[[[-104.9664,39.8995],[-104.9626,39.8852],[-104.9589,39.8851],[-104.9402,39.885],[-104.9402,39.8994],[-104.9588,39.8995],[-104.9664,39.8995]]]},"properties":{"GEOID":"08001008533","AREALAND":"3353028","AREAWATER":"36543"}},{"type":"Feature","geometry":{"type":"Polygon","coordinates":[[[-104.9402,39.8994],[-104.9402,39.885],[-104.928,39.8852],[-104.9155,39.8997],[-104.9402,39.8994]]]},"properties":{"GEOID":"08001008534","AREALAND":"2341348","AREAWATER":"28063"}},{"type":"Feature","geometry":{"type":"Polygon","coordinates":[[[-104.8274,40.0004],[-104.8324,39.9869],[-104.8126,39.9868],[-104.8101,39.9868],[-104.8161,40.0004],[-104.822,40.0004],[-104.8274,40.0004]]]},"properties":{"GEOID":"08001008603","AREALAND":"1864594","AREAWATER":"56164"}},{"type":"Feature","geometry":{"type":"Polygon","coordinates":[[[-104.8161,40.0004],[-104.8101,39.9868],[-104.7962,39.9868],[-104.797,40.0005],[-104.8161,40.0004]]]},"properties":{"GEOID":"08001008604","AREALAND":"2176257","AREAWATER":"5539"}},{"type":"Feature","geometry":{"type":"Polygon","coordinates":[[[-104.8126,39.9868],[-104.8125,39.9723],[-104.7977,39.9723],[-104.7962,39.9868],[-104.8101,39.9868],[-104.8126,39.9868]]]},"properties":{"GEOID":"08001008605","AREALAND":"1982547","AREAWATER":"0"}},{"type":"Feature","geometry":{"type":"Polygon","coordinates":[[[-104.7472,38.789],[-104.7508,38.7817],[-104.7206,38.7809],[-104.7304,38.7959],[-104.7411,38.7923],[-104.7472,38.789]]]},"properties":{"GEOID":"08041006502","AREALAND":"2591740","AREAWATER":"0"}},{"type":"Feature","geometry":{"type":"Polygon","coordinates":[[[-105.0532,39.8694],[-105.0532,39.8636],[-105.025,39.8635],[-105.025,39.8708],[-105.0345,39.8708],[-105.0532,39.8694]]]},"properties":{"GEOID":"08001009406","AREALAND":"1730102","AREAWATER":"9038"}},{"type":"Feature","geometry":{"type":"Polygon","coordinates":[[[-105.0532,39.8636],[-105.0533,39.8599],[-105.0249,39.8563],[-105.025,39.8599],[-105.025,39.8635],[-105.0532,39.8636]]]},"properties":{"GEOID":"08001009407","AREALAND":"1897315","AREAWATER":"0"}},{"type":"Feature","geometry":{"type":"Polygon","coordinates":[[[-105.0531,39.8854],[-105.0344,39.8852],[-105.025,39.8852],[-105.0249,39.8996],[-105.053,39.8998],[-105.0531,39.8854]]]},"properties":{"GEOID":"08001009409","AREALAND":"3837681","AREAWATER":"6753"}},{"type":"Feature","geometry":{"type":"Polygon","coordinates":[[[-105.0531,39.8854],[-105.0532,39.8694],[-105.0345,39.8708],[-105.0344,39.8852],[-105.0531,39.8854]]]},"properties":{"GEOID":"08001009410","AREALAND":"2730990","AREAWATER":"54250"}},{"type":"Feature","geometry":{"type":"Polygon","coordinates":[[[-105.0344,39.8852],[-105.0345,39.8708],[-105.025,39.8708],[-105.025,39.8852],[-105.0344,39.8852]]]},"properties":{"GEOID":"08001009411","AREALAND":"1282242","AREAWATER":"0"}},{"type":"Feature","geometry":{"type":"Polygon","coordinates":[[[-105.0248,39.836],[-105.0248,39.8273],[-105.0062,39.8273],[-105.0062,39.8309],[-105.0155,39.8336],[-105.0248,39.836]]]},"properties":{"GEOID":"08001009501","AREALAND":"1087578","AREAWATER":"0"}},{"type":"Feature","geometry":{"type":"Polygon","coordinates":[[[-105.0248,39.8273],[-105.0252,39.8038],[-105.0063,39.8015],[-105.0062,39.8273],[-105.0248,39.8273]]]},"properties":{"GEOID":"08001009502","AREALAND":"4225442","AREAWATER":"137321"}},{"type":"Feature","geometry":{"type":"Polygon","coordinates":[[[-104.8659,39.7547],[-104.8658,39.7438],[-104.8471,39.7438],[-104.8469,39.7547],[-104.8659,39.7547]]]},"properties":{"GEOID":"08001008000","AREALAND":"1956147","AREAWATER":"0"}},{"type":"Feature","geometry":{"type":"Polygon","coordinates":[[[-104.8607,39.3802],[-104.8659,39.3657],[-104.8449,39.3571],[-104.8175,39.365],[-104.8298,39.3771],[-104.8607,39.3802]]]},"properties":{"GEOID":"08035014504","AREALAND":"6445913","AREAWATER":"0"}},{"type":"Feature","geometry":{"type":"Polygon","coordinates":[[[-104.9223,39.6959],[-104.9223,39.6785],[-104.9128,39.6785],[-104.9062,39.6784],[-104.9034,39.6849],[-104.9034,39.6855],[-104.9129,39.6909],[-104.9221,39.6962],[-104.9223,39.6959]]]},"properties":{"GEOID":"08031005200","AREALAND":"2051681","AREAWATER":"0"}},{"type":"Feature","geometry":{"type":"Polygon","coordinates":[[[-104.89,39.6676],[-104.8902,39.6645],[-104.8871,39.6619],[-104.8848,39.6531],[-104.8801,39.6531],[-104.877,39.6531],[-104.8664,39.6594],[-104.8793,39.6639],[-104.89,39.6676]]]},"properties":{"GEOID":"08031006814","AREALAND":"2077432","AREAWATER":"0"}},{"type":"Feature","geometry":{"type":"Polygon","coordinates":[[[-104.9982,39.7693],[-104.9984,39.7621],[-104.9848,39.7674],[-104.9784,39.7753],[-104.9689,39.791],[-104.9675,39.7933],[-104.9888,39.791],[-104.9978,39.791],[-104.9983,39.7824],[-104.9982,39.7766],[-104.9982,39.7693]]]},"properties":{"GEOID":"08031001500","AREALAND":"5302198","AREAWATER":"2641"}},{"type":"Feature","geometry":{"type":"Polygon","coordinates":[[[-104.9811,39.7475],[-104.9799,39.7433],[-104.9799,39.74],[-104.9734,39.74],[-104.9734,39.7438],[-104.9782,39.7475],[-104.9811,39.7475]]]},"properties":{"GEOID":"08031002602","AREALAND":"393281","AREAWATER":"0"}},{"type":"Feature","geometry":{"type":"Polygon","coordinates":[[[-104.5892,38.2757],[-104.589,38.2702],[-104.5673,38.2718],[-104.5551,38.2732],[-104.5598,38.2757],[-104.5892,38.2757]]]},"properties":{"GEOID":"08101001100","AREALAND":"1395413","AREAWATER":"0"}},{"type":"Feature","geometry":{"type":"Polygon","coordinates":[[[-104.6336,38.2694],[-104.6398,38.2621],[-104.6301,38.2549],[-104.6224,38.2608],[-104.6336,38.2694]]]},"properties":{"GEOID":"08101001500","AREALAND":"1287594","AREAWATER":"0"}},{"type":"Feature","geometry":{"type":"Polygon","coordinates":[[[-105.1633,38.3965],[-105.2056,38.3736],[-105.2387,38.3434],[-105.2415,38.3156],[-105.2606,38.2977],[-105.2866,38.2938],[-105.2792,38.2587],[-105.0492,38.258],[-104.9404,38.2583],[-104.9407,38.3373],[-104.9712,38.3747],[-105.0032,38.3802],[-105.027,38.3972],[-105.056,38.3957],[-105.078,38.3766],[-105.1214,38.3773],[-105.1633,38.3965]],[[-105.1072,38.3669],[-105.0889,38.3668],[-105.0886,38.3523],[-105.107,38.3523],[-105.1072,38.3669]]]},"properties":{"GEOID":"08043979400","AREALAND":"365181320","AREAWATER":"106131"}},{"type":"Feature","geometry":{"type":"Polygon","coordinates":[[[-107.4309,39.3662],[-107.4305,39.3482],[-107.466,39.3221],[-107.4517,39.3045],[-107.4126,39.2919],[-107.3966,39.2939],[-107.3792,39.2691],[-107.3945,39.2563],[-107.3715,39.2388],[-107.3791,39.2317],[-107.3756,39.1979],[-107.3534,39.173],[-107.3163,39.1642],[-107.2956,39.1533],[-107.2825,39.1187],[-107.0663,39.1188],[-107.0055,39.0763],[-106.9994,39.0827],[-107.0162,39.1176],[-107.0122,39.1418],[-107.0238,39.1693],[-107.0098,39.1981],[-106.9816,39.2089],[-106.9756,39.2208],[-106.985,39.2399],[-106.9635,39.2618],[-106.9589,39.2971],[-106.9301,39.3002],[-106.952,39.3272],[-106.9802,39.3313],[-106.9734,39.3656],[-107.0583,39.3663],[-107.0585,39.3663],[-107.1135,39.3661],[-107.3476,39.3661],[-107.4267,39.3662],[-107.4309,39.3662]]]},"properties":{"GEOID":"08097000102","AREALAND":"952084562","AREAWATER":"1146585"}},{"type":"Feature","geometry":{"type":"Polygon","coordinates":[[[-106.9301,39.3002],[-106.9589,39.2971],[-106.9635,39.2618],[-106.985,39.2399],[-106.9756,39.2208],[-106.9816,39.2089],[-107.0098,39.1981],[-107.0238,39.1693],[-107.0122,39.1418],[-107.0162,39.1176],[-106.9994,39.0827],[-107.0055,39.0763],[-106.9891,39.0707],[-106.9961,39.0342],[-106.9639,39.0285],[-106.9647,39.0175],[-106.9446,39.0144],[-106.9154,38.9995],[-106.9371,39.0322],[-106.9269,39.0723],[-106.9009,39.1345],[-106.8807,39.1638],[-106.8602,39.1791],[-106.8493,39.2013],[-106.8603,39.208],[-106.8753,39.2238],[-106.8936,39.2755],[-106.9301,39.3002]]]},"properties":{"GEOID":"08097000101","AREALAND":"259654463","AREAWATER":"521936"}},{"type":"Feature","geometry":{"type":"Polygon","coordinates":[[[-106.7978,39.1778],[-106.7887,39.1629],[-106.7554,39.1725],[-106.7759,39.196],[-106.8042,39.1995],[-106.7936,39.2126],[-106.8032,39.2236],[-106.8269,39.2289],[-106.8454,39.223],[-106.8397,39.2108],[-106.8114,39.1865],[-106.7978,39.1778]]]},"properties":{"GEOID":"08097000403","AREALAND":"21420616","AREAWATER":"0"}},{"type":"Feature","geometry":{"type":"Polygon","coordinates":[[[-106.8397,39.2108],[-106.8603,39.208],[-106.8493,39.2013],[-106.8114,39.1865],[-106.8397,39.2108]]]},"properties":{"GEOID":"08097000404","AREALAND":"4091908","AREAWATER":"0"}},{"type":"Feature","geometry":{"type":"Polygon","coordinates":[[[-104.9406,39.6893],[-104.9404,39.6829],[-104.934,39.6784],[-104.9316,39.6785],[-104.9317,39.6893],[-104.9406,39.6893]]]},"properties":{"GEOID":"08031005104","AREALAND":"742038","AREAWATER":"0"}},{"type":"Feature","geometry":{"type":"Polygon","coordinates":[[[-104.9878,39.6422],[-104.9878,39.6386],[-104.9785,39.6386],[-104.9783,39.6513],[-104.9877,39.6515],[-104.9878,39.6422]]]},"properties":{"GEOID":"08005006100","AREALAND":"1131579","AREAWATER":"0"}},{"type":"Feature","geometry":{"type":"Polygon","coordinates":[[[-105.1314,40.3929],[-105.1756,40.3932],[-105.1922,40.3844],[-105.182,40.3386],[-105.1504,40.3346],[-105.1503,40.3494],[-105.135,40.3495],[-105.1314,40.3929]]]},"properties":{"GEOID":"08069002010","AREALAND":"24121103","AREAWATER":"2295341"}},{"type":"Feature","geometry":{"type":"Polygon","coordinates":[[[-105.2108,40.4873],[-105.2234,40.4808],[-105.2263,40.4598],[-105.2185,40.4403],[-105.2282,40.4351],[-105.2166,40.3889],[-105.2196,40.3773],[-105.1922,40.3844],[-105.1756,40.3932],[-105.1314,40.3929],[-105.1252,40.3929],[-105.1209,40.4072],[-105.1342,40.4073],[-105.1662,40.4119],[-105.1817,40.4345],[-105.1995,40.49],[-105.2108,40.4873]]]},"properties":{"GEOID":"08069001808","AREALAND":"45004513","AREAWATER":"756692"}},{"type":"Feature","geometry":{"type":"Polygon","coordinates":[[[-105.4988,40.4256],[-105.495,40.4047],[-105.5521,40.3834],[-105.5657,40.3943],[-105.5567,40.3658],[-105.5487,40.3631],[-105.5108,40.3764],[-105.4784,40.3668],[-105.4767,40.3807],[-105.4565,40.3911],[-105.4689,40.4022],[-105.4561,40.4169],[-105.4862,40.4128],[-105.4988,40.4256]]]},"properties":{"GEOID":"08069002801","AREALAND":"28293301","AREAWATER":"666969"}},{"type":"Feature","geometry":{"type":"Polygon","coordinates":[[[-105.4127,40.9978],[-105.3786,40.9676],[-105.3531,40.9563],[-105.3411,40.9318],[-105.2772,40.8813],[-105.2632,40.866],[-105.2347,40.8051],[-105.2156,40.7945],[-105.1924,40.7911],[-105.1849,40.7675],[-105.1707,40.7524],[-105.1785,40.6791],[-105.1888,40.6735],[-105.1781,40.6522],[-105.1762,40.6508],[-105.1456,40.6727],[-105.1431,40.7043],[-105.1323,40.6909],[-105.068,40.6828],[-105.068,40.7113],[-105.0762,40.7289],[-105.076,40.7547],[-104.9928,40.7551],[-104.985,40.7836],[-104.9433,40.7833],[-104.9434,40.9982],[-105.4127,40.9978]]]},"properties":{"GEOID":"08069002503","AREALAND":"829801867","AREAWATER":"8006145"}},{"type":"Feature","geometry":{"type":"Polygon","coordinates":[[[-104.6968,38.6939],[-104.6996,38.6881],[-104.6887,38.684],[-104.6643,38.6829],[-104.654,38.694],[-104.644,38.7303],[-104.6498,38.7374],[-104.6562,38.7201],[-104.6737,38.7084],[-104.6899,38.6863],[-104.6968,38.6939]]]},"properties":{"GEOID":"08041004515","AREALAND":"11208052","AREAWATER":"0"}},{"type":"Feature","geometry":{"type":"Polygon","coordinates":[[[-106.1355,39.3796],[-106.1529,39.3628],[-106.1399,39.3396],[-106.1536,39.3204],[-106.1695,39.3222],[-106.184,39.3094],[-106.1851,39.2427],[-106.1695,39.2338],[-106.1793,39.2123],[-106.1368,39.1949],[-106.0984,39.2084],[-106.0479,39.1726],[-106.02,39.1807],[-106.0012,39.1731],[-105.9949,39.2065],[-105.9446,39.1672],[-105.9573,39.2335],[-105.9671,39.2464],[-105.9881,39.2298],[-106.016,39.2502],[-106.0141,39.2769],[-106.0279,39.2959],[-106.0231,39.3177],[-106.0334,39.3383],[-106.0297,39.3599],[-106.0561,39.3584],[-106.0968,39.3779],[-106.1355,39.3796]]]},"properties":{"GEOID":"08093000300","AREALAND":"282700248","AREAWATER":"1212542"}},{"type":"Feature","geometry":{"type":"Polygon","coordinates":[[[-106.1793,39.2123],[-106.1855,39.1866],[-106.1731,39.1381],[-106.2102,39.1039],[-106.1792,39.1035],[-106.1697,39.0864],[-106.1912,39.0684],[-106.191,39.0561],[-106.1826,39.038],[-106.1914,39.0166],[-106.1691,38.9913],[-106.1454,38.9979],[-106.1089,38.9874],[-106.1044,38.9741],[-106.111,38.9401],[-106.0705,38.9321],[-106.0517,38.9434],[-106.0281,38.9428],[-105.9952,38.9147],[-105.9751,38.9101],[-105.9681,38.9221],[-105.9251,38.9303],[-105.8727,38.9757],[-105.8551,39.0084],[-105.8123,39.0234],[-105.792,39.0221],[-105.7428,39.0395],[-105.6403,39.0479],[-105.549,39.0479],[-105.5067,39.0316],[-105.4472,39.0318],[-105.4638,39.0605],[-105.4914,39.0876],[-105.4835,39.1128],[-105.4602,39.1303],[-105.4807,39.1568],[-105.466,39.1688],[-105.3978,39.1586],[-105.3979,39.2033],[-105.4251,39.2351],[-105.4536,39.2491],[-105.465,39.2709],[-105.4893,39.2702],[-105.5,39.2822],[-105.5365,39.291],[-105.5555,39.3106],[-105.5948,39.3261],[-105.6122,39.3441],[-105.6671,39.3565],[-105.6863,39.348],[-105.7122,39.357],[-105.7515,39.3906],[-105.7869,39.3915],[-105.7745,39.4064],[-105.7547,39.4047],[-105.7619,39.4313],[-105.7214,39.4567],[-105.7213,39.4567],[-105.7214,39.4567],[-105.7582,39.4734],[-105.8224,39.4895],[-105.8617,39.5286],[-105.8647,39.5151],[-105.8539,39.5046],[-105.8892,39.4834],[-105.9018,39.4642],[-105.9165,39.4581],[-105.9396,39.4579],[-105.9441,39.4409],[-105.9668,39.438],[-105.9523,39.4141],[-105.9929,39.4019],[-106.004,39.3911],[-106.0297,39.3599],[-106.0334,39.3383],[-106.0231,39.3177],[-106.0279,39.2959],[-106.0141,39.2769],[-106.016,39.2502],[-105.9881,39.2298],[-105.9671,39.2464],[-105.9573,39.2335],[-105.9446,39.1672],[-105.9949,39.2065],[-106.0012,39.1731],[-106.02,39.1807],[-106.0479,39.1726],[-106.0984,39.2084],[-106.1368,39.1949],[-106.1793,39.2123]]]},"properties":{"GEOID":"08093000400","AREALAND":"2394333387","AREAWATER":"14997447"}},{"type":"Feature","geometry":{"type":"Polygon","coordinates":[[[-105.9751,38.9101],[-105.9743,38.8825],[-105.9412,38.8856],[-105.9291,38.8659],[-105.9419,38.8404],[-105.9066,38.8069],[-105.9293,38.7745],[-105.9445,38.7681],[-105.9381,38.7552],[-105.9479,38.7438],[-105.9462,38.7167],[-105.9698,38.6936],[-105.666,38.6948],[-105.4494,38.6976],[-105.329,38.6976],[-105.3291,38.8575],[-105.3299,38.9607],[-105.3295,38.9928],[-105.3304,39.1295],[-105.3979,39.1296],[-105.3978,39.1586],[-105.466,39.1688],[-105.4807,39.1568],[-105.4602,39.1303],[-105.4835,39.1128],[-105.4914,39.0876],[-105.4638,39.0605],[-105.4472,39.0318],[-105.5067,39.0316],[-105.549,39.0479],[-105.6403,39.0479],[-105.7428,39.0395],[-105.792,39.0221],[-105.8123,39.0234],[-105.8551,39.0084],[-105.8727,38.9757],[-105.9251,38.9303],[-105.9681,38.9221],[-105.9751,38.9101]]]},"properties":{"GEOID":"08093000500","AREALAND":"2074279777","AREAWATER":"26358640"}},{"type":"Feature","geometry":{"type":"Polygon","coordinates":[[[-105.0056,39.8853],[-105.0056,39.8742],[-104.9965,39.8634],[-104.9965,39.8562],[-104.9872,39.8562],[-104.9873,39.8563],[-104.9874,39.8853],[-104.9966,39.8853],[-105.0056,39.8853]]]},"properties":{"GEOID":"08001009304","AREALAND":"3437696","AREAWATER":"61316"}},{"type":"Feature","geometry":{"type":"Polygon","coordinates":[[[-105.0061,39.849],[-105.0062,39.8345],[-104.992,39.8401],[-104.9965,39.8491],[-105.006,39.849],[-105.0061,39.849]]]},"properties":{"GEOID":"08001009306","AREALAND":"1712099","AREAWATER":"5137"}},{"type":"Feature","geometry":{"type":"Polygon","coordinates":[[[-105.7214,39.4567],[-105.7619,39.4313],[-105.7547,39.4047],[-105.7745,39.4064],[-105.7869,39.3915],[-105.7515,39.3906],[-105.7122,39.357],[-105.6863,39.348],[-105.6671,39.3565],[-105.6122,39.3441],[-105.5948,39.3261],[-105.5555,39.3106],[-105.5365,39.291],[-105.5,39.2822],[-105.4893,39.2702],[-105.465,39.2709],[-105.4536,39.2491],[-105.4251,39.2351],[-105.3979,39.2033],[-105.3967,39.2649],[-105.3987,39.3369],[-105.398,39.4242],[-105.4097,39.4409],[-105.4385,39.4541],[-105.4643,39.4312],[-105.4783,39.3963],[-105.5176,39.4047],[-105.5655,39.4271],[-105.6428,39.4553],[-105.6754,39.4614],[-105.7213,39.4567],[-105.7214,39.4567]]]},"properties":{"GEOID":"08093000200","AREALAND":"435352545","AREAWATER":"307221"}},{"type":"Feature","geometry":{"type":"Polygon","coordinates":[[[-104.9965,39.8562],[-104.9965,39.8491],[-104.992,39.8401],[-104.9874,39.8277],[-104.9832,39.828],[-104.9836,39.8345],[-104.9857,39.8491],[-104.9872,39.8562],[-104.9965,39.8562]]]},"properties":{"GEOID":"08001009307","AREALAND":"1785528","AREAWATER":"0"}},{"type":"Feature","geometry":{"type":"Polygon","coordinates":[[[-105.0062,39.8345],[-105.006,39.8308],[-104.9874,39.8277],[-104.992,39.8401],[-105.0062,39.8345]]]},"properties":{"GEOID":"08001009308","AREALAND":"1466860","AREAWATER":"16161"}},{"type":"Feature","geometry":{"type":"Polygon","coordinates":[[[-104.8472,39.7216],[-104.8472,39.7112],[-104.8269,39.7112],[-104.8248,39.7256],[-104.8432,39.7257],[-104.8472,39.7216]]]},"properties":{"GEOID":"08005007702","AREALAND":"2770243","AREAWATER":"0"}},{"type":"Feature","geometry":{"type":"Polygon","coordinates":[[[-104.8472,39.7216],[-104.8608,39.7111],[-104.8472,39.7112],[-104.8472,39.7216]]]},"properties":{"GEOID":"08005007704","AREALAND":"843589","AREAWATER":"0"}},{"type":"Feature","geometry":{"type":"Polygon","coordinates":[[[-105.0533,39.6896],[-105.0532,39.6823],[-105.0383,39.6822],[-105.0391,39.6968],[-105.0532,39.6968],[-105.0533,39.6896]]]},"properties":{"GEOID":"08031004601","AREALAND":"1963145","AREAWATER":"0"}},{"type":"Feature","geometry":{"type":"Polygon","coordinates":[[[-104.6174,38.3077],[-104.618,38.2981],[-104.6164,38.284],[-104.6103,38.2808],[-104.604,38.2809],[-104.602,38.2877],[-104.6041,38.3035],[-104.6036,38.3073],[-104.6138,38.3075],[-104.6174,38.3077]]]},"properties":{"GEOID":"08101000500","AREALAND":"3534020","AREAWATER":"19349"}},{"type":"Feature","geometry":{"type":"Polygon","coordinates":[[[-104.6472,38.312],[-104.6448,38.2977],[-104.6373,38.2978],[-104.618,38.2981],[-104.6174,38.3077],[-104.6472,38.312]]]},"properties":{"GEOID":"08101000100","AREALAND":"3436482","AREAWATER":"4876"}},{"type":"Feature","geometry":{"type":"Polygon","coordinates":[[[-105.0069,39.6024],[-105.007,39.5962],[-104.9883,39.5909],[-104.9883,39.5951],[-104.9882,39.6028],[-105.0069,39.6024]]]},"properties":{"GEOID":"08005006603","AREALAND":"1852817","AREAWATER":"1620"}},{"type":"Feature","geometry":{"type":"Polygon","coordinates":[[[-105.0068,39.6133],[-105.0069,39.6024],[-104.9882,39.6028],[-104.9881,39.6096],[-104.9881,39.6132],[-105.0068,39.6133]]]},"properties":{"GEOID":"08005006604","AREALAND":"1889477","AREAWATER":"54093"}},{"type":"Feature","geometry":{"type":"Polygon","coordinates":[[[-104.9594,39.653],[-104.9598,39.6242],[-104.9228,39.6241],[-104.9134,39.6241],[-104.9132,39.6387],[-104.9317,39.653],[-104.9407,39.653],[-104.955,39.653],[-104.9594,39.653]]]},"properties":{"GEOID":"08005006704","AREALAND":"11008284","AREAWATER":"162903"}},{"type":"Feature","geometry":{"type":"Polygon","coordinates":[[[-104.9785,39.6386],[-104.9786,39.6241],[-104.9598,39.6242],[-104.9594,39.653],[-104.9712,39.6531],[-104.9783,39.6513],[-104.9785,39.6386]]]},"properties":{"GEOID":"08005006705","AREALAND":"5067743","AREAWATER":"31511"}},{"type":"Feature","geometry":{"type":"Polygon","coordinates":[[[-104.9229,39.5951],[-104.923,39.5806],[-104.9043,39.5805],[-104.9042,39.595],[-104.9229,39.5951]]]},"properties":{"GEOID":"08005006706","AREALAND":"2260866","AREAWATER":"326090"}},{"type":"Feature","geometry":{"type":"Polygon","coordinates":[[[-104.9042,39.595],[-104.9043,39.5805],[-104.8768,39.5805],[-104.885,39.5948],[-104.8979,39.595],[-104.9042,39.595]]]},"properties":{"GEOID":"08005006707","AREALAND":"3204918","AREAWATER":"0"}},{"type":"Feature","geometry":{"type":"Polygon","coordinates":[[[-104.923,39.5806],[-104.923,39.566],[-104.9044,39.566],[-104.9043,39.5805],[-104.923,39.5806]]]},"properties":{"GEOID":"08005006708","AREALAND":"2585447","AREAWATER":"4185"}},{"type":"Feature","geometry":{"type":"Polygon","coordinates":[[[-104.9044,39.566],[-104.8857,39.566],[-104.8724,39.566],[-104.8768,39.5805],[-104.9043,39.5805],[-104.9044,39.566]]]},"properties":{"GEOID":"08005006709","AREALAND":"4186301","AREAWATER":"2377"}},{"type":"Feature","geometry":{"type":"Polygon","coordinates":[[[-104.6349,38.2947],[-104.6299,38.2766],[-104.6238,38.2771],[-104.6261,38.2841],[-104.6349,38.2947]]]},"properties":{"GEOID":"08101000300","AREALAND":"1250491","AREAWATER":"0"}},{"type":"Feature","geometry":{"type":"Polygon","coordinates":[[[-104.6373,38.2978],[-104.6349,38.2947],[-104.6261,38.2841],[-104.6164,38.284],[-104.618,38.2981],[-104.6373,38.2978]]]},"properties":{"GEOID":"08101000400","AREALAND":"1666011","AREAWATER":"0"}},{"type":"Feature","geometry":{"type":"Polygon","coordinates":[[[-104.8104,39.7256],[-104.81,39.7086],[-104.791,39.7065],[-104.7912,39.7138],[-104.7912,39.7256],[-104.8104,39.7256]]]},"properties":{"GEOID":"08005082000","AREALAND":"3237490","AREAWATER":"22279"}},{"type":"Feature","geometry":{"type":"Polygon","coordinates":[[[-104.8099,39.6966],[-104.8099,39.6857],[-104.791,39.6857],[-104.7911,39.6966],[-104.8099,39.6966]]]},"properties":{"GEOID":"08005082200","AREALAND":"1954646","AREAWATER":"0"}},{"type":"Feature","geometry":{"type":"Polygon","coordinates":[[[-104.8302,39.6676],[-104.8099,39.6707],[-104.8099,39.6748],[-104.8099,39.6857],[-104.8193,39.6821],[-104.8289,39.6821],[-104.8289,39.6749],[-104.8302,39.6676]]]},"properties":{"GEOID":"08005081400","AREALAND":"2653240","AREAWATER":"0"}},{"type":"Feature","geometry":{"type":"Polygon","coordinates":[[[-108.2165,40.2218],[-108.2278,40.2138],[-108.2313,40.1924],[-108.2551,40.1519],[-108.2235,40.1246],[-108.2209,40.0953],[-108.2591,40.0407],[-108.2995,40.0567],[-108.321,40.0436],[-108.3551,40.0418],[-108.3663,40.0299],[-108.4178,40.012],[-108.4626,40.0092],[-108.5053,40.0254],[-108.5485,40.033],[-108.576,39.9735],[-108.5988,39.9579],[-108.6174,39.9566],[-108.6204,39.9238],[-108.6127,39.8509],[-108.5951,39.8421],[-108.5904,39.8202],[-108.5617,39.7973],[-108.5645,39.7851],[-108.5291,39.7643],[-108.5094,39.7291],[-108.5253,39.7149],[-108.545,39.7154],[-108.5584,39.6928],[-108.5547,39.6878],[-108.5547,39.6936],[-108.5173,39.6942],[-108.2179,39.6939],[-108.2179,39.6951],[-107.9386,39.6945],[-107.9386,39.7016],[-107.9385,39.825],[-107.7872,39.825],[-107.6942,39.8301],[-107.5784,39.8287],[-107.4765,39.8283],[-107.4318,39.8284],[-107.4317,39.9177],[-107.3187,39.915],[-107.317,40.0908],[-107.0374,40.0915],[-107.0379,40.2248],[-107.4394,40.2234],[-107.4956,40.22],[-107.6539,40.2243],[-107.7645,40.2226],[-108.0947,40.2217],[-108.2165,40.2218]]]},"properties":{"GEOID":"08103951100","AREALAND":"5156134116","AREAWATER":"4833853"}},{"type":"Feature","geometry":{"type":"Polygon","coordinates":[[[-109.051,40.2227],[-109.0503,39.8494],[-109.0512,39.6605],[-108.8957,39.6605],[-108.8957,39.6503],[-108.6619,39.6497],[-108.5546,39.6502],[-108.5547,39.6878],[-108.5584,39.6928],[-108.545,39.7154],[-108.5253,39.7149],[-108.5094,39.7291],[-108.5291,39.7643],[-108.5645,39.7851],[-108.5617,39.7973],[-108.5904,39.8202],[-108.5951,39.8421],[-108.6127,39.8509],[-108.6204,39.9238],[-108.6174,39.9566],[-108.5988,39.9579],[-108.576,39.9735],[-108.5485,40.033],[-108.5053,40.0254],[-108.4626,40.0092],[-108.4178,40.012],[-108.3663,40.0299],[-108.3551,40.0418],[-108.321,40.0436],[-108.2995,40.0567],[-108.2591,40.0407],[-108.2209,40.0953],[-108.2235,40.1246],[-108.2551,40.1519],[-108.2313,40.1924],[-108.2278,40.2138],[-108.2165,40.2218],[-108.6343,40.2224],[-109.051,40.2227]]]},"properties":{"GEOID":"08103951200","AREALAND":"3186140913","AREAWATER":"34258"}},{"type":"Feature","geometry":{"type":"Polygon","coordinates":[[[-104.7237,39.5183],[-104.7208,39.5016],[-104.7326,39.4899],[-104.6911,39.4644],[-104.6813,39.4514],[-104.6627,39.4344],[-104.6623,39.4635],[-104.6613,39.5215],[-104.6988,39.5219],[-104.7237,39.5183]]]},"properties":{"GEOID":"08035013911","AREALAND":"36088525","AREAWATER":"5394"}},{"type":"Feature","geometry":{"type":"Polygon","coordinates":[[[-104.7934,39.515],[-104.7748,39.4931],[-104.7684,39.4931],[-104.7752,39.511],[-104.7803,39.5197],[-104.7934,39.5239],[-104.7934,39.515]]]},"properties":{"GEOID":"08035014009","AREALAND":"3673357","AREAWATER":"0"}},{"type":"Feature","geometry":{"type":"Polygon","coordinates":[[[-104.8396,39.4165],[-104.8447,39.4103],[-104.8303,39.4031],[-104.8298,39.3771],[-104.81,39.3782],[-104.7936,39.3962],[-104.773,39.3934],[-104.7602,39.3912],[-104.771,39.4203],[-104.765,39.4495],[-104.7688,39.4785],[-104.7748,39.4785],[-104.8396,39.4165]]]},"properties":{"GEOID":"08035014013","AREALAND":"41386408","AREAWATER":"0"}},{"type":"Feature","geometry":{"type":"Polygon","coordinates":[[[-104.8128,39.3585],[-104.8138,39.315],[-104.7932,39.2942],[-104.769,39.2903],[-104.737,39.2706],[-104.7339,39.346],[-104.7473,39.3618],[-104.7528,39.3911],[-104.7602,39.3912],[-104.773,39.3934],[-104.7999,39.3766],[-104.8128,39.3585]]]},"properties":{"GEOID":"08035014604","AREALAND":"65189299","AREAWATER":"0"}},{"type":"Feature","geometry":{"type":"Polygon","coordinates":[[[-104.8915,39.297],[-104.8953,39.265],[-104.8785,39.2433],[-104.8789,39.221],[-104.8505,39.1892],[-104.8639,39.1299],[-104.8306,39.1298],[-104.7699,39.1297],[-104.7694,39.1727],[-104.7742,39.1733],[-104.7746,39.2272],[-104.7372,39.2509],[-104.737,39.2706],[-104.769,39.2903],[-104.7932,39.2942],[-104.8138,39.315],[-104.8287,39.3391],[-104.8761,39.3389],[-104.8915,39.297]]]},"properties":{"GEOID":"08035014506","AREALAND":"200113601","AREAWATER":"115775"}},{"type":"Feature","geometry":{"type":"Polygon","coordinates":[[[-104.8855,39.5363],[-104.8857,39.5289],[-104.9138,39.5196],[-104.9047,39.5161],[-104.9042,39.4927],[-104.8843,39.4691],[-104.8727,39.4721],[-104.8744,39.5034],[-104.8685,39.5363],[-104.8855,39.5363]]]},"properties":{"GEOID":"08035014125","AREALAND":"17299134","AREAWATER":"5755"}},{"type":"Feature","geometry":{"type":"Polygon","coordinates":[[[-105.0644,39.5543],[-105.0505,39.5478],[-105.0245,39.5072],[-105.0277,39.5237],[-105.0363,39.5381],[-105.0364,39.5478],[-105.005,39.5462],[-104.9917,39.5493],[-104.9889,39.5574],[-104.9885,39.5661],[-105.0409,39.5662],[-105.0486,39.5661],[-105.0644,39.5543]]]},"properties":{"GEOID":"08035014131","AREALAND":"13374229","AREAWATER":"1054778"}},{"type":"Feature","geometry":{"type":"Polygon","coordinates":[[[-105.0277,39.5237],[-105.0245,39.5072],[-105.0021,39.4845],[-104.9801,39.4454],[-104.9646,39.4322],[-104.9261,39.4275],[-104.9015,39.4253],[-104.9037,39.4265],[-104.9148,39.4297],[-104.9144,39.4563],[-104.9177,39.4719],[-104.927,39.4927],[-104.942,39.5035],[-104.964,39.5242],[-104.9875,39.5276],[-105.0028,39.5285],[-105.0277,39.5237]]]},"properties":{"GEOID":"08035014135","AREALAND":"67300454","AREAWATER":"21091"}},{"type":"Feature","geometry":{"type":"Polygon","coordinates":[[[-105.127,39.4782],[-105.1012,39.4781],[-105.0917,39.4635],[-105.0915,39.4201],[-105.0728,39.4117],[-105.0576,39.4126],[-105.0723,39.4534],[-105.0731,39.469],[-105.0733,39.4781],[-105.0933,39.4881],[-105.127,39.4782]]]},"properties":{"GEOID":"08035014203","AREALAND":"18801181","AREAWATER":"0"}},{"type":"Feature","geometry":{"type":"Polygon","coordinates":[[[-105.0167,39.5362],[-105.0028,39.5285],[-104.9914,39.5421],[-105.005,39.5462],[-105.0167,39.5362]]]},"properties":{"GEOID":"08035014128","AREALAND":"2070224","AREAWATER":"0"}},{"type":"Feature","geometry":{"type":"Polygon","coordinates":[[[-105.0538,39.3233],[-105.0633,39.3125],[-105.0687,39.2821],[-105.0963,39.2339],[-105.0598,39.2202],[-105.0519,39.1917],[-105.0313,39.1817],[-105.021,39.1598],[-105.0296,39.1298],[-105.0275,39.1298],[-104.9103,39.1299],[-104.9141,39.1729],[-104.925,39.1914],[-104.9235,39.2096],[-104.9391,39.2318],[-104.9554,39.2392],[-104.9456,39.254],[-104.956,39.279],[-104.968,39.2942],[-104.9669,39.3475],[-105.031,39.3469],[-105.0538,39.3233]]]},"properties":{"GEOID":"08035014404","AREALAND":"238260064","AREAWATER":"125188"}},{"type":"Feature","geometry":{"type":"Polygon","coordinates":[[[-104.8298,39.3771],[-104.8175,39.365],[-104.8128,39.3585],[-104.7999,39.3766],[-104.773,39.3934],[-104.7936,39.3962],[-104.81,39.3782],[-104.8298,39.3771]]]},"properties":{"GEOID":"08035014603","AREALAND":"6574130","AREAWATER":"0"}},{"type":"Feature","geometry":{"type":"Polygon","coordinates":[[[-104.8659,39.3657],[-104.8761,39.3389],[-104.8287,39.3391],[-104.8138,39.315],[-104.8128,39.3585],[-104.8175,39.365],[-104.8449,39.3571],[-104.8659,39.3657]]]},"properties":{"GEOID":"08035014505","AREALAND":"14774966","AREAWATER":"0"}},{"type":"Feature","geometry":{"type":"Polygon","coordinates":[[[-104.9261,39.4275],[-104.9196,39.3976],[-104.9074,39.3865],[-104.9087,39.4055],[-104.875,39.4089],[-104.9015,39.4253],[-104.9261,39.4275]]]},"properties":{"GEOID":"08035014405","AREALAND":"9218652","AREAWATER":"0"}},{"type":"Feature","geometry":{"type":"Polygon","coordinates":[[[-106.3466,39.2489],[-106.3593,39.2275],[-106.3268,39.1837],[-106.3238,39.2025],[-106.309,39.2171],[-106.2751,39.2326],[-106.2796,39.2603],[-106.2905,39.2659],[-106.3077,39.2479],[-106.3466,39.2489]]]},"properties":{"GEOID":"08065961702","AREALAND":"30868013","AREAWATER":"13043"}},{"type":"Feature","geometry":{"type":"Polygon","coordinates":[[[-106.2905,39.2659],[-106.3004,39.2739],[-106.3434,39.2589],[-106.3466,39.2489],[-106.3077,39.2479],[-106.2905,39.2659]]]},"properties":{"GEOID":"08065961701","AREALAND":"9087743","AREAWATER":"0"}},{"type":"Feature","geometry":{"type":"Polygon","coordinates":[[[-105.0796,39.8987],[-105.0821,39.8855],[-105.0816,39.8636],[-105.0567,39.8636],[-105.0796,39.8987]]]},"properties":{"GEOID":"08059009827","AREALAND":"4390341","AREAWATER":"157332"}},{"type":"Feature","geometry":{"type":"Polygon","coordinates":[[[-104.9443,40.5228],[-104.908,40.5231],[-104.9077,40.509],[-104.8888,40.509],[-104.8889,40.4941],[-104.8701,40.4942],[-104.8563,40.4796],[-104.8163,40.4804],[-104.7734,40.4812],[-104.7741,40.5386],[-104.7734,40.5532],[-104.8509,40.5524],[-104.85,40.5451],[-104.8889,40.5524],[-104.8902,40.5815],[-104.9441,40.5809],[-104.9443,40.5228]]]},"properties":{"GEOID":"08123002208","AREALAND":"101598957","AREAWATER":"5799115"}},{"type":"Feature","geometry":{"type":"Polygon","coordinates":[[[-104.8861,40.1311],[-104.8862,40.1165],[-104.8084,40.1163],[-104.8083,40.1018],[-104.7853,40.1018],[-104.7578,40.102],[-104.7578,40.1454],[-104.8112,40.1453],[-104.8126,40.1526],[-104.8485,40.1525],[-104.8485,40.1452],[-104.886,40.1455],[-104.8861,40.1311]]]},"properties":{"GEOID":"08123001906","AREALAND":"44362195","AREAWATER":"341699"}},{"type":"Feature","geometry":{"type":"Polygon","coordinates":[[[-105.0553,40.1522],[-105.0554,40.0875],[-105.0084,40.0874],[-104.9988,40.1023],[-104.9987,40.1388],[-104.9803,40.1388],[-104.9799,40.1753],[-105.0305,40.1496],[-105.0553,40.1522]]]},"properties":{"GEOID":"08123002010","AREALAND":"40466948","AREAWATER":"608590"}},{"type":"Feature","geometry":{"type":"Polygon","coordinates":[[[-104.9035,39.813],[-104.9036,39.7984],[-104.8845,39.7983],[-104.8844,39.8128],[-104.8661,39.8128],[-104.866,39.7984],[-104.8472,39.7982],[-104.8357,39.7981],[-104.82,39.7983],[-104.8097,39.7983],[-104.7909,39.7983],[-104.7909,39.8418],[-104.791,39.8563],[-104.7935,39.8708],[-104.8651,39.8707],[-104.8817,39.8562],[-104.9032,39.8379],[-104.9035,39.813]]]},"properties":{"GEOID":"08001988700","AREALAND":"67648973","AREAWATER":"1117152"}},{"type":"Feature","geometry":{"type":"Polygon","coordinates":[[[-104.9155,39.8272],[-104.9129,39.8129],[-104.9035,39.813],[-104.9032,39.8379],[-104.9155,39.8272]]]},"properties":{"GEOID":"08001008706","AREALAND":"1886782","AREAWATER":"0"}},{"type":"Feature","geometry":{"type":"Polygon","coordinates":[[[-104.9241,39.8272],[-104.9155,39.8272],[-104.9032,39.8379],[-104.8817,39.8562],[-104.9014,39.8562],[-104.9241,39.8272]]]},"properties":{"GEOID":"08001008801","AREALAND":"3891997","AREAWATER":"0"}},{"type":"Feature","geometry":{"type":"Polygon","coordinates":[[[-104.7912,39.6531],[-104.7913,39.646],[-104.7725,39.6471],[-104.7725,39.6531],[-104.7791,39.6531],[-104.7912,39.6531]]]},"properties":{"GEOID":"08005084100","AREALAND":"1540917","AREAWATER":"0"}},{"type":"Feature","geometry":{"type":"Polygon","coordinates":[[[-104.7913,39.646],[-104.7915,39.6385],[-104.7823,39.6385],[-104.7632,39.6385],[-104.7658,39.6422],[-104.7725,39.6471],[-104.7913,39.646]]]},"properties":{"GEOID":"08005084200","AREALAND":"1482396","AREAWATER":"0"}},{"type":"Feature","geometry":{"type":"Polygon","coordinates":[[[-104.7725,39.6531],[-104.7725,39.6471],[-104.7658,39.6422],[-104.7556,39.6531],[-104.7725,39.6531]]]},"properties":{"GEOID":"08005084300","AREALAND":"1192531","AREAWATER":"0"}},{"type":"Feature","geometry":{"type":"Polygon","coordinates":[[[-104.7658,39.6422],[-104.7632,39.6385],[-104.7542,39.6385],[-104.7537,39.6531],[-104.7556,39.6531],[-104.7658,39.6422]]]},"properties":{"GEOID":"08005084400","AREALAND":"994025","AREAWATER":"0"}},{"type":"Feature","geometry":{"type":"Polygon","coordinates":[[[-104.7915,39.6385],[-104.7915,39.6261],[-104.7861,39.624],[-104.7703,39.624],[-104.7782,39.6308],[-104.7823,39.6385],[-104.7915,39.6385]]]},"properties":{"GEOID":"08005085700","AREALAND":"1679300","AREAWATER":"0"}},{"type":"Feature","geometry":{"type":"Polygon","coordinates":[[[-105.0174,39.7405],[-105.0158,39.7255],[-105.0002,39.7265],[-105.0002,39.7402],[-105.0174,39.7405]]]},"properties":{"GEOID":"08031001901","AREALAND":"2335153","AREAWATER":"0"}},{"type":"Feature","geometry":{"type":"Polygon","coordinates":[[[-105.0533,39.7113],[-105.0533,39.7033],[-105.0397,39.7063],[-105.0397,39.7112],[-105.0533,39.7113]]]},"properties":{"GEOID":"08031004504","AREALAND":"899287","AREAWATER":"0"}},{"type":"Feature","geometry":{"type":"Polygon","coordinates":[[[-105.1076,39.8566],[-105.1006,39.8564],[-105.0817,39.8564],[-105.0828,39.8619],[-105.1076,39.8566]]]},"properties":{"GEOID":"08059009830","AREALAND":"883432","AREAWATER":"1425"}},{"type":"Feature","geometry":{"type":"Polygon","coordinates":[[[-105.1101,39.842],[-105.1098,39.8312],[-105.0909,39.8272],[-105.0815,39.8272],[-105.0818,39.8418],[-105.0866,39.8418],[-105.1101,39.842]]]},"properties":{"GEOID":"08059010206","AREALAND":"3225949","AREAWATER":"44861"}},{"type":"Feature","geometry":{"type":"Polygon","coordinates":[[[-105.0397,39.7112],[-105.0397,39.7063],[-105.0391,39.704],[-105.0251,39.7039],[-105.0251,39.7112],[-105.0397,39.7112]]]},"properties":{"GEOID":"08031004505","AREALAND":"1000565","AREAWATER":"0"}},{"type":"Feature","geometry":{"type":"Polygon","coordinates":[[[-105.0391,39.704],[-105.0391,39.6968],[-105.0251,39.6968],[-105.0251,39.7039],[-105.0391,39.704]]]},"properties":{"GEOID":"08031004506","AREALAND":"958641","AREAWATER":"0"}},{"type":"Feature","geometry":{"type":"Polygon","coordinates":[[[-104.847,39.7824],[-104.847,39.774],[-104.8282,39.7724],[-104.8099,39.7728],[-104.8099,39.7768],[-104.8312,39.7843],[-104.847,39.7824]]]},"properties":{"GEOID":"08031008312","AREALAND":"2572312","AREAWATER":"0"}},{"type":"Feature","geometry":{"type":"Polygon","coordinates":[[[-104.8312,39.7843],[-104.8099,39.7768],[-104.8098,39.7837],[-104.8237,39.793],[-104.8282,39.7887],[-104.8312,39.7843]]]},"properties":{"GEOID":"08031008387","AREALAND":"1737987","AREAWATER":"0"}},{"type":"Feature","geometry":{"type":"Polygon","coordinates":[[[-105.0818,39.8418],[-105.0815,39.8272],[-105.0815,39.8201],[-105.0673,39.8201],[-105.0533,39.8219],[-105.0533,39.8273],[-105.072,39.8273],[-105.0734,39.8418],[-105.0818,39.8418]]]},"properties":{"GEOID":"08059010208","AREALAND":"2987061","AREAWATER":"251"}},{"type":"Feature","geometry":{"type":"Polygon","coordinates":[[[-105.0734,39.8418],[-105.072,39.8273],[-105.0533,39.8273],[-105.0533,39.8345],[-105.0532,39.8418],[-105.0627,39.8412],[-105.0734,39.8418]]]},"properties":{"GEOID":"08059010209","AREALAND":"2554580","AREAWATER":"7575"}},{"type":"Feature","geometry":{"type":"Polygon","coordinates":[[[-105.1098,39.8312],[-105.1096,39.8231],[-105.1029,39.817],[-105.0908,39.8098],[-105.0909,39.8272],[-105.1098,39.8312]]]},"properties":{"GEOID":"08059010210","AREALAND":"2799143","AREAWATER":"39218"}},{"type":"Feature","geometry":{"type":"Polygon","coordinates":[[[-105.0909,39.8272],[-105.0908,39.8098],[-105.078,39.8065],[-105.0815,39.8201],[-105.0815,39.8272],[-105.0909,39.8272]]]},"properties":{"GEOID":"08059010211","AREALAND":"1787566","AREAWATER":"1313"}},{"type":"Feature","geometry":{"type":"Polygon","coordinates":[[[-105.0815,39.8201],[-105.078,39.8065],[-105.0766,39.802],[-105.0766,39.7997],[-105.0673,39.8003],[-105.0673,39.8201],[-105.0815,39.8201]]]},"properties":{"GEOID":"08059010212","AREALAND":"2274163","AREAWATER":"1071"}},{"type":"Feature","geometry":{"type":"Polygon","coordinates":[[[-105.0673,39.8201],[-105.0673,39.8003],[-105.0528,39.8025],[-105.0533,39.8219],[-105.0673,39.8201]]]},"properties":{"GEOID":"08059010213","AREALAND":"2773815","AREAWATER":"0"}},{"type":"Feature","geometry":{"type":"Polygon","coordinates":[[[-105.1286,39.8362],[-105.1285,39.8271],[-105.1284,39.8128],[-105.1235,39.8127],[-105.1144,39.8122],[-105.1033,39.817],[-105.1029,39.817],[-105.1096,39.8231],[-105.1286,39.8362]]]},"properties":{"GEOID":"08059010303","AREALAND":"3057930","AREAWATER":"6262"}},{"type":"Feature","geometry":{"type":"Polygon","coordinates":[[[-105.0417,39.6677],[-105.0414,39.6543],[-105.0336,39.6533],[-105.0322,39.6533],[-105.0253,39.6568],[-105.0251,39.6677],[-105.0387,39.6677],[-105.0417,39.6677]]]},"properties":{"GEOID":"08031015700","AREALAND":"2103357","AREAWATER":"0"}},{"type":"Feature","geometry":{"type":"Polygon","coordinates":[[[-105.0915,39.5953],[-105.0915,39.5931],[-105.0872,39.5807],[-105.0728,39.5807],[-105.0727,39.5952],[-105.0915,39.5953]]]},"properties":{"GEOID":"08059012052","AREALAND":"2433627","AREAWATER":"2126"}},{"type":"Feature","geometry":{"type":"Polygon","coordinates":[[[-105.1594,39.74],[-105.1655,39.7321],[-105.1471,39.7391],[-105.1424,39.7473],[-105.1424,39.7545],[-105.1456,39.7546],[-105.1594,39.74]]]},"properties":{"GEOID":"08059009807","AREALAND":"1744768","AREAWATER":"9863"}},{"type":"Feature","geometry":{"type":"Polygon","coordinates":[[[-104.9873,39.8563],[-104.9872,39.8562],[-104.9857,39.8491],[-104.9634,39.8493],[-104.955,39.8493],[-104.9541,39.8562],[-104.9545,39.8562],[-104.9673,39.8562],[-104.9778,39.8563],[-104.9873,39.8563]]]},"properties":{"GEOID":"08001009001","AREALAND":"2109476","AREAWATER":"0"}},{"type":"Feature","geometry":{"type":"Polygon","coordinates":[[[-105.0804,39.8998],[-105.0796,39.8987],[-105.0567,39.8636],[-105.0533,39.8568],[-105.0533,39.8599],[-105.0532,39.8636],[-105.0532,39.8694],[-105.0531,39.8854],[-105.053,39.8998],[-105.0717,39.8998],[-105.0803,39.8998],[-105.0804,39.8998]]]},"properties":{"GEOID":"08059060400","AREALAND":"5231317","AREAWATER":"25393"}},{"type":"Feature","geometry":{"type":"Polygon","coordinates":[[[-105.0152,39.6423],[-105.0147,39.6319],[-104.9879,39.6331],[-104.9878,39.6386],[-104.9878,39.6422],[-105.0152,39.6423]]]},"properties":{"GEOID":"08005006200","AREALAND":"2489281","AREAWATER":"34903"}},{"type":"Feature","geometry":{"type":"Polygon","coordinates":[[[-104.9879,39.6331],[-104.988,39.6241],[-104.9786,39.6241],[-104.9785,39.6386],[-104.9878,39.6386],[-104.9879,39.6331]]]},"properties":{"GEOID":"08005006300","AREALAND":"1293166","AREAWATER":"0"}},{"type":"Feature","geometry":{"type":"Polygon","coordinates":[[[-105.0147,39.6319],[-105.0183,39.6242],[-105.0101,39.6241],[-105.0067,39.6241],[-104.988,39.6241],[-104.9879,39.6331],[-105.0147,39.6319]]]},"properties":{"GEOID":"08005006400","AREALAND":"2330636","AREAWATER":"69148"}},{"type":"Feature","geometry":{"type":"Polygon","coordinates":[[[-105.0067,39.6241],[-105.0068,39.6133],[-104.9881,39.6132],[-104.988,39.6241],[-105.0067,39.6241]]]},"properties":{"GEOID":"08005006601","AREALAND":"1940243","AREAWATER":"4847"}},{"type":"Feature","geometry":{"type":"Polygon","coordinates":[[[-104.81,39.7086],[-104.8099,39.701],[-104.8099,39.6966],[-104.7911,39.6966],[-104.791,39.7065],[-104.81,39.7086]]]},"properties":{"GEOID":"08005082100","AREALAND":"1947367","AREAWATER":"0"}},{"type":"Feature","geometry":{"type":"Polygon","coordinates":[[[-104.7911,39.6966],[-104.791,39.6857],[-104.7778,39.6966],[-104.7911,39.6966]]]},"properties":{"GEOID":"08005082700","AREALAND":"1218094","AREAWATER":"0"}},{"type":"Feature","geometry":{"type":"Polygon","coordinates":[[[-107.6525,39.6286],[-107.6826,39.6375],[-107.7306,39.6392],[-107.7625,39.6274],[-107.7701,39.6112],[-107.7694,39.5784],[-107.7949,39.544],[-107.767,39.5541],[-107.7571,39.533],[-107.7002,39.5479],[-107.7002,39.564],[-107.6759,39.564],[-107.6668,39.5892],[-107.6525,39.6286]]]},"properties":{"GEOID":"08045952001","AREALAND":"86825819","AREAWATER":"814912"}},{"type":"Feature","geometry":{"type":"Polygon","coordinates":[[[-104.0539,38.5224],[-104.0563,38.4404],[-104.0547,38.2618],[-104.0584,38.261],[-104.0582,38.1465],[-104.0222,38.1409],[-103.9983,38.1463],[-103.9744,38.1321],[-103.9482,38.1282],[-103.862,38.1271],[-103.8614,38.1414],[-103.8891,38.1414],[-103.8939,38.1489],[-103.8947,38.2353],[-103.8914,38.2471],[-103.8544,38.2601],[-103.8632,38.2371],[-103.841,38.2379],[-103.8311,38.2566],[-103.7848,38.2573],[-103.775,38.2674],[-103.7477,38.2651],[-103.732,38.2723],[-103.7119,38.2508],[-103.7109,38.1888],[-103.7481,38.1474],[-103.7476,38.1131],[-103.6737,38.1129],[-103.6192,38.1134],[-103.6193,38.1715],[-103.5094,38.1725],[-103.5101,38.2652],[-103.5018,38.265],[-103.5018,38.3423],[-103.507,38.3423],[-103.5047,38.5164],[-103.613,38.5179],[-103.613,38.5226],[-103.719,38.5218],[-103.9191,38.5231],[-104.0539,38.5224]]]},"properties":{"GEOID":"08025969601","AREALAND":"1823808995","AREAWATER":"25092886"}},{"type":"Feature","geometry":{"type":"Polygon","coordinates":[[[-103.7476,38.1131],[-103.7481,38.1474],[-103.7109,38.1888],[-103.7119,38.2508],[-103.732,38.2723],[-103.7477,38.2651],[-103.775,38.2674],[-103.7848,38.2573],[-103.8311,38.2566],[-103.841,38.2379],[-103.8632,38.2371],[-103.8544,38.2601],[-103.8914,38.2471],[-103.8947,38.2353],[-103.8939,38.1489],[-103.8891,38.1414],[-103.8614,38.1414],[-103.862,38.1271],[-103.8356,38.1133],[-103.803,38.1125],[-103.7476,38.1131]]]},"properties":{"GEOID":"08025969602","AREALAND":"215618882","AREAWATER":"8330095"}},{"type":"Feature","geometry":{"type":"Polygon","coordinates":[[[-108.2952,37.215],[-107.9877,37.2149],[-107.9858,37.2126],[-107.8549,37.2148],[-107.8715,37.2335],[-107.9032,37.242],[-107.9253,37.2588],[-107.9164,37.2703],[-107.928,37.2942],[-107.9171,37.2904],[-107.9087,37.2972],[-107.8977,37.3089],[-107.8849,37.3012],[-107.8521,37.3169],[-107.8547,37.3315],[-107.8635,37.3334],[-107.8544,37.4021],[-107.8543,37.4414],[-107.8864,37.4861],[-107.9316,37.5111],[-107.9518,37.5657],[-107.9311,37.6024],[-107.9261,37.6398],[-107.9701,37.6396],[-108.0228,37.5913],[-108.0183,37.5671],[-108.0254,37.5397],[-108.0349,37.532],[-108.0373,37.5053],[-108.0332,37.4649],[-108.0388,37.4565],[-108.053,37.4375],[-108.0789,37.4377],[-108.1053,37.4056],[-108.1059,37.3821],[-108.1401,37.373],[-108.1532,37.3626],[-108.173,37.3664],[-108.1927,37.3591],[-108.2048,37.3441],[-108.2197,37.2874],[-108.2614,37.235],[-108.2952,37.215]]]},"properties":{"GEOID":"08067970701","AREALAND":"889876663","AREAWATER":"6224840"}},{"type":"Feature","geometry":{"type":"Polygon","coordinates":[[[-107.9171,37.2904],[-107.928,37.2942],[-107.9164,37.2703],[-107.9253,37.2588],[-107.9032,37.242],[-107.8715,37.2335],[-107.8549,37.2148],[-107.8476,37.2149],[-107.8645,37.2357],[-107.8585,37.2518],[-107.8696,37.263],[-107.8759,37.2803],[-107.8876,37.2687],[-107.9044,37.2897],[-107.9171,37.2904]]]},"properties":{"GEOID":"08067971100","AREALAND":"23992347","AREAWATER":"59060"}},{"type":"Feature","geometry":{"type":"Polygon","coordinates":[[[-107.9087,37.2972],[-107.9171,37.2904],[-107.9044,37.2897],[-107.8876,37.2687],[-107.8759,37.2803],[-107.8707,37.2957],[-107.8922,37.2892],[-107.9087,37.2972]]]},"properties":{"GEOID":"08067971000","AREALAND":"5182392","AREAWATER":"0"}},{"type":"Feature","geometry":{"type":"Polygon","coordinates":[[[-107.8759,37.2803],[-107.8696,37.263],[-107.8257,37.2937],[-107.8353,37.3084],[-107.8503,37.3105],[-107.8707,37.2957],[-107.8759,37.2803]]]},"properties":{"GEOID":"08067970800","AREALAND":"11279558","AREAWATER":"85392"}},{"type":"Feature","geometry":{"type":"Polygon","coordinates":[[[-107.7466,37.215],[-107.7478,37.1728],[-107.7138,37.1679],[-107.7138,37.1262],[-107.732,37.1249],[-107.7319,37.0912],[-107.7402,37.0832],[-107.7265,37.0667],[-107.7395,37.028],[-107.7124,37],[-107.4817,37.0001],[-107.4821,37.2148],[-107.5953,37.2148],[-107.7466,37.215]]]},"properties":{"GEOID":"08067940300","AREALAND":"527907350","AREAWATER":"185212"}},{"type":"Feature","geometry":{"type":"Polygon","coordinates":[[[-105.0155,39.8852],[-105.0155,39.8708],[-105.0056,39.8742],[-105.0056,39.8853],[-105.0155,39.8852]]]},"properties":{"GEOID":"08001009322","AREALAND":"1289917","AREAWATER":"0"}},{"type":"Feature","geometry":{"type":"Polygon","coordinates":[[[-104.9967,39.9141],[-104.9966,39.8997],[-104.9966,39.8853],[-104.9874,39.8853],[-104.9875,39.8979],[-104.9896,39.9141],[-104.9899,39.9141],[-104.9967,39.9141]]]},"properties":{"GEOID":"08001009323","AREALAND":"2183020","AREAWATER":"5172"}},{"type":"Feature","geometry":{"type":"Polygon","coordinates":[[[-105.025,39.9142],[-105.0249,39.8996],[-105.0155,39.8997],[-104.9966,39.8997],[-104.9967,39.9141],[-105.025,39.9142]]]},"properties":{"GEOID":"08001009325","AREALAND":"3821811","AREAWATER":"47867"}},{"type":"Feature","geometry":{"type":"Polygon","coordinates":[[[-105.0533,39.8599],[-105.0533,39.8568],[-105.0343,39.8389],[-105.0248,39.836],[-105.0248,39.8491],[-105.0249,39.8563],[-105.0533,39.8599]]]},"properties":{"GEOID":"08001009401","AREALAND":"3508562","AREAWATER":"4691"}},{"type":"Feature","geometry":{"type":"Polygon","coordinates":[[[-104.9648,39.7368],[-104.9659,39.7291],[-104.9602,39.7291],[-104.9598,39.7334],[-104.9598,39.74],[-104.9648,39.74],[-104.9648,39.7368]]]},"properties":{"GEOID":"08031003202","AREALAND":"507638","AREAWATER":"0"}},{"type":"Feature","geometry":{"type":"Polygon","coordinates":[[[-104.9729,39.7273],[-104.9732,39.7184],[-104.9593,39.7153],[-104.9602,39.7256],[-104.9602,39.7291],[-104.9659,39.7291],[-104.9729,39.7291],[-104.9729,39.7273]]]},"properties":{"GEOID":"08031003203","AREALAND":"1683151","AREAWATER":"0"}},{"type":"Feature","geometry":{"type":"Polygon","coordinates":[[[-104.9874,39.7273],[-104.9874,39.7269],[-104.9803,39.7215],[-104.9732,39.7184],[-104.9729,39.7273],[-104.9799,39.7273],[-104.9874,39.7273]]]},"properties":{"GEOID":"08031002801","AREALAND":"753261","AREAWATER":"0"}},{"type":"Feature","geometry":{"type":"Polygon","coordinates":[[[-104.9875,39.7184],[-104.9876,39.7112],[-104.9804,39.7111],[-104.9803,39.7165],[-104.9803,39.7215],[-104.9874,39.7269],[-104.9874,39.7256],[-104.9875,39.7184]]]},"properties":{"GEOID":"08031002802","AREALAND":"886798","AREAWATER":"0"}},{"type":"Feature","geometry":{"type":"Polygon","coordinates":[[[-104.8012,39.579],[-104.7955,39.5696],[-104.732,39.5804],[-104.7447,39.5952],[-104.7732,39.595],[-104.7733,39.5804],[-104.8012,39.579]]]},"properties":{"GEOID":"08005086400","AREALAND":"8127014","AREAWATER":"0"}},{"type":"Feature","geometry":{"type":"Polygon","coordinates":[[[-105.0324,39.5811],[-105.0214,39.5781],[-105.0071,39.5822],[-105.007,39.5962],[-105.0197,39.6022],[-105.0249,39.5982],[-105.0324,39.5811]]]},"properties":{"GEOID":"08005005623","AREALAND":"4025370","AREAWATER":"55486"}},{"type":"Feature","geometry":{"type":"Polygon","coordinates":[[[-104.9034,39.6849],[-104.9062,39.6784],[-104.9036,39.6767],[-104.8753,39.6748],[-104.8709,39.6748],[-104.8753,39.6784],[-104.8895,39.6893],[-104.8941,39.6927],[-104.9034,39.6849]]]},"properties":{"GEOID":"08005087200","AREALAND":"2418664","AREAWATER":"0"}},{"type":"Feature","geometry":{"type":"Polygon","coordinates":[[[-107.8547,37.3315],[-107.8521,37.3169],[-107.8849,37.3012],[-107.8977,37.3089],[-107.9087,37.2972],[-107.8922,37.2892],[-107.8707,37.2957],[-107.8503,37.3105],[-107.8432,37.3308],[-107.8547,37.3315]]]},"properties":{"GEOID":"08067970900","AREALAND":"8345717","AREAWATER":"0"}},{"type":"Feature","geometry":{"type":"Polygon","coordinates":[[[-108.2952,37.215],[-108.2974,37.1712],[-108.2906,37.1458],[-108.3105,37.1285],[-108.3106,37.1046],[-108.3211,37.0971],[-108.3348,37.0542],[-108.3468,37.0481],[-108.3554,37.0256],[-108.3718,37.0291],[-108.3793,36.9996],[-108.032,36.9997],[-107.7124,37],[-107.7395,37.028],[-107.7265,37.0667],[-107.7402,37.0832],[-107.7319,37.0912],[-107.732,37.1249],[-107.7138,37.1262],[-107.7138,37.1679],[-107.7478,37.1728],[-107.7466,37.215],[-107.8476,37.2149],[-107.8549,37.2148],[-107.9858,37.2126],[-107.9877,37.2149],[-108.2952,37.215]]]},"properties":{"GEOID":"08067940400","AREALAND":"1250531912","AREAWATER":"881110"}},{"type":"Feature","geometry":{"type":"Polygon","coordinates":[[[-104.791,39.6857],[-104.791,39.6821],[-104.791,39.6778],[-104.7725,39.6807],[-104.7724,39.682],[-104.7724,39.6966],[-104.7778,39.6966],[-104.791,39.6857]]]},"properties":{"GEOID":"08005082800","AREALAND":"1969207","AREAWATER":"0"}},{"type":"Feature","geometry":{"type":"Polygon","coordinates":[[[-104.791,39.6778],[-104.791,39.6676],[-104.7725,39.669],[-104.7725,39.6807],[-104.791,39.6778]]]},"properties":{"GEOID":"08005083500","AREALAND":"1883407","AREAWATER":"0"}},{"type":"Feature","geometry":{"type":"Polygon","coordinates":[[[-104.791,39.6676],[-104.7911,39.6603],[-104.7791,39.6531],[-104.7725,39.6531],[-104.7724,39.6677],[-104.7725,39.669],[-104.791,39.6676]]]},"properties":{"GEOID":"08005083300","AREALAND":"1922095","AREAWATER":"0"}},{"type":"Feature","geometry":{"type":"Polygon","coordinates":[[[-104.9223,39.7838],[-104.9223,39.762],[-104.9034,39.762],[-104.9036,39.7783],[-104.9034,39.7838],[-104.9034,39.7839],[-104.9034,39.7838],[-104.9223,39.7838]]]},"properties":{"GEOID":"08031004102","AREALAND":"3925733","AREAWATER":"0"}},{"type":"Feature","geometry":{"type":"Polygon","coordinates":[[[-104.6261,38.2841],[-104.6238,38.2771],[-104.6103,38.2808],[-104.6164,38.284],[-104.6261,38.2841]]]},"properties":{"GEOID":"08101000600","AREALAND":"904266","AREAWATER":"0"}},{"type":"Feature","geometry":{"type":"Polygon","coordinates":[[[-104.9405,39.762],[-104.9406,39.751],[-104.9223,39.7511],[-104.9223,39.762],[-104.9405,39.762]]]},"properties":{"GEOID":"08031004103","AREALAND":"1899572","AREAWATER":"0"}},{"type":"Feature","geometry":{"type":"Polygon","coordinates":[[[-104.9223,39.762],[-104.9223,39.7511],[-104.9034,39.751],[-104.9035,39.7614],[-104.9034,39.762],[-104.9223,39.762]]]},"properties":{"GEOID":"08031004104","AREALAND":"1963411","AREAWATER":"0"}},{"type":"Feature","geometry":{"type":"Polygon","coordinates":[[[-105.1008,39.5807],[-105.0953,39.5662],[-105.0828,39.5662],[-105.0872,39.5807],[-105.1008,39.5807]]]},"properties":{"GEOID":"08059012059","AREALAND":"1946651","AREAWATER":"0"}},{"type":"Feature","geometry":{"type":"Polygon","coordinates":[[[-104.8126,38.8876],[-104.8128,38.8742],[-104.7995,38.8735],[-104.782,38.8892],[-104.7855,38.8892],[-104.7857,38.8892],[-104.7947,38.8805],[-104.8126,38.8876],[-104.8126,38.8877],[-104.8126,38.8876]]]},"properties":{"GEOID":"08041000301","AREALAND":"1867286","AREAWATER":"0"}},{"type":"Feature","geometry":{"type":"Polygon","coordinates":[[[-104.8196,38.8708],[-104.7955,38.8624],[-104.7942,38.8618],[-104.7941,38.8699],[-104.7995,38.8735],[-104.8128,38.8742],[-104.8195,38.8744],[-104.8196,38.8708]]]},"properties":{"GEOID":"08041000400","AREALAND":"1716903","AREAWATER":"0"}},{"type":"Feature","geometry":{"type":"Polygon","coordinates":[[[-104.8196,38.8708],[-104.8202,38.8605],[-104.8093,38.862],[-104.7955,38.8624],[-104.8196,38.8708]]]},"properties":{"GEOID":"08041000500","AREALAND":"1331117","AREAWATER":"0"}},{"type":"Feature","geometry":{"type":"Polygon","coordinates":[[[-105.1746,39.8],[-105.1748,39.7715],[-105.1434,39.7735],[-105.1379,39.7799],[-105.138,39.7867],[-105.1379,39.8018],[-105.1746,39.8]]]},"properties":{"GEOID":"08059009852","AREALAND":"9445515","AREAWATER":"162689"}},{"type":"Feature","geometry":{"type":"Polygon","coordinates":[[[-105.3979,39.7458],[-105.3983,39.7171],[-105.3743,39.7159],[-105.3289,39.7019],[-105.3212,39.7078],[-105.3117,39.7142],[-105.21,39.6955],[-105.2139,39.7081],[-105.245,39.7522],[-105.2478,39.751],[-105.2611,39.738],[-105.3094,39.7468],[-105.3116,39.7384],[-105.3475,39.742],[-105.3844,39.7352],[-105.3979,39.7458],[-105.3979,39.7459],[-105.3979,39.7458]]]},"properties":{"GEOID":"08059009850","AREALAND":"54879949","AREAWATER":"179080"}},{"type":"Feature","geometry":{"type":"Polygon","coordinates":[[[-105.0814,39.7548],[-105.0813,39.7402],[-105.0672,39.7403],[-105.066,39.7403],[-105.0662,39.7476],[-105.072,39.7548],[-105.0814,39.7548]]]},"properties":{"GEOID":"08059011402","AREALAND":"1709705","AREAWATER":"0"}},{"type":"Feature","geometry":{"type":"Polygon","coordinates":[[[-107.5472,40.5379],[-107.553,40.5069],[-107.52,40.5127],[-107.5293,40.5221],[-107.5288,40.5503],[-107.5472,40.5379]]]},"properties":{"GEOID":"08081000500","AREALAND":"9507068","AREAWATER":"0"}},{"type":"Feature","geometry":{"type":"Polygon","coordinates":[[[-107.5472,40.5379],[-107.5817,40.538],[-107.5754,40.507],[-107.553,40.5069],[-107.5472,40.5379]]]},"properties":{"GEOID":"08081000400","AREALAND":"7422345","AREAWATER":"0"}},{"type":"Feature","geometry":{"type":"Polygon","coordinates":[[[-104.7852,39.5659],[-104.7765,39.5521],[-104.7719,39.5441],[-104.7558,39.5441],[-104.7558,39.518],[-104.7364,39.5181],[-104.7237,39.5183],[-104.6988,39.5219],[-104.6984,39.5509],[-104.7216,39.5512],[-104.7181,39.5659],[-104.7663,39.5659],[-104.7852,39.5659]]]},"properties":{"GEOID":"08035013912","AREALAND":"27302423","AREAWATER":"126492"}},{"type":"Feature","geometry":{"type":"Polygon","coordinates":[[[-104.9386,39.5258],[-104.942,39.5035],[-104.927,39.4927],[-104.9042,39.4927],[-104.9047,39.5161],[-104.9138,39.5196],[-104.917,39.5319],[-104.9322,39.5229],[-104.9386,39.5258]]]},"properties":{"GEOID":"08035014144","AREALAND":"9850099","AREAWATER":"9356"}},{"type":"Feature","geometry":{"type":"Polygon","coordinates":[[[-107.3686,40.6003],[-107.367,40.6122],[-107.387,40.6168],[-107.377,40.6381],[-107.4254,40.6393],[-107.4435,40.6268],[-107.4752,40.6168],[-107.4803,40.5885],[-107.4973,40.5769],[-107.5357,40.5816],[-107.5591,40.5972],[-107.6228,40.5859],[-107.6498,40.5954],[-107.6916,40.5788],[-107.6947,40.5658],[-107.7231,40.5501],[-107.7628,40.5478],[-107.7799,40.5326],[-107.7376,40.5162],[-107.6459,40.5029],[-107.6282,40.483],[-107.6146,40.48],[-107.6167,40.4637],[-107.588,40.452],[-107.5789,40.4286],[-107.6032,40.3977],[-107.6253,40.3881],[-107.6214,40.3759],[-107.6026,40.3797],[-107.5833,40.4008],[-107.559,40.4062],[-107.5358,40.4269],[-107.4719,40.4313],[-107.4293,40.4408],[-107.4287,40.5268],[-107.4288,40.5422],[-107.3713,40.5424],[-107.3686,40.6003]],[[-107.553,40.5069],[-107.5754,40.507],[-107.5817,40.538],[-107.5472,40.5379],[-107.5288,40.5503],[-107.5293,40.5221],[-107.52,40.5127],[-107.553,40.5069]]]},"properties":{"GEOID":"08081000300","AREALAND":"420740761","AREAWATER":"1773556"}},{"type":"Feature","geometry":{"type":"Polygon","coordinates":[[[-104.9144,39.4563],[-104.9148,39.4297],[-104.9037,39.4265],[-104.8758,39.4499],[-104.8756,39.4528],[-104.9016,39.4498],[-104.9144,39.4563]]]},"properties":{"GEOID":"08035014142","AREALAND":"6261562","AREAWATER":"0"}},{"type":"Feature","geometry":{"type":"Polygon","coordinates":[[[-104.8843,39.4691],[-104.9177,39.4719],[-104.9144,39.4563],[-104.9016,39.4498],[-104.8756,39.4528],[-104.875,39.4582],[-104.8727,39.4721],[-104.8843,39.4691]]]},"properties":{"GEOID":"08035014141","AREALAND":"7489049","AREAWATER":"0"}},{"type":"Feature","geometry":{"type":"Polygon","coordinates":[[[-104.7688,39.4785],[-104.765,39.4495],[-104.7618,39.4495],[-104.7485,39.4629],[-104.7152,39.4539],[-104.7217,39.4421],[-104.6813,39.4456],[-104.6813,39.4514],[-104.6911,39.4644],[-104.7326,39.4899],[-104.7396,39.492],[-104.7443,39.4786],[-104.7688,39.4785]]]},"properties":{"GEOID":"08035013914","AREALAND":"21555546","AREAWATER":"49435"}},{"type":"Feature","geometry":{"type":"Polygon","coordinates":[[[-104.7618,39.4495],[-104.7217,39.4421],[-104.7152,39.4539],[-104.7485,39.4629],[-104.7618,39.4495]]]},"properties":{"GEOID":"08035013915","AREALAND":"6104714","AREAWATER":"95760"}},{"type":"Feature","geometry":{"type":"Polygon","coordinates":[[[-104.9194,39.5444],[-104.9322,39.5229],[-104.917,39.5319],[-104.9134,39.542],[-104.9194,39.5444]]]},"properties":{"GEOID":"08035014143","AREALAND":"1653932","AREAWATER":"0"}},{"type":"Feature","geometry":{"type":"Polygon","coordinates":[[[-104.875,39.4089],[-104.9087,39.4055],[-104.9074,39.3865],[-104.8857,39.3757],[-104.8607,39.3802],[-104.8619,39.4004],[-104.875,39.4089]]]},"properties":{"GEOID":"08035014410","AREALAND":"10857438","AREAWATER":"0"}},{"type":"Feature","geometry":{"type":"Polygon","coordinates":[[[-104.9669,39.3475],[-104.968,39.2942],[-104.956,39.279],[-104.9321,39.2828],[-104.9176,39.297],[-104.8915,39.297],[-104.8761,39.3389],[-104.8659,39.3657],[-104.8607,39.3802],[-104.8857,39.3757],[-104.8985,39.3602],[-104.9361,39.371],[-104.9556,39.3706],[-104.9669,39.3475]]]},"properties":{"GEOID":"08035014407","AREALAND":"67151072","AREAWATER":"0"}},{"type":"Feature","geometry":{"type":"Polygon","coordinates":[[[-104.8758,39.4499],[-104.8786,39.428],[-104.8682,39.4126],[-104.8447,39.4103],[-104.8396,39.4165],[-104.8716,39.4542],[-104.875,39.4582],[-104.8756,39.4528],[-104.8758,39.4499]]]},"properties":{"GEOID":"08035014017","AREALAND":"9325414","AREAWATER":"0"}},{"type":"Feature","geometry":{"type":"Polygon","coordinates":[[[-104.9654,39.4314],[-104.9552,39.4192],[-104.9481,39.3891],[-104.9556,39.3706],[-104.9361,39.371],[-104.8985,39.3602],[-104.8857,39.3757],[-104.9074,39.3865],[-104.9196,39.3976],[-104.9261,39.4275],[-104.9646,39.4322],[-104.9654,39.4314]]]},"properties":{"GEOID":"08035014409","AREALAND":"26498319","AREAWATER":"0"}},{"type":"Feature","geometry":{"type":"Polygon","coordinates":[[[-105.0546,39.3831],[-105.0538,39.3233],[-105.031,39.3469],[-104.9669,39.3475],[-104.9556,39.3706],[-104.9481,39.3891],[-104.9552,39.4192],[-104.9654,39.4314],[-105.0238,39.3843],[-105.0546,39.3831]]]},"properties":{"GEOID":"08035014206","AREALAND":"55220166","AREAWATER":"214"}},{"type":"Feature","geometry":{"type":"Polygon","coordinates":[[[-104.956,39.279],[-104.9456,39.254],[-104.9554,39.2392],[-104.9391,39.2318],[-104.9235,39.2096],[-104.925,39.1914],[-104.9141,39.1729],[-104.9103,39.1299],[-104.8639,39.1299],[-104.8505,39.1892],[-104.8789,39.221],[-104.8785,39.2433],[-104.8953,39.265],[-104.8915,39.297],[-104.9176,39.297],[-104.9321,39.2828],[-104.956,39.279]]]},"properties":{"GEOID":"08035014408","AREALAND":"93089756","AREAWATER":"0"}},{"type":"Feature","geometry":{"type":"Polygon","coordinates":[[[-105.0733,39.4781],[-105.0731,39.469],[-105.0643,39.4739],[-105.0733,39.4781]]]},"properties":{"GEOID":"08035014207","AREALAND":"655546","AREAWATER":"0"}},{"type":"Feature","geometry":{"type":"Polygon","coordinates":[[[-104.7775,38.8676],[-104.7757,38.859],[-104.7574,38.8592],[-104.7572,38.8678],[-104.7775,38.8676]]]},"properties":{"GEOID":"08041000102","AREALAND":"1615911","AREAWATER":"0"}},{"type":"Feature","geometry":{"type":"Polygon","coordinates":[[[-104.7831,38.897],[-104.7855,38.8892],[-104.782,38.8892],[-104.7741,38.8892],[-104.7571,38.8909],[-104.768,38.9014],[-104.7757,38.9045],[-104.7831,38.897]]]},"properties":{"GEOID":"08041000202","AREALAND":"2657713","AREAWATER":"0"}},{"type":"Feature","geometry":{"type":"Polygon","coordinates":[[[-105.0933,39.4881],[-105.0733,39.4781],[-105.0643,39.4739],[-105.0731,39.469],[-105.0723,39.4534],[-105.0546,39.4543],[-105.0545,39.5073],[-105.0245,39.5072],[-105.0505,39.5478],[-105.0644,39.5543],[-105.0777,39.5364],[-105.079,39.5099],[-105.0933,39.4881]]]},"properties":{"GEOID":"08035014208","AREALAND":"25338679","AREAWATER":"2511502"}},{"type":"Feature","geometry":{"type":"Polygon","coordinates":[[[-104.9482,39.5427],[-104.941,39.5275],[-104.931,39.5426],[-104.9446,39.545],[-104.9482,39.5427]]]},"properties":{"GEOID":"08035014145","AREALAND":"1680182","AREAWATER":"0"}},{"type":"Feature","geometry":{"type":"Polygon","coordinates":[[[-105.0723,39.4534],[-105.0576,39.4126],[-105.0728,39.4117],[-105.0546,39.3831],[-105.0238,39.3843],[-104.9654,39.4314],[-104.9646,39.4322],[-104.9801,39.4454],[-105.0021,39.4845],[-105.0245,39.5072],[-105.0545,39.5073],[-105.0546,39.4543],[-105.0723,39.4534]]]},"properties":{"GEOID":"08035014205","AREALAND":"73260788","AREAWATER":"327235"}},{"type":"Feature","geometry":{"type":"Polygon","coordinates":[[[-104.941,39.5275],[-104.9386,39.5258],[-104.9322,39.5229],[-104.9194,39.5444],[-104.931,39.5426],[-104.941,39.5275]]]},"properties":{"GEOID":"08035014146","AREALAND":"1667193","AREAWATER":"0"}},{"type":"Feature","geometry":{"type":"Polygon","coordinates":[[[-104.7911,39.566],[-104.8012,39.566],[-104.7934,39.5492],[-104.7765,39.5521],[-104.7852,39.5659],[-104.7911,39.566]]]},"properties":{"GEOID":"08035014015","AREALAND":"2544579","AREAWATER":"0"}},{"type":"Feature","geometry":{"type":"Polygon","coordinates":[[[-104.8724,39.566],[-104.8705,39.5555],[-104.8078,39.5531],[-104.7934,39.5492],[-104.8012,39.566],[-104.8141,39.566],[-104.8724,39.566]]]},"properties":{"GEOID":"08035014014","AREALAND":"9054407","AREAWATER":"0"}},{"type":"Feature","geometry":{"type":"Polygon","coordinates":[[[-104.8137,39.5051],[-104.8346,39.4802],[-104.8438,39.4809],[-104.8716,39.4542],[-104.8396,39.4165],[-104.7748,39.4785],[-104.7688,39.4785],[-104.7684,39.4931],[-104.7748,39.4931],[-104.8016,39.493],[-104.8137,39.5051]]]},"properties":{"GEOID":"08035014016","AREALAND":"39483217","AREAWATER":"0"}},{"type":"Feature","geometry":{"type":"Polygon","coordinates":[[[-106.2728,39.0564],[-106.2642,39.0389],[-106.2394,39.0188],[-106.2381,39.0035],[-106.2217,38.997],[-106.2149,38.9769],[-106.1833,38.9303],[-106.173,38.8935],[-106.1595,38.876],[-106.128,38.8345],[-106.1144,38.8039],[-106.1136,38.7829],[-106.0826,38.7545],[-106.0827,38.7417],[-106.0663,38.7412],[-106.056,38.717],[-106.0094,38.7202],[-105.9883,38.7297],[-105.9632,38.7511],[-105.9684,38.7736],[-105.9381,38.7552],[-105.9445,38.7681],[-105.9293,38.7745],[-105.9066,38.8069],[-105.9419,38.8404],[-105.9291,38.8659],[-105.9412,38.8856],[-105.9743,38.8825],[-105.9751,38.9101],[-105.9952,38.9147],[-106.0281,38.9428],[-106.0517,38.9434],[-106.0705,38.9321],[-106.111,38.9401],[-106.1044,38.9741],[-106.1089,38.9874],[-106.1454,38.9979],[-106.1691,38.9913],[-106.1914,39.0166],[-106.1826,39.038],[-106.191,39.0561],[-106.2728,39.0564]]]},"properties":{"GEOID":"08015000402","AREALAND":"460118799","AREAWATER":"93951"}},{"type":"Feature","geometry":{"type":"Polygon","coordinates":[[[-104.7751,40.4068],[-104.7846,40.3922],[-104.7562,40.3923],[-104.7563,40.4069],[-104.7751,40.4068]]]},"properties":{"GEOID":"08123001408","AREALAND":"3247725","AREAWATER":"0"}},{"type":"Feature","geometry":{"type":"Polygon","coordinates":[[[-104.9471,39.8676],[-104.9545,39.8562],[-104.9541,39.8562],[-104.9403,39.8559],[-104.9402,39.8774],[-104.9471,39.8676]]]},"properties":{"GEOID":"08001009104","AREALAND":"2607430","AREAWATER":"0"}},{"type":"Feature","geometry":{"type":"Polygon","coordinates":[[[-104.9777,39.8707],[-104.9778,39.8563],[-104.9673,39.8562],[-104.9618,39.8707],[-104.9777,39.8707]]]},"properties":{"GEOID":"08001009202","AREALAND":"1753932","AREAWATER":"1771"}},{"type":"Feature","geometry":{"type":"Polygon","coordinates":[[[-104.6782,38.9406],[-104.6829,38.9117],[-104.6829,38.901],[-104.6828,38.8872],[-104.6827,38.8681],[-104.6635,38.864],[-104.6164,38.928],[-104.5782,38.9551],[-104.6077,38.9442],[-104.6082,38.9406],[-104.6782,38.9406]]]},"properties":{"GEOID":"08041005122","AREALAND":"36853020","AREAWATER":"59661"}},{"type":"Feature","geometry":{"type":"Polygon","coordinates":[[[-104.6979,38.8532],[-104.7015,38.839],[-104.6828,38.8382],[-104.6828,38.8381],[-104.6828,38.8382],[-104.6828,38.8415],[-104.6806,38.8532],[-104.695,38.8532],[-104.6979,38.8532]]]},"properties":{"GEOID":"08041005114","AREALAND":"2430097","AREAWATER":"0"}},{"type":"Feature","geometry":{"type":"Polygon","coordinates":[[[-104.7267,38.7323],[-104.733,38.7248],[-104.7091,38.6729],[-104.6996,38.6881],[-104.7145,38.7155],[-104.7267,38.7323]]]},"properties":{"GEOID":"08041004513","AREALAND":"7147567","AREAWATER":"15326"}},{"type":"Feature","geometry":{"type":"Polygon","coordinates":[[[-104.9874,39.8853],[-104.9873,39.8563],[-104.9778,39.8563],[-104.9777,39.8707],[-104.9778,39.8852],[-104.9874,39.8853]]]},"properties":{"GEOID":"08001009203","AREALAND":"2654936","AREAWATER":"51512"}},{"type":"Feature","geometry":{"type":"Polygon","coordinates":[[[-104.9778,39.8852],[-104.9777,39.8707],[-104.9618,39.8707],[-104.959,39.8706],[-104.9589,39.8778],[-104.9589,39.8851],[-104.9626,39.8852],[-104.9778,39.8852]]]},"properties":{"GEOID":"08001009204","AREALAND":"2522237","AREAWATER":"50328"}},{"type":"Feature","geometry":{"type":"Polygon","coordinates":[[[-105.7433,37.3568],[-105.7525,37.3456],[-105.7384,37.3068],[-105.7244,37.3157],[-105.5969,37.3168],[-105.5969,37.2873],[-105.4334,37.2869],[-105.4262,37.2425],[-105.3893,37.2421],[-105.3623,37.2524],[-105.338,37.2515],[-105.3261,37.2324],[-105.3003,37.2408],[-105.2843,37.2278],[-105.2262,37.2473],[-105.1926,37.2725],[-105.1868,37.2839],[-105.1646,37.2891],[-105.1631,37.3289],[-105.1688,37.3621],[-105.1664,37.3888],[-105.1327,37.4036],[-105.1577,37.4575],[-105.1754,37.4563],[-105.1713,37.5133],[-105.1783,37.5463],[-105.2016,37.574],[-105.2183,37.5824],[-105.1932,37.5922],[-105.19,37.6141],[-105.2142,37.6263],[-105.236,37.6208],[-105.2956,37.6544],[-105.3482,37.638],[-105.3703,37.6394],[-105.3914,37.6184],[-105.4423,37.6118],[-105.4545,37.5905],[-105.4855,37.5779],[-105.4963,37.5639],[-105.7433,37.3568]]]},"properties":{"GEOID":"08023972600","AREALAND":"1554693283","AREAWATER":"3766243"}},{"type":"Feature","geometry":{"type":"Polygon","coordinates":[[[-104.7521,38.927],[-104.752,38.9268],[-104.7477,38.9234],[-104.7382,38.9203],[-104.7217,38.9209],[-104.7195,38.9222],[-104.7195,38.926],[-104.7521,38.927]]]},"properties":{"GEOID":"08041004708","AREALAND":"2143714","AREAWATER":"0"}},{"type":"Feature","geometry":{"type":"Polygon","coordinates":[[[-105.0968,40.4217],[-105.0874,40.4049],[-105.0779,40.4022],[-105.0731,40.4023],[-105.073,40.4072],[-105.0761,40.4217],[-105.0775,40.4305],[-105.0966,40.429],[-105.0968,40.4217]]]},"properties":{"GEOID":"08069001804","AREALAND":"3089346","AREAWATER":"1814970"}},{"type":"Feature","geometry":{"type":"Polygon","coordinates":[[[-104.9618,39.8707],[-104.9673,39.8562],[-104.9545,39.8562],[-104.9471,39.8676],[-104.959,39.8706],[-104.9618,39.8707]]]},"properties":{"GEOID":"08001009101","AREALAND":"1848229","AREAWATER":"0"}},{"type":"Feature","geometry":{"type":"Polygon","coordinates":[[[-105.0532,39.7349],[-105.0533,39.7258],[-105.0395,39.7257],[-105.0393,39.7343],[-105.0532,39.7349]]]},"properties":{"GEOID":"08031000904","AREALAND":"1241247","AREAWATER":"0"}},{"type":"Feature","geometry":{"type":"Polygon","coordinates":[[[-104.9719,39.7703],[-104.9733,39.7621],[-104.9597,39.762],[-104.9594,39.7729],[-104.9719,39.7703]]]},"properties":{"GEOID":"08031003601","AREALAND":"1326341","AREAWATER":"0"}},{"type":"Feature","geometry":{"type":"Polygon","coordinates":[[[-104.9227,39.6676],[-104.9257,39.6675],[-104.9185,39.6531],[-104.9008,39.6531],[-104.9041,39.66],[-104.9048,39.6676],[-104.9129,39.6676],[-104.9164,39.6676],[-104.913,39.6562],[-104.9227,39.6676]]]},"properties":{"GEOID":"08031006812","AREALAND":"1987597","AREAWATER":"0"}},{"type":"Feature","geometry":{"type":"Polygon","coordinates":[[[-104.9733,39.7621],[-104.9734,39.7546],[-104.9734,39.7507],[-104.9598,39.7507],[-104.9597,39.762],[-104.9733,39.7621]]]},"properties":{"GEOID":"08031002300","AREALAND":"1458490","AREAWATER":"0"}},{"type":"Feature","geometry":{"type":"Polygon","coordinates":[[[-104.7911,39.6603],[-104.7912,39.6531],[-104.7791,39.6531],[-104.7911,39.6603]]]},"properties":{"GEOID":"08005084500","AREALAND":"726827","AREAWATER":"0"}},{"type":"Feature","geometry":{"type":"Polygon","coordinates":[[[-107.9989,38.6685],[-107.9868,38.6351],[-107.9934,38.5908],[-107.9811,38.5942],[-107.9787,38.562],[-107.9567,38.5655],[-107.9385,38.5351],[-107.8934,38.547],[-107.8332,38.5159],[-107.7863,38.5421],[-107.7764,38.5566],[-107.7888,38.5645],[-107.7881,38.5937],[-107.7385,38.5753],[-107.7191,38.585],[-107.6796,38.5574],[-107.6775,38.5425],[-107.6276,38.5193],[-107.6209,38.5048],[-107.5926,38.4945],[-107.5562,38.4588],[-107.5207,38.4458],[-107.5006,38.4456],[-107.5006,38.6686],[-107.8486,38.6681],[-107.9989,38.6685]]]},"properties":{"GEOID":"08085966202","AREALAND":"653000116","AREAWATER":"2451952"}},{"type":"Feature","geometry":{"type":"Polygon","coordinates":[[[-107.8727,38.4575],[-107.8566,38.4217],[-107.7897,38.3445],[-107.7831,38.3322],[-107.6357,38.3321],[-107.635,38.3019],[-107.5,38.3019],[-107.5006,38.4456],[-107.5207,38.4458],[-107.5562,38.4588],[-107.5926,38.4945],[-107.6209,38.5048],[-107.6276,38.5193],[-107.6775,38.5425],[-107.6796,38.5574],[-107.7191,38.585],[-107.7385,38.5753],[-107.7881,38.5937],[-107.7888,38.5645],[-107.7764,38.5566],[-107.7618,38.5524],[-107.7481,38.5266],[-107.7484,38.5084],[-107.7297,38.5083],[-107.7406,38.4884],[-107.8115,38.4886],[-107.834,38.4817],[-107.8202,38.4599],[-107.8354,38.4509],[-107.8643,38.4545],[-107.8663,38.46],[-107.8727,38.4575]]]},"properties":{"GEOID":"08085966501","AREALAND":"606965766","AREAWATER":"1278814"}},{"type":"Feature","geometry":{"type":"Polygon","coordinates":[[[-107.9385,38.5351],[-107.9368,38.5323],[-107.9124,38.5111],[-107.871,38.4908],[-107.8711,38.4998],[-107.8479,38.5],[-107.8471,38.4888],[-107.8115,38.4886],[-107.7406,38.4884],[-107.7297,38.5083],[-107.7484,38.5084],[-107.7481,38.5266],[-107.7618,38.5524],[-107.7764,38.5566],[-107.7863,38.5421],[-107.8332,38.5159],[-107.8934,38.547],[-107.9385,38.5351]]]},"properties":{"GEOID":"08085966503","AREALAND":"73359603","AREAWATER":"0"}},{"type":"Feature","geometry":{"type":"Polygon","coordinates":[[[-108.5837,38.5],[-108.5729,38.4757],[-108.5365,38.457],[-108.4938,38.4718],[-108.4628,38.4602],[-108.4247,38.4256],[-108.3824,38.428],[-108.3785,38.4112],[-108.3386,38.4074],[-108.2983,38.3841],[-108.2773,38.3778],[-108.2445,38.3541],[-108.2309,38.3255],[-108.2043,38.3178],[-108.1822,38.3237],[-108.1876,38.3572],[-108.1876,38.3957],[-108.1744,38.4032],[-108.1624,38.4277],[-108.1642,38.4491],[-108.1275,38.4797],[-108.1086,38.508],[-108.0826,38.5301],[-108.0485,38.5502],[-108.0289,38.5553],[-108.0179,38.5335],[-107.9758,38.5258],[-107.9672,38.5344],[-107.9368,38.5323],[-107.9385,38.5351],[-107.9567,38.5655],[-107.9787,38.562],[-107.9811,38.5942],[-107.9934,38.5908],[-107.9868,38.6351],[-107.9989,38.6685],[-107.9991,38.6685],[-108.0958,38.6685],[-108.3787,38.6681],[-108.3791,38.5],[-108.5837,38.5]]]},"properties":{"GEOID":"08085966201","AREALAND":"971891419","AREAWATER":"450242"}},{"type":"Feature","geometry":{"type":"Polygon","coordinates":[[[-107.9368,38.5323],[-107.9672,38.5344],[-107.9758,38.5258],[-108.0179,38.5335],[-108.0289,38.5553],[-108.0485,38.5502],[-108.0826,38.5301],[-108.1086,38.508],[-108.1275,38.4797],[-108.1642,38.4491],[-108.1624,38.4277],[-108.1744,38.4032],[-108.1876,38.3957],[-108.1876,38.3572],[-108.1822,38.3237],[-108.1292,38.3125],[-108.116,38.277],[-108.0867,38.2758],[-108.1042,38.2842],[-108.1048,38.3137],[-108.1233,38.3136],[-108.1324,38.3316],[-107.8756,38.3328],[-107.7831,38.3322],[-107.7897,38.3445],[-107.8566,38.4217],[-107.8725,38.4163],[-107.8929,38.4321],[-107.9077,38.469],[-107.9117,38.5038],[-107.9116,38.5038],[-107.9117,38.5038],[-107.9124,38.5111],[-107.9368,38.5323]]]},"properties":{"GEOID":"08085966602","AREALAND":"579855447","AREAWATER":"60012"}},{"type":"Feature","geometry":{"type":"Polygon","coordinates":[[[-107.9117,38.5038],[-107.9077,38.469],[-107.8929,38.4321],[-107.8725,38.4163],[-107.8566,38.4217],[-107.8727,38.4575],[-107.8856,38.4751],[-107.9116,38.5038],[-107.9117,38.5038]]]},"properties":{"GEOID":"08085966601","AREALAND":"16902948","AREAWATER":"0"}},{"type":"Feature","geometry":{"type":"Polygon","coordinates":[[[-107.8643,38.4545],[-107.8354,38.4509],[-107.8202,38.4599],[-107.834,38.4817],[-107.8115,38.4886],[-107.8471,38.4888],[-107.8463,38.4672],[-107.8643,38.4545]]]},"properties":{"GEOID":"08085966502","AREALAND":"7881735","AREAWATER":"0"}},{"type":"Feature","geometry":{"type":"Polygon","coordinates":[[[-105.0533,39.7033],[-105.0532,39.6968],[-105.0391,39.6968],[-105.0391,39.704],[-105.0397,39.7063],[-105.0533,39.7033]]]},"properties":{"GEOID":"08031004503","AREALAND":"1017832","AREAWATER":"0"}},{"type":"Feature","geometry":{"type":"Polygon","coordinates":[[[-104.9228,39.7256],[-104.9223,39.7113],[-104.9128,39.7114],[-104.9035,39.7113],[-104.9037,39.7171],[-104.9034,39.7256],[-104.9128,39.7256],[-104.9228,39.7256]]]},"properties":{"GEOID":"08031004306","AREALAND":"2557985","AREAWATER":"0"}},{"type":"Feature","geometry":{"type":"Polygon","coordinates":[[[-104.82,39.7983],[-104.8237,39.793],[-104.8098,39.7837],[-104.8097,39.7983],[-104.82,39.7983]]]},"properties":{"GEOID":"08031008386","AREALAND":"1292146","AREAWATER":"0"}},{"type":"Feature","geometry":{"type":"Polygon","coordinates":[[[-104.7721,39.7984],[-104.7721,39.7837],[-104.7553,39.7829],[-104.7345,39.7819],[-104.7344,39.7984],[-104.7626,39.7984],[-104.7721,39.7984]]]},"properties":{"GEOID":"08031008389","AREALAND":"5688854","AREAWATER":"0"}},{"type":"Feature","geometry":{"type":"Polygon","coordinates":[[[-104.7553,39.7829],[-104.7534,39.7693],[-104.7346,39.7692],[-104.7345,39.7819],[-104.7553,39.7829]]]},"properties":{"GEOID":"08031008391","AREALAND":"2304139","AREAWATER":"0"}},{"type":"Feature","geometry":{"type":"Polygon","coordinates":[[[-104.7722,39.7764],[-104.7722,39.7715],[-104.7534,39.7693],[-104.7553,39.7829],[-104.7721,39.7837],[-104.7722,39.7764]]]},"properties":{"GEOID":"08031008390","AREALAND":"2288743","AREAWATER":"0"}},{"type":"Feature","geometry":{"type":"Polygon","coordinates":[[[-105.0959,40.5818],[-105.0959,40.5782],[-105.0807,40.5781],[-105.0861,40.5871],[-105.0958,40.5871],[-105.0959,40.5818]]]},"properties":{"GEOID":"08069000201","AREALAND":"983866","AREAWATER":"0"}},{"type":"Feature","geometry":{"type":"Polygon","coordinates":[[[-108.5915,37.4174],[-108.6324,37.4133],[-108.6275,37.371],[-108.6209,37.3697],[-108.6093,37.3206],[-108.5911,37.3518],[-108.5727,37.3488],[-108.5728,37.4135],[-108.5915,37.4174]]]},"properties":{"GEOID":"08083969301","AREALAND":"37654465","AREAWATER":"42236"}},{"type":"Feature","geometry":{"type":"Polygon","coordinates":[[[-108.5728,37.4135],[-108.5727,37.3488],[-108.5431,37.3527],[-108.533,37.4003],[-108.5348,37.4217],[-108.5364,37.4136],[-108.5728,37.4135]]]},"properties":{"GEOID":"08083969302","AREALAND":"20823750","AREAWATER":"60460"}},{"type":"Feature","geometry":{"type":"Polygon","coordinates":[[[-104.7181,39.5659],[-104.7216,39.5512],[-104.6984,39.5509],[-104.6988,39.5219],[-104.6613,39.5215],[-104.6606,39.5659],[-104.6795,39.5659],[-104.707,39.566],[-104.7181,39.5659]]]},"properties":{"GEOID":"08035013913","AREALAND":"18566919","AREAWATER":"25414"}},{"type":"Feature","geometry":{"type":"Polygon","coordinates":[[[-105.4449,39.566],[-105.4609,39.558],[-105.451,39.5473],[-105.4344,39.4929],[-105.532,39.5139],[-105.5311,39.4986],[-105.5482,39.4934],[-105.5422,39.4716],[-105.5206,39.4547],[-105.472,39.4278],[-105.4643,39.4312],[-105.4385,39.4541],[-105.4097,39.4409],[-105.398,39.4242],[-105.3983,39.4642],[-105.3985,39.5247],[-105.3989,39.5661],[-105.4449,39.566]]]},"properties":{"GEOID":"08093000102","AREALAND":"109229267","AREAWATER":"150027"}},{"type":"Feature","geometry":{"type":"Polygon","coordinates":[[[-105.8297,39.5649],[-105.8158,39.552],[-105.8232,39.5299],[-105.8454,39.5237],[-105.8617,39.5286],[-105.8224,39.4895],[-105.7582,39.4734],[-105.7214,39.4567],[-105.7213,39.4567],[-105.6754,39.4614],[-105.6428,39.4553],[-105.5655,39.4271],[-105.5176,39.4047],[-105.4783,39.3963],[-105.4643,39.4312],[-105.472,39.4278],[-105.5206,39.4547],[-105.5422,39.4716],[-105.5482,39.4934],[-105.5311,39.4986],[-105.532,39.5139],[-105.4344,39.4929],[-105.451,39.5473],[-105.4609,39.558],[-105.4449,39.566],[-105.588,39.5682],[-105.6239,39.567],[-105.8297,39.5649]]]},"properties":{"GEOID":"08093000101","AREALAND":"385270369","AREAWATER":"493455"}},{"type":"Feature","geometry":{"type":"Polygon","coordinates":[[[-104.7722,38.3271],[-104.8138,38.3153],[-104.8298,38.2913],[-104.8098,38.2891],[-104.7969,38.2737],[-104.7723,38.2634],[-104.7845,38.2953],[-104.7682,38.3003],[-104.7667,38.3127],[-104.7722,38.3271]]]},"properties":{"GEOID":"08101002911","AREALAND":"17901947","AREAWATER":"1622986"}},{"type":"Feature","geometry":{"type":"Polygon","coordinates":[[[-104.7633,38.3408],[-104.7722,38.3271],[-104.7667,38.3127],[-104.746,38.3223],[-104.7417,38.3286],[-104.7437,38.3355],[-104.7633,38.3408]]]},"properties":{"GEOID":"08101002913","AREALAND":"4926628","AREAWATER":"17454"}},{"type":"Feature","geometry":{"type":"Polygon","coordinates":[[[-104.9409,38.4178],[-104.9409,38.372],[-104.7633,38.3408],[-104.7437,38.3355],[-104.7014,38.3239],[-104.6942,38.3564],[-104.7231,38.3742],[-104.7231,38.3928],[-104.6921,38.3993],[-104.7178,38.4238],[-104.7355,38.4297],[-104.736,38.4251],[-104.821,38.4255],[-104.8393,38.4319],[-104.8476,38.418],[-104.9409,38.4178]]]},"properties":{"GEOID":"08101002923","AREALAND":"161978348","AREAWATER":"125519"}},{"type":"Feature","geometry":{"type":"Polygon","coordinates":[[[-104.7341,38.5196],[-104.7372,38.5193],[-104.7355,38.4297],[-104.7178,38.4238],[-104.6921,38.3993],[-104.7231,38.3928],[-104.7231,38.3742],[-104.6942,38.3564],[-104.6827,38.3773],[-104.6419,38.3853],[-104.6305,38.3999],[-104.612,38.4018],[-104.6014,38.4123],[-104.5921,38.4466],[-104.5946,38.4637],[-104.6076,38.4698],[-104.6023,38.4926],[-104.6124,38.5202],[-104.6261,38.52],[-104.718,38.5196],[-104.7341,38.5196]]]},"properties":{"GEOID":"08101002922","AREALAND":"169074609","AREAWATER":"258425"}},{"type":"Feature","geometry":{"type":"Polygon","coordinates":[[[-104.5374,38.2657],[-104.5336,38.2525],[-104.534,38.2271],[-104.4992,38.2267],[-104.4838,38.2538],[-104.4599,38.266],[-104.5142,38.2573],[-104.5374,38.2657]]]},"properties":{"GEOID":"08101003105","AREALAND":"15643756","AREAWATER":"314352"}},{"type":"Feature","geometry":{"type":"Polygon","coordinates":[[[-104.6179,38.1493],[-104.5835,38.1763],[-104.5884,38.1838],[-104.5519,38.1962],[-104.5442,38.2073],[-104.5143,38.2146],[-104.4992,38.2267],[-104.534,38.2271],[-104.566,38.2318],[-104.5853,38.2376],[-104.6124,38.2088],[-104.6179,38.1493]]]},"properties":{"GEOID":"08101003106","AREALAND":"38223701","AREAWATER":"273469"}},{"type":"Feature","geometry":{"type":"Polygon","coordinates":[[[-104.7682,38.3003],[-104.7845,38.2953],[-104.7723,38.2634],[-104.7141,38.2716],[-104.7073,38.2601],[-104.6867,38.2626],[-104.6789,38.2677],[-104.6633,38.2818],[-104.6612,38.314],[-104.6869,38.3199],[-104.7001,38.3174],[-104.719,38.3063],[-104.7243,38.2971],[-104.7488,38.3071],[-104.7682,38.3003]]]},"properties":{"GEOID":"08101002917","AREALAND":"41735482","AREAWATER":"3124866"}},{"type":"Feature","geometry":{"type":"Polygon","coordinates":[[[-104.746,38.3223],[-104.75,38.3153],[-104.719,38.3063],[-104.7001,38.3174],[-104.7265,38.3196],[-104.7417,38.3286],[-104.746,38.3223]]]},"properties":{"GEOID":"08101002914","AREALAND":"5191141","AREAWATER":"1697"}},{"type":"Feature","geometry":{"type":"Polygon","coordinates":[[[-104.6942,38.3564],[-104.7014,38.3239],[-104.6869,38.3199],[-104.6612,38.314],[-104.6472,38.312],[-104.6452,38.3208],[-104.6501,38.3342],[-104.6346,38.3775],[-104.612,38.4018],[-104.6305,38.3999],[-104.6419,38.3853],[-104.6827,38.3773],[-104.6942,38.3564]]]},"properties":{"GEOID":"08101002921","AREALAND":"35212117","AREAWATER":"71028"}},{"type":"Feature","geometry":{"type":"Polygon","coordinates":[[[-104.612,38.4018],[-104.6346,38.3775],[-104.6501,38.3342],[-104.6452,38.3208],[-104.6156,38.3204],[-104.6138,38.3075],[-104.6036,38.3073],[-104.608,38.3311],[-104.6169,38.3589],[-104.6014,38.4123],[-104.612,38.4018]]]},"properties":{"GEOID":"08101002920","AREALAND":"22872900","AREAWATER":"29217"}},{"type":"Feature","geometry":{"type":"Polygon","coordinates":[[[-104.75,38.3153],[-104.7488,38.3071],[-104.7243,38.2971],[-104.719,38.3063],[-104.75,38.3153]]]},"properties":{"GEOID":"08101002916","AREALAND":"2493098","AREAWATER":"0"}},{"type":"Feature","geometry":{"type":"Polygon","coordinates":[[[-104.6014,38.4123],[-104.6169,38.3589],[-104.608,38.3311],[-104.5584,38.3327],[-104.5635,38.2961],[-104.568,38.2802],[-104.5598,38.2757],[-104.5551,38.2732],[-104.472,38.2758],[-104.4577,38.2666],[-104.3992,38.2484],[-104.3604,38.2415],[-104.3428,38.2534],[-104.2873,38.2432],[-104.2854,38.2372],[-104.2312,38.2288],[-104.2038,38.2045],[-104.1869,38.2039],[-104.1856,38.1906],[-104.1436,38.177],[-104.1156,38.1781],[-104.1041,38.1604],[-104.0798,38.1628],[-104.0582,38.1465],[-104.0584,38.261],[-104.0547,38.2618],[-104.0563,38.4404],[-104.0539,38.5224],[-104.0543,38.5224],[-104.2747,38.5211],[-104.5326,38.5198],[-104.6124,38.5202],[-104.6023,38.4926],[-104.6076,38.4698],[-104.5946,38.4637],[-104.5921,38.4466],[-104.6014,38.4123]]]},"properties":{"GEOID":"08101003600","AREALAND":"1505604547","AREAWATER":"3290286"}},{"type":"Feature","geometry":{"type":"Polygon","coordinates":[[[-104.6452,38.3208],[-104.6472,38.312],[-104.6174,38.3077],[-104.6138,38.3075],[-104.6156,38.3204],[-104.6452,38.3208]]]},"properties":{"GEOID":"08101002919","AREALAND":"3550321","AREAWATER":"0"}},{"type":"Feature","geometry":{"type":"Polygon","coordinates":[[[-103.5047,38.5164],[-103.507,38.3423],[-103.5018,38.3423],[-103.5018,38.265],[-103.3999,38.2654],[-103.1255,38.2665],[-102.7423,38.267],[-102.4797,38.2679],[-102.2111,38.2682],[-102.0445,38.2687],[-102.0451,38.6152],[-102.4562,38.6148],[-102.6116,38.6132],[-103.0542,38.6151],[-103.1729,38.6125],[-103.1729,38.5253],[-103.2506,38.5237],[-103.5047,38.5237],[-103.5047,38.5164]]]},"properties":{"GEOID":"08061960100","AREALAND":"4578603585","AREAWATER":"47032916"}},{"type":"Feature","geometry":{"type":"Polygon","coordinates":[[[-107.0006,37.956],[-107.0435,37.9488],[-107.0678,37.9613],[-107.1124,37.9427],[-107.1382,37.9389],[-107.1374,37.8288],[-107.1451,37.6755],[-107.1239,37.675],[-107.1287,37.4736],[-107.1287,37.4229],[-107.1287,37.3924],[-107.0453,37.3923],[-106.8405,37.3942],[-106.7108,37.3962],[-106.7108,37.4042],[-106.7116,37.6643],[-106.6956,37.6643],[-106.6938,37.8352],[-106.6937,37.8483],[-106.6935,37.8735],[-106.7229,37.875],[-106.7367,37.8879],[-106.7558,37.8806],[-106.7731,37.8856],[-106.801,37.9137],[-106.8473,37.9192],[-106.8799,37.9499],[-106.8792,37.9611],[-106.9203,37.9674],[-106.9415,37.9543],[-106.968,37.975],[-107.0006,37.956]]]},"properties":{"GEOID":"08079973600","AREALAND":"2268209075","AREAWATER":"5222161"}},{"type":"Feature","geometry":{"type":"Polygon","coordinates":[[[-109.0426,38.153],[-109.043,37.9829],[-109.042,37.8811],[-108.8205,37.8809],[-108.8167,37.8955],[-108.3574,37.8936],[-108.2565,37.8946],[-108.2378,37.8764],[-108.227,37.8432],[-108.1991,37.8242],[-108.1595,37.8665],[-108.1702,37.8995],[-108.144,37.9033],[-108.1324,37.9204],[-108.1313,37.9502],[-108.1218,37.9576],[-108.1106,37.9927],[-108.1204,38.0057],[-108.1113,38.0317],[-108.1587,38.0627],[-108.131,38.0738],[-108.0279,38.1526],[-108.3338,38.1525],[-108.7355,38.1531],[-108.8808,38.154],[-109.0426,38.153]]]},"properties":{"GEOID":"08113968200","AREALAND":"2407314320","AREAWATER":"3821305"}},{"type":"Feature","geometry":{"type":"Polygon","coordinates":[[[-104.9885,39.5735],[-104.9885,39.5661],[-104.9718,39.5661],[-104.9723,39.5806],[-104.9884,39.5806],[-104.9884,39.5785],[-104.9885,39.5735]]]},"properties":{"GEOID":"08005005632","AREALAND":"2209374","AREAWATER":"0"}},{"type":"Feature","geometry":{"type":"Polygon","coordinates":[[[-104.8302,39.6676],[-104.8436,39.6585],[-104.8329,39.6542],[-104.8099,39.6689],[-104.8099,39.6707],[-104.8302,39.6676]]]},"properties":{"GEOID":"08005081500","AREALAND":"1808705","AREAWATER":"0"}},{"type":"Feature","geometry":{"type":"Polygon","coordinates":[[[-105.5482,39.7818],[-105.5604,39.7792],[-105.5568,39.755],[-105.5202,39.7408],[-105.4966,39.7402],[-105.5083,39.7642],[-105.5482,39.7818]]]},"properties":{"GEOID":"08019014800","AREALAND":"15200736","AREAWATER":"33931"}},{"type":"Feature","geometry":{"type":"Polygon","coordinates":[[[-105.9251,39.6794],[-105.9107,39.6623],[-105.8849,39.6571],[-105.8646,39.667],[-105.8491,39.6445],[-105.821,39.6426],[-105.8166,39.6335],[-105.7827,39.629],[-105.776,39.6051],[-105.8081,39.5834],[-105.8384,39.5729],[-105.8297,39.5649],[-105.6239,39.567],[-105.6324,39.5794],[-105.6555,39.592],[-105.651,39.6134],[-105.6784,39.6118],[-105.6609,39.6758],[-105.6181,39.6932],[-105.5987,39.7107],[-105.6232,39.7222],[-105.6101,39.7252],[-105.5972,39.7463],[-105.5635,39.7562],[-105.6063,39.7914],[-105.6256,39.7911],[-105.6805,39.8113],[-105.7241,39.819],[-105.7364,39.8048],[-105.777,39.7981],[-105.7996,39.8033],[-105.823,39.7856],[-105.8549,39.7961],[-105.8876,39.7966],[-105.8927,39.7826],[-105.8805,39.7593],[-105.8837,39.737],[-105.9083,39.7263],[-105.9246,39.699],[-105.9251,39.6794]]]},"properties":{"GEOID":"08019014900","AREALAND":"523968406","AREAWATER":"2024030"}},{"type":"Feature","geometry":{"type":"Polygon","coordinates":[[[-106.8158,40.4437],[-106.8066,40.4216],[-106.8066,40.3939],[-106.8107,40.383],[-106.7775,40.3604],[-106.7465,40.3487],[-106.7515,40.3629],[-106.7056,40.3844],[-106.6527,40.389],[-106.6521,40.4452],[-106.6572,40.4834],[-106.7063,40.4741],[-106.7564,40.4755],[-106.7725,40.4819],[-106.7892,40.4747],[-106.8054,40.4525],[-106.7994,40.452],[-106.8074,40.4403],[-106.8158,40.4437]]]},"properties":{"GEOID":"08107000703","AREALAND":"147313396","AREAWATER":"240025"}},{"type":"Feature","geometry":{"type":"Polygon","coordinates":[[[-106.8054,40.4525],[-106.8074,40.4403],[-106.7994,40.452],[-106.8054,40.4525]]]},"properties":{"GEOID":"08107000702","AREALAND":"750154","AREAWATER":"0"}},{"type":"Feature","geometry":{"type":"Polygon","coordinates":[[[-104.9317,39.6966],[-104.9317,39.6893],[-104.9316,39.6785],[-104.9223,39.6785],[-104.9223,39.6959],[-104.9282,39.6966],[-104.9317,39.6966]]]},"properties":{"GEOID":"08031005102","AREALAND":"1624912","AREAWATER":"0"}},{"type":"Feature","geometry":{"type":"Polygon","coordinates":[[[-106.826,40.4665],[-106.8158,40.4437],[-106.8074,40.4403],[-106.8054,40.4525],[-106.7892,40.4747],[-106.826,40.4665]]]},"properties":{"GEOID":"08107000701","AREALAND":"3620711","AREAWATER":"18908"}},{"type":"Feature","geometry":{"type":"Polygon","coordinates":[[[-105.053,39.9142],[-105.0717,39.8998],[-105.053,39.8998],[-105.0529,39.9142],[-105.053,39.9142]]]},"properties":{"GEOID":"08059060300","AREALAND":"1846530","AREAWATER":"0"}},{"type":"Feature","geometry":{"type":"Polygon","coordinates":[[[-105.1289,39.8928],[-105.1289,39.8903],[-105.1287,39.8783],[-105.1114,39.8782],[-105.1168,39.8927],[-105.1289,39.8928]]]},"properties":{"GEOID":"08059009823","AREALAND":"1794399","AREAWATER":"0"}},{"type":"Feature","geometry":{"type":"Polygon","coordinates":[[[-107.3178,41.0029],[-107.5006,41.0023],[-107.7695,41.0019],[-108.0465,41.0021],[-108.2506,41.0001],[-108.5619,41],[-108.8923,41.0001],[-109.05,41.0007],[-109.0485,40.8325],[-109.0491,40.7145],[-109.048,40.5806],[-109.0509,40.429],[-109.051,40.2227],[-108.6343,40.2224],[-108.2165,40.2218],[-108.0947,40.2217],[-107.7645,40.2226],[-107.6539,40.2243],[-107.4956,40.22],[-107.4394,40.2234],[-107.4426,40.3348],[-107.4321,40.3349],[-107.4293,40.4408],[-107.4719,40.4313],[-107.5358,40.4269],[-107.559,40.4062],[-107.5833,40.4008],[-107.6026,40.3797],[-107.6214,40.3759],[-107.6253,40.3881],[-107.6032,40.3977],[-107.5789,40.4286],[-107.588,40.452],[-107.6167,40.4637],[-107.6146,40.48],[-107.6282,40.483],[-107.6459,40.5029],[-107.7376,40.5162],[-107.7799,40.5326],[-107.7628,40.5478],[-107.7231,40.5501],[-107.6947,40.5658],[-107.6916,40.5788],[-107.6498,40.5954],[-107.6228,40.5859],[-107.5591,40.5972],[-107.5357,40.5816],[-107.4973,40.5769],[-107.4803,40.5885],[-107.4752,40.6168],[-107.4435,40.6268],[-107.4254,40.6393],[-107.377,40.6381],[-107.387,40.6168],[-107.367,40.6122],[-107.3686,40.6003],[-107.3141,40.6003],[-107.3134,40.682],[-107.3178,41.0029]]]},"properties":{"GEOID":"08081000600","AREALAND":"11847273628","AREAWATER":"18029849"}},{"type":"Feature","geometry":{"type":"Polygon","coordinates":[[[-104.7158,40.4375],[-104.7159,40.4289],[-104.7015,40.4343],[-104.7158,40.4375]]]},"properties":{"GEOID":"08123000501","AREALAND":"984955","AREAWATER":"0"}},{"type":"Feature","geometry":{"type":"Polygon","coordinates":[[[-104.7724,39.6677],[-104.7725,39.6531],[-104.7556,39.6531],[-104.7537,39.6531],[-104.7536,39.6679],[-104.7724,39.6677]]]},"properties":{"GEOID":"08005083400","AREALAND":"2634817","AREAWATER":"0"}},{"type":"Feature","geometry":{"type":"Polygon","coordinates":[[[-104.9723,39.5806],[-104.9718,39.5661],[-104.9605,39.5661],[-104.9603,39.5806],[-104.9723,39.5806]]]},"properties":{"GEOID":"08005005631","AREALAND":"1673407","AREAWATER":"4048"}},{"type":"Feature","geometry":{"type":"Polygon","coordinates":[[[-104.8659,39.7256],[-104.866,39.7111],[-104.8608,39.7111],[-104.8472,39.7216],[-104.8432,39.7257],[-104.8472,39.7257],[-104.8659,39.7256]]]},"properties":{"GEOID":"08005007703","AREALAND":"1839892","AREAWATER":"0"}},{"type":"Feature","geometry":{"type":"Polygon","coordinates":[[[-104.81,39.6531],[-104.8103,39.6385],[-104.7974,39.6385],[-104.7976,39.6531],[-104.7995,39.6531],[-104.81,39.6531]]]},"properties":{"GEOID":"08005084700","AREALAND":"1738399","AREAWATER":"0"}},{"type":"Feature","geometry":{"type":"Polygon","coordinates":[[[-105.2498,39.9856],[-105.2409,39.9756],[-105.2335,39.9588],[-105.2212,39.9803],[-105.2318,39.9852],[-105.2347,39.9865],[-105.2498,39.9856]]]},"properties":{"GEOID":"08013012508","AREALAND":"3490591","AREAWATER":"54959"}},{"type":"Feature","geometry":{"type":"Polygon","coordinates":[[[-105.2602,39.98],[-105.2409,39.9756],[-105.2498,39.9856],[-105.2602,39.98]]]},"properties":{"GEOID":"08013012509","AREALAND":"1764489","AREAWATER":"51241"}},{"type":"Feature","geometry":{"type":"Polygon","coordinates":[[[-104.7942,38.8618],[-104.7757,38.859],[-104.7775,38.8676],[-104.7941,38.8699],[-104.7942,38.8618]]]},"properties":{"GEOID":"08041000600","AREALAND":"1714238","AREAWATER":"0"}},{"type":"Feature","geometry":{"type":"Polygon","coordinates":[[[-104.7942,38.8618],[-104.7942,38.8503],[-104.7844,38.8502],[-104.7758,38.8507],[-104.7757,38.859],[-104.7942,38.8618]]]},"properties":{"GEOID":"08041000700","AREALAND":"1624935","AREAWATER":"0"}},{"type":"Feature","geometry":{"type":"Polygon","coordinates":[[[-104.8101,38.8502],[-104.8101,38.8475],[-104.7942,38.847],[-104.7942,38.8503],[-104.7942,38.8618],[-104.7955,38.8624],[-104.8093,38.862],[-104.8101,38.8502]]]},"properties":{"GEOID":"08041000800","AREALAND":"2242756","AREAWATER":"5043"}},{"type":"Feature","geometry":{"type":"Polygon","coordinates":[[[-104.9035,39.7401],[-104.9035,39.7329],[-104.8913,39.7328],[-104.8847,39.7328],[-104.8847,39.7373],[-104.8846,39.7402],[-104.9035,39.7401]]]},"properties":{"GEOID":"08031004404","AREALAND":"1304208","AREAWATER":"0"}},{"type":"Feature","geometry":{"type":"Polygon","coordinates":[[[-104.9034,39.751],[-104.9035,39.7401],[-104.8846,39.7402],[-104.8846,39.7438],[-104.8847,39.7475],[-104.9034,39.751]]]},"properties":{"GEOID":"08031004403","AREALAND":"1465388","AREAWATER":"0"}},{"type":"Feature","geometry":{"type":"Polygon","coordinates":[[[-105.2578,40.0003],[-105.2347,39.9865],[-105.2318,39.9852],[-105.2316,40.0001],[-105.2329,40.0002],[-105.2484,39.9999],[-105.253,40.0001],[-105.2578,40.0003]]]},"properties":{"GEOID":"08013012511","AREALAND":"1923219","AREAWATER":"11251"}},{"type":"Feature","geometry":{"type":"Polygon","coordinates":[[[-105.2408,40.0145],[-105.2397,40.0085],[-105.2329,40.0002],[-105.2316,40.0001],[-105.2254,40.0001],[-105.2254,40.0147],[-105.2408,40.0145]]]},"properties":{"GEOID":"08013012603","AREALAND":"1763562","AREAWATER":"0"}},{"type":"Feature","geometry":{"type":"Polygon","coordinates":[[[-105.2823,40.1145],[-105.2816,40.0651],[-105.2651,40.0547],[-105.2584,40.0365],[-105.2424,40.0401],[-105.2329,40.0511],[-105.2031,40.0772],[-105.1903,40.0889],[-105.1877,40.0912],[-105.1832,40.1125],[-105.1976,40.1162],[-105.2823,40.1145]]]},"properties":{"GEOID":"08013012701","AREALAND":"46715923","AREAWATER":"3674324"}},{"type":"Feature","geometry":{"type":"Polygon","coordinates":[[[-104.8202,38.8605],[-104.8207,38.8506],[-104.8173,38.8505],[-104.8101,38.8502],[-104.8093,38.862],[-104.8202,38.8605]]]},"properties":{"GEOID":"08041000900","AREALAND":"1055983","AREAWATER":"0"}},{"type":"Feature","geometry":{"type":"Polygon","coordinates":[[[-104.8344,38.8607],[-104.8323,38.8507],[-104.8207,38.8506],[-104.8202,38.8605],[-104.8196,38.8708],[-104.8344,38.8607]]]},"properties":{"GEOID":"08041001000","AREALAND":"1972011","AREAWATER":"0"}},{"type":"Feature","geometry":{"type":"Polygon","coordinates":[[[-104.9035,39.6893],[-104.9034,39.6855],[-104.9034,39.6849],[-104.8941,39.6927],[-104.9035,39.6893]]]},"properties":{"GEOID":"08031007013","AREALAND":"1254009","AREAWATER":"0"}},{"type":"Feature","geometry":{"type":"Polygon","coordinates":[[[-104.8754,39.709],[-104.8753,39.7002],[-104.8753,39.6984],[-104.8753,39.6965],[-104.866,39.6966],[-104.866,39.7038],[-104.866,39.7111],[-104.8706,39.7102],[-104.8754,39.709]]]},"properties":{"GEOID":"08031007037","AREALAND":"1058751","AREAWATER":"0"}},{"type":"Feature","geometry":{"type":"Polygon","coordinates":[[[-104.9035,39.7113],[-104.9035,39.6985],[-104.8858,39.6965],[-104.8753,39.6984],[-104.8753,39.7002],[-104.8904,39.7057],[-104.8929,39.7112],[-104.9035,39.7113]]]},"properties":{"GEOID":"08031007088","AREALAND":"2441411","AREAWATER":"1067"}},{"type":"Feature","geometry":{"type":"Polygon","coordinates":[[[-104.8868,38.944],[-104.8757,38.9157],[-104.8637,38.9285],[-104.8653,38.931],[-104.8784,38.944],[-104.8868,38.944]]]},"properties":{"GEOID":"08041003707","AREALAND":"4196080","AREAWATER":"0"}},{"type":"Feature","geometry":{"type":"Polygon","coordinates":[[[-104.83,38.8969],[-104.8352,38.8764],[-104.8195,38.8744],[-104.8128,38.8742],[-104.8126,38.8876],[-104.8126,38.8877],[-104.8182,38.8976],[-104.8166,38.9068],[-104.8147,38.9205],[-104.8234,38.9104],[-104.83,38.8969]]]},"properties":{"GEOID":"08041000302","AREALAND":"5547146","AREAWATER":"45585"}},{"type":"Feature","geometry":{"type":"Polygon","coordinates":[[[-104.8147,38.9205],[-104.8166,38.9068],[-104.7897,38.91],[-104.788,38.9121],[-104.7873,38.9149],[-104.7934,38.9295],[-104.8128,38.9329],[-104.8147,38.9205]]]},"properties":{"GEOID":"08041007700","AREALAND":"6052018","AREAWATER":"0"}},{"type":"Feature","geometry":{"type":"Polygon","coordinates":[[[-104.8308,38.9286],[-104.8653,38.931],[-104.8637,38.9285],[-104.852,38.9236],[-104.8242,38.9145],[-104.8308,38.9286]]]},"properties":{"GEOID":"08041003706","AREALAND":"2758954","AREAWATER":"0"}},{"type":"Feature","geometry":{"type":"Polygon","coordinates":[[[-104.705,38.7373],[-104.7307,38.7367],[-104.7267,38.7323],[-104.7145,38.7155],[-104.7125,38.7156],[-104.705,38.7373]]]},"properties":{"GEOID":"08041004506","AREALAND":"2683830","AREAWATER":"12563"}},{"type":"Feature","geometry":{"type":"Polygon","coordinates":[[[-104.8133,40.4068],[-104.8132,40.4004],[-104.7846,40.3922],[-104.7751,40.4068],[-104.8133,40.4068]]]},"properties":{"GEOID":"08123001407","AREALAND":"4039391","AREAWATER":"0"}},{"type":"Feature","geometry":{"type":"Polygon","coordinates":[[[-104.8846,39.7402],[-104.8847,39.7373],[-104.8658,39.7364],[-104.8471,39.7361],[-104.847,39.7402],[-104.8471,39.7402],[-104.8658,39.7402],[-104.8846,39.7402]]]},"properties":{"GEOID":"08005007302","AREALAND":"1305058","AREAWATER":"0"}},{"type":"Feature","geometry":{"type":"Polygon","coordinates":[[[-104.8308,38.9286],[-104.8384,38.9405],[-104.8752,38.9493],[-104.8784,38.944],[-104.8653,38.931],[-104.8308,38.9286]]]},"properties":{"GEOID":"08041003702","AREALAND":"5079731","AREAWATER":"0"}},{"type":"Feature","geometry":{"type":"Polygon","coordinates":[[[-104.8641,38.7909],[-104.8793,38.7834],[-104.881,38.7633],[-104.8682,38.7795],[-104.8482,38.7664],[-104.8218,38.7802],[-104.822,38.7893],[-104.8221,38.7974],[-104.8222,38.8055],[-104.8409,38.8016],[-104.8519,38.7985],[-104.8641,38.7909]]]},"properties":{"GEOID":"08041003100","AREALAND":"11268892","AREAWATER":"132286"}},{"type":"Feature","geometry":{"type":"Polygon","coordinates":[[[-105.0528,40.0003],[-105.0528,39.9777],[-105.0354,39.9815],[-105.0371,40.0005],[-105.0528,40.0003]]]},"properties":{"GEOID":"08014031401","AREALAND":"2958884","AREAWATER":"0"}},{"type":"Feature","geometry":{"type":"Polygon","coordinates":[[[-105.1376,39.9397],[-105.1274,39.9349],[-105.0912,39.9144],[-105.0905,39.9144],[-105.0907,39.919],[-105.1094,39.9261],[-105.1208,39.9513],[-105.1213,39.9524],[-105.1376,39.9397]]]},"properties":{"GEOID":"08014031201","AREALAND":"3413338","AREAWATER":"0"}},{"type":"Feature","geometry":{"type":"Polygon","coordinates":[[[-105.0909,39.9361],[-105.1094,39.9261],[-105.0907,39.919],[-105.0906,39.9221],[-105.0906,39.9288],[-105.0909,39.9361]]]},"properties":{"GEOID":"08014031202","AREALAND":"2659166","AREAWATER":"0"}},{"type":"Feature","geometry":{"type":"Polygon","coordinates":[[[-105.1471,39.9139],[-105.1471,39.914],[-105.1406,39.914],[-105.1274,39.9349],[-105.1376,39.9397],[-105.147,39.9289],[-105.1471,39.914],[-105.1471,39.9139]]]},"properties":{"GEOID":"08014031102","AREALAND":"3060722","AREAWATER":"3654"}},{"type":"Feature","geometry":{"type":"Polygon","coordinates":[[[-105.1406,39.914],[-105.1086,39.9141],[-105.0912,39.9144],[-105.1274,39.9349],[-105.1406,39.914]]]},"properties":{"GEOID":"08014031104","AREALAND":"4068610","AREAWATER":"7124"}},{"type":"Feature","geometry":{"type":"Polygon","coordinates":[[[-105.0184,39.9842],[-104.9878,39.9815],[-104.9877,39.9866],[-104.9809,40.0003],[-104.9614,40.0003],[-104.9611,40.0441],[-104.9792,40.0438],[-104.9801,40.0293],[-104.999,40.0258],[-104.9896,40.0077],[-105.0079,40.0058],[-105.008,40.0005],[-105.0184,39.9842]]]},"properties":{"GEOID":"08014031402","AREALAND":"16480291","AREAWATER":"124667"}},{"type":"Feature","geometry":{"type":"Polygon","coordinates":[[[-105.0912,39.9144],[-105.1086,39.9141],[-105.1001,39.9022],[-105.0804,39.8998],[-105.0803,39.8998],[-105.0912,39.9144]]]},"properties":{"GEOID":"08014031101","AREALAND":"2319857","AREAWATER":"16448"}},{"type":"Feature","geometry":{"type":"Polygon","coordinates":[[[-105.0371,40.0005],[-105.0354,39.9815],[-105.0184,39.9842],[-105.008,40.0005],[-105.0371,40.0005]]]},"properties":{"GEOID":"08014031403","AREALAND":"4035437","AREAWATER":"0"}},{"type":"Feature","geometry":{"type":"Polygon","coordinates":[[[-105.1471,39.9139],[-105.1657,39.9105],[-105.1656,39.8925],[-105.1289,39.8903],[-105.1289,39.8928],[-105.1474,39.9001],[-105.1471,39.9139]]]},"properties":{"GEOID":"08014031103","AREALAND":"4911422","AREAWATER":"607133"}},{"type":"Feature","geometry":{"type":"Polygon","coordinates":[[[-105.1023,40.1886],[-105.1025,40.1739],[-105.0883,40.174],[-105.0883,40.1886],[-105.0931,40.1886],[-105.1023,40.1886]]]},"properties":{"GEOID":"08013013503","AREALAND":"1950400","AREAWATER":"0"}},{"type":"Feature","geometry":{"type":"Polygon","coordinates":[[[-108.4778,39.0817],[-108.4782,39.0577],[-108.4595,39.0551],[-108.4595,39.0773],[-108.4579,39.0879],[-108.4778,39.0817]]]},"properties":{"GEOID":"08077001707","AREALAND":"4861449","AREAWATER":"56873"}},{"type":"Feature","geometry":{"type":"Polygon","coordinates":[[[-108.4595,39.0773],[-108.4595,39.0551],[-108.4294,39.0667],[-108.4293,39.0668],[-108.43,39.0809],[-108.4595,39.0773]]]},"properties":{"GEOID":"08077001706","AREALAND":"5356342","AREAWATER":"107272"}},{"type":"Feature","geometry":{"type":"Polygon","coordinates":[[[-104.8722,38.8979],[-104.8706,38.8778],[-104.8655,38.8609],[-104.8594,38.8691],[-104.8467,38.8761],[-104.8509,38.8966],[-104.8722,38.8979]]]},"properties":{"GEOID":"08041007900","AREALAND":"6093577","AREAWATER":"63949"}},{"type":"Feature","geometry":{"type":"Polygon","coordinates":[[[-104.8916,38.9547],[-104.8868,38.944],[-104.8784,38.944],[-104.8752,38.9493],[-104.8384,38.9405],[-104.8308,38.9286],[-104.8242,38.9145],[-104.8234,38.9104],[-104.8147,38.9205],[-104.8128,38.9329],[-104.8135,38.9412],[-104.8351,38.9544],[-104.8916,38.9547]]]},"properties":{"GEOID":"08041003705","AREALAND":"11674533","AREAWATER":"0"}},{"type":"Feature","geometry":{"type":"Polygon","coordinates":[[[-104.8135,38.9412],[-104.8128,38.9329],[-104.7934,38.9295],[-104.7751,38.9298],[-104.7751,38.9418],[-104.8058,38.9509],[-104.8135,38.9412]]]},"properties":{"GEOID":"08041003905","AREALAND":"5551643","AREAWATER":"0"}},{"type":"Feature","geometry":{"type":"Polygon","coordinates":[[[-104.7231,38.7589],[-104.7407,38.7475],[-104.7307,38.7367],[-104.705,38.7373],[-104.6952,38.7374],[-104.6921,38.7374],[-104.7231,38.7589]]]},"properties":{"GEOID":"08041004300","AREALAND":"6384379","AREAWATER":"66650"}},{"type":"Feature","geometry":{"type":"Polygon","coordinates":[[[-104.705,38.7373],[-104.7125,38.7156],[-104.7014,38.7156],[-104.6995,38.7233],[-104.6952,38.7374],[-104.705,38.7373]]]},"properties":{"GEOID":"08041004507","AREALAND":"2248509","AREAWATER":"0"}},{"type":"Feature","geometry":{"type":"Polygon","coordinates":[[[-105.0532,39.744],[-105.0532,39.7404],[-105.0393,39.7403],[-105.0393,39.7439],[-105.0532,39.744]]]},"properties":{"GEOID":"08031000703","AREALAND":"477774","AREAWATER":"0"}},{"type":"Feature","geometry":{"type":"Polygon","coordinates":[[[-104.9799,39.74],[-104.9799,39.7351],[-104.973,39.7352],[-104.973,39.7369],[-104.973,39.74],[-104.9734,39.74],[-104.9799,39.74]]]},"properties":{"GEOID":"08031002708","AREALAND":"318865","AREAWATER":"0"}},{"type":"Feature","geometry":{"type":"Polygon","coordinates":[[[-104.9799,39.7351],[-104.9798,39.732],[-104.973,39.7321],[-104.973,39.7352],[-104.9799,39.7351]]]},"properties":{"GEOID":"08031002709","AREALAND":"203506","AREAWATER":"0"}},{"type":"Feature","geometry":{"type":"Polygon","coordinates":[[[-104.973,39.7369],[-104.973,39.7352],[-104.973,39.7321],[-104.9729,39.7291],[-104.9659,39.7291],[-104.9648,39.7368],[-104.973,39.7369]]]},"properties":{"GEOID":"08031003205","AREALAND":"607925","AREAWATER":"0"}},{"type":"Feature","geometry":{"type":"Polygon","coordinates":[[[-104.973,39.74],[-104.973,39.7369],[-104.9648,39.7368],[-104.9648,39.74],[-104.973,39.74]]]},"properties":{"GEOID":"08031003204","AREALAND":"248528","AREAWATER":"0"}},{"type":"Feature","geometry":{"type":"Polygon","coordinates":[[[-104.9875,39.6876],[-104.9876,39.6785],[-104.9734,39.6785],[-104.9734,39.6876],[-104.9875,39.6876]]]},"properties":{"GEOID":"08031003006","AREALAND":"1214967","AREAWATER":"0"}},{"type":"Feature","geometry":{"type":"Polygon","coordinates":[[[-105.0393,39.7439],[-105.0393,39.7403],[-105.0393,39.7343],[-105.0322,39.735],[-105.0315,39.7464],[-105.0349,39.7464],[-105.0358,39.7464],[-105.0393,39.7439]]]},"properties":{"GEOID":"08031000705","AREALAND":"736179","AREAWATER":"0"}},{"type":"Feature","geometry":{"type":"Polygon","coordinates":[[[-105.0349,39.7464],[-105.0315,39.7464],[-105.0252,39.7464],[-105.0252,39.7585],[-105.0346,39.7585],[-105.0349,39.7464]]]},"properties":{"GEOID":"08031000504","AREALAND":"1079452","AREAWATER":"0"}},{"type":"Feature","geometry":{"type":"Polygon","coordinates":[[[-105.054,39.5758],[-105.0541,39.5671],[-105.0486,39.5661],[-105.0409,39.5662],[-105.0324,39.5811],[-105.0249,39.5982],[-105.0252,39.6132],[-105.0278,39.6124],[-105.0375,39.6096],[-105.054,39.5758]]]},"properties":{"GEOID":"08005005622","AREALAND":"5458824","AREAWATER":"1580746"}},{"type":"Feature","geometry":{"type":"Polygon","coordinates":[[[-105.007,39.5962],[-105.0071,39.5822],[-104.9884,39.5785],[-104.9884,39.5806],[-104.9883,39.5909],[-105.007,39.5962]]]},"properties":{"GEOID":"08005005624","AREALAND":"1998746","AREAWATER":"2603"}},{"type":"Feature","geometry":{"type":"Polygon","coordinates":[[[-104.9883,39.5909],[-104.9884,39.5806],[-104.9723,39.5806],[-104.9751,39.5951],[-104.9883,39.5951],[-104.9883,39.5909]]]},"properties":{"GEOID":"08005005625","AREALAND":"1875831","AREAWATER":"6454"}},{"type":"Feature","geometry":{"type":"Polygon","coordinates":[[[-104.9751,39.5951],[-104.9723,39.5806],[-104.9603,39.5806],[-104.9602,39.5952],[-104.9751,39.5951]]]},"properties":{"GEOID":"08005005626","AREALAND":"2013685","AREAWATER":"0"}},{"type":"Feature","geometry":{"type":"Polygon","coordinates":[[[-104.9416,39.5806],[-104.9417,39.566],[-104.9291,39.566],[-104.923,39.566],[-104.923,39.5806],[-104.9416,39.5806]]]},"properties":{"GEOID":"08005005629","AREALAND":"2567686","AREAWATER":"18075"}},{"type":"Feature","geometry":{"type":"Polygon","coordinates":[[[-105.0252,39.762],[-105.0252,39.7585],[-105.0127,39.7554],[-105.0112,39.762],[-105.0252,39.762]]]},"properties":{"GEOID":"08031000404","AREALAND":"683431","AREAWATER":"0"}},{"type":"Feature","geometry":{"type":"Polygon","coordinates":[[[-105.0252,39.7693],[-105.0252,39.762],[-105.0112,39.762],[-105.0112,39.7693],[-105.0252,39.7693]]]},"properties":{"GEOID":"08031000403","AREALAND":"971806","AREAWATER":"0"}},{"type":"Feature","geometry":{"type":"Polygon","coordinates":[[[-104.9498,39.7256],[-104.9462,39.7115],[-104.9406,39.7116],[-104.9406,39.7256],[-104.9498,39.7256]]]},"properties":{"GEOID":"08031003802","AREALAND":"1012138","AREAWATER":"0"}},{"type":"Feature","geometry":{"type":"Polygon","coordinates":[[[-105.0315,39.7464],[-105.0322,39.735],[-105.0252,39.7366],[-105.0252,39.7464],[-105.0315,39.7464]]]},"properties":{"GEOID":"08031000706","AREALAND":"675099","AREAWATER":"0"}},{"type":"Feature","geometry":{"type":"Polygon","coordinates":[[[-104.9041,39.66],[-104.9008,39.6531],[-104.8848,39.6531],[-104.8871,39.6619],[-104.9041,39.66]]]},"properties":{"GEOID":"08031006818","AREALAND":"1259085","AREAWATER":"0"}},{"type":"Feature","geometry":{"type":"Polygon","coordinates":[[[-104.9008,39.6531],[-104.9185,39.6531],[-104.9133,39.6439],[-104.8981,39.649],[-104.9008,39.6531]]]},"properties":{"GEOID":"08031006815","AREALAND":"1154635","AREAWATER":"0"}},{"type":"Feature","geometry":{"type":"Polygon","coordinates":[[[-104.8981,39.649],[-104.9133,39.6439],[-104.9101,39.6387],[-104.9071,39.6343],[-104.8929,39.6357],[-104.8981,39.649]]]},"properties":{"GEOID":"08031006816","AREALAND":"1847836","AREAWATER":"17849"}},{"type":"Feature","geometry":{"type":"Polygon","coordinates":[[[-104.8904,39.7057],[-104.8753,39.7002],[-104.8754,39.709],[-104.8854,39.7071],[-104.8904,39.7057]]]},"properties":{"GEOID":"08031007091","AREALAND":"757393","AREAWATER":"0"}},{"type":"Feature","geometry":{"type":"Polygon","coordinates":[[[-104.7531,39.8234],[-104.7739,39.8278],[-104.7843,39.8187],[-104.7839,39.7984],[-104.7721,39.7984],[-104.7626,39.7984],[-104.7625,39.8234],[-104.7531,39.8234]]]},"properties":{"GEOID":"08031015800","AREALAND":"6175357","AREAWATER":"0"}},{"type":"Feature","geometry":{"type":"Polygon","coordinates":[[[-104.8929,39.7112],[-104.8904,39.7057],[-104.8854,39.7071],[-104.8929,39.7112]]]},"properties":{"GEOID":"08031007090","AREALAND":"204904","AREAWATER":"0"}},{"type":"Feature","geometry":{"type":"Polygon","coordinates":[[[-104.9874,39.7474],[-104.9874,39.7434],[-104.9799,39.7433],[-104.9811,39.7475],[-104.9874,39.7474]]]},"properties":{"GEOID":"08031002603","AREALAND":"289792","AREAWATER":"0"}},{"type":"Feature","geometry":{"type":"Polygon","coordinates":[[[-104.7909,39.8418],[-104.7909,39.7983],[-104.7839,39.7984],[-104.7843,39.8187],[-104.7739,39.8278],[-104.7531,39.8234],[-104.6256,39.8225],[-104.6198,39.8224],[-104.6192,39.8732],[-104.6053,39.8731],[-104.6073,39.8991],[-104.6309,39.9066],[-104.6797,39.907],[-104.692,39.9142],[-104.7033,39.8959],[-104.7304,39.8961],[-104.731,39.8452],[-104.7909,39.8418]]]},"properties":{"GEOID":"08031980001","AREALAND":"103458762","AREAWATER":"78494"}},{"type":"Feature","geometry":{"type":"Polygon","coordinates":[[[-105.1168,39.8927],[-105.1114,39.8782],[-105.0959,39.8781],[-105.096,39.8926],[-105.1168,39.8927]]]},"properties":{"GEOID":"08059009824","AREALAND":"2598599","AREAWATER":"91691"}},{"type":"Feature","geometry":{"type":"Polygon","coordinates":[[[-104.9048,39.6676],[-104.9041,39.66],[-104.8871,39.6619],[-104.8902,39.6645],[-104.9035,39.6676],[-104.9048,39.6676]]]},"properties":{"GEOID":"08031006817","AREALAND":"912241","AREAWATER":"0"}},{"type":"Feature","geometry":{"type":"Polygon","coordinates":[[[-104.9402,39.9138],[-104.9402,39.8994],[-104.9155,39.8997],[-104.903,39.9143],[-104.9219,39.914],[-104.9402,39.9138]]]},"properties":{"GEOID":"08001008550","AREALAND":"4401448","AREAWATER":"35255"}},{"type":"Feature","geometry":{"type":"Polygon","coordinates":[[[-104.9219,39.9207],[-104.9219,39.914],[-104.903,39.9143],[-104.9031,39.922],[-104.9219,39.9207]]]},"properties":{"GEOID":"08001008549","AREALAND":"1318495","AREAWATER":"0"}},{"type":"Feature","geometry":{"type":"Polygon","coordinates":[[[-104.9593,39.9428],[-104.9652,39.9284],[-104.9403,39.9284],[-104.9402,39.9284],[-104.9403,39.9428],[-104.9593,39.9428]]]},"properties":{"GEOID":"08001008545","AREALAND":"3128632","AREAWATER":"49667"}},{"type":"Feature","geometry":{"type":"Polygon","coordinates":[[[-104.9594,39.9575],[-104.9593,39.9428],[-104.9403,39.9428],[-104.9403,39.9574],[-104.9594,39.9575]]]},"properties":{"GEOID":"08001008544","AREALAND":"2608397","AREAWATER":"21325"}},{"type":"Feature","geometry":{"type":"Polygon","coordinates":[[[-104.9402,39.9184],[-104.9402,39.9138],[-104.9219,39.914],[-104.9219,39.9207],[-104.9402,39.9209],[-104.9402,39.9184]]]},"properties":{"GEOID":"08001008547","AREALAND":"1209378","AREAWATER":"0"}},{"type":"Feature","geometry":{"type":"Polygon","coordinates":[[[-104.9219,39.9285],[-104.9219,39.9207],[-104.9031,39.922],[-104.9031,39.9286],[-104.9219,39.9285]]]},"properties":{"GEOID":"08001008548","AREALAND":"1245046","AREAWATER":"6215"}},{"type":"Feature","geometry":{"type":"Polygon","coordinates":[[[-104.9589,39.8778],[-104.959,39.8706],[-104.9471,39.8676],[-104.9402,39.8774],[-104.9589,39.8778]]]},"properties":{"GEOID":"08001009207","AREALAND":"1599204","AREAWATER":"0"}},{"type":"Feature","geometry":{"type":"Polygon","coordinates":[[[-104.9914,39.5421],[-105.0028,39.5285],[-104.9875,39.5276],[-104.9914,39.5421]]]},"properties":{"GEOID":"08035014129","AREALAND":"1377555","AREAWATER":"4014"}},{"type":"Feature","geometry":{"type":"Polygon","coordinates":[[[-105.0363,39.5381],[-105.0277,39.5237],[-105.0028,39.5285],[-105.0167,39.5362],[-105.0363,39.5381]]]},"properties":{"GEOID":"08035014124","AREALAND":"2628813","AREAWATER":"0"}},{"type":"Feature","geometry":{"type":"Polygon","coordinates":[[[-104.7575,38.7817],[-104.7581,38.7701],[-104.7391,38.7697],[-104.7231,38.7589],[-104.6921,38.7374],[-104.6827,38.7375],[-104.6827,38.761],[-104.7159,38.7664],[-104.7206,38.7809],[-104.7508,38.7817],[-104.7575,38.7817]]]},"properties":{"GEOID":"08041004502","AREALAND":"10836499","AREAWATER":"1100364"}},{"type":"Feature","geometry":{"type":"Polygon","coordinates":[[[-104.8132,39.5183],[-104.8137,39.5051],[-104.8016,39.493],[-104.7748,39.4931],[-104.7934,39.515],[-104.8132,39.5183]]]},"properties":{"GEOID":"08035014006","AREALAND":"5797223","AREAWATER":"15187"}},{"type":"Feature","geometry":{"type":"Polygon","coordinates":[[[-104.7477,38.9234],[-104.7639,38.9156],[-104.7601,38.9131],[-104.7469,38.8978],[-104.7337,38.9133],[-104.7382,38.9203],[-104.7477,38.9234]]]},"properties":{"GEOID":"08041004902","AREALAND":"4090321","AREAWATER":"0"}},{"type":"Feature","geometry":{"type":"Polygon","coordinates":[[[-104.7386,38.8857],[-104.7357,38.8679],[-104.7226,38.8715],[-104.7297,38.8848],[-104.7386,38.8857]]]},"properties":{"GEOID":"08041005800","AREALAND":"1390100","AREAWATER":"0"}},{"type":"Feature","geometry":{"type":"Polygon","coordinates":[[[-104.8458,38.848],[-104.8406,38.8313],[-104.835,38.8282],[-104.8304,38.8369],[-104.8323,38.8507],[-104.838,38.8489],[-104.8458,38.848]]]},"properties":{"GEOID":"08041001500","AREALAND":"1748266","AREAWATER":"11472"}},{"type":"Feature","geometry":{"type":"Polygon","coordinates":[[[-104.7944,38.8386],[-104.7945,38.8252],[-104.7805,38.8253],[-104.7759,38.8398],[-104.7759,38.8399],[-104.7826,38.8409],[-104.7943,38.8409],[-104.7944,38.8386]]]},"properties":{"GEOID":"08041002101","AREALAND":"2732103","AREAWATER":"0"}},{"type":"Feature","geometry":{"type":"Polygon","coordinates":[[[-104.7571,38.8823],[-104.7572,38.8678],[-104.7357,38.8679],[-104.7386,38.8857],[-104.7571,38.8823]]]},"properties":{"GEOID":"08041005700","AREALAND":"3146180","AREAWATER":"0"}},{"type":"Feature","geometry":{"type":"Polygon","coordinates":[[[-104.8593,38.8247],[-104.8519,38.7985],[-104.8409,38.8016],[-104.8408,38.809],[-104.8401,38.8246],[-104.8593,38.8247]]]},"properties":{"GEOID":"08041002502","AREALAND":"3921513","AREAWATER":"0"}},{"type":"Feature","geometry":{"type":"Polygon","coordinates":[[[-104.8221,38.7974],[-104.822,38.7893],[-104.8012,38.7906],[-104.7969,38.7744],[-104.798,38.7657],[-104.7974,38.7657],[-104.7759,38.7648],[-104.7975,38.796],[-104.8132,38.7972],[-104.8221,38.7974]]]},"properties":{"GEOID":"08041003303","AREALAND":"5275349","AREAWATER":"37571"}},{"type":"Feature","geometry":{"type":"Polygon","coordinates":[[[-105.0155,39.8997],[-105.0155,39.8852],[-105.0056,39.8853],[-104.9966,39.8853],[-104.9966,39.8997],[-105.0155,39.8997]]]},"properties":{"GEOID":"08001009327","AREALAND":"2493103","AREAWATER":"100443"}},{"type":"Feature","geometry":{"type":"Polygon","coordinates":[[[-105.0252,39.8038],[-105.0251,39.794],[-105.0064,39.791],[-105.0063,39.8015],[-105.0252,39.8038]]]},"properties":{"GEOID":"08001009752","AREALAND":"2015990","AREAWATER":"1161"}},{"type":"Feature","geometry":{"type":"Polygon","coordinates":[[[-104.7759,38.8398],[-104.7805,38.8253],[-104.7681,38.8254],[-104.7575,38.8254],[-104.7575,38.8396],[-104.7759,38.8398]]]},"properties":{"GEOID":"08041002102","AREALAND":"2621420","AREAWATER":"0"}},{"type":"Feature","geometry":{"type":"Polygon","coordinates":[[[-104.8178,38.8394],[-104.8186,38.8216],[-104.8084,38.8212],[-104.808,38.8391],[-104.8104,38.8391],[-104.8178,38.8394]]]},"properties":{"GEOID":"08041002200","AREALAND":"1729444","AREAWATER":"0"}},{"type":"Feature","geometry":{"type":"Polygon","coordinates":[[[-104.808,38.8391],[-104.8084,38.8212],[-104.7978,38.8207],[-104.7945,38.8252],[-104.7944,38.8386],[-104.808,38.8391]]]},"properties":{"GEOID":"08041002700","AREALAND":"2130532","AREAWATER":"193141"}},{"type":"Feature","geometry":{"type":"Polygon","coordinates":[[[-104.7478,38.8971],[-104.7384,38.897],[-104.7197,38.8937],[-104.7195,38.9109],[-104.7195,38.9222],[-104.7217,38.9209],[-104.7337,38.9133],[-104.7469,38.8978],[-104.7478,38.8971]]]},"properties":{"GEOID":"08041005501","AREALAND":"4051758","AREAWATER":"0"}},{"type":"Feature","geometry":{"type":"Polygon","coordinates":[[[-104.7983,38.9765],[-104.7985,38.9587],[-104.7644,38.9569],[-104.7577,38.966],[-104.7848,38.9668],[-104.7709,38.9822],[-104.7981,38.9804],[-104.7983,38.9765]]]},"properties":{"GEOID":"08041007000","AREALAND":"5615173","AREAWATER":"0"}},{"type":"Feature","geometry":{"type":"Polygon","coordinates":[[[-105.3752,38.4858],[-105.4107,38.4838],[-105.4507,38.4706],[-105.4582,38.4592],[-105.4952,38.453],[-105.5126,38.4564],[-105.5424,38.4305],[-105.5684,38.4254],[-105.5847,38.4047],[-105.5793,38.3912],[-105.6037,38.3207],[-105.62,38.3136],[-105.6206,38.2903],[-105.6126,38.2649],[-105.3689,38.2594],[-105.3511,38.2696],[-105.359,38.2937],[-105.3476,38.3229],[-105.3337,38.3357],[-105.358,38.3665],[-105.3247,38.4038],[-105.3248,38.4125],[-105.3513,38.4454],[-105.3723,38.45],[-105.3752,38.4858]]]},"properties":{"GEOID":"08043979002","AREALAND":"471867183","AREAWATER":"10296"}},{"type":"Feature","geometry":{"type":"Polygon","coordinates":[[[-106.0108,38.4466],[-105.9968,38.4203],[-105.9839,38.42],[-105.9476,38.3905],[-105.9446,38.3786],[-105.9198,38.3672],[-105.8888,38.3408],[-105.8668,38.3057],[-105.819,38.2736],[-105.7969,38.2651],[-105.6126,38.2649],[-105.6206,38.2903],[-105.62,38.3136],[-105.6037,38.3207],[-105.5793,38.3912],[-105.5847,38.4047],[-105.5684,38.4254],[-105.5424,38.4305],[-105.5126,38.4564],[-105.4952,38.453],[-105.4582,38.4592],[-105.4507,38.4706],[-105.4107,38.4838],[-105.3752,38.4858],[-105.3595,38.4982],[-105.2892,38.4959],[-105.2639,38.4802],[-105.2588,38.5189],[-105.2096,38.5035],[-105.2218,38.5357],[-105.222,38.5599],[-105.235,38.5776],[-105.2124,38.634],[-105.197,38.6333],[-105.1904,38.6482],[-105.2399,38.6475],[-105.237,38.6973],[-105.329,38.6976],[-105.4494,38.6976],[-105.666,38.6948],[-105.9698,38.6936],[-105.9262,38.6799],[-105.9255,38.6664],[-105.9079,38.6509],[-105.9157,38.63],[-105.8865,38.621],[-105.8792,38.6073],[-105.8925,38.5733],[-105.8854,38.5613],[-105.9034,38.5485],[-105.9075,38.5058],[-105.9383,38.5033],[-106.0108,38.4466]]]},"properties":{"GEOID":"08043979001","AREALAND":"2142762349","AREAWATER":"132674"}},{"type":"Feature","geometry":{"type":"Polygon","coordinates":[[[-107.776,39.0478],[-107.7942,39.0617],[-107.8586,39.0802],[-107.8752,39.0709],[-107.9512,39.0597],[-107.9822,39.0599],[-108.032,39.0273],[-107.9868,39.044],[-108.0011,39.0266],[-107.9965,39.0082],[-107.9792,38.999],[-107.9338,39.0018],[-107.9392,38.9882],[-107.9262,38.9734],[-107.9448,38.9707],[-107.9268,38.9587],[-107.9555,38.9555],[-107.9552,38.912],[-107.9469,38.9116],[-107.9095,38.9188],[-107.9294,38.8825],[-107.9452,38.8423],[-107.9141,38.8426],[-107.9142,38.8359],[-107.894,38.8433],[-107.848,38.8822],[-107.8427,38.9089],[-107.8497,38.9253],[-107.8313,38.9467],[-107.815,38.9811],[-107.7753,39.0166],[-107.776,39.0478]]]},"properties":{"GEOID":"08029965202","AREALAND":"276263136","AREAWATER":"4980810"}},{"type":"Feature","geometry":{"type":"Polygon","coordinates":[[[-106.6527,40.389],[-106.6528,40.3416],[-106.6323,40.3416],[-106.6331,40.179],[-106.637,40.179],[-106.637,40.0021],[-106.6261,40],[-106.6266,39.9248],[-106.4345,39.9249],[-106.3953,39.9246],[-106.3954,39.914],[-106.2946,39.914],[-106.2948,39.9189],[-106.252,39.9147],[-106.2317,39.9008],[-106.2006,39.864],[-106.1489,39.8394],[-106.1315,39.8442],[-106.0837,39.806],[-106.0812,39.7874],[-106.0648,39.7607],[-106.0585,39.7247],[-106.036,39.7047],[-106.0238,39.6884],[-105.9963,39.6841],[-105.9246,39.699],[-105.9083,39.7263],[-105.8837,39.737],[-105.8805,39.7593],[-105.8927,39.7826],[-105.8876,39.7966],[-105.9162,39.8082],[-105.9349,39.7931],[-105.9633,39.8027],[-105.9524,39.8261],[-105.9662,39.849],[-105.9397,39.8768],[-105.9402,39.9024],[-105.9631,39.9151],[-105.9723,39.9364],[-105.9843,39.9546],[-106.0572,40.0229],[-106.0769,40.0196],[-106.1172,40.0355],[-106.1362,40.0563],[-106.102,40.0815],[-106.0327,40.0995],[-106.0204,40.1082],[-105.9814,40.1088],[-105.9982,40.1378],[-105.9964,40.1703],[-106.0519,40.2146],[-106.0875,40.2754],[-106.0637,40.3084],[-106.0721,40.3359],[-106.0898,40.3501],[-106.0994,40.3545],[-106.1494,40.332],[-106.1634,40.3432],[-106.1969,40.3256],[-106.2296,40.3235],[-106.2657,40.361],[-106.2905,40.3584],[-106.2939,40.3376],[-106.3122,40.3302],[-106.3371,40.3397],[-106.3565,40.3581],[-106.404,40.3449],[-106.4227,40.3528],[-106.4434,40.3465],[-106.4898,40.4116],[-106.5123,40.3867],[-106.5267,40.3841],[-106.5313,40.3666],[-106.5567,40.3773],[-106.5946,40.3832],[-106.6123,40.3794],[-106.6288,40.4222],[-106.6521,40.4452],[-106.6527,40.389]]]},"properties":{"GEOID":"08049000100","AREALAND":"2845556087","AREAWATER":"19923602"}},{"type":"Feature","geometry":{"type":"Polygon","coordinates":[[[-105.0391,39.6968],[-105.0383,39.6822],[-105.025,39.6823],[-105.0251,39.6895],[-105.0251,39.6968],[-105.0391,39.6968]]]},"properties":{"GEOID":"08031004602","AREALAND":"1906083","AREAWATER":"32470"}},{"type":"Feature","geometry":{"type":"Polygon","coordinates":[[[-105.0383,39.6822],[-105.0387,39.6677],[-105.0251,39.6677],[-105.025,39.6823],[-105.0383,39.6822]]]},"properties":{"GEOID":"08031004603","AREALAND":"1867749","AREAWATER":"0"}},{"type":"Feature","geometry":{"type":"Polygon","coordinates":[[[-105.0578,39.6823],[-105.0533,39.6678],[-105.0417,39.6677],[-105.0387,39.6677],[-105.0383,39.6822],[-105.0532,39.6823],[-105.0578,39.6823]]]},"properties":{"GEOID":"08031004700","AREALAND":"2389463","AREAWATER":"110616"}},{"type":"Feature","geometry":{"type":"Polygon","coordinates":[[[-105.0533,39.8568],[-105.0533,39.856],[-105.0532,39.8418],[-105.0533,39.8345],[-105.0343,39.8389],[-105.0533,39.8568]]]},"properties":{"GEOID":"08001009603","AREALAND":"2141076","AREAWATER":"0"}},{"type":"Feature","geometry":{"type":"Polygon","coordinates":[[[-105.0251,39.6677],[-105.0253,39.6568],[-105.0157,39.6787],[-105.0044,39.6605],[-105.0003,39.6677],[-105.0014,39.6825],[-105.025,39.6823],[-105.0251,39.6677]]]},"properties":{"GEOID":"08031015600","AREALAND":"3733072","AREAWATER":"6185"}},{"type":"Feature","geometry":{"type":"Polygon","coordinates":[[[-104.7575,38.789],[-104.7575,38.7817],[-104.7508,38.7817],[-104.7472,38.789],[-104.7575,38.789]]]},"properties":{"GEOID":"08041004009","AREALAND":"472432","AREAWATER":"0"}},{"type":"Feature","geometry":{"type":"Polygon","coordinates":[[[-104.7823,39.6385],[-104.7782,39.6308],[-104.7544,39.6282],[-104.7632,39.6385],[-104.7823,39.6385]]]},"properties":{"GEOID":"08005085800","AREALAND":"975972","AREAWATER":"517615"}},{"type":"Feature","geometry":{"type":"Polygon","coordinates":[[[-108.561,39.0774],[-108.5611,39.0644],[-108.5524,39.0644],[-108.5524,39.0774],[-108.561,39.0774]]]},"properties":{"GEOID":"08077000200","AREALAND":"1077776","AREAWATER":"0"}},{"type":"Feature","geometry":{"type":"Polygon","coordinates":[[[-108.579,39.0786],[-108.5645,39.0644],[-108.5611,39.0644],[-108.561,39.0774],[-108.579,39.0786]]]},"properties":{"GEOID":"08077000300","AREALAND":"1443990","AREAWATER":"0"}},{"type":"Feature","geometry":{"type":"Polygon","coordinates":[[[-104.7934,39.5492],[-104.7934,39.5338],[-104.7934,39.5239],[-104.7803,39.5197],[-104.7719,39.5441],[-104.7765,39.5521],[-104.7934,39.5492]]]},"properties":{"GEOID":"08035014010","AREALAND":"4323690","AREAWATER":"0"}},{"type":"Feature","geometry":{"type":"Polygon","coordinates":[[[-104.8705,39.5555],[-104.8685,39.5363],[-104.83,39.5364],[-104.8118,39.5365],[-104.8078,39.5531],[-104.8705,39.5555]]]},"properties":{"GEOID":"08035014007","AREALAND":"9893653","AREAWATER":"82567"}},{"type":"Feature","geometry":{"type":"Polygon","coordinates":[[[-105.005,39.5462],[-104.9914,39.5421],[-104.9917,39.5493],[-105.005,39.5462]]]},"properties":{"GEOID":"08035014126","AREALAND":"715530","AREAWATER":"0"}},{"type":"Feature","geometry":{"type":"Polygon","coordinates":[[[-105.005,39.5462],[-105.0364,39.5478],[-105.0363,39.5381],[-105.0167,39.5362],[-105.005,39.5462]]]},"properties":{"GEOID":"08035014130","AREALAND":"3534866","AREAWATER":"0"}},{"type":"Feature","geometry":{"type":"Polygon","coordinates":[[[-104.83,39.5364],[-104.8132,39.5183],[-104.7934,39.515],[-104.7934,39.5239],[-104.7934,39.5338],[-104.8118,39.5365],[-104.83,39.5364]]]},"properties":{"GEOID":"08035014008","AREALAND":"5768058","AREAWATER":"9586"}},{"type":"Feature","geometry":{"type":"Polygon","coordinates":[[[-104.875,39.4582],[-104.8716,39.4542],[-104.8438,39.4809],[-104.8346,39.4802],[-104.8137,39.5051],[-104.8132,39.5183],[-104.83,39.5364],[-104.8685,39.5363],[-104.8744,39.5034],[-104.8727,39.4721],[-104.875,39.4582]]]},"properties":{"GEOID":"08035014011","AREALAND":"30023902","AREAWATER":"67941"}},{"type":"Feature","geometry":{"type":"Polygon","coordinates":[[[-104.927,39.4927],[-104.9177,39.4719],[-104.8843,39.4691],[-104.9042,39.4927],[-104.927,39.4927]]]},"properties":{"GEOID":"08035014127","AREALAND":"6120977","AREAWATER":"0"}},{"type":"Feature","geometry":{"type":"Polygon","coordinates":[[[-104.8658,39.7438],[-104.8658,39.7402],[-104.8471,39.7402],[-104.8471,39.7438],[-104.8658,39.7438]]]},"properties":{"GEOID":"08001007802","AREALAND":"637373","AREAWATER":"0"}},{"type":"Feature","geometry":{"type":"Polygon","coordinates":[[[-105.025,39.8599],[-105.0249,39.8563],[-105.0248,39.8491],[-105.0153,39.849],[-105.0061,39.849],[-105.006,39.849],[-105.006,39.8597],[-105.025,39.8599]]]},"properties":{"GEOID":"08001009320","AREALAND":"1911264","AREAWATER":"5472"}},{"type":"Feature","geometry":{"type":"Polygon","coordinates":[[[-104.7544,39.6282],[-104.7782,39.6308],[-104.7703,39.624],[-104.7544,39.624],[-104.7544,39.6266],[-104.7544,39.6282]]]},"properties":{"GEOID":"08005084800","AREALAND":"1492530","AREAWATER":"0"}},{"type":"Feature","geometry":{"type":"Polygon","coordinates":[[[-105.0197,39.6022],[-105.007,39.5962],[-105.0069,39.6024],[-105.0068,39.6133],[-105.0067,39.6241],[-105.0101,39.6241],[-105.0197,39.6022]]]},"properties":{"GEOID":"08005006502","AREALAND":"1937543","AREAWATER":"5763"}},{"type":"Feature","geometry":{"type":"Polygon","coordinates":[[[-104.7912,39.7138],[-104.791,39.7065],[-104.7911,39.6966],[-104.7778,39.6966],[-104.7724,39.6966],[-104.77,39.6967],[-104.7912,39.7138]]]},"properties":{"GEOID":"08005082600","AREALAND":"2430797","AREAWATER":"0"}},{"type":"Feature","geometry":{"type":"Polygon","coordinates":[[[-104.9414,39.5952],[-104.9416,39.5806],[-104.923,39.5806],[-104.9229,39.5951],[-104.9414,39.5952]]]},"properties":{"GEOID":"08005005628","AREALAND":"2568254","AREAWATER":"0"}},{"type":"Feature","geometry":{"type":"Polygon","coordinates":[[[-104.9228,39.6096],[-104.9229,39.5951],[-104.9042,39.595],[-104.9041,39.6023],[-104.9228,39.6096]]]},"properties":{"GEOID":"08005006711","AREALAND":"2593042","AREAWATER":"0"}},{"type":"Feature","geometry":{"type":"Polygon","coordinates":[[[-107.9142,38.8359],[-107.9436,38.7948],[-107.9365,38.78],[-107.9078,38.7662],[-107.893,38.7767],[-107.8806,38.7668],[-107.8555,38.7722],[-107.8547,38.7846],[-107.837,38.7828],[-107.8292,38.7871],[-107.8016,38.7737],[-107.7551,38.7681],[-107.732,38.7981],[-107.7159,38.8025],[-107.7113,38.8208],[-107.7254,38.8468],[-107.7169,38.8594],[-107.7321,38.8739],[-107.7037,38.8935],[-107.7179,38.9312],[-107.7293,38.9421],[-107.7019,38.9504],[-107.663,38.9481],[-107.6521,38.9548],[-107.6633,38.971],[-107.6569,38.986],[-107.6697,38.9926],[-107.6711,39.0126],[-107.6579,39.0182],[-107.6626,39.0393],[-107.6903,39.0603],[-107.7216,39.0652],[-107.738,39.0662],[-107.7561,39.0499],[-107.776,39.0478],[-107.7753,39.0166],[-107.815,38.9811],[-107.8313,38.9467],[-107.8497,38.9253],[-107.8427,38.9089],[-107.848,38.8822],[-107.894,38.8433],[-107.9142,38.8359]]]},"properties":{"GEOID":"08029965002","AREALAND":"409336442","AREAWATER":"1774945"}},{"type":"Feature","geometry":{"type":"Polygon","coordinates":[[[-107.8486,38.6681],[-107.5006,38.6686],[-107.5006,38.7992],[-107.5182,38.7997],[-107.551,38.7867],[-107.5715,38.8076],[-107.603,38.8243],[-107.6217,38.8244],[-107.6381,38.7959],[-107.6984,38.8077],[-107.7159,38.8025],[-107.732,38.7981],[-107.7551,38.7681],[-107.8016,38.7737],[-107.8292,38.7871],[-107.837,38.7828],[-107.8289,38.7635],[-107.8482,38.7209],[-107.8358,38.6955],[-107.8486,38.6681]]]},"properties":{"GEOID":"08029965001","AREALAND":"413448609","AREAWATER":"1538497"}},{"type":"Feature","geometry":{"type":"Polygon","coordinates":[[[-102.6516,38.1045],[-102.6315,38.1017],[-102.6315,38.0849],[-102.6033,38.0885],[-102.6033,38.1057],[-102.6043,38.1061],[-102.6516,38.1045]]]},"properties":{"GEOID":"08099000200","AREALAND":"6062562","AREAWATER":"171464"}},{"type":"Feature","geometry":{"type":"Polygon","coordinates":[[[-102.6315,38.0849],[-102.6314,38.0643],[-102.6171,38.0635],[-102.6033,38.0885],[-102.6315,38.0849]]]},"properties":{"GEOID":"08099000300","AREALAND":"5752894","AREAWATER":"0"}},{"type":"Feature","geometry":{"type":"Polygon","coordinates":[[[-107.9469,38.9116],[-107.9495,38.8897],[-107.9294,38.8825],[-107.9095,38.9188],[-107.9469,38.9116]]]},"properties":{"GEOID":"08029965201","AREALAND":"8818542","AREAWATER":"0"}},{"type":"Feature","geometry":{"type":"Polygon","coordinates":[[[-106.1495,37.5602],[-106.0941,37.5593],[-106.0941,37.5828],[-106.111,37.5975],[-106.1443,37.6099],[-106.1676,37.6048],[-106.2042,37.6242],[-106.2044,37.5934],[-106.1967,37.5855],[-106.1946,37.5604],[-106.1495,37.5602]]]},"properties":{"GEOID":"08105976700","AREALAND":"45744598","AREAWATER":"49333"}},{"type":"Feature","geometry":{"type":"Polygon","coordinates":[[[-104.822,40.0004],[-104.8161,40.0004],[-104.797,40.0005],[-104.7712,40.0005],[-104.7537,40.0005],[-104.7577,40.0586],[-104.8105,40.0585],[-104.8201,40.0439],[-104.822,40.0004]]]},"properties":{"GEOID":"08123001911","AREALAND":"32981043","AREAWATER":"235511"}},{"type":"Feature","geometry":{"type":"Polygon","coordinates":[[[-104.8864,40.08],[-104.886,40.0004],[-104.8274,40.0004],[-104.822,40.0004],[-104.8201,40.0439],[-104.8673,40.0438],[-104.8675,40.08],[-104.8864,40.08]]]},"properties":{"GEOID":"08123001909","AREALAND":"33871596","AREAWATER":"249376"}},{"type":"Feature","geometry":{"type":"Polygon","coordinates":[[[-106.0457,39.4942],[-106.045,39.4772],[-106.0342,39.4652],[-106.0438,39.4298],[-106.0042,39.4205],[-106.004,39.3911],[-105.9929,39.4019],[-105.9523,39.4141],[-105.9668,39.438],[-105.9441,39.4409],[-105.9396,39.4579],[-105.9165,39.4581],[-105.9183,39.4708],[-105.9607,39.4887],[-106.0199,39.4812],[-106.0457,39.4942]]]},"properties":{"GEOID":"08117000405","AREALAND":"66929052","AREAWATER":"257862"}},{"type":"Feature","geometry":{"type":"Polygon","coordinates":[[[-104.9417,40.3211],[-104.9417,40.2628],[-104.886,40.2621],[-104.8868,40.3341],[-104.9061,40.3345],[-104.9064,40.349],[-104.9239,40.349],[-104.9238,40.3204],[-104.9417,40.3211]]]},"properties":{"GEOID":"08123002108","AREALAND":"37183659","AREAWATER":"542079"}},{"type":"Feature","geometry":{"type":"Polygon","coordinates":[[[-105.0551,40.2561],[-105.0552,40.2037],[-104.9069,40.2041],[-104.8994,40.2325],[-104.8801,40.2581],[-104.886,40.2621],[-104.9417,40.2628],[-105.0366,40.2621],[-105.0551,40.2561]]]},"properties":{"GEOID":"08123002106","AREALAND":"85475802","AREAWATER":"2096319"}},{"type":"Feature","geometry":{"type":"Polygon","coordinates":[[[-105.0567,40.3493],[-105.0553,40.3199],[-105.0552,40.2968],[-105.0551,40.2618],[-105.0551,40.2561],[-105.0366,40.2621],[-104.9417,40.2628],[-104.9417,40.3211],[-104.9807,40.3209],[-104.9813,40.3492],[-105.0567,40.3493]]]},"properties":{"GEOID":"08123002104","AREALAND":"81438469","AREAWATER":"1638869"}},{"type":"Feature","geometry":{"type":"Polygon","coordinates":[[[-106.1054,39.4609],[-106.1076,39.4415],[-106.1238,39.4256],[-106.1273,39.4044],[-106.1385,39.3981],[-106.1355,39.3796],[-106.0968,39.3779],[-106.0561,39.3584],[-106.0297,39.3599],[-106.004,39.3911],[-106.0042,39.4205],[-106.0438,39.4298],[-106.0342,39.4652],[-106.045,39.4772],[-106.0578,39.4617],[-106.088,39.4539],[-106.1054,39.4609]]]},"properties":{"GEOID":"08117000403","AREALAND":"92156200","AREAWATER":"447196"}},{"type":"Feature","geometry":{"type":"Polygon","coordinates":[[[-104.9813,40.3492],[-104.9807,40.3209],[-104.9417,40.3211],[-104.9238,40.3204],[-104.9239,40.349],[-104.9064,40.349],[-104.9072,40.4068],[-104.9073,40.4068],[-104.9446,40.407],[-104.9446,40.4053],[-104.9455,40.3491],[-104.9813,40.3492]]]},"properties":{"GEOID":"08123002107","AREALAND":"35306767","AREAWATER":"298101"}},{"type":"Feature","geometry":{"type":"Polygon","coordinates":[[[-104.8105,40.0802],[-104.8204,40.0801],[-104.8201,40.0439],[-104.8105,40.0585],[-104.7577,40.0586],[-104.7578,40.102],[-104.7853,40.1018],[-104.7823,40.0729],[-104.8105,40.0802]]]},"properties":{"GEOID":"08123001912","AREALAND":"17444836","AREAWATER":"62318"}},{"type":"Feature","geometry":{"type":"Polygon","coordinates":[[[-104.7577,40.0586],[-104.7537,40.0005],[-104.7162,40.0005],[-104.671,40.0446],[-104.716,40.0441],[-104.716,40.0586],[-104.7577,40.0586]]]},"properties":{"GEOID":"08123001913","AREALAND":"31968947","AREAWATER":"58332"}},{"type":"Feature","geometry":{"type":"Polygon","coordinates":[[[-104.7351,40.4301],[-104.7352,40.4229],[-104.7159,40.423],[-104.7159,40.4289],[-104.7158,40.4375],[-104.721,40.4524],[-104.7348,40.4545],[-104.7349,40.4411],[-104.7351,40.4301]]]},"properties":{"GEOID":"08123001300","AREALAND":"4724167","AREAWATER":"70184"}},{"type":"Feature","geometry":{"type":"Polygon","coordinates":[[[-105.1643,39.9869],[-105.1643,39.9725],[-105.1537,39.9767],[-105.1422,39.987],[-105.1643,39.9869]]]},"properties":{"GEOID":"08013013004","AREALAND":"1999002","AREAWATER":"112408"}},{"type":"Feature","geometry":{"type":"Polygon","coordinates":[[[-104.7351,40.4147],[-104.7351,40.4065],[-104.7159,40.4066],[-104.7159,40.4139],[-104.7351,40.4147]]]},"properties":{"GEOID":"08123001202","AREALAND":"1474996","AREAWATER":"2387"}},{"type":"Feature","geometry":{"type":"Polygon","coordinates":[[[-105.2329,40.0511],[-105.2041,40.051],[-105.1947,40.0617],[-105.2031,40.0772],[-105.2329,40.0511]]]},"properties":{"GEOID":"08013012705","AREALAND":"4347059","AREAWATER":"132676"}},{"type":"Feature","geometry":{"type":"Polygon","coordinates":[[[-105.2031,40.0772],[-105.1947,40.0617],[-105.2041,40.051],[-105.1783,40.0529],[-105.1785,40.0727],[-105.1903,40.0889],[-105.2031,40.0772]]]},"properties":{"GEOID":"08013012708","AREALAND":"5656856","AREAWATER":"24958"}},{"type":"Feature","geometry":{"type":"Polygon","coordinates":[[[-105.1785,40.0727],[-105.1783,40.0529],[-105.1312,40.0478],[-105.1313,40.0728],[-105.1785,40.0727]]]},"properties":{"GEOID":"08013012709","AREALAND":"9706904","AREAWATER":"154534"}},{"type":"Feature","geometry":{"type":"Polygon","coordinates":[[[-105.1311,40.0147],[-105.1311,40.0002],[-105.103,40.0002],[-105.1029,40.015],[-105.1311,40.0147]]]},"properties":{"GEOID":"08013012903","AREALAND":"3872984","AREAWATER":"9020"}},{"type":"Feature","geometry":{"type":"Polygon","coordinates":[[[-104.9409,38.372],[-104.9407,38.3379],[-104.888,38.3163],[-104.8583,38.2954],[-104.8298,38.2913],[-104.8138,38.3153],[-104.7722,38.3271],[-104.7633,38.3408],[-104.9409,38.372]]]},"properties":{"GEOID":"08101002906","AREALAND":"71812559","AREAWATER":"477090"}},{"type":"Feature","geometry":{"type":"Polygon","coordinates":[[[-104.6867,38.2626],[-104.6779,38.2475],[-104.6621,38.2471],[-104.6615,38.2584],[-104.6621,38.2688],[-104.6789,38.2677],[-104.6867,38.2626]]]},"properties":{"GEOID":"08101002802","AREALAND":"4055141","AREAWATER":"66834"}},{"type":"Feature","geometry":{"type":"Polygon","coordinates":[[[-105.0553,40.1746],[-105.0553,40.1523],[-105.0553,40.1522],[-105.0305,40.1496],[-104.9799,40.1753],[-104.9418,40.1823],[-104.9182,40.1898],[-104.9069,40.2041],[-105.0552,40.2037],[-105.0553,40.1746]]]},"properties":{"GEOID":"08123002105","AREALAND":"40543162","AREAWATER":"4756602"}},{"type":"Feature","geometry":{"type":"Polygon","coordinates":[[[-104.7578,40.1454],[-104.7578,40.102],[-104.7577,40.0586],[-104.716,40.0586],[-104.716,40.0441],[-104.671,40.0446],[-104.6431,40.077],[-104.6026,40.1022],[-104.603,40.1455],[-104.7578,40.1454]]]},"properties":{"GEOID":"08123001914","AREALAND":"121437537","AREAWATER":"379269"}},{"type":"Feature","geometry":{"type":"Polygon","coordinates":[[[-104.8863,40.102],[-104.8864,40.08],[-104.8675,40.08],[-104.8673,40.0438],[-104.8201,40.0439],[-104.8204,40.0801],[-104.8105,40.0802],[-104.8083,40.1018],[-104.8084,40.1163],[-104.8862,40.1165],[-104.8863,40.102]]]},"properties":{"GEOID":"08123001910","AREALAND":"42563719","AREAWATER":"331618"}},{"type":"Feature","geometry":{"type":"Polygon","coordinates":[[[-105.0533,39.8345],[-105.0533,39.8273],[-105.0344,39.8273],[-105.0248,39.8273],[-105.0248,39.836],[-105.0343,39.8389],[-105.0533,39.8345]]]},"properties":{"GEOID":"08001009604","AREALAND":"2215183","AREAWATER":"0"}},{"type":"Feature","geometry":{"type":"Polygon","coordinates":[[[-104.6699,37.495],[-104.6613,37.4689],[-104.6404,37.4288],[-104.6189,37.4004],[-104.5758,37.3537],[-104.557,37.3217],[-104.5084,37.2739],[-104.4917,37.2282],[-104.4985,37.1826],[-104.5075,37.1729],[-104.5075,37.1728],[-104.5073,37.1723],[-104.4884,37.1845],[-104.4529,37.163],[-104.37,37.1487],[-104.3666,37.127],[-104.395,37.1018],[-104.4018,37.0866],[-104.4452,37.0674],[-104.4351,37.0509],[-104.4272,37.0096],[-104.434,36.9937],[-104.2657,36.9945],[-103.809,36.9973],[-103.4784,36.9992],[-103.0861,37.0002],[-103.0867,37.1764],[-103.0825,37.3816],[-103.0747,37.3817],[-103.0759,37.6434],[-103.4043,37.6436],[-103.5005,37.6429],[-103.7505,37.6436],[-103.8334,37.6448],[-104.0582,37.6441],[-104.0611,37.7347],[-104.3511,37.8175],[-104.3755,37.7986],[-104.4567,37.7479],[-104.4549,37.7408],[-104.5484,37.6094],[-104.5486,37.5747],[-104.6203,37.5301],[-104.6279,37.5107],[-104.6492,37.4953],[-104.6699,37.495]]]},"properties":{"GEOID":"08071000800","AREALAND":"9749377171","AREAWATER":"605365"}},{"type":"Feature","geometry":{"type":"Polygon","coordinates":[[[-105.2389,39.9144],[-105.2411,39.8704],[-105.1654,39.8706],[-105.1656,39.8925],[-105.1657,39.9105],[-105.1471,39.9139],[-105.166,39.9141],[-105.1662,39.9141],[-105.2389,39.9144]]]},"properties":{"GEOID":"08059980700","AREALAND":"31159309","AREAWATER":"306433"}},{"type":"Feature","geometry":{"type":"Polygon","coordinates":[[[-105.2411,39.8704],[-105.2403,39.8659],[-105.2007,39.8625],[-105.1653,39.8472],[-105.1478,39.8459],[-105.1483,39.8715],[-105.1287,39.8783],[-105.1289,39.8903],[-105.1656,39.8925],[-105.1654,39.8706],[-105.2411,39.8704]]]},"properties":{"GEOID":"08059060501","AREALAND":"28127493","AREAWATER":"103476"}},{"type":"Feature","geometry":{"type":"Polygon","coordinates":[[[-105.0815,39.711],[-105.0815,39.7056],[-105.073,39.7002],[-105.0721,39.7111],[-105.0815,39.711]]]},"properties":{"GEOID":"08059011807","AREALAND":"580177","AREAWATER":"9282"}},{"type":"Feature","geometry":{"type":"Polygon","coordinates":[[[-105.0815,39.7056],[-105.0815,39.7011],[-105.073,39.7002],[-105.0815,39.7056]]]},"properties":{"GEOID":"08059011808","AREALAND":"344124","AREAWATER":"10126"}},{"type":"Feature","geometry":{"type":"Polygon","coordinates":[[[-105.2355,39.7528],[-105.245,39.7522],[-105.2139,39.7081],[-105.21,39.6955],[-105.2062,39.6979],[-105.2092,39.7301],[-105.2238,39.7455],[-105.2355,39.7528]]]},"properties":{"GEOID":"08059009855","AREALAND":"7161158","AREAWATER":"37762"}},{"type":"Feature","geometry":{"type":"Polygon","coordinates":[[[-105.1095,39.7401],[-105.1098,39.7254],[-105.0909,39.7256],[-105.0908,39.7402],[-105.1095,39.7401]]]},"properties":{"GEOID":"08059011101","AREALAND":"2630150","AREAWATER":"1607"}},{"type":"Feature","geometry":{"type":"Polygon","coordinates":[[[-105.0908,39.7402],[-105.0909,39.7256],[-105.0815,39.7256],[-105.0813,39.7402],[-105.0908,39.7402]]]},"properties":{"GEOID":"08059011102","AREALAND":"1302907","AREAWATER":"0"}},{"type":"Feature","geometry":{"type":"Polygon","coordinates":[[[-105.0813,39.7402],[-105.0815,39.7256],[-105.0627,39.7257],[-105.0672,39.7403],[-105.0813,39.7402]]]},"properties":{"GEOID":"08059011551","AREALAND":"2156822","AREAWATER":"13726"}},{"type":"Feature","geometry":{"type":"Polygon","coordinates":[[[-105.2217,39.8201],[-105.2245,39.802],[-105.1933,39.8055],[-105.1933,39.8127],[-105.1972,39.8127],[-105.2217,39.8201]]]},"properties":{"GEOID":"08059009853","AREALAND":"3501266","AREAWATER":"4849"}},{"type":"Feature","geometry":{"type":"Polygon","coordinates":[[[-105.2092,39.7301],[-105.2062,39.6979],[-105.2019,39.7024],[-105.1797,39.7253],[-105.1941,39.7253],[-105.2092,39.7301]]]},"properties":{"GEOID":"08059009856","AREALAND":"3409431","AREAWATER":"0"}},{"type":"Feature","geometry":{"type":"Polygon","coordinates":[[[-105.0672,39.7403],[-105.0627,39.7257],[-105.0533,39.7258],[-105.0532,39.7349],[-105.0532,39.7403],[-105.066,39.7403],[-105.0672,39.7403]]]},"properties":{"GEOID":"08059011552","AREALAND":"1703027","AREAWATER":"308"}},{"type":"Feature","geometry":{"type":"Polygon","coordinates":[[[-105.2356,39.7735],[-105.2226,39.7567],[-105.2134,39.7621],[-105.198,39.7684],[-105.1979,39.7684],[-105.198,39.7684],[-105.187,39.7945],[-105.1933,39.8055],[-105.2245,39.802],[-105.2356,39.7735]]]},"properties":{"GEOID":"08059009854","AREALAND":"15158178","AREAWATER":"64490"}},{"type":"Feature","geometry":{"type":"Polygon","coordinates":[[[-105.3979,39.9129],[-105.3979,39.746],[-105.3979,39.7459],[-105.3979,39.7458],[-105.3844,39.7352],[-105.3475,39.742],[-105.3116,39.7384],[-105.3094,39.7468],[-105.2611,39.738],[-105.2478,39.751],[-105.2744,39.7547],[-105.2853,39.7649],[-105.2356,39.7735],[-105.2245,39.802],[-105.2217,39.8201],[-105.2403,39.8659],[-105.2411,39.8704],[-105.2389,39.9144],[-105.3147,39.9139],[-105.3979,39.9129]]]},"properties":{"GEOID":"08059009858","AREALAND":"260263629","AREAWATER":"1209626"}},{"type":"Feature","geometry":{"type":"Polygon","coordinates":[[[-105.2356,39.7735],[-105.2853,39.7649],[-105.2744,39.7547],[-105.2478,39.751],[-105.245,39.7522],[-105.2355,39.7528],[-105.2226,39.7567],[-105.2356,39.7735]]]},"properties":{"GEOID":"08059009857","AREALAND":"8887802","AREAWATER":"45571"}},{"type":"Feature","geometry":{"type":"Polygon","coordinates":[[[-105.1798,39.7618],[-105.1852,39.7668],[-105.2109,39.7623],[-105.2003,39.7463],[-105.1842,39.7458],[-105.1792,39.7558],[-105.1798,39.7618]]]},"properties":{"GEOID":"08059980800","AREALAND":"4579309","AREAWATER":"6171"}},{"type":"Feature","geometry":{"type":"Polygon","coordinates":[[[-107.093,38.837],[-107.1053,38.8207],[-107.1446,38.8145],[-107.1524,38.8024],[-107.1908,38.7842],[-107.2066,38.7602],[-107.1998,38.7179],[-107.1875,38.7002],[-107.1917,38.6782],[-107.1669,38.6534],[-107.1382,38.6388],[-107.1065,38.581],[-107.1025,38.5546],[-107.0617,38.5054],[-107.0658,38.4753],[-107.0578,38.4426],[-107.0411,38.4144],[-107.0006,38.3841],[-107.0006,38.4256],[-106.8712,38.4253],[-106.896,38.4594],[-106.9212,38.4747],[-106.8933,38.4965],[-106.9064,38.5041],[-106.8862,38.5207],[-106.8817,38.5397],[-106.928,38.5332],[-106.9403,38.5214],[-106.9477,38.5342],[-106.9588,38.5404],[-106.9499,38.5549],[-106.9571,38.5643],[-106.949,38.5889],[-106.9268,38.5881],[-106.8776,38.6204],[-106.8651,38.6482],[-106.8488,38.661],[-106.8756,38.6677],[-106.8921,38.6653],[-106.9091,38.7103],[-106.9461,38.7149],[-106.9493,38.7388],[-106.9418,38.7738],[-106.9796,38.822],[-107.002,38.8345],[-107.0287,38.8394],[-107.0682,38.8303],[-107.093,38.837]]]},"properties":{"GEOID":"08051963601","AREALAND":"841033395","AREAWATER":"1194883"}},{"type":"Feature","geometry":{"type":"Polygon","coordinates":[[[-106.8756,38.6677],[-106.8488,38.661],[-106.8651,38.6482],[-106.8776,38.6204],[-106.9268,38.5881],[-106.949,38.5889],[-106.9571,38.5643],[-106.9499,38.5549],[-106.927,38.559],[-106.9072,38.5603],[-106.9059,38.5499],[-106.8817,38.5397],[-106.8862,38.5207],[-106.9064,38.5041],[-106.8933,38.4965],[-106.9212,38.4747],[-106.896,38.4594],[-106.8712,38.4253],[-106.5006,38.4244],[-106.2469,38.4228],[-106.2455,38.4393],[-106.2661,38.4417],[-106.288,38.4608],[-106.3114,38.4947],[-106.3304,38.4937],[-106.3481,38.5125],[-106.3542,38.5334],[-106.3446,38.5686],[-106.361,38.5945],[-106.3653,38.6159],[-106.3854,38.625],[-106.3799,38.6385],[-106.4012,38.6397],[-106.4296,38.6512],[-106.4402,38.6869],[-106.4519,38.6983],[-106.4253,38.7103],[-106.4174,38.7257],[-106.4193,38.766],[-106.415,38.7996],[-106.4227,38.8076],[-106.4074,38.8293],[-106.3836,38.8247],[-106.3643,38.8534],[-106.3213,38.8926],[-106.3261,38.911],[-106.3571,38.913],[-106.3734,38.9066],[-106.3808,38.9257],[-106.4021,38.9106],[-106.4218,38.9281],[-106.4372,38.9149],[-106.465,38.9104],[-106.5044,38.9368],[-106.5285,38.9599],[-106.5284,38.9807],[-106.5542,38.9987],[-106.5772,38.9904],[-106.5992,38.998],[-106.6116,38.9954],[-106.6383,39.0192],[-106.6555,39.0444],[-106.6853,39.0454],[-106.693,39.0551],[-106.7103,39.0476],[-106.7494,39.0425],[-106.7513,39.0258],[-106.7997,38.9796],[-106.7927,38.9642],[-106.7455,38.9422],[-106.7202,38.8938],[-106.721,38.8773],[-106.7082,38.8561],[-106.7333,38.8133],[-106.7613,38.7925],[-106.7702,38.7595],[-106.7683,38.741],[-106.7774,38.7205],[-106.8135,38.7251],[-106.8498,38.6801],[-106.8756,38.6677]]]},"properties":{"GEOID":"08051963602","AREALAND":"2426561095","AREAWATER":"9534513"}},{"type":"Feature","geometry":{"type":"Polygon","coordinates":[[[-106.9499,38.5549],[-106.9588,38.5404],[-106.9477,38.5342],[-106.9217,38.5433],[-106.927,38.559],[-106.9499,38.5549]]]},"properties":{"GEOID":"08051963701","AREALAND":"5194593","AREAWATER":"0"}},{"type":"Feature","geometry":{"type":"Polygon","coordinates":[[[-106.9477,38.5342],[-106.9403,38.5214],[-106.928,38.5332],[-106.8817,38.5397],[-106.9059,38.5499],[-106.9072,38.5603],[-106.927,38.559],[-106.9217,38.5433],[-106.9477,38.5342]]]},"properties":{"GEOID":"08051963702","AREALAND":"9128985","AREAWATER":"0"}},{"type":"Feature","geometry":{"type":"Polygon","coordinates":[[[-108.5895,39.0919],[-108.579,39.0786],[-108.561,39.0774],[-108.5616,39.0918],[-108.5895,39.0919]]]},"properties":{"GEOID":"08077000400","AREALAND":"3556132","AREAWATER":"7826"}},{"type":"Feature","geometry":{"type":"Polygon","coordinates":[[[-108.5616,39.0918],[-108.561,39.0774],[-108.5524,39.0774],[-108.5524,39.0846],[-108.5524,39.0919],[-108.5616,39.0918]]]},"properties":{"GEOID":"08077000500","AREALAND":"1210674","AREAWATER":"0"}},{"type":"Feature","geometry":{"type":"Polygon","coordinates":[[[-104.9598,39.7469],[-104.9598,39.74],[-104.9495,39.7402],[-104.9406,39.7401],[-104.9406,39.751],[-104.9598,39.7507],[-104.9598,39.7469]]]},"properties":{"GEOID":"08031003701","AREALAND":"1873267","AREAWATER":"120383"}},{"type":"Feature","geometry":{"type":"Polygon","coordinates":[[[-104.9598,39.74],[-104.9598,39.7334],[-104.9495,39.7321],[-104.9495,39.7402],[-104.9598,39.74]]]},"properties":{"GEOID":"08031003702","AREALAND":"706200","AREAWATER":"0"}},{"type":"Feature","geometry":{"type":"Polygon","coordinates":[[[-104.9495,39.7402],[-104.9495,39.7321],[-104.9406,39.7321],[-104.9406,39.7347],[-104.9406,39.7401],[-104.9495,39.7402]]]},"properties":{"GEOID":"08031003703","AREALAND":"681502","AREAWATER":"0"}},{"type":"Feature","geometry":{"type":"Polygon","coordinates":[[[-104.9593,39.7075],[-104.9593,39.6966],[-104.9406,39.6966],[-104.9407,39.7111],[-104.9406,39.7116],[-104.9462,39.7115],[-104.9593,39.7153],[-104.9593,39.7075]]]},"properties":{"GEOID":"08031003901","AREALAND":"3003056","AREAWATER":"0"}},{"type":"Feature","geometry":{"type":"Polygon","coordinates":[[[-107.5686,38.1473],[-107.5654,38.0989],[-107.5536,38.0792],[-107.5333,38.0801],[-107.5109,38.0609],[-107.5399,38.0271],[-107.538,38.0089],[-107.5499,37.9983],[-107.5743,38.0062],[-107.5914,37.9922],[-107.587,37.9685],[-107.5689,37.965],[-107.5634,37.9559],[-107.5326,37.9439],[-107.5359,37.9201],[-107.5202,37.9013],[-107.5365,37.8796],[-107.5179,37.857],[-107.5167,37.8265],[-107.4746,37.8155],[-107.4592,37.7943],[-107.4668,37.7664],[-107.4822,37.7683],[-107.4822,37.6395],[-107.4821,37.4227],[-107.1921,37.423],[-107.1287,37.4229],[-107.1287,37.4736],[-107.1239,37.675],[-107.1451,37.6755],[-107.1374,37.8288],[-107.1382,37.9389],[-107.1124,37.9427],[-107.0678,37.9613],[-107.0435,37.9488],[-107.0006,37.956],[-107.0011,38.1471],[-107.2914,38.1471],[-107.5686,38.1473]]]},"properties":{"GEOID":"08053973100","AREALAND":"2893614483","AREAWATER":"15324685"}},{"type":"Feature","geometry":{"type":"Polygon","coordinates":[[[-104.835,38.8282],[-104.8223,38.815],[-104.8186,38.8216],[-104.8178,38.8394],[-104.8304,38.8369],[-104.835,38.8282]]]},"properties":{"GEOID":"08041002300","AREALAND":"3129894","AREAWATER":"0"}},{"type":"Feature","geometry":{"type":"Polygon","coordinates":[[[-105.2821,40.0267],[-105.2841,40.0181],[-105.2823,40.0105],[-105.277,40.0105],[-105.2725,40.0146],[-105.2728,40.0173],[-105.2745,40.0222],[-105.2821,40.0267]]]},"properties":{"GEOID":"08013012204","AREALAND":"1393751","AREAWATER":"0"}},{"type":"Feature","geometry":{"type":"Polygon","coordinates":[[[-105.2725,40.0146],[-105.277,40.0105],[-105.2636,40.0001],[-105.2578,40.0003],[-105.2586,40.0082],[-105.2725,40.0146]]]},"properties":{"GEOID":"08013012300","AREALAND":"1418924","AREAWATER":"8081"}},{"type":"Feature","geometry":{"type":"Polygon","coordinates":[[[-105.1698,39.8125],[-105.1746,39.8],[-105.1379,39.8018],[-105.1378,39.8127],[-105.1523,39.8126],[-105.1652,39.8125],[-105.1698,39.8125]]]},"properties":{"GEOID":"08059009851","AREALAND":"3539144","AREAWATER":"438797"}},{"type":"Feature","geometry":{"type":"Polygon","coordinates":[[[-105.1317,39.6438],[-105.1286,39.6387],[-105.1098,39.6387],[-105.1098,39.6457],[-105.0911,39.6387],[-105.0817,39.6388],[-105.0813,39.6529],[-105.0954,39.6536],[-105.1095,39.6539],[-105.1317,39.6438]]]},"properties":{"GEOID":"08059015900","AREALAND":"5319421","AREAWATER":"171036"}},{"type":"Feature","geometry":{"type":"Polygon","coordinates":[[[-105.0906,39.9288],[-105.0906,39.9221],[-105.0718,39.9251],[-105.0719,39.9288],[-105.0906,39.9288]]]},"properties":{"GEOID":"08014030100","AREALAND":"1076688","AREAWATER":"0"}},{"type":"Feature","geometry":{"type":"Polygon","coordinates":[[[-105.1512,39.7253],[-105.1491,39.7139],[-105.1308,39.7229],[-105.1306,39.7253],[-105.1512,39.7253]]]},"properties":{"GEOID":"08059011732","AREALAND":"1324834","AREAWATER":"0"}},{"type":"Feature","geometry":{"type":"Polygon","coordinates":[[[-105.1308,39.7229],[-105.1491,39.7139],[-105.1473,39.7112],[-105.1329,39.7096],[-105.1305,39.7106],[-105.1308,39.7229]]]},"properties":{"GEOID":"08059011733","AREALAND":"1092814","AREAWATER":"34014"}},{"type":"Feature","geometry":{"type":"Polygon","coordinates":[[[-105.0815,39.7011],[-105.0815,39.6966],[-105.0532,39.6968],[-105.0533,39.7033],[-105.0533,39.7113],[-105.0721,39.7111],[-105.073,39.7002],[-105.0815,39.7011]]]},"properties":{"GEOID":"08059011806","AREALAND":"2955851","AREAWATER":"0"}},{"type":"Feature","geometry":{"type":"Polygon","coordinates":[[[-105.1055,39.5807],[-105.1102,39.5696],[-105.0953,39.5662],[-105.1008,39.5807],[-105.1055,39.5807]]]},"properties":{"GEOID":"08059012060","AREALAND":"1218297","AREAWATER":"3757"}},{"type":"Feature","geometry":{"type":"Polygon","coordinates":[[[-104.8324,39.9869],[-104.8512,39.9723],[-104.8125,39.9723],[-104.8126,39.9868],[-104.8324,39.9869]]]},"properties":{"GEOID":"08001008606","AREALAND":"3835537","AREAWATER":"180050"}},{"type":"Feature","geometry":{"type":"Polygon","coordinates":[[[-104.8099,39.7768],[-104.8099,39.7728],[-104.7722,39.7764],[-104.7721,39.7837],[-104.7721,39.7984],[-104.7839,39.7984],[-104.7909,39.7983],[-104.8097,39.7983],[-104.8098,39.7837],[-104.8099,39.7768]]]},"properties":{"GEOID":"08031008388","AREALAND":"8813341","AREAWATER":"0"}},{"type":"Feature","geometry":{"type":"Polygon","coordinates":[[[-105.0251,39.7112],[-105.0251,39.7039],[-105.0251,39.6968],[-105.0127,39.6968],[-105.011,39.7112],[-105.0251,39.7112]]]},"properties":{"GEOID":"08031001301","AREALAND":"1830813","AREAWATER":"57105"}},{"type":"Feature","geometry":{"type":"Polygon","coordinates":[[[-105.011,39.7112],[-105.0127,39.6968],[-104.9924,39.6967],[-105.0001,39.7112],[-105.011,39.7112]]]},"properties":{"GEOID":"08031001302","AREALAND":"2101761","AREAWATER":"13495"}},{"type":"Feature","geometry":{"type":"Polygon","coordinates":[[[-105.0251,39.6968],[-105.0251,39.6895],[-104.9998,39.6891],[-104.9924,39.6967],[-105.0127,39.6968],[-105.0251,39.6968]]]},"properties":{"GEOID":"08031001401","AREALAND":"2088739","AREAWATER":"0"}},{"type":"Feature","geometry":{"type":"Polygon","coordinates":[[[-105.0251,39.6895],[-105.025,39.6823],[-105.0014,39.6825],[-104.9998,39.6891],[-105.0251,39.6895]]]},"properties":{"GEOID":"08031001402","AREALAND":"1671505","AREAWATER":"0"}},{"type":"Feature","geometry":{"type":"Polygon","coordinates":[[[-105.0014,39.6825],[-105.0003,39.6677],[-104.9876,39.6677],[-104.9876,39.6785],[-104.9875,39.6876],[-104.9874,39.6966],[-104.9924,39.6967],[-104.9998,39.6891],[-105.0014,39.6825]]]},"properties":{"GEOID":"08031001403","AREALAND":"2899255","AREAWATER":"42621"}},{"type":"Feature","geometry":{"type":"Polygon","coordinates":[[[-104.7437,38.3355],[-104.7417,38.3286],[-104.7265,38.3196],[-104.7001,38.3174],[-104.6869,38.3199],[-104.7014,38.3239],[-104.7437,38.3355]]]},"properties":{"GEOID":"08101002912","AREALAND":"3889952","AREAWATER":"8441"}},{"type":"Feature","geometry":{"type":"Polygon","coordinates":[[[-104.6238,38.2771],[-104.6299,38.2766],[-104.6244,38.2689],[-104.6078,38.2549],[-104.5923,38.2529],[-104.5887,38.2527],[-104.5927,38.2582],[-104.601,38.2699],[-104.604,38.2809],[-104.6103,38.2808],[-104.6238,38.2771]]]},"properties":{"GEOID":"08101003500","AREALAND":"4992740","AREAWATER":"337817"}},{"type":"Feature","geometry":{"type":"Polygon","coordinates":[[[-105.115,40.582],[-105.1151,40.5746],[-105.0959,40.5746],[-105.0959,40.5782],[-105.0959,40.5818],[-105.115,40.582]]]},"properties":{"GEOID":"08069000503","AREALAND":"1292448","AREAWATER":"0"}},{"type":"Feature","geometry":{"type":"Polygon","coordinates":[[[-105.0729,40.6542],[-105.0725,40.6395],[-105.095,40.6399],[-105.0953,40.6254],[-105.0772,40.616],[-105.0386,40.6103],[-105.0015,40.6102],[-105.0011,40.6535],[-105.0729,40.6542]]]},"properties":{"GEOID":"08069001308","AREALAND":"27155805","AREAWATER":"4032715"}},{"type":"Feature","geometry":{"type":"Polygon","coordinates":[[[-105.1314,40.3929],[-105.135,40.3495],[-105.074,40.3493],[-105.0733,40.3642],[-105.0973,40.3639],[-105.0954,40.3783],[-105.1159,40.3784],[-105.116,40.3926],[-105.1252,40.3929],[-105.1314,40.3929]]]},"properties":{"GEOID":"08069002011","AREALAND":"14825283","AREAWATER":"893688"}},{"type":"Feature","geometry":{"type":"Polygon","coordinates":[[[-108.4816,39.105],[-108.4778,39.0817],[-108.4579,39.0879],[-108.4443,39.1054],[-108.4816,39.105]]]},"properties":{"GEOID":"08077001703","AREALAND":"5063098","AREAWATER":"0"}},{"type":"Feature","geometry":{"type":"Polygon","coordinates":[[[-105.0432,40.5671],[-105.0433,40.5526],[-105.0257,40.5523],[-105.0202,40.5378],[-105.0203,40.5233],[-105.0198,40.5092],[-104.9918,40.5086],[-104.9925,40.5234],[-105.0015,40.5666],[-105.0432,40.5671]]]},"properties":{"GEOID":"08069001605","AREALAND":"15501386","AREAWATER":"900075"}},{"type":"Feature","geometry":{"type":"Polygon","coordinates":[[[-105.7706,40.9969],[-105.7776,40.9808],[-105.7698,40.9594],[-105.7852,40.9481],[-105.7941,40.9229],[-105.8268,40.8991],[-105.8744,40.8756],[-105.866,40.8391],[-105.837,40.8186],[-105.816,40.8199],[-105.7905,40.8067],[-105.746,40.803],[-105.7331,40.8118],[-105.7013,40.8154],[-105.5995,40.7919],[-105.5657,40.7882],[-105.5545,40.7792],[-105.5174,40.7793],[-105.5054,40.7689],[-105.4597,40.7545],[-105.4229,40.7497],[-105.399,40.7341],[-105.3746,40.7376],[-105.3489,40.7679],[-105.2969,40.7914],[-105.243,40.7878],[-105.2156,40.7945],[-105.2347,40.8051],[-105.2632,40.866],[-105.2772,40.8813],[-105.3411,40.9318],[-105.3531,40.9563],[-105.3786,40.9676],[-105.4127,40.9978],[-105.7706,40.9969]]]},"properties":{"GEOID":"08069002401","AREALAND":"1033161618","AREAWATER":"3683424"}},{"type":"Feature","geometry":{"type":"Polygon","coordinates":[[[-105.0957,40.5891],[-105.0958,40.5871],[-105.0861,40.5871],[-105.0766,40.5952],[-105.0768,40.5952],[-105.0956,40.6029],[-105.0957,40.5963],[-105.0957,40.5891]]]},"properties":{"GEOID":"08069000202","AREALAND":"1928956","AREAWATER":"65690"}},{"type":"Feature","geometry":{"type":"Polygon","coordinates":[[[-105.1338,40.5819],[-105.1338,40.575],[-105.1151,40.5746],[-105.115,40.582],[-105.1338,40.5819]]]},"properties":{"GEOID":"08069000505","AREALAND":"1271564","AREAWATER":"0"}},{"type":"Feature","geometry":{"type":"Polygon","coordinates":[[[-105.0394,40.5232],[-105.0393,40.5091],[-105.0198,40.5092],[-105.0203,40.5233],[-105.0394,40.5232]]]},"properties":{"GEOID":"08069001607","AREALAND":"2534663","AREAWATER":"0"}},{"type":"Feature","geometry":{"type":"Polygon","coordinates":[[[-105.0393,40.5091],[-105.0394,40.4774],[-105.0331,40.4657],[-104.9921,40.4647],[-104.9918,40.5086],[-105.0198,40.5092],[-105.0393,40.5091]]]},"properties":{"GEOID":"08069001608","AREALAND":"15849946","AREAWATER":"3240638"}},{"type":"Feature","geometry":{"type":"Polygon","coordinates":[[[-104.7667,38.3127],[-104.7682,38.3003],[-104.7488,38.3071],[-104.75,38.3153],[-104.746,38.3223],[-104.7667,38.3127]]]},"properties":{"GEOID":"08101002915","AREALAND":"2870175","AREAWATER":"0"}},{"type":"Feature","geometry":{"type":"Polygon","coordinates":[[[-104.9415,38.5196],[-104.9409,38.4178],[-104.8476,38.418],[-104.8393,38.4319],[-104.821,38.4255],[-104.736,38.4251],[-104.7355,38.4297],[-104.7372,38.5193],[-104.7341,38.5196],[-104.9415,38.5196]]]},"properties":{"GEOID":"08101980100","AREALAND":"192587566","AREAWATER":"680881"}},{"type":"Feature","geometry":{"type":"Polygon","coordinates":[[[-104.8467,38.8761],[-104.8594,38.8691],[-104.838,38.8489],[-104.8323,38.8507],[-104.8344,38.8607],[-104.8352,38.8764],[-104.8467,38.8761]]]},"properties":{"GEOID":"08041001104","AREALAND":"4244032","AREAWATER":"0"}},{"type":"Feature","geometry":{"type":"Polygon","coordinates":[[[-104.872,38.8531],[-104.8726,38.8513],[-104.8665,38.8458],[-104.8652,38.8447],[-104.8591,38.8405],[-104.8539,38.8477],[-104.8668,38.8551],[-104.872,38.8531]]]},"properties":{"GEOID":"08041001301","AREALAND":"1329798","AREAWATER":"0"}},{"type":"Feature","geometry":{"type":"Polygon","coordinates":[[[-106.0157,38.5539],[-105.9771,38.5232],[-106.0036,38.5545],[-106.0157,38.5539]]]},"properties":{"GEOID":"08015000100","AREALAND":"3944048","AREAWATER":"0"}},{"type":"Feature","geometry":{"type":"Polygon","coordinates":[[[-106.0157,38.5539],[-106.0465,38.5607],[-106.0815,38.5611],[-106.0797,38.5357],[-106.0427,38.5354],[-106.0431,38.5217],[-106.0796,38.505],[-106.0877,38.4783],[-106.1067,38.4479],[-106.0881,38.4223],[-106.0759,38.4238],[-106.058,38.4447],[-106.0584,38.4569],[-106.019,38.4544],[-106.0108,38.4466],[-105.9383,38.5033],[-105.9564,38.5069],[-105.9771,38.5232],[-106.0157,38.5539]]]},"properties":{"GEOID":"08015000200","AREALAND":"110211166","AREAWATER":"48075"}},{"type":"Feature","geometry":{"type":"Polygon","coordinates":[[[-106.4519,38.6983],[-106.4402,38.6869],[-106.4296,38.6512],[-106.4012,38.6397],[-106.3799,38.6385],[-106.3854,38.625],[-106.3653,38.6159],[-106.361,38.5945],[-106.3446,38.5686],[-106.3542,38.5334],[-106.3481,38.5125],[-106.3304,38.4937],[-106.3114,38.4947],[-106.288,38.4608],[-106.2661,38.4417],[-106.2455,38.4393],[-106.2469,38.4228],[-106.0881,38.4223],[-106.1067,38.4479],[-106.0877,38.4783],[-106.0796,38.505],[-106.0431,38.5217],[-106.0427,38.5354],[-106.0797,38.5357],[-106.0815,38.5611],[-106.0465,38.5607],[-106.0157,38.5539],[-106.0036,38.5545],[-105.9771,38.5232],[-105.9564,38.5069],[-105.9383,38.5033],[-105.9075,38.5058],[-105.9034,38.5485],[-105.8854,38.5613],[-105.8925,38.5733],[-105.8792,38.6073],[-105.8865,38.621],[-105.9157,38.63],[-105.9079,38.6509],[-105.9255,38.6664],[-105.9262,38.6799],[-105.9698,38.6936],[-105.9462,38.7167],[-105.9479,38.7438],[-105.9381,38.7552],[-105.9684,38.7736],[-105.9632,38.7511],[-105.9883,38.7297],[-106.0094,38.7202],[-106.056,38.717],[-106.0663,38.7412],[-106.0827,38.7417],[-106.1202,38.741],[-106.1707,38.7324],[-106.2028,38.7111],[-106.2405,38.709],[-106.2517,38.7153],[-106.2973,38.7089],[-106.3074,38.7138],[-106.419,38.6904],[-106.4519,38.6983]]]},"properties":{"GEOID":"08015000300","AREALAND":"1097884228","AREAWATER":"1068977"}},{"type":"Feature","geometry":{"type":"Polygon","coordinates":[[[-105.3983,39.7141],[-105.4041,39.704],[-105.4327,39.6939],[-105.4449,39.6738],[-105.4784,39.6809],[-105.5067,39.6939],[-105.543,39.6736],[-105.582,39.6682],[-105.6062,39.652],[-105.5983,39.6219],[-105.6408,39.5975],[-105.6324,39.5794],[-105.6239,39.567],[-105.588,39.5682],[-105.4449,39.566],[-105.3989,39.5661],[-105.3991,39.5821],[-105.3983,39.6359],[-105.3983,39.7141]]]},"properties":{"GEOID":"08019014701","AREALAND":"234360825","AREAWATER":"115832"}},{"type":"Feature","geometry":{"type":"Polygon","coordinates":[[[-106.4265,39.3619],[-106.4352,39.3466],[-106.427,39.3234],[-106.4999,39.3015],[-106.504,39.2848],[-106.4833,39.2727],[-106.4812,39.2592],[-106.4968,39.2433],[-106.4897,39.228],[-106.4996,39.1838],[-106.5212,39.1573],[-106.5358,39.1626],[-106.5613,39.1557],[-106.564,39.106],[-106.5803,39.1022],[-106.578,39.0579],[-106.3891,39.0563],[-106.2728,39.0564],[-106.191,39.0561],[-106.1912,39.0684],[-106.1697,39.0864],[-106.1792,39.1035],[-106.2102,39.1039],[-106.1731,39.1381],[-106.1855,39.1866],[-106.1793,39.2123],[-106.1695,39.2338],[-106.1851,39.2427],[-106.184,39.3094],[-106.1695,39.3222],[-106.1536,39.3204],[-106.1399,39.3396],[-106.1529,39.3628],[-106.1355,39.3796],[-106.2067,39.3796],[-106.2256,39.3796],[-106.2395,39.3657],[-106.284,39.3497],[-106.3037,39.3614],[-106.3517,39.3537],[-106.3696,39.3603],[-106.3806,39.3762],[-106.4006,39.381],[-106.4265,39.3619]],[[-106.2905,39.2659],[-106.2796,39.2603],[-106.2751,39.2326],[-106.309,39.2171],[-106.3238,39.2025],[-106.3268,39.1837],[-106.3593,39.2275],[-106.3466,39.2489],[-106.3434,39.2589],[-106.3004,39.2739],[-106.2905,39.2659]]]},"properties":{"GEOID":"08065961900","AREALAND":"936260132","AREAWATER":"18098522"}},{"type":"Feature","geometry":{"type":"Polygon","coordinates":[[[-102.4257,39.5707],[-102.4276,39.3231],[-102.4532,39.2865],[-102.4279,39.2863],[-102.4266,39.2005],[-102.4283,39.0721],[-102.4098,39.0628],[-102.4099,39.0442],[-102.3677,39.0456],[-102.0466,39.047],[-102.0492,39.375],[-102.0498,39.5741],[-102.2655,39.5716],[-102.4257,39.5707]]]},"properties":{"GEOID":"08063962100","AREALAND":"1909599565","AREAWATER":"889659"}},{"type":"Feature","geometry":{"type":"Polygon","coordinates":[[[-104.9917,39.5493],[-104.9914,39.5421],[-104.9875,39.5276],[-104.964,39.5242],[-104.9636,39.5241],[-104.9668,39.5416],[-104.9917,39.5493]]]},"properties":{"GEOID":"08035014133","AREALAND":"4110474","AREAWATER":"1136"}},{"type":"Feature","geometry":{"type":"Polygon","coordinates":[[[-105.1781,40.6522],[-105.2,40.6476],[-105.2,40.6342],[-105.2222,40.6264],[-105.2482,40.632],[-105.2621,40.597],[-105.2255,40.5635],[-105.1982,40.5062],[-105.1831,40.5226],[-105.151,40.5144],[-105.1409,40.5285],[-105.1444,40.5551],[-105.134,40.557],[-105.1339,40.5678],[-105.1338,40.575],[-105.1338,40.5819],[-105.1337,40.5895],[-105.1395,40.621],[-105.1683,40.6297],[-105.1762,40.6508],[-105.1781,40.6522]]]},"properties":{"GEOID":"08069002300","AREALAND":"101117988","AREAWATER":"8287416"}},{"type":"Feature","geometry":{"type":"Polygon","coordinates":[[[-105.1422,39.987],[-105.1537,39.9767],[-105.1278,39.9772],[-105.1278,39.987],[-105.1422,39.987]]]},"properties":{"GEOID":"08013013005","AREALAND":"1940401","AREAWATER":"923"}},{"type":"Feature","geometry":{"type":"Polygon","coordinates":[[[-105.1643,39.9725],[-105.1633,39.964],[-105.1265,39.9704],[-105.1278,39.9772],[-105.1537,39.9767],[-105.1643,39.9725]]]},"properties":{"GEOID":"08013013006","AREALAND":"3174561","AREAWATER":"12053"}},{"type":"Feature","geometry":{"type":"Polygon","coordinates":[[[-105.0155,39.8336],[-105.0062,39.8309],[-105.006,39.8308],[-105.0062,39.8345],[-105.0061,39.849],[-105.0153,39.849],[-105.0155,39.8336]]]},"properties":{"GEOID":"08001009310","AREALAND":"1486671","AREAWATER":"5571"}},{"type":"Feature","geometry":{"type":"Polygon","coordinates":[[[-105.025,39.8708],[-105.025,39.8635],[-105.006,39.8635],[-104.9965,39.8634],[-105.0056,39.8742],[-105.0155,39.8708],[-105.025,39.8708]]]},"properties":{"GEOID":"08001009316","AREALAND":"2256541","AREAWATER":"0"}},{"type":"Feature","geometry":{"type":"Polygon","coordinates":[[[-105.006,39.8635],[-105.006,39.8597],[-105.006,39.849],[-104.9965,39.8491],[-104.9965,39.8562],[-104.9965,39.8634],[-105.006,39.8635]]]},"properties":{"GEOID":"08001009318","AREALAND":"1280935","AREAWATER":"13889"}},{"type":"Feature","geometry":{"type":"Polygon","coordinates":[[[-105.1903,40.0889],[-105.1785,40.0727],[-105.1313,40.0728],[-105.1309,40.1379],[-105.1308,40.1433],[-105.1497,40.1223],[-105.1877,40.0912],[-105.1903,40.0889]]]},"properties":{"GEOID":"08013013205","AREALAND":"22817211","AREAWATER":"23594"}},{"type":"Feature","geometry":{"type":"Polygon","coordinates":[[[-105.178,40.2033],[-105.1781,40.1887],[-105.1547,40.1887],[-105.1309,40.1886],[-105.1311,40.2032],[-105.178,40.2033]]]},"properties":{"GEOID":"08013013207","AREALAND":"5458990","AREAWATER":"1060972"}},{"type":"Feature","geometry":{"type":"Polygon","coordinates":[[[-105.058,40.5236],[-105.0582,40.4945],[-105.0489,40.4946],[-105.0436,40.5234],[-105.058,40.5236]]]},"properties":{"GEOID":"08069001010","AREALAND":"2878018","AREAWATER":"21881"}},{"type":"Feature","geometry":{"type":"Polygon","coordinates":[[[-105.134,40.557],[-105.1151,40.5528],[-105.1151,40.5675],[-105.1339,40.5678],[-105.134,40.557]]]},"properties":{"GEOID":"08069001104","AREALAND":"2649276","AREAWATER":"0"}},{"type":"Feature","geometry":{"type":"Polygon","coordinates":[[[-105.0961,40.5527],[-105.0961,40.5382],[-105.0805,40.5381],[-105.08,40.5526],[-105.0961,40.5527]]]},"properties":{"GEOID":"08069001106","AREALAND":"2160270","AREAWATER":"5347"}},{"type":"Feature","geometry":{"type":"Polygon","coordinates":[[[-105.1151,40.5528],[-105.1151,40.5382],[-105.0961,40.5382],[-105.0961,40.5527],[-105.1151,40.5528]]]},"properties":{"GEOID":"08069001107","AREALAND":"2609928","AREAWATER":"0"}},{"type":"Feature","geometry":{"type":"Polygon","coordinates":[[[-105.1151,40.5675],[-105.1151,40.5528],[-105.0961,40.5527],[-105.096,40.5672],[-105.1151,40.5675]]]},"properties":{"GEOID":"08069001110","AREALAND":"2597969","AREAWATER":"17924"}},{"type":"Feature","geometry":{"type":"Polygon","coordinates":[[[-105.096,40.5672],[-105.0961,40.5527],[-105.08,40.5526],[-105.0789,40.5671],[-105.096,40.5672]]]},"properties":{"GEOID":"08069001111","AREALAND":"2246157","AREAWATER":"8083"}},{"type":"Feature","geometry":{"type":"Polygon","coordinates":[[[-105.0553,40.3199],[-105.0933,40.3271],[-105.1025,40.2937],[-105.082,40.2857],[-105.0552,40.2968],[-105.0553,40.3199]]]},"properties":{"GEOID":"08069002700","AREALAND":"13403939","AREAWATER":"425634"}},{"type":"Feature","geometry":{"type":"Polygon","coordinates":[[[-105.1252,40.4098],[-105.1342,40.4073],[-105.1209,40.4072],[-105.0874,40.4049],[-105.0968,40.4217],[-105.1252,40.4098]]]},"properties":{"GEOID":"08069001902","AREALAND":"3082483","AREAWATER":"254032"}},{"type":"Feature","geometry":{"type":"Polygon","coordinates":[[[-105.08,40.5526],[-105.0805,40.5381],[-105.058,40.538],[-105.058,40.5521],[-105.08,40.5526]]]},"properties":{"GEOID":"08069001003","AREALAND":"3034769","AREAWATER":"0"}},{"type":"Feature","geometry":{"type":"Polygon","coordinates":[[[-105.1395,40.621],[-105.1337,40.5895],[-105.1149,40.5892],[-105.0957,40.5963],[-105.0956,40.6029],[-105.0956,40.603],[-105.1395,40.621]]]},"properties":{"GEOID":"08069000300","AREALAND":"7089399","AREAWATER":"392197"}},{"type":"Feature","geometry":{"type":"Polygon","coordinates":[[[-105.1762,40.6508],[-105.1683,40.6297],[-105.1395,40.621],[-105.0956,40.603],[-105.0953,40.6254],[-105.095,40.6399],[-105.0725,40.6395],[-105.0729,40.6542],[-105.07,40.6668],[-105.068,40.6828],[-105.1323,40.6909],[-105.1431,40.7043],[-105.1456,40.6727],[-105.1762,40.6508]]]},"properties":{"GEOID":"08069001301","AREALAND":"51008749","AREAWATER":"4235875"}},{"type":"Feature","geometry":{"type":"Polygon","coordinates":[[[-105.0961,40.5382],[-105.0961,40.5236],[-105.0808,40.5236],[-105.0805,40.5381],[-105.0961,40.5382]]]},"properties":{"GEOID":"08069001109","AREALAND":"2109199","AREAWATER":"6545"}},{"type":"Feature","geometry":{"type":"Polygon","coordinates":[[[-105.0959,40.5746],[-105.096,40.5672],[-105.0789,40.5671],[-105.0768,40.5671],[-105.077,40.5781],[-105.0807,40.5781],[-105.0959,40.5782],[-105.0959,40.5746]]]},"properties":{"GEOID":"08069000600","AREALAND":"1968756","AREAWATER":"0"}},{"type":"Feature","geometry":{"type":"Polygon","coordinates":[[[-105.077,40.5781],[-105.0768,40.5671],[-105.0669,40.5671],[-105.0665,40.5814],[-105.077,40.5781]]]},"properties":{"GEOID":"08069000700","AREALAND":"1299915","AREAWATER":"0"}},{"type":"Feature","geometry":{"type":"Polygon","coordinates":[[[-105.0789,40.5671],[-105.08,40.5526],[-105.058,40.5521],[-105.0579,40.5671],[-105.0669,40.5671],[-105.0768,40.5671],[-105.0789,40.5671]]]},"properties":{"GEOID":"08069000901","AREALAND":"2943202","AREAWATER":"5979"}},{"type":"Feature","geometry":{"type":"Polygon","coordinates":[[[-105.0808,40.5236],[-105.0909,40.4946],[-105.0773,40.4948],[-105.0582,40.4945],[-105.058,40.5236],[-105.0808,40.5236]]]},"properties":{"GEOID":"08069001009","AREALAND":"6896868","AREAWATER":"94235"}},{"type":"Feature","geometry":{"type":"Polygon","coordinates":[[[-105.0579,40.5671],[-105.058,40.5521],[-105.0433,40.5526],[-105.0432,40.5671],[-105.0579,40.5671]]]},"properties":{"GEOID":"08069000902","AREALAND":"1938651","AREAWATER":"93838"}},{"type":"Feature","geometry":{"type":"Polygon","coordinates":[[[-105.058,40.5521],[-105.058,40.538],[-105.0535,40.538],[-105.0433,40.538],[-105.0433,40.5526],[-105.058,40.5521]]]},"properties":{"GEOID":"08069001004","AREALAND":"1840157","AREAWATER":"147723"}},{"type":"Feature","geometry":{"type":"Polygon","coordinates":[[[-105.0805,40.5381],[-105.0808,40.5236],[-105.058,40.5236],[-105.0535,40.538],[-105.058,40.538],[-105.0805,40.5381]]]},"properties":{"GEOID":"08069001007","AREALAND":"2801526","AREAWATER":"631039"}},{"type":"Feature","geometry":{"type":"Polygon","coordinates":[[[-105.0535,40.538],[-105.058,40.5236],[-105.0436,40.5234],[-105.0433,40.538],[-105.0535,40.538]]]},"properties":{"GEOID":"08069001008","AREALAND":"1639788","AREAWATER":"23968"}},{"type":"Feature","geometry":{"type":"Polygon","coordinates":[[[-103.7476,38.1131],[-103.7476,38.0841],[-103.7293,38.0842],[-103.7294,38.0478],[-103.7022,38.0459],[-103.6848,38.0647],[-103.6745,38.0688],[-103.6737,38.1129],[-103.7476,38.1131]]]},"properties":{"GEOID":"08089968100","AREALAND":"33642603","AREAWATER":"2751591"}},{"type":"Feature","geometry":{"type":"Polygon","coordinates":[[[-106.9562,40.4352],[-106.9565,40.4261],[-106.933,40.4176],[-106.8937,40.4199],[-106.8961,40.389],[-106.8721,40.3824],[-106.8444,40.3922],[-106.8256,40.3988],[-106.8066,40.3939],[-106.8066,40.4216],[-106.8158,40.4437],[-106.826,40.4665],[-106.8181,40.4863],[-106.8234,40.5135],[-106.8227,40.5399],[-106.8427,40.5105],[-106.8444,40.4888],[-106.8894,40.4992],[-106.9178,40.4913],[-106.9179,40.4754],[-106.9562,40.4352]]]},"properties":{"GEOID":"08107000500","AREALAND":"110251014","AREAWATER":"52795"}},{"type":"Feature","geometry":{"type":"Polygon","coordinates":[[[-107.3031,40.4919],[-107.2841,40.4878],[-107.304,40.4641],[-107.281,40.4583],[-107.2497,40.4702],[-107.2003,40.4648],[-107.2004,40.4993],[-107.2584,40.4968],[-107.2732,40.5103],[-107.3071,40.5015],[-107.3031,40.4919]]]},"properties":{"GEOID":"08107000200","AREALAND":"32768481","AREAWATER":"18884"}},{"type":"Feature","geometry":{"type":"Polygon","coordinates":[[[-107.3686,40.6003],[-107.3713,40.5424],[-107.4288,40.5422],[-107.4287,40.5268],[-107.4026,40.523],[-107.3656,40.4935],[-107.3031,40.4919],[-107.3071,40.5015],[-107.2732,40.5103],[-107.2584,40.4968],[-107.2004,40.4993],[-107.1741,40.4882],[-107.1539,40.4878],[-107.1278,40.4765],[-107.1116,40.4879],[-107.0581,40.4829],[-107.0353,40.4857],[-107.0125,40.4779],[-107.0117,40.4857],[-106.9754,40.4846],[-106.9685,40.5153],[-106.9445,40.5273],[-106.9389,40.5403],[-106.8948,40.5436],[-106.8861,40.5609],[-106.8539,40.5614],[-106.8227,40.5399],[-106.8234,40.5135],[-106.8087,40.5288],[-106.7841,40.5347],[-106.7627,40.5241],[-106.7307,40.5273],[-106.6808,40.5446],[-106.7023,40.5784],[-106.694,40.5936],[-106.7061,40.6166],[-106.6806,40.6493],[-106.6876,40.6815],[-106.6685,40.6946],[-106.6761,40.7353],[-106.6629,40.743],[-106.67,40.7603],[-106.6369,40.7895],[-106.6355,40.8114],[-106.6631,40.8275],[-106.6545,40.8455],[-106.6917,40.8882],[-106.7045,40.8767],[-106.7393,40.8708],[-106.7408,40.8898],[-106.7813,40.907],[-106.8006,40.8959],[-106.8248,40.932],[-106.8456,40.9251],[-106.8699,40.9567],[-106.8706,40.9812],[-106.8509,40.9913],[-106.8578,41.0027],[-106.9741,41.0034],[-107.3178,41.0029],[-107.3134,40.682],[-107.3141,40.6003],[-107.3686,40.6003]]]},"properties":{"GEOID":"08107000100","AREALAND":"2826474201","AREAWATER":"7603611"}},{"type":"Feature","geometry":{"type":"Polygon","coordinates":[[[-107.4293,40.4408],[-107.4321,40.3349],[-107.4426,40.3348],[-107.4394,40.2234],[-107.0379,40.2248],[-107.033,40.21],[-106.9822,40.202],[-106.947,40.2163],[-106.9402,40.2568],[-106.8936,40.264],[-106.8697,40.2773],[-106.864,40.3555],[-106.8397,40.3699],[-106.8444,40.3922],[-106.8721,40.3824],[-106.8961,40.389],[-106.8937,40.4199],[-106.933,40.4176],[-106.9565,40.4261],[-106.9562,40.4352],[-106.975,40.4337],[-106.9893,40.465],[-107.0125,40.4779],[-107.0353,40.4857],[-107.0581,40.4829],[-107.1116,40.4879],[-107.1278,40.4765],[-107.1539,40.4878],[-107.1741,40.4882],[-107.2004,40.4993],[-107.2003,40.4648],[-107.2497,40.4702],[-107.281,40.4583],[-107.304,40.4641],[-107.2841,40.4878],[-107.3031,40.4919],[-107.3656,40.4935],[-107.4026,40.523],[-107.4287,40.5268],[-107.4293,40.4408]]]},"properties":{"GEOID":"08107000300","AREALAND":"1314158181","AREAWATER":"1070789"}},{"type":"Feature","geometry":{"type":"Polygon","coordinates":[[[-106.8227,40.5399],[-106.8539,40.5614],[-106.8861,40.5609],[-106.8948,40.5436],[-106.9389,40.5403],[-106.9445,40.5273],[-106.9685,40.5153],[-106.9754,40.4846],[-107.0117,40.4857],[-107.0125,40.4779],[-106.9893,40.465],[-106.975,40.4337],[-106.9562,40.4352],[-106.9179,40.4754],[-106.9178,40.4913],[-106.8894,40.4992],[-106.8444,40.4888],[-106.8427,40.5105],[-106.8227,40.5399]]]},"properties":{"GEOID":"08107000400","AREALAND":"100176046","AREAWATER":"14499"}},{"type":"Feature","geometry":{"type":"Polygon","coordinates":[[[-106.8234,40.5135],[-106.8181,40.4863],[-106.826,40.4665],[-106.7892,40.4747],[-106.7725,40.4819],[-106.7564,40.4755],[-106.7063,40.4741],[-106.6572,40.4834],[-106.6556,40.5085],[-106.6737,40.5259],[-106.6808,40.5446],[-106.7307,40.5273],[-106.7627,40.5241],[-106.7841,40.5347],[-106.8087,40.5288],[-106.8234,40.5135]]]},"properties":{"GEOID":"08107000600","AREALAND":"82751590","AREAWATER":"369369"}},{"type":"Feature","geometry":{"type":"Polygon","coordinates":[[[-105.0492,38.258],[-105.0483,38.1278],[-105.0507,38.1138],[-105.05,37.9857],[-105.0174,37.9894],[-105.005,38.0003],[-104.9665,38.0067],[-104.9556,38.0256],[-104.9197,38.0442],[-104.9115,38.0396],[-104.8833,38.0493],[-104.8445,38.0444],[-104.815,38.0502],[-104.8028,38.0458],[-104.7598,38.0801],[-104.72,38.1001],[-104.7048,38.1155],[-104.6801,38.116],[-104.6511,38.1399],[-104.6179,38.1493],[-104.6124,38.2088],[-104.6144,38.2233],[-104.6154,38.2217],[-104.6391,38.2186],[-104.6437,38.2199],[-104.6621,38.2149],[-104.6635,38.1957],[-104.6996,38.2131],[-104.687,38.2204],[-104.6779,38.2475],[-104.6867,38.2626],[-104.7073,38.2601],[-104.7141,38.2716],[-104.7723,38.2634],[-104.7969,38.2737],[-104.8098,38.2891],[-104.8298,38.2913],[-104.8583,38.2954],[-104.888,38.3163],[-104.9407,38.3379],[-104.9407,38.3373],[-104.9404,38.2583],[-105.0492,38.258]]]},"properties":{"GEOID":"08101002806","AREALAND":"875171447","AREAWATER":"9381557"}},{"type":"Feature","geometry":{"type":"Polygon","coordinates":[[[-104.5673,38.2718],[-104.5927,38.2582],[-104.5887,38.2527],[-104.5374,38.2657],[-104.5142,38.2573],[-104.4599,38.266],[-104.4577,38.2666],[-104.472,38.2758],[-104.5551,38.2732],[-104.5673,38.2718]]]},"properties":{"GEOID":"08101003001","AREALAND":"13569807","AREAWATER":"444275"}},{"type":"Feature","geometry":{"type":"Polygon","coordinates":[[[-108.6948,37.6315],[-108.6338,37.6141],[-108.6031,37.5947],[-108.59,37.5776],[-108.565,37.5794],[-108.5419,37.5521],[-108.5369,37.5273],[-108.5694,37.5072],[-108.5863,37.5113],[-108.5928,37.4906],[-108.5748,37.4871],[-108.5748,37.4724],[-108.5924,37.4633],[-108.5915,37.4174],[-108.5728,37.4135],[-108.5364,37.4136],[-108.5348,37.4217],[-108.521,37.4209],[-108.5018,37.3857],[-108.4764,37.4089],[-108.4495,37.4254],[-108.4024,37.4028],[-108.3918,37.4],[-108.3915,37.4256],[-108.3725,37.446],[-108.3525,37.4369],[-108.324,37.4416],[-108.3156,37.4567],[-108.2887,37.475],[-108.2722,37.5043],[-108.2727,37.5198],[-108.2372,37.5209],[-108.2083,37.5289],[-108.1842,37.5215],[-108.1517,37.5227],[-108.1224,37.5087],[-108.1141,37.5221],[-108.0895,37.5014],[-108.0713,37.4954],[-108.0531,37.4613],[-108.0388,37.4565],[-108.0332,37.4649],[-108.0373,37.5053],[-108.0349,37.532],[-108.0254,37.5397],[-108.0183,37.5671],[-108.0228,37.5913],[-107.9701,37.6396],[-108.108,37.6388],[-108.2506,37.6328],[-108.6479,37.6327],[-108.6948,37.6315]]]},"properties":{"GEOID":"08083969000","AREALAND":"931828385","AREAWATER":"16185566"}},{"type":"Feature","geometry":{"type":"Polygon","coordinates":[[[-109.0434,37.4848],[-109.0458,37.3311],[-109.0455,37.2399],[-108.9253,37.2406],[-108.9245,37.2687],[-108.9163,37.2689],[-108.9161,37.3066],[-108.9,37.3067],[-108.8857,37.3237],[-108.8584,37.3274],[-108.8641,37.3169],[-108.8221,37.313],[-108.8192,37.3272],[-108.7665,37.3269],[-108.7577,37.338],[-108.7241,37.3337],[-108.7056,37.3377],[-108.6978,37.3414],[-108.6965,37.3871],[-108.6824,37.4132],[-108.6324,37.4133],[-108.5915,37.4174],[-108.5924,37.4633],[-108.5748,37.4724],[-108.5748,37.4871],[-108.5928,37.4906],[-108.5863,37.5113],[-108.5694,37.5072],[-108.5369,37.5273],[-108.5419,37.5521],[-108.565,37.5794],[-108.59,37.5776],[-108.6031,37.5947],[-108.6338,37.6141],[-108.6948,37.6315],[-108.9171,37.6319],[-109.0434,37.4848]]]},"properties":{"GEOID":"08083969200","AREALAND":"1294374450","AREAWATER":"6409748"}},{"type":"Feature","geometry":{"type":"Polygon","coordinates":[[[-108.7056,37.3377],[-108.684,37.3405],[-108.6921,37.3169],[-108.6828,37.3169],[-108.6876,37.2702],[-108.7012,37.2663],[-108.6967,37.2419],[-108.719,37.242],[-108.7274,37.2166],[-108.6457,37.2164],[-108.6371,37.2479],[-108.6184,37.2517],[-108.6093,37.2655],[-108.5546,37.2656],[-108.5546,37.2829],[-108.5091,37.2832],[-108.509,37.2906],[-108.4539,37.2902],[-108.4446,37.3121],[-108.4262,37.3122],[-108.4261,37.3491],[-108.4321,37.3617],[-108.415,37.3785],[-108.4024,37.4028],[-108.4495,37.4254],[-108.4764,37.4089],[-108.5018,37.3857],[-108.521,37.4209],[-108.5348,37.4217],[-108.533,37.4003],[-108.5431,37.3527],[-108.5616,37.3367],[-108.5832,37.334],[-108.6093,37.3206],[-108.6209,37.3697],[-108.6275,37.371],[-108.6324,37.4133],[-108.6824,37.4132],[-108.6965,37.3871],[-108.6978,37.3414],[-108.7056,37.3377]]]},"properties":{"GEOID":"08083969600","AREALAND":"324112305","AREAWATER":"945896"}},{"type":"Feature","geometry":{"type":"Polygon","coordinates":[[[-108.6093,37.3206],[-108.5832,37.334],[-108.5616,37.3367],[-108.5431,37.3527],[-108.5727,37.3488],[-108.5911,37.3518],[-108.6093,37.3206]]]},"properties":{"GEOID":"08083969400","AREALAND":"8784651","AREAWATER":"70393"}},{"type":"Feature","geometry":{"type":"Polygon","coordinates":[[[-108.5546,37.2656],[-108.5543,37.2157],[-108.5449,37.2157],[-108.5446,37.1565],[-108.4459,37.1565],[-108.4456,37.2159],[-108.2952,37.215],[-108.2614,37.235],[-108.2197,37.2874],[-108.2048,37.3441],[-108.1927,37.3591],[-108.173,37.3664],[-108.1532,37.3626],[-108.1401,37.373],[-108.1059,37.3821],[-108.1053,37.4056],[-108.0789,37.4377],[-108.053,37.4375],[-108.0388,37.4565],[-108.0531,37.4613],[-108.0713,37.4954],[-108.0895,37.5014],[-108.1141,37.5221],[-108.1224,37.5087],[-108.1517,37.5227],[-108.1842,37.5215],[-108.2083,37.5289],[-108.2372,37.5209],[-108.2727,37.5198],[-108.2722,37.5043],[-108.2887,37.475],[-108.3156,37.4567],[-108.324,37.4416],[-108.3525,37.4369],[-108.3725,37.446],[-108.3915,37.4256],[-108.3918,37.4],[-108.4024,37.4028],[-108.415,37.3785],[-108.4321,37.3617],[-108.4261,37.3491],[-108.4262,37.3122],[-108.4446,37.3121],[-108.4539,37.2902],[-108.509,37.2906],[-108.5091,37.2832],[-108.5546,37.2829],[-108.5546,37.2656]]]},"properties":{"GEOID":"08083969100","AREALAND":"839020394","AREAWATER":"3146486"}},{"type":"Feature","geometry":{"type":"Polygon","coordinates":[[[-105.05,37.9857],[-105.0499,37.9155],[-105.0316,37.9042],[-105.0348,37.8946],[-105.0137,37.8813],[-104.646,37.9004],[-104.572,37.8797],[-104.5717,37.9231],[-104.5889,37.9233],[-104.589,37.9801],[-104.5797,37.9958],[-104.5893,38.0098],[-104.6113,38.0098],[-104.6291,38.0473],[-104.6292,38.0834],[-104.6359,38.1133],[-104.6179,38.1493],[-104.6511,38.1399],[-104.6801,38.116],[-104.7048,38.1155],[-104.72,38.1001],[-104.7598,38.0801],[-104.8028,38.0458],[-104.815,38.0502],[-104.8445,38.0444],[-104.8833,38.0493],[-104.9115,38.0396],[-104.9197,38.0442],[-104.9556,38.0256],[-104.9665,38.0067],[-105.005,38.0003],[-105.0174,37.9894],[-105.05,37.9857]]]},"properties":{"GEOID":"08101002804","AREALAND":"732389048","AREAWATER":"1093320"}},{"type":"Feature","geometry":{"type":"Polygon","coordinates":[[[-104.6612,38.314],[-104.6633,38.2818],[-104.6789,38.2677],[-104.6621,38.2688],[-104.6493,38.2722],[-104.639,38.2763],[-104.6448,38.2977],[-104.6472,38.312],[-104.6612,38.314]]]},"properties":{"GEOID":"08101002901","AREALAND":"9620854","AREAWATER":"102232"}},{"type":"Feature","geometry":{"type":"Polygon","coordinates":[[[-104.5891,38.286],[-104.5892,38.2757],[-104.5598,38.2757],[-104.568,38.2802],[-104.5891,38.286]]]},"properties":{"GEOID":"08101001000","AREALAND":"2001270","AREAWATER":"0"}},{"type":"Feature","geometry":{"type":"Polygon","coordinates":[[[-104.6179,38.1493],[-104.6359,38.1133],[-104.6292,38.0834],[-104.6291,38.0473],[-104.6113,38.0098],[-104.5893,38.0098],[-104.5797,37.9958],[-104.589,37.9801],[-104.5889,37.9233],[-104.5717,37.9231],[-104.572,37.8797],[-104.3511,37.8175],[-104.0611,37.7347],[-104.0619,37.8227],[-104.0594,37.875],[-104.0591,38.0936],[-104.0582,38.1465],[-104.0798,38.1628],[-104.1041,38.1604],[-104.1156,38.1781],[-104.1436,38.177],[-104.1856,38.1906],[-104.1869,38.2039],[-104.2038,38.2045],[-104.2312,38.2288],[-104.2854,38.2372],[-104.2873,38.2432],[-104.3428,38.2534],[-104.3604,38.2415],[-104.3992,38.2484],[-104.4577,38.2666],[-104.4599,38.266],[-104.4838,38.2538],[-104.4992,38.2267],[-104.5143,38.2146],[-104.5442,38.2073],[-104.5519,38.1962],[-104.5884,38.1838],[-104.5835,38.1763],[-104.6179,38.1493]]]},"properties":{"GEOID":"08101003200","AREALAND":"2149111910","AREAWATER":"5615545"}},{"type":"Feature","geometry":{"type":"Polygon","coordinates":[[[-104.6448,38.2977],[-104.639,38.2763],[-104.6493,38.2722],[-104.6332,38.2728],[-104.6244,38.2689],[-104.6299,38.2766],[-104.6349,38.2947],[-104.6373,38.2978],[-104.6448,38.2977]]]},"properties":{"GEOID":"08101000200","AREALAND":"2965775","AREAWATER":"189960"}},{"type":"Feature","geometry":{"type":"Polygon","coordinates":[[[-104.6118,38.2388],[-104.6144,38.2233],[-104.6124,38.2088],[-104.5853,38.2376],[-104.566,38.2318],[-104.5611,38.2527],[-104.5336,38.2525],[-104.5374,38.2657],[-104.5887,38.2527],[-104.5923,38.2529],[-104.6118,38.2441],[-104.6118,38.2388]]]},"properties":{"GEOID":"08101003103","AREALAND":"12757675","AREAWATER":"582255"}},{"type":"Feature","geometry":{"type":"Polygon","coordinates":[[[-105.2316,40.0001],[-105.2318,39.9852],[-105.2212,39.9803],[-105.2128,39.9766],[-105.2128,40.0001],[-105.2254,40.0001],[-105.2316,40.0001]]]},"properties":{"GEOID":"08013012501","AREALAND":"3430633","AREAWATER":"24164"}},{"type":"Feature","geometry":{"type":"Polygon","coordinates":[[[-105.3092,39.9971],[-105.3271,39.9815],[-105.2985,39.969],[-105.2602,39.98],[-105.2498,39.9856],[-105.2636,40.0001],[-105.2819,40.0001],[-105.3092,39.9971]]]},"properties":{"GEOID":"08013012505","AREALAND":"15085919","AREAWATER":"10340"}},{"type":"Feature","geometry":{"type":"Polygon","coordinates":[[[-105.2636,40.0001],[-105.2498,39.9856],[-105.2347,39.9865],[-105.2578,40.0003],[-105.2636,40.0001]]]},"properties":{"GEOID":"08013012507","AREALAND":"1639851","AREAWATER":"0"}},{"type":"Feature","geometry":{"type":"Polygon","coordinates":[[[-106.0736,39.5725],[-106.0853,39.5635],[-106.0841,39.538],[-106.1213,39.5213],[-106.1024,39.4723],[-106.1054,39.4609],[-106.088,39.4539],[-106.0578,39.4617],[-106.045,39.4772],[-106.0457,39.4942],[-106.049,39.5119],[-106.0403,39.5468],[-106.0528,39.5661],[-106.0736,39.5725]]]},"properties":{"GEOID":"08117000406","AREALAND":"58582063","AREAWATER":"0"}},{"type":"Feature","geometry":{"type":"Polygon","coordinates":[[[-106.216,39.5317],[-106.2368,39.5486],[-106.2483,39.5442],[-106.2558,39.5199],[-106.2464,39.5127],[-106.2596,39.495],[-106.2473,39.4913],[-106.2516,39.465],[-106.2232,39.4331],[-106.2282,39.4144],[-106.2024,39.3971],[-106.2067,39.3796],[-106.1355,39.3796],[-106.1385,39.3981],[-106.1273,39.4044],[-106.1238,39.4256],[-106.1076,39.4415],[-106.1054,39.4609],[-106.1024,39.4723],[-106.1213,39.5213],[-106.0841,39.538],[-106.0853,39.5635],[-106.0736,39.5725],[-106.1125,39.5756],[-106.0807,39.6078],[-106.1057,39.6067],[-106.13,39.6154],[-106.16,39.6048],[-106.1776,39.6091],[-106.209,39.5994],[-106.215,39.5752],[-106.2057,39.5582],[-106.216,39.5317]]]},"properties":{"GEOID":"08117000302","AREALAND":"259716906","AREAWATER":"3867315"}},{"type":"Feature","geometry":{"type":"Polygon","coordinates":[[[-106.0684,39.628],[-106.0544,39.6062],[-106.0495,39.5667],[-106.0272,39.5694],[-106.011,39.5407],[-106.0014,39.5475],[-105.9707,39.5396],[-105.9925,39.5607],[-105.99,39.5791],[-106.0137,39.6145],[-106.0366,39.6363],[-106.0668,39.6287],[-106.0684,39.628]]]},"properties":{"GEOID":"08117000203","AREALAND":"32711597","AREAWATER":"6684033"}},{"type":"Feature","geometry":{"type":"Polygon","coordinates":[[[-106.0528,39.5661],[-106.0403,39.5468],[-106.049,39.5119],[-106.0457,39.4942],[-106.0199,39.4812],[-105.9607,39.4887],[-105.9183,39.4708],[-105.9165,39.4581],[-105.9018,39.4642],[-105.8892,39.4834],[-105.8539,39.5046],[-105.8647,39.5151],[-105.8835,39.5227],[-105.887,39.552],[-105.9186,39.5379],[-105.9364,39.5367],[-105.9582,39.5483],[-105.9707,39.5396],[-106.0014,39.5475],[-106.011,39.5407],[-106.0272,39.5694],[-106.0495,39.5667],[-106.0528,39.5661]]]},"properties":{"GEOID":"08117000404","AREALAND":"107836450","AREAWATER":"0"}},{"type":"Feature","geometry":{"type":"Polygon","coordinates":[[[-106.0216,39.6491],[-106.0668,39.6287],[-106.0366,39.6363],[-106.0216,39.6491]]]},"properties":{"GEOID":"08117000202","AREALAND":"1979142","AREAWATER":"0"}},{"type":"Feature","geometry":{"type":"Polygon","coordinates":[[[-106.0807,39.6078],[-106.1125,39.5756],[-106.0736,39.5725],[-106.0528,39.5661],[-106.0495,39.5667],[-106.0544,39.6062],[-106.0684,39.628],[-106.073,39.624],[-106.0807,39.6078]]]},"properties":{"GEOID":"08117000301","AREALAND":"10689410","AREAWATER":"6472684"}},{"type":"Feature","geometry":{"type":"Polygon","coordinates":[[[-106.0366,39.6363],[-106.0137,39.6145],[-105.99,39.5791],[-105.9925,39.5607],[-105.9707,39.5396],[-105.9582,39.5483],[-105.9364,39.5367],[-105.9186,39.5379],[-105.887,39.552],[-105.8835,39.5227],[-105.8647,39.5151],[-105.8617,39.5286],[-105.8454,39.5237],[-105.8232,39.5299],[-105.8158,39.552],[-105.8297,39.5649],[-105.8384,39.5729],[-105.8081,39.5834],[-105.776,39.6051],[-105.7827,39.629],[-105.8166,39.6335],[-105.821,39.6426],[-105.8491,39.6445],[-105.8646,39.667],[-105.8849,39.6571],[-105.9107,39.6623],[-105.9251,39.6794],[-105.9719,39.6725],[-105.9821,39.6625],[-106.0216,39.6491],[-106.0366,39.6363]]]},"properties":{"GEOID":"08117000201","AREALAND":"234772863","AREAWATER":"99551"}},{"type":"Feature","geometry":{"type":"Polygon","coordinates":[[[-106.4345,39.9249],[-106.4281,39.8822],[-106.434,39.8774],[-106.4256,39.8455],[-106.412,39.8287],[-106.3855,39.7672],[-106.3653,39.7529],[-106.3437,39.759],[-106.3256,39.7334],[-106.2983,39.7206],[-106.2928,39.7065],[-106.2626,39.6979],[-106.2583,39.6798],[-106.2387,39.6803],[-106.2348,39.662],[-106.1838,39.6521],[-106.1765,39.6357],[-106.1776,39.6091],[-106.16,39.6048],[-106.13,39.6154],[-106.1057,39.6067],[-106.0807,39.6078],[-106.073,39.624],[-106.0734,39.624],[-106.0951,39.617],[-106.1192,39.6234],[-106.1026,39.629],[-106.0996,39.6516],[-106.1257,39.6583],[-106.1157,39.689],[-106.0924,39.6743],[-106.036,39.7047],[-106.0585,39.7247],[-106.0648,39.7607],[-106.0812,39.7874],[-106.0837,39.806],[-106.1315,39.8442],[-106.1489,39.8394],[-106.2006,39.864],[-106.2317,39.9008],[-106.252,39.9147],[-106.2948,39.9189],[-106.2946,39.914],[-106.3954,39.914],[-106.3953,39.9246],[-106.4345,39.9249]]]},"properties":{"GEOID":"08117000103","AREALAND":"636294380","AREAWATER":"10249271"}},{"type":"Feature","geometry":{"type":"Polygon","coordinates":[[[-106.1026,39.629],[-106.1192,39.6234],[-106.0951,39.617],[-106.0734,39.624],[-106.0815,39.633],[-106.1026,39.629]]]},"properties":{"GEOID":"08117000101","AREALAND":"3946129","AREAWATER":"0"}},{"type":"Feature","geometry":{"type":"Polygon","coordinates":[[[-106.036,39.7047],[-106.0924,39.6743],[-106.1157,39.689],[-106.1257,39.6583],[-106.0996,39.6516],[-106.1026,39.629],[-106.0815,39.633],[-106.0734,39.624],[-106.073,39.624],[-106.0684,39.628],[-106.0668,39.6287],[-106.0216,39.6491],[-105.9821,39.6625],[-105.9719,39.6725],[-105.9251,39.6794],[-105.9246,39.699],[-105.9963,39.6841],[-106.0238,39.6884],[-106.036,39.7047]]]},"properties":{"GEOID":"08117000102","AREALAND":"69949037","AREAWATER":"233023"}},{"type":"Feature","geometry":{"type":"Polygon","coordinates":[[[-105.0907,39.919],[-105.0905,39.9144],[-105.0718,39.9144],[-105.0718,39.9251],[-105.0906,39.9221],[-105.0907,39.919]]]},"properties":{"GEOID":"08014030000","AREALAND":"1616394","AREAWATER":"1448"}},{"type":"Feature","geometry":{"type":"Polygon","coordinates":[[[-105.0719,39.9288],[-105.0718,39.9251],[-105.0718,39.9144],[-105.053,39.9142],[-105.0529,39.9142],[-105.0531,39.9287],[-105.0531,39.9319],[-105.0719,39.9288]]]},"properties":{"GEOID":"08014030300","AREALAND":"2678890","AREAWATER":"59239"}},{"type":"Feature","geometry":{"type":"Polygon","coordinates":[[[-105.0719,39.9678],[-105.072,39.9577],[-105.0719,39.9579],[-105.0585,39.9744],[-105.0585,39.9753],[-105.0719,39.9678]]]},"properties":{"GEOID":"08014980200","AREALAND":"394934","AREAWATER":"0"}},{"type":"Feature","geometry":{"type":"Polygon","coordinates":[[[-105.0252,39.6132],[-105.0249,39.5982],[-105.0197,39.6022],[-105.0101,39.6241],[-105.0183,39.6242],[-105.0252,39.6132]]]},"properties":{"GEOID":"08005006501","AREALAND":"1682484","AREAWATER":"56059"}},{"type":"Feature","geometry":{"type":"Polygon","coordinates":[[[-104.8853,39.6241],[-104.8855,39.6095],[-104.8761,39.6023],[-104.8761,39.6096],[-104.8759,39.6242],[-104.8853,39.6241]]]},"properties":{"GEOID":"08005006857","AREALAND":"1999192","AREAWATER":"0"}},{"type":"Feature","geometry":{"type":"Polygon","coordinates":[[[-105.0002,39.7402],[-105.0002,39.7265],[-105.0002,39.7257],[-104.9874,39.7256],[-104.9874,39.7269],[-104.9986,39.7402],[-105.0002,39.7402]]]},"properties":{"GEOID":"08031001800","AREALAND":"975124","AREAWATER":"0"}},{"type":"Feature","geometry":{"type":"Polygon","coordinates":[[[-105.0883,40.174],[-105.0742,40.1531],[-105.0553,40.1523],[-105.0553,40.1746],[-105.0741,40.1741],[-105.0883,40.174]]]},"properties":{"GEOID":"08013013402","AREALAND":"5656649","AREAWATER":"13258"}},{"type":"Feature","geometry":{"type":"Polygon","coordinates":[[[-104.7544,39.624],[-104.7555,39.612],[-104.7447,39.6078],[-104.7387,39.6191],[-104.7382,39.6272],[-104.7544,39.6266],[-104.7544,39.624]]]},"properties":{"GEOID":"08005086200","AREALAND":"2214609","AREAWATER":"8158"}},{"type":"Feature","geometry":{"type":"Polygon","coordinates":[[[-104.7861,39.624],[-104.7732,39.6188],[-104.7555,39.612],[-104.7544,39.624],[-104.7703,39.624],[-104.7861,39.624]]]},"properties":{"GEOID":"08005085400","AREALAND":"1887856","AREAWATER":"0"}},{"type":"Feature","geometry":{"type":"Polygon","coordinates":[[[-104.687,38.2204],[-104.6996,38.2131],[-104.6635,38.1957],[-104.6621,38.2149],[-104.6727,38.2292],[-104.687,38.2204]]]},"properties":{"GEOID":"08101002808","AREALAND":"6494679","AREAWATER":"0"}},{"type":"Feature","geometry":{"type":"Polygon","coordinates":[[[-104.608,38.3311],[-104.6036,38.3073],[-104.591,38.3079],[-104.5851,38.3055],[-104.5691,38.3129],[-104.5719,38.2998],[-104.5635,38.2961],[-104.5584,38.3327],[-104.608,38.3311]]]},"properties":{"GEOID":"08101003004","AREALAND":"10545965","AREAWATER":"0"}},{"type":"Feature","geometry":{"type":"Polygon","coordinates":[[[-104.5336,38.2525],[-104.5611,38.2527],[-104.566,38.2318],[-104.534,38.2271],[-104.5336,38.2525]]]},"properties":{"GEOID":"08101003104","AREALAND":"7071773","AREAWATER":"27241"}},{"type":"Feature","geometry":{"type":"Polygon","coordinates":[[[-104.6345,38.2405],[-104.639,38.235],[-104.623,38.2386],[-104.6232,38.2406],[-104.6345,38.2405]]]},"properties":{"GEOID":"08101002400","AREALAND":"850661","AREAWATER":"0"}},{"type":"Feature","geometry":{"type":"Polygon","coordinates":[[[-104.6779,38.2475],[-104.687,38.2204],[-104.6727,38.2292],[-104.6624,38.2355],[-104.6621,38.2471],[-104.6779,38.2475]]]},"properties":{"GEOID":"08101002807","AREALAND":"3167884","AREAWATER":"0"}},{"type":"Feature","geometry":{"type":"Polygon","coordinates":[[[-104.9986,39.7402],[-104.9874,39.7269],[-104.9874,39.7273],[-104.9874,39.732],[-104.9874,39.7353],[-104.9874,39.7401],[-104.9986,39.7402]]]},"properties":{"GEOID":"08031002000","AREALAND":"787299","AREAWATER":"0"}},{"type":"Feature","geometry":{"type":"Polygon","coordinates":[[[-104.9781,39.7532],[-104.9782,39.7475],[-104.9734,39.7438],[-104.9733,39.747],[-104.9734,39.7507],[-104.9734,39.7546],[-104.9781,39.7532]]]},"properties":{"GEOID":"08031002402","AREALAND":"411253","AREAWATER":"0"}},{"type":"Feature","geometry":{"type":"Polygon","coordinates":[[[-104.8591,38.8405],[-104.8406,38.8313],[-104.8458,38.848],[-104.8539,38.8477],[-104.8591,38.8405]]]},"properties":{"GEOID":"08041001400","AREALAND":"1972627","AREAWATER":"0"}},{"type":"Feature","geometry":{"type":"Polygon","coordinates":[[[-105.2484,40.0073],[-105.2484,39.9999],[-105.2329,40.0002],[-105.2397,40.0085],[-105.2484,40.0073]]]},"properties":{"GEOID":"08013012608","AREALAND":"879737","AREAWATER":"0"}},{"type":"Feature","geometry":{"type":"Polygon","coordinates":[[[-105.1023,40.2033],[-105.1023,40.1886],[-105.0931,40.1886],[-105.0931,40.2032],[-105.1023,40.2033]]]},"properties":{"GEOID":"08013013505","AREALAND":"1291650","AREAWATER":"0"}},{"type":"Feature","geometry":{"type":"Polygon","coordinates":[[[-104.8352,38.8764],[-104.8344,38.8607],[-104.8196,38.8708],[-104.8195,38.8744],[-104.8352,38.8764]]]},"properties":{"GEOID":"08041001101","AREALAND":"1264370","AREAWATER":"0"}},{"type":"Feature","geometry":{"type":"Polygon","coordinates":[[[-104.6075,39.0404],[-104.6076,38.9912],[-104.6077,38.9772],[-104.5787,38.979],[-104.56,38.9688],[-104.5782,38.9551],[-104.5527,38.9549],[-104.5341,38.9547],[-104.5341,39.0168],[-104.5391,39.0426],[-104.5481,39.0425],[-104.6075,39.0404]]]},"properties":{"GEOID":"08041003914","AREALAND":"52350050","AREAWATER":"175232"}},{"type":"Feature","geometry":{"type":"Polygon","coordinates":[[[-104.8287,39.0928],[-104.8628,39.0923],[-104.8595,39.0784],[-104.7849,39.0783],[-104.7849,39.0565],[-104.7848,39.0346],[-104.7755,39.0354],[-104.7638,39.0488],[-104.762,39.073],[-104.7707,39.1],[-104.7985,39.1001],[-104.8287,39.0928]]]},"properties":{"GEOID":"08041007302","AREALAND":"23462453","AREAWATER":"0"}},{"type":"Feature","geometry":{"type":"Polygon","coordinates":[[[-104.8241,39.0566],[-104.8515,39.0566],[-104.843,39.0423],[-104.8311,39.0272],[-104.8281,39.0282],[-104.818,39.0384],[-104.8241,39.0566]]]},"properties":{"GEOID":"08041007203","AREALAND":"5026682","AREAWATER":"13400"}},{"type":"Feature","geometry":{"type":"Polygon","coordinates":[[[-104.6921,38.7374],[-104.6868,38.727],[-104.6843,38.7084],[-104.6737,38.7084],[-104.6562,38.7201],[-104.6498,38.7374],[-104.6595,38.7576],[-104.6596,38.7809],[-104.6693,38.7622],[-104.6827,38.761],[-104.6827,38.7375],[-104.6921,38.7374]]]},"properties":{"GEOID":"08041004518","AREALAND":"16880512","AREAWATER":"38065"}},{"type":"Feature","geometry":{"type":"Polygon","coordinates":[[[-104.8241,39.0566],[-104.818,39.0384],[-104.8281,39.0282],[-104.8086,39.0272],[-104.7848,39.0346],[-104.7849,39.0565],[-104.8241,39.0566]]]},"properties":{"GEOID":"08041007204","AREALAND":"9871646","AREAWATER":"11563"}},{"type":"Feature","geometry":{"type":"Polygon","coordinates":[[[-104.7658,38.9843],[-104.7438,38.9682],[-104.7165,38.9753],[-104.7273,38.9564],[-104.72,38.9403],[-104.7197,38.9403],[-104.7011,38.9411],[-104.701,38.9437],[-104.7004,38.9838],[-104.738,38.9838],[-104.7658,38.9843]]]},"properties":{"GEOID":"08041007105","AREALAND":"12281914","AREAWATER":"0"}},{"type":"Feature","geometry":{"type":"Polygon","coordinates":[[[-104.8086,39.0272],[-104.7934,38.9905],[-104.7765,39.0023],[-104.7755,39.0354],[-104.7848,39.0346],[-104.8086,39.0272]]]},"properties":{"GEOID":"08041007206","AREALAND":"8765571","AREAWATER":"0"}},{"type":"Feature","geometry":{"type":"Polygon","coordinates":[[[-104.6891,38.9009],[-104.7034,38.8866],[-104.6828,38.8872],[-104.6829,38.901],[-104.6891,38.9009]]]},"properties":{"GEOID":"08041005116","AREALAND":"1975999","AREAWATER":"0"}},{"type":"Feature","geometry":{"type":"Polygon","coordinates":[[[-105.3422,40.1023],[-105.3667,40.0816],[-105.4145,40.0727],[-105.4035,40.0508],[-105.3982,40.0591],[-105.3724,40.0505],[-105.3458,40.0368],[-105.324,40.0153],[-105.2939,40.015],[-105.2966,40.0427],[-105.295,40.0637],[-105.2821,40.0618],[-105.2816,40.0651],[-105.2823,40.1145],[-105.2823,40.1337],[-105.2999,40.131],[-105.308,40.1096],[-105.3204,40.1065],[-105.3422,40.1023]]]},"properties":{"GEOID":"08013013704","AREALAND":"72561578","AREAWATER":"58943"}},{"type":"Feature","geometry":{"type":"Polygon","coordinates":[[[-105.1095,39.9565],[-105.1208,39.9513],[-105.1094,39.9261],[-105.0909,39.9361],[-105.072,39.9577],[-105.0719,39.9678],[-105.0718,39.9867],[-105.0905,39.987],[-105.091,39.9578],[-105.1092,39.9566],[-105.1095,39.9565]]]},"properties":{"GEOID":"08013060801","AREALAND":"14322116","AREAWATER":"134750"}},{"type":"Feature","geometry":{"type":"Polygon","coordinates":[[[-105.1313,40.0728],[-105.1312,40.0478],[-105.1311,40.0366],[-105.0555,40.0366],[-105.0555,40.0658],[-105.0555,40.0694],[-105.1313,40.0728]]]},"properties":{"GEOID":"08013012802","AREALAND":"24043502","AREAWATER":"1051668"}},{"type":"Feature","geometry":{"type":"Polygon","coordinates":[[[-105.1655,39.9579],[-105.1637,39.945],[-105.1474,39.9289],[-105.147,39.9289],[-105.1376,39.9397],[-105.1655,39.9579]]]},"properties":{"GEOID":"08013060601","AREALAND":"2857423","AREAWATER":"136332"}},{"type":"Feature","geometry":{"type":"Polygon","coordinates":[[[-105.2389,39.9144],[-105.1662,39.9141],[-105.166,39.9141],[-105.1658,39.9287],[-105.1637,39.945],[-105.1655,39.9579],[-105.2128,39.9766],[-105.2212,39.9803],[-105.2335,39.9588],[-105.2389,39.9144]]]},"properties":{"GEOID":"08013060602","AREALAND":"34971786","AREAWATER":"1280953"}},{"type":"Feature","geometry":{"type":"Polygon","coordinates":[[[-105.2584,40.0365],[-105.2584,40.0328],[-105.2346,40.0292],[-105.2424,40.0401],[-105.2584,40.0365]]]},"properties":{"GEOID":"08013012207","AREALAND":"1815055","AREAWATER":"158791"}},{"type":"Feature","geometry":{"type":"Polygon","coordinates":[[[-105.2584,40.0255],[-105.2583,40.0145],[-105.2408,40.0145],[-105.2254,40.0147],[-105.2346,40.0292],[-105.2584,40.0328],[-105.2584,40.0255]]]},"properties":{"GEOID":"08013012208","AREALAND":"4694849","AREAWATER":"34031"}},{"type":"Feature","geometry":{"type":"Polygon","coordinates":[[[-105.1311,40.0366],[-105.1311,40.0147],[-105.1029,40.015],[-105.0554,40.0148],[-105.0555,40.0366],[-105.1311,40.0366]]]},"properties":{"GEOID":"08013012801","AREALAND":"15258800","AREAWATER":"408057"}},{"type":"Feature","geometry":{"type":"Polygon","coordinates":[[[-105.0905,40.0002],[-105.0905,39.987],[-105.0718,39.9867],[-105.0719,39.9678],[-105.0585,39.9753],[-105.0528,39.9777],[-105.0528,40.0003],[-105.0555,40.0003],[-105.0905,40.0002]]]},"properties":{"GEOID":"08013060802","AREALAND":"7189352","AREAWATER":"15103"}},{"type":"Feature","geometry":{"type":"Polygon","coordinates":[[[-105.2821,40.0364],[-105.2821,40.0267],[-105.2745,40.0222],[-105.2718,40.0228],[-105.2727,40.0364],[-105.2821,40.0364]]]},"properties":{"GEOID":"08013012106","AREALAND":"1229680","AREAWATER":"0"}},{"type":"Feature","geometry":{"type":"Polygon","coordinates":[[[-105.2745,40.0222],[-105.2728,40.0173],[-105.2637,40.0245],[-105.2718,40.0228],[-105.2745,40.0222]]]},"properties":{"GEOID":"08013012205","AREALAND":"606093","AREAWATER":"0"}},{"type":"Feature","geometry":{"type":"Polygon","coordinates":[[[-105.2586,40.0082],[-105.2578,40.0003],[-105.253,40.0001],[-105.2534,40.0074],[-105.2586,40.0082]]]},"properties":{"GEOID":"08013012610","AREALAND":"390612","AREAWATER":"0"}},{"type":"Feature","geometry":{"type":"Polygon","coordinates":[[[-105.2534,40.0074],[-105.253,40.0001],[-105.2484,39.9999],[-105.2484,40.0073],[-105.2534,40.0074]]]},"properties":{"GEOID":"08013012609","AREALAND":"332661","AREAWATER":"0"}},{"type":"Feature","geometry":{"type":"Polygon","coordinates":[[[-103.163,39.0376],[-103.1642,38.6901],[-103.1725,38.6901],[-103.1729,38.6125],[-103.0542,38.6151],[-102.6116,38.6132],[-102.4562,38.6148],[-102.0451,38.6152],[-102.0453,38.8569],[-102.0466,39.047],[-102.3677,39.0456],[-102.4099,39.0442],[-102.5029,39.0416],[-102.7158,39.0387],[-102.7241,39.0402],[-102.9179,39.0393],[-103.0512,39.0396],[-103.163,39.0376]]]},"properties":{"GEOID":"08017960600","AREALAND":"4605713997","AREAWATER":"8166128"}},{"type":"Feature","geometry":{"type":"Polygon","coordinates":[[[-104.8227,39.6386],[-104.8103,39.6326],[-104.7915,39.6261],[-104.7915,39.6385],[-104.7974,39.6385],[-104.8103,39.6385],[-104.8197,39.6385],[-104.8227,39.6386]]]},"properties":{"GEOID":"08005084600","AREALAND":"2059743","AREAWATER":"0"}},{"type":"Feature","geometry":{"type":"Polygon","coordinates":[[[-104.9598,39.6242],[-104.96,39.6097],[-104.9506,39.6097],[-104.9228,39.6096],[-104.9228,39.6241],[-104.9598,39.6242]]]},"properties":{"GEOID":"08005005636","AREALAND":"5108800","AREAWATER":"19853"}},{"type":"Feature","geometry":{"type":"Polygon","coordinates":[[[-104.6332,38.2728],[-104.6336,38.2694],[-104.6224,38.2608],[-104.6149,38.255],[-104.6078,38.2549],[-104.6244,38.2689],[-104.6332,38.2728]]]},"properties":{"GEOID":"08101001400","AREALAND":"1058791","AREAWATER":"60132"}},{"type":"Feature","geometry":{"type":"Polygon","coordinates":[[[-106.6784,37.4036],[-106.6783,37.2286],[-106.5974,37.195],[-106.5892,37.1402],[-106.4891,37.0151],[-106.4761,36.9935],[-106.1,36.995],[-106.0848,37.0254],[-106.0604,37.0448],[-106.0345,37.0571],[-106.0559,37.0551],[-106.0559,37.0645],[-106.0936,37.0597],[-106.0714,37.0715],[-106.056,37.0937],[-106.0559,37.1083],[-106.0378,37.1084],[-106.0381,37.2252],[-105.91,37.2249],[-105.8957,37.1739],[-105.7921,37.1756],[-105.7298,37.1807],[-105.7457,37.2188],[-105.7462,37.2491],[-105.72,37.2859],[-105.7384,37.3068],[-105.7525,37.3456],[-105.7433,37.3568],[-105.7607,37.3568],[-106.0389,37.3569],[-106.0393,37.4008],[-106.1489,37.4011],[-106.3509,37.401],[-106.488,37.3993],[-106.488,37.4016],[-106.6784,37.4036]]]},"properties":{"GEOID":"08021974900","AREALAND":"2716250145","AREAWATER":"8848361"}},{"type":"Feature","geometry":{"type":"Polygon","coordinates":[[[-105.7298,37.1807],[-105.7921,37.1756],[-105.8957,37.1739],[-105.91,37.2249],[-106.0381,37.2252],[-106.0378,37.1084],[-106.0559,37.1083],[-106.056,37.0937],[-106.0714,37.0715],[-106.0936,37.0597],[-106.0559,37.0645],[-106.0559,37.0551],[-106.0345,37.0571],[-106.0604,37.0448],[-106.0848,37.0254],[-106.1,36.995],[-105.7185,36.9958],[-105.7285,37.015],[-105.7608,37.026],[-105.7701,37.0611],[-105.7408,37.1033],[-105.7489,37.1352],[-105.734,37.15],[-105.7298,37.1807]]]},"properties":{"GEOID":"08021974800","AREALAND":"618168541","AREAWATER":"386651"}},{"type":"Feature","geometry":{"type":"Polygon","coordinates":[[[-104.8118,39.5365],[-104.7934,39.5338],[-104.7934,39.5492],[-104.8078,39.5531],[-104.8118,39.5365]]]},"properties":{"GEOID":"08035014005","AREALAND":"2606517","AREAWATER":"0"}},{"type":"Feature","geometry":{"type":"Polygon","coordinates":[[[-104.7145,38.7155],[-104.6996,38.6881],[-104.6968,38.6939],[-104.6968,38.7084],[-104.7014,38.7156],[-104.7125,38.7156],[-104.7145,38.7155]]]},"properties":{"GEOID":"08041004512","AREALAND":"2475063","AREAWATER":"0"}},{"type":"Feature","geometry":{"type":"Polygon","coordinates":[[[-104.7014,38.7156],[-104.6968,38.7084],[-104.6843,38.7084],[-104.6868,38.727],[-104.6995,38.7233],[-104.7014,38.7156]]]},"properties":{"GEOID":"08041004519","AREALAND":"2518596","AREAWATER":"0"}},{"type":"Feature","geometry":{"type":"Polygon","coordinates":[[[-104.701,38.9437],[-104.7011,38.9411],[-104.6902,38.9414],[-104.6782,38.9406],[-104.6082,38.9406],[-104.6077,38.9442],[-104.6077,38.9772],[-104.6076,38.9912],[-104.6261,38.9987],[-104.6634,38.9984],[-104.6693,38.9727],[-104.701,38.9437]]]},"properties":{"GEOID":"08041007603","AREALAND":"37416951","AREAWATER":"14539"}},{"type":"Feature","geometry":{"type":"Polygon","coordinates":[[[-104.7934,38.9905],[-104.7981,38.9804],[-104.7709,38.9822],[-104.7658,38.9843],[-104.738,38.9838],[-104.7381,39.0128],[-104.7195,39.0128],[-104.7195,39.0383],[-104.7005,39.038],[-104.7002,39.0712],[-104.6032,39.0714],[-104.5937,39.1294],[-104.6629,39.1295],[-104.7666,39.1297],[-104.7707,39.1],[-104.762,39.073],[-104.7638,39.0488],[-104.7755,39.0354],[-104.7765,39.0023],[-104.7934,38.9905]]]},"properties":{"GEOID":"08041007502","AREALAND":"143219788","AREAWATER":"95881"}},{"type":"Feature","geometry":{"type":"Polygon","coordinates":[[[-104.8639,39.1299],[-104.8628,39.0923],[-104.8287,39.0928],[-104.8306,39.1298],[-104.8639,39.1299]]]},"properties":{"GEOID":"08041007401","AREALAND":"12019138","AREAWATER":"159993"}},{"type":"Feature","geometry":{"type":"Polygon","coordinates":[[[-104.7005,39.038],[-104.7195,39.0383],[-104.7195,39.0128],[-104.7381,39.0128],[-104.738,38.9838],[-104.7004,38.9838],[-104.7003,38.9983],[-104.7005,39.038]]]},"properties":{"GEOID":"08041007501","AREALAND":"15125569","AREAWATER":"6845"}},{"type":"Feature","geometry":{"type":"Polygon","coordinates":[[[-104.8652,38.8447],[-104.8592,38.8283],[-104.8593,38.8247],[-104.8401,38.8246],[-104.8406,38.8313],[-104.8591,38.8405],[-104.8652,38.8447]]]},"properties":{"GEOID":"08041002402","AREALAND":"2478717","AREAWATER":"0"}},{"type":"Feature","geometry":{"type":"Polygon","coordinates":[[[-104.8123,38.7658],[-104.8109,38.7494],[-104.8003,38.7491],[-104.7974,38.7657],[-104.798,38.7657],[-104.8123,38.7658]]]},"properties":{"GEOID":"08041004406","AREALAND":"2050651","AREAWATER":"0"}},{"type":"Feature","geometry":{"type":"Polygon","coordinates":[[[-104.7995,38.8735],[-104.7941,38.8699],[-104.7775,38.8676],[-104.7572,38.8678],[-104.7571,38.8823],[-104.7741,38.8892],[-104.782,38.8892],[-104.7995,38.8735]]]},"properties":{"GEOID":"08041000104","AREALAND":"5645429","AREAWATER":"6031"}},{"type":"Feature","geometry":{"type":"Polygon","coordinates":[[[-104.8401,38.8246],[-104.8408,38.809],[-104.8223,38.8067],[-104.8224,38.8149],[-104.8223,38.815],[-104.835,38.8282],[-104.8406,38.8313],[-104.8401,38.8246]]]},"properties":{"GEOID":"08041003001","AREALAND":"2183884","AREAWATER":"0"}},{"type":"Feature","geometry":{"type":"Polygon","coordinates":[[[-104.7844,38.8502],[-104.7826,38.8409],[-104.7759,38.8399],[-104.7758,38.8507],[-104.7844,38.8502]]]},"properties":{"GEOID":"08041001902","AREALAND":"707312","AREAWATER":"0"}},{"type":"Feature","geometry":{"type":"Polygon","coordinates":[[[-104.7942,38.847],[-104.7943,38.8409],[-104.7826,38.8409],[-104.7844,38.8502],[-104.7942,38.8503],[-104.7942,38.847]]]},"properties":{"GEOID":"08041001901","AREALAND":"1002835","AREAWATER":"0"}},{"type":"Feature","geometry":{"type":"Polygon","coordinates":[[[-104.7945,38.8252],[-104.7978,38.8207],[-104.7806,38.8175],[-104.7805,38.8253],[-104.7945,38.8252]]]},"properties":{"GEOID":"08041002801","AREALAND":"1102265","AREAWATER":"0"}},{"type":"Feature","geometry":{"type":"Polygon","coordinates":[[[-104.8792,38.8308],[-104.8592,38.8283],[-104.8652,38.8447],[-104.8665,38.8458],[-104.8792,38.8308]]]},"properties":{"GEOID":"08041002401","AREALAND":"1671581","AREAWATER":"0"}},{"type":"Feature","geometry":{"type":"Polygon","coordinates":[[[-104.7273,38.9564],[-104.7165,38.9753],[-104.7438,38.9682],[-104.7273,38.9564]]]},"properties":{"GEOID":"08041007106","AREALAND":"2888207","AREAWATER":"0"}},{"type":"Feature","geometry":{"type":"Polygon","coordinates":[[[-104.7195,38.9222],[-104.7195,38.9109],[-104.7107,38.9098],[-104.7017,38.9119],[-104.6953,38.9261],[-104.7195,38.926],[-104.7195,38.9222]]]},"properties":{"GEOID":"08041005120","AREALAND":"2259186","AREAWATER":"0"}},{"type":"Feature","geometry":{"type":"Polygon","coordinates":[[[-105.0275,39.0196],[-105.0271,38.9553],[-105.0194,38.9442],[-104.9741,38.9079],[-104.9735,38.899],[-104.9228,38.8678],[-104.9022,38.8678],[-104.8936,38.8916],[-104.9093,38.8961],[-104.9318,38.9165],[-104.9612,38.9215],[-104.9603,38.938],[-105.0023,38.9648],[-105.0246,38.9952],[-105.0135,39.0207],[-105.0275,39.0196]]]},"properties":{"GEOID":"08041003402","AREALAND":"50613461","AREAWATER":"22625"}},{"type":"Feature","geometry":{"type":"Polygon","coordinates":[[[-104.167,39.1285],[-104.1818,39.1078],[-104.2629,39.0545],[-104.2937,39.0267],[-104.4785,39.0264],[-104.4787,38.9542],[-104.3863,38.9539],[-104.0719,38.9555],[-104.0718,38.9411],[-104.0534,38.9411],[-104.0535,39.0438],[-104.0516,39.1284],[-104.167,39.1285]]]},"properties":{"GEOID":"08041003910","AREALAND":"469232384","AREAWATER":"42066"}},{"type":"Feature","geometry":{"type":"Polygon","coordinates":[[[-104.7004,38.9838],[-104.701,38.9437],[-104.6693,38.9727],[-104.6634,38.9984],[-104.7003,38.9983],[-104.7004,38.9838]]]},"properties":{"GEOID":"08041007604","AREALAND":"13007286","AREAWATER":"33906"}},{"type":"Feature","geometry":{"type":"Polygon","coordinates":[[[-104.6953,38.9261],[-104.7017,38.9119],[-104.6948,38.9123],[-104.6829,38.9117],[-104.6782,38.9406],[-104.6902,38.9414],[-104.6953,38.9261]]]},"properties":{"GEOID":"08041005125","AREALAND":"3359506","AREAWATER":"0"}},{"type":"Feature","geometry":{"type":"Polygon","coordinates":[[[-104.7929,38.7346],[-104.7991,38.721],[-104.7916,38.7237],[-104.7929,38.7346]]]},"properties":{"GEOID":"08041004404","AREALAND":"1569011","AREAWATER":"0"}},{"type":"Feature","geometry":{"type":"Polygon","coordinates":[[[-105.025,39.8635],[-105.025,39.8599],[-105.006,39.8597],[-105.006,39.8635],[-105.025,39.8635]]]},"properties":{"GEOID":"08001009319","AREALAND":"681481","AREAWATER":"0"}},{"type":"Feature","geometry":{"type":"Polygon","coordinates":[[[-104.5075,37.1729],[-104.5387,37.1862],[-104.522,37.1623],[-104.5114,37.168],[-104.5075,37.1728],[-104.5075,37.1729]]]},"properties":{"GEOID":"08071000200","AREALAND":"4015420","AREAWATER":"0"}},{"type":"Feature","geometry":{"type":"Polygon","coordinates":[[[-104.4452,37.0674],[-104.4018,37.0866],[-104.395,37.1018],[-104.3666,37.127],[-104.37,37.1487],[-104.4529,37.163],[-104.4884,37.1845],[-104.5073,37.1723],[-104.4886,37.1611],[-104.466,37.1322],[-104.4564,37.089],[-104.4452,37.0674]]]},"properties":{"GEOID":"08071000500","AREALAND":"72670452","AREAWATER":"0"}},{"type":"Feature","geometry":{"type":"Polygon","coordinates":[[[-105.1542,37.2931],[-105.155,36.9953],[-105.0006,36.9933],[-104.6423,36.9934],[-104.4806,36.9939],[-104.4849,37.0183],[-104.52,37.0469],[-104.5175,37.072],[-104.5244,37.1036],[-104.5192,37.1557],[-104.5114,37.168],[-104.522,37.1623],[-104.5512,37.1471],[-104.5689,37.1499],[-104.5734,37.1637],[-104.5984,37.1812],[-104.6227,37.1862],[-104.687,37.2239],[-104.73,37.2351],[-104.7672,37.2597],[-104.8611,37.2615],[-104.9387,37.2819],[-105.0028,37.302],[-105.0222,37.3186],[-105.0284,37.3395],[-105.0364,37.3417],[-105.0922,37.3154],[-105.1154,37.2963],[-105.1317,37.3012],[-105.1542,37.2931]]]},"properties":{"GEOID":"08071000300","AREALAND":"1634036001","AREAWATER":"6221750"}},{"type":"Feature","geometry":{"type":"Polygon","coordinates":[[[-104.5114,37.168],[-104.5192,37.1557],[-104.5244,37.1036],[-104.5175,37.072],[-104.52,37.0469],[-104.4849,37.0183],[-104.4806,36.9939],[-104.434,36.9937],[-104.4272,37.0096],[-104.4351,37.0509],[-104.4452,37.0674],[-104.4564,37.089],[-104.466,37.1322],[-104.4886,37.1611],[-104.5073,37.1723],[-104.5075,37.1728],[-104.5114,37.168]]]},"properties":{"GEOID":"08071000400","AREALAND":"101329759","AREAWATER":"0"}},{"type":"Feature","geometry":{"type":"Polygon","coordinates":[[[-105.0284,37.3395],[-105.0222,37.3186],[-105.0028,37.302],[-104.9387,37.2819],[-104.8611,37.2615],[-104.7672,37.2597],[-104.73,37.2351],[-104.687,37.2239],[-104.6227,37.1862],[-104.5984,37.1812],[-104.5734,37.1637],[-104.5689,37.1499],[-104.5512,37.1471],[-104.522,37.1623],[-104.5387,37.1862],[-104.5075,37.1729],[-104.4985,37.1826],[-104.4917,37.2282],[-104.5084,37.2739],[-104.557,37.3217],[-104.5758,37.3537],[-104.6189,37.4004],[-104.6404,37.4288],[-104.6613,37.4689],[-104.6699,37.495],[-104.6704,37.495],[-104.6961,37.4843],[-104.7007,37.4502],[-104.6956,37.4422],[-104.7368,37.425],[-104.7489,37.407],[-104.8383,37.3987],[-104.8843,37.3858],[-104.91,37.3937],[-104.9467,37.3914],[-104.9712,37.3762],[-104.9955,37.3755],[-105.0235,37.3569],[-105.0284,37.3395]]]},"properties":{"GEOID":"08071000100","AREALAND":"800423822","AREAWATER":"102855"}},{"type":"Feature","geometry":{"type":"Polygon","coordinates":[[[-105.1856,38.9354],[-105.2327,38.9234],[-105.2598,38.9092],[-105.2534,38.8999],[-105.2094,38.8944],[-105.2219,38.8638],[-105.2477,38.857],[-105.2592,38.8213],[-105.236,38.8224],[-105.232,38.8375],[-105.1792,38.8427],[-105.1722,38.8371],[-105.1372,38.8383],[-105.1185,38.7999],[-105.1245,38.7906],[-105.116,38.7644],[-105.1044,38.7548],[-105.0971,38.7788],[-105.0826,38.7804],[-105.0725,38.805],[-105.0664,38.8692],[-105.0286,38.8687],[-105.0271,38.952],[-105.0476,38.9626],[-105.0802,38.95],[-105.0889,38.9622],[-105.142,38.9487],[-105.1856,38.9354]]]},"properties":{"GEOID":"08119010110","AREALAND":"238950474","AREAWATER":"2026829"}},{"type":"Feature","geometry":{"type":"Polygon","coordinates":[[[-105.3299,38.9607],[-105.3291,38.8575],[-105.2995,38.8539],[-105.2729,38.8406],[-105.2592,38.8213],[-105.2477,38.857],[-105.2219,38.8638],[-105.2094,38.8944],[-105.2534,38.8999],[-105.2598,38.9092],[-105.2327,38.9234],[-105.1856,38.9354],[-105.2192,38.9331],[-105.254,38.9383],[-105.2691,38.9511],[-105.3106,38.9475],[-105.3299,38.9607]]]},"properties":{"GEOID":"08119010109","AREALAND":"96409422","AREAWATER":"3050"}},{"type":"Feature","geometry":{"type":"Polygon","coordinates":[[[-105.3291,38.8575],[-105.329,38.6976],[-105.237,38.6973],[-105.2399,38.6475],[-105.1904,38.6482],[-105.1099,38.6478],[-105.0498,38.6524],[-104.9422,38.6501],[-104.939,38.7105],[-104.9398,38.7923],[-104.9488,38.7986],[-105.0722,38.7994],[-105.0725,38.805],[-105.0826,38.7804],[-105.0971,38.7788],[-105.1044,38.7548],[-105.116,38.7644],[-105.1245,38.7906],[-105.1185,38.7999],[-105.1372,38.8383],[-105.1722,38.8371],[-105.1792,38.8427],[-105.232,38.8375],[-105.236,38.8224],[-105.2592,38.8213],[-105.2729,38.8406],[-105.2995,38.8539],[-105.3291,38.8575]]]},"properties":{"GEOID":"08119010203","AREALAND":"581630397","AREAWATER":"2689791"}},{"type":"Feature","geometry":{"type":"Polygon","coordinates":[[[-105.0275,39.0196],[-105.0624,38.9967],[-105.0474,38.9971],[-105.0452,38.9824],[-105.0271,38.9549],[-105.0271,38.9553],[-105.0275,39.0196]]]},"properties":{"GEOID":"08119010107","AREALAND":"9779598","AREAWATER":"0"}},{"type":"Feature","geometry":{"type":"Polygon","coordinates":[[[-105.0279,39.0419],[-105.0767,39.0506],[-105.0922,39.0602],[-105.0895,39.0344],[-105.0748,39.0187],[-105.0859,39.0021],[-105.0725,38.9795],[-105.0624,38.9967],[-105.0275,39.0196],[-105.0279,39.0419]]]},"properties":{"GEOID":"08119010108","AREALAND":"25030760","AREAWATER":"0"}},{"type":"Feature","geometry":{"type":"Polygon","coordinates":[[[-105.3295,38.9928],[-105.3299,38.9607],[-105.3106,38.9475],[-105.2691,38.9511],[-105.254,38.9383],[-105.2192,38.9331],[-105.1856,38.9354],[-105.142,38.9487],[-105.1283,38.9765],[-105.1454,38.9863],[-105.1582,38.9668],[-105.1987,38.9715],[-105.2416,39.0012],[-105.2594,39.0245],[-105.2753,39.0106],[-105.3011,39.0119],[-105.3295,38.9928]]]},"properties":{"GEOID":"08119010112","AREALAND":"95029683","AREAWATER":"0"}},{"type":"Feature","geometry":{"type":"Polygon","coordinates":[[[-105.3304,39.1295],[-105.3295,38.9928],[-105.3011,39.0119],[-105.2753,39.0106],[-105.2594,39.0245],[-105.2416,39.0012],[-105.1987,38.9715],[-105.1582,38.9668],[-105.1454,38.9863],[-105.1283,38.9765],[-105.142,38.9487],[-105.0889,38.9622],[-105.0725,38.9795],[-105.0859,39.0021],[-105.0748,39.0187],[-105.0895,39.0344],[-105.0922,39.0602],[-105.0767,39.0506],[-105.0279,39.0419],[-105.0335,39.1298],[-105.3294,39.1295],[-105.3304,39.1295]]]},"properties":{"GEOID":"08119010111","AREALAND":"383199948","AREAWATER":"238558"}},{"type":"Feature","geometry":{"type":"Polygon","coordinates":[[[-103.3986,38.0414],[-103.3981,37.9606],[-103.3999,37.8228],[-103.4037,37.8228],[-103.4043,37.6436],[-103.0759,37.6434],[-102.7476,37.6436],[-102.748,37.8232],[-102.7405,37.8238],[-102.7417,38.097],[-102.7423,38.267],[-103.1255,38.2665],[-103.3999,38.2654],[-103.3986,38.0414]],[[-103.2213,38.0598],[-103.2202,38.0821],[-103.1886,38.0764],[-103.2008,38.0341],[-103.2192,38.0461],[-103.2213,38.0598]]]},"properties":{"GEOID":"08011966702","AREALAND":"3907217938","AREAWATER":"72203276"}},{"type":"Feature","geometry":{"type":"Polygon","coordinates":[[[-103.2213,38.0598],[-103.2192,38.0461],[-103.2008,38.0341],[-103.1886,38.0764],[-103.2202,38.0821],[-103.2213,38.0598]]]},"properties":{"GEOID":"08011966701","AREALAND":"11037201","AREAWATER":"938238"}},{"type":"Feature","geometry":{"type":"Polygon","coordinates":[[[-104.7159,40.4139],[-104.7159,40.4066],[-104.7159,40.4003],[-104.7067,40.4047],[-104.6966,40.4062],[-104.6963,40.4138],[-104.7159,40.4139]]]},"properties":{"GEOID":"08123000401","AREALAND":"1799042","AREAWATER":"11169"}},{"type":"Feature","geometry":{"type":"Polygon","coordinates":[[[-104.7067,40.4047],[-104.6969,40.3993],[-104.6966,40.4062],[-104.7067,40.4047]]]},"properties":{"GEOID":"08123000300","AREALAND":"627761","AREAWATER":"0"}},{"type":"Feature","geometry":{"type":"Polygon","coordinates":[[[-104.7159,40.423],[-104.7159,40.4139],[-104.6963,40.4138],[-104.6962,40.4226],[-104.7159,40.423]]]},"properties":{"GEOID":"08123000402","AREALAND":"1636431","AREAWATER":"0"}},{"type":"Feature","geometry":{"type":"Polygon","coordinates":[[[-105.0251,39.7255],[-105.0251,39.7112],[-105.011,39.7112],[-105.0001,39.7112],[-105.0158,39.7255],[-105.0251,39.7255]]]},"properties":{"GEOID":"08031001000","AREALAND":"2486718","AREAWATER":"0"}},{"type":"Feature","geometry":{"type":"Polygon","coordinates":[[[-105.0112,39.7766],[-105.0112,39.7693],[-104.9982,39.7693],[-104.9982,39.7766],[-105.0112,39.7766]]]},"properties":{"GEOID":"08031001101","AREALAND":"898886","AREAWATER":"0"}},{"type":"Feature","geometry":{"type":"Polygon","coordinates":[[[-105.0112,39.762],[-105.0127,39.7554],[-105.0095,39.7539],[-105.0082,39.7548],[-105.0029,39.7606],[-104.9984,39.7621],[-104.9982,39.7693],[-105.0112,39.7693],[-105.0112,39.762]]]},"properties":{"GEOID":"08031001102","AREALAND":"1328942","AREAWATER":"0"}},{"type":"Feature","geometry":{"type":"Polygon","coordinates":[[[-105.1311,40.0002],[-105.1278,39.987],[-105.0985,39.9871],[-105.1028,40.0002],[-105.103,40.0002],[-105.1311,40.0002]]]},"properties":{"GEOID":"08013012904","AREALAND":"3135349","AREAWATER":"264951"}},{"type":"Feature","geometry":{"type":"Polygon","coordinates":[[[-105.1028,40.0002],[-105.0985,39.9871],[-105.0905,39.987],[-105.0905,40.0002],[-105.1028,40.0002]]]},"properties":{"GEOID":"08013012905","AREALAND":"1343388","AREAWATER":"0"}},{"type":"Feature","geometry":{"type":"Polygon","coordinates":[[[-105.1278,39.9772],[-105.1265,39.9704],[-105.1093,39.9724],[-105.1074,39.9579],[-105.091,39.9578],[-105.0905,39.987],[-105.0985,39.9871],[-105.1278,39.987],[-105.1278,39.9772]]]},"properties":{"GEOID":"08013060900","AREALAND":"7794326","AREAWATER":"4521"}},{"type":"Feature","geometry":{"type":"Polygon","coordinates":[[[-105.1029,40.015],[-105.103,40.0002],[-105.1028,40.0002],[-105.0905,40.0002],[-105.0555,40.0003],[-105.0554,40.0148],[-105.1029,40.015]]]},"properties":{"GEOID":"08013012907","AREALAND":"6548588","AREAWATER":"3037"}},{"type":"Feature","geometry":{"type":"Polygon","coordinates":[[[-105.1783,40.0146],[-105.1754,39.9868],[-105.1643,39.9869],[-105.1422,39.987],[-105.1278,39.987],[-105.1311,40.0002],[-105.1311,40.0147],[-105.1783,40.0146]]]},"properties":{"GEOID":"08013013003","AREALAND":"12258155","AREAWATER":"74058"}},{"type":"Feature","geometry":{"type":"Polygon","coordinates":[[[-104.9597,39.762],[-104.9598,39.7507],[-104.9406,39.751],[-104.9405,39.762],[-104.9407,39.7619],[-104.9597,39.762]]]},"properties":{"GEOID":"08031003603","AREALAND":"1984692","AREAWATER":"0"}},{"type":"Feature","geometry":{"type":"Polygon","coordinates":[[[-105.9814,40.1088],[-106.0204,40.1082],[-106.0327,40.0995],[-106.102,40.0815],[-106.1362,40.0563],[-106.1172,40.0355],[-106.0769,40.0196],[-106.0572,40.0229],[-105.9843,39.9546],[-105.9723,39.9364],[-105.8997,39.9349],[-105.8621,39.9508],[-105.8503,39.9637],[-105.8198,39.9555],[-105.8329,39.9921],[-105.8785,40.0303],[-105.8774,40.0572],[-105.9029,40.0805],[-105.9512,40.0866],[-105.9814,40.1088]]]},"properties":{"GEOID":"08049000205","AREALAND":"288866863","AREAWATER":"134029"}},{"type":"Feature","geometry":{"type":"Polygon","coordinates":[[[-106.0898,40.3501],[-106.0721,40.3359],[-106.0637,40.3084],[-106.0875,40.2754],[-106.0519,40.2146],[-105.9964,40.1703],[-105.9982,40.1378],[-105.9814,40.1088],[-105.9512,40.0866],[-105.9029,40.0805],[-105.8774,40.0572],[-105.8785,40.0303],[-105.8329,39.9921],[-105.8198,39.9555],[-105.8185,39.9519],[-105.7669,39.9499],[-105.747,39.944],[-105.7279,39.9583],[-105.7026,39.9602],[-105.6903,39.9698],[-105.6832,39.9929],[-105.6897,40.0155],[-105.6528,40.0238],[-105.6374,40.0452],[-105.6486,40.062],[-105.635,40.0755],[-105.6346,40.1132],[-105.6261,40.1273],[-105.6365,40.1464],[-105.6676,40.1582],[-105.6776,40.1889],[-105.6673,40.2311],[-105.6533,40.2605],[-105.6824,40.2728],[-105.6858,40.3025],[-105.7017,40.3243],[-105.7291,40.3353],[-105.7363,40.3466],[-105.7593,40.3533],[-105.7907,40.3863],[-105.7909,40.3986],[-105.8153,40.4215],[-105.8057,40.4479],[-105.811,40.4758],[-105.8225,40.4768],[-105.8549,40.4862],[-105.8918,40.4766],[-105.9033,40.4328],[-105.8977,40.4177],[-105.9051,40.3988],[-105.9205,40.4018],[-105.9472,40.3781],[-105.9385,40.3662],[-105.9597,40.3481],[-105.9866,40.3646],[-106.0109,40.3619],[-106.0186,40.3733],[-106.0857,40.3472],[-106.0898,40.3501]],[[-105.8415,40.2071],[-105.8148,40.1787],[-105.8388,40.1497],[-105.7643,40.129],[-105.8371,40.1405],[-105.8589,40.151],[-105.8635,40.1678],[-105.8831,40.1695],[-105.8743,40.1959],[-105.881,40.2134],[-105.8641,40.2342],[-105.8693,40.258],[-105.8505,40.2771],[-105.8308,40.257],[-105.8122,40.2519],[-105.802,40.234],[-105.8353,40.2344],[-105.8415,40.2071]]]},"properties":{"GEOID":"08049000207","AREALAND":"1248288937","AREAWATER":"18483143"}},{"type":"Feature","geometry":{"type":"Polygon","coordinates":[[[-105.8198,39.9555],[-105.8503,39.9637],[-105.8621,39.9508],[-105.8997,39.9349],[-105.9723,39.9364],[-105.9631,39.9151],[-105.9402,39.9024],[-105.9397,39.8768],[-105.9662,39.849],[-105.9524,39.8261],[-105.9633,39.8027],[-105.9349,39.7931],[-105.9162,39.8082],[-105.8876,39.7966],[-105.8549,39.7961],[-105.823,39.7856],[-105.7996,39.8033],[-105.777,39.7981],[-105.7784,39.81],[-105.7523,39.8454],[-105.7533,39.8797],[-105.7774,39.9],[-105.7906,39.9316],[-105.8185,39.9519],[-105.8198,39.9555]]]},"properties":{"GEOID":"08049000204","AREALAND":"260570131","AREAWATER":"37486"}},{"type":"Feature","geometry":{"type":"Polygon","coordinates":[[[-105.8185,39.9519],[-105.7906,39.9316],[-105.7774,39.9],[-105.7533,39.8797],[-105.7523,39.8454],[-105.7784,39.81],[-105.777,39.7981],[-105.7364,39.8048],[-105.7241,39.819],[-105.7134,39.8382],[-105.6963,39.8389],[-105.6903,39.852],[-105.6997,39.8915],[-105.6911,39.8973],[-105.6758,39.9325],[-105.6932,39.9412],[-105.6903,39.9698],[-105.7026,39.9602],[-105.7279,39.9583],[-105.747,39.944],[-105.7669,39.9499],[-105.8185,39.9519]]]},"properties":{"GEOID":"08049000203","AREALAND":"104779020","AREAWATER":"51753"}},{"type":"Feature","geometry":{"type":"Polygon","coordinates":[[[-105.8415,40.2071],[-105.8353,40.2344],[-105.802,40.234],[-105.8122,40.2519],[-105.8308,40.257],[-105.8505,40.2771],[-105.8693,40.258],[-105.8641,40.2342],[-105.881,40.2134],[-105.8743,40.1959],[-105.8831,40.1695],[-105.8635,40.1678],[-105.8589,40.151],[-105.8371,40.1405],[-105.7643,40.129],[-105.8388,40.1497],[-105.8148,40.1787],[-105.8415,40.2071]]]},"properties":{"GEOID":"08049000206","AREALAND":"34564708","AREAWATER":"20907067"}},{"type":"Feature","geometry":{"type":"Polygon","coordinates":[[[-104.6301,38.2549],[-104.6301,38.2514],[-104.6231,38.2495],[-104.6149,38.255],[-104.6224,38.2608],[-104.6301,38.2549]]]},"properties":{"GEOID":"08101001900","AREALAND":"931265","AREAWATER":"0"}},{"type":"Feature","geometry":{"type":"Polygon","coordinates":[[[-104.6231,38.2495],[-104.623,38.246],[-104.6118,38.2441],[-104.5923,38.2529],[-104.6078,38.2549],[-104.6149,38.255],[-104.6231,38.2495]]]},"properties":{"GEOID":"08101002000","AREALAND":"2331544","AREAWATER":"29981"}},{"type":"Feature","geometry":{"type":"Polygon","coordinates":[[[-104.6232,38.2406],[-104.623,38.2386],[-104.6186,38.2386],[-104.6118,38.2388],[-104.6118,38.2441],[-104.623,38.246],[-104.6232,38.2406]]]},"properties":{"GEOID":"08101002100","AREALAND":"782634","AREAWATER":"0"}},{"type":"Feature","geometry":{"type":"Polygon","coordinates":[[[-104.6186,38.2386],[-104.6154,38.2217],[-104.6144,38.2233],[-104.6118,38.2388],[-104.6186,38.2386]]]},"properties":{"GEOID":"08101002200","AREALAND":"795057","AREAWATER":"0"}},{"type":"Feature","geometry":{"type":"Polygon","coordinates":[[[-104.6041,38.3035],[-104.602,38.2877],[-104.5971,38.2867],[-104.5811,38.3038],[-104.5851,38.3055],[-104.591,38.3079],[-104.6041,38.3035]]]},"properties":{"GEOID":"08101000904","AREALAND":"2489543","AREAWATER":"0"}},{"type":"Feature","geometry":{"type":"Polygon","coordinates":[[[-104.6036,38.3073],[-104.6041,38.3035],[-104.591,38.3079],[-104.6036,38.3073]]]},"properties":{"GEOID":"08101000905","AREALAND":"704622","AREAWATER":"0"}},{"type":"Feature","geometry":{"type":"Polygon","coordinates":[[[-104.601,38.2699],[-104.5927,38.2582],[-104.5673,38.2718],[-104.589,38.2702],[-104.601,38.2699]]]},"properties":{"GEOID":"08101001200","AREALAND":"2664053","AREAWATER":"29705"}},{"type":"Feature","geometry":{"type":"Polygon","coordinates":[[[-104.8295,39.6966],[-104.8289,39.6821],[-104.8193,39.6821],[-104.8192,39.6966],[-104.8295,39.6966]]]},"properties":{"GEOID":"08005081200","AREALAND":"1337017","AREAWATER":"0"}},{"type":"Feature","geometry":{"type":"Polygon","coordinates":[[[-104.4337,39.6365],[-104.445,39.6035],[-104.4429,39.5638],[-104.4214,39.5637],[-104.1938,39.5652],[-103.8815,39.5666],[-103.7144,39.5663],[-103.7071,39.5663],[-103.7065,39.7399],[-103.9075,39.7407],[-104.3801,39.7381],[-104.4208,39.7381],[-104.4328,39.7135],[-104.4337,39.6365]]]},"properties":{"GEOID":"08005007101","AREALAND":"1197664550","AREAWATER":"11087380"}},{"type":"Feature","geometry":{"type":"Polygon","coordinates":[[[-104.8471,39.7361],[-104.8472,39.7289],[-104.8282,39.7361],[-104.8471,39.7361]]]},"properties":{"GEOID":"08005007500","AREALAND":"856638","AREAWATER":"0"}},{"type":"Feature","geometry":{"type":"Polygon","coordinates":[[[-103.1603,40.6847],[-103.1935,40.6403],[-103.2119,40.6391],[-103.2115,40.6255],[-103.186,40.6183],[-103.1701,40.6556],[-103.136,40.6675],[-103.1341,40.7006],[-103.1243,40.7168],[-103.1358,40.7169],[-103.1603,40.6847]]]},"properties":{"GEOID":"08075966200","AREALAND":"20766044","AREAWATER":"0"}},{"type":"Feature","geometry":{"type":"Polygon","coordinates":[[[-103.5737,40.8911],[-103.5743,40.702],[-103.5804,40.702],[-103.5818,40.5234],[-103.4672,40.5232],[-103.4654,40.4363],[-103.3583,40.4353],[-103.2266,40.4361],[-103.2271,40.4651],[-103.2561,40.4924],[-103.2658,40.5105],[-103.2636,40.5442],[-103.2354,40.5642],[-103.2666,40.5595],[-103.29,40.5633],[-103.2962,40.5549],[-103.315,40.5642],[-103.3157,40.5855],[-103.3158,40.6677],[-103.222,40.669],[-103.2221,40.6836],[-103.203,40.682],[-103.1603,40.6847],[-103.1358,40.7169],[-103.1243,40.7168],[-103.1119,40.7323],[-103.0707,40.7362],[-103.0558,40.7475],[-103.0572,40.8498],[-103.0813,40.8657],[-103.1144,40.8571],[-103.1153,40.8413],[-103.1326,40.8337],[-103.191,40.8333],[-103.1911,40.8187],[-103.3437,40.8186],[-103.3439,40.8477],[-103.4973,40.8488],[-103.4971,40.8913],[-103.5737,40.8911]]]},"properties":{"GEOID":"08075966000","AREALAND":"1350635544","AREAWATER":"13326321"}},{"type":"Feature","geometry":{"type":"Polygon","coordinates":[[[-103.2354,40.5642],[-103.2636,40.5442],[-103.2658,40.5105],[-103.2561,40.4924],[-103.2271,40.4651],[-103.2266,40.4361],[-103.0835,40.4368],[-102.78,40.4385],[-102.6648,40.4385],[-102.6656,40.6134],[-102.6647,40.7052],[-102.6509,40.7053],[-102.6513,40.7494],[-102.6521,40.8846],[-102.6804,40.882],[-102.6961,40.8704],[-102.7627,40.8542],[-102.7913,40.8402],[-102.838,40.8422],[-102.8668,40.8218],[-102.9128,40.8093],[-102.968,40.7851],[-103.0062,40.7815],[-103.0558,40.7475],[-103.0707,40.7362],[-103.1119,40.7323],[-103.1243,40.7168],[-103.1341,40.7006],[-103.136,40.6675],[-103.1701,40.6556],[-103.186,40.6183],[-103.2354,40.5642]]]},"properties":{"GEOID":"08075966400","AREALAND":"1845063563","AREAWATER":"518"}},{"type":"Feature","geometry":{"type":"Polygon","coordinates":[[[-103.3157,40.5855],[-103.315,40.5642],[-103.2962,40.5549],[-103.29,40.5633],[-103.2666,40.5595],[-103.2354,40.5642],[-103.186,40.6183],[-103.2115,40.6255],[-103.2333,40.6161],[-103.3157,40.5855]]]},"properties":{"GEOID":"08075966300","AREALAND":"42113693","AREAWATER":"0"}},{"type":"Feature","geometry":{"type":"Polygon","coordinates":[[[-103.5738,41.0017],[-103.5737,40.8911],[-103.4971,40.8913],[-103.4973,40.8488],[-103.3439,40.8477],[-103.3437,40.8186],[-103.1911,40.8187],[-103.191,40.8333],[-103.1326,40.8337],[-103.1153,40.8413],[-103.1144,40.8571],[-103.0813,40.8657],[-103.0572,40.8498],[-103.0558,40.7475],[-103.0062,40.7815],[-102.968,40.7851],[-102.9128,40.8093],[-102.8668,40.8218],[-102.838,40.8422],[-102.7913,40.8402],[-102.7627,40.8542],[-102.6961,40.8704],[-102.6804,40.882],[-102.6521,40.8846],[-102.6535,41.0023],[-103.0406,41.0023],[-103.3653,41.0018],[-103.5738,41.0017]]]},"properties":{"GEOID":"08075965900","AREALAND":"1425417771","AREAWATER":"3036714"}},{"type":"Feature","geometry":{"type":"Polygon","coordinates":[[[-104.6398,38.2621],[-104.6439,38.2585],[-104.6439,38.2513],[-104.6346,38.2514],[-104.6301,38.2514],[-104.6301,38.2549],[-104.6398,38.2621]]]},"properties":{"GEOID":"08101001800","AREALAND":"1121738","AREAWATER":"0"}},{"type":"Feature","geometry":{"type":"Polygon","coordinates":[[[-104.8058,38.9509],[-104.7751,38.9418],[-104.7696,38.9485],[-104.7644,38.9569],[-104.7985,38.9587],[-104.8058,38.9509]]]},"properties":{"GEOID":"08041003906","AREALAND":"4908456","AREAWATER":"0"}},{"type":"Feature","geometry":{"type":"Polygon","coordinates":[[[-104.7751,38.9258],[-104.7753,38.914],[-104.7639,38.9156],[-104.7477,38.9234],[-104.752,38.9268],[-104.7751,38.9258]]]},"properties":{"GEOID":"08041004703","AREALAND":"2330930","AREAWATER":"0"}},{"type":"Feature","geometry":{"type":"Polygon","coordinates":[[[-104.788,38.9121],[-104.7757,38.9045],[-104.768,38.9014],[-104.7601,38.9131],[-104.7639,38.9156],[-104.7753,38.914],[-104.7873,38.9149],[-104.788,38.9121]]]},"properties":{"GEOID":"08041004800","AREALAND":"2386918","AREAWATER":"0"}},{"type":"Feature","geometry":{"type":"Polygon","coordinates":[[[-105.0393,39.7343],[-105.0395,39.7257],[-105.0251,39.7255],[-105.0252,39.7366],[-105.0322,39.735],[-105.0393,39.7343]]]},"properties":{"GEOID":"08031000905","AREALAND":"1312927","AREAWATER":"0"}},{"type":"Feature","geometry":{"type":"Polygon","coordinates":[[[-105.0531,39.9319],[-105.0531,39.9287],[-105.0344,39.9287],[-105.0344,39.9432],[-105.0343,39.9577],[-105.0527,39.9577],[-105.0529,39.9432],[-105.0531,39.9319]]]},"properties":{"GEOID":"08014030500","AREALAND":"4921817","AREAWATER":"204894"}},{"type":"Feature","geometry":{"type":"Polygon","coordinates":[[[-105.0344,39.9432],[-105.0157,39.9431],[-104.997,39.9432],[-105.0156,39.9577],[-105.0343,39.9577],[-105.0344,39.9432]]]},"properties":{"GEOID":"08014031000","AREALAND":"3502331","AREAWATER":"56202"}},{"type":"Feature","geometry":{"type":"Polygon","coordinates":[[[-104.7805,38.8253],[-104.7806,38.8175],[-104.7803,38.8155],[-104.7713,38.812],[-104.7663,38.8152],[-104.7681,38.8254],[-104.7805,38.8253]]]},"properties":{"GEOID":"08041005201","AREALAND":"1627803","AREAWATER":"29021"}},{"type":"Feature","geometry":{"type":"Polygon","coordinates":[[[-105.0728,39.5807],[-105.0872,39.5807],[-105.0828,39.5662],[-105.085,39.5541],[-105.0611,39.5663],[-105.0728,39.5807]]]},"properties":{"GEOID":"08059012055","AREALAND":"2465634","AREAWATER":"0"}},{"type":"Feature","geometry":{"type":"Polygon","coordinates":[[[-105.1102,39.5696],[-105.1212,39.5544],[-105.085,39.5541],[-105.0828,39.5662],[-105.0953,39.5662],[-105.1102,39.5696]]]},"properties":{"GEOID":"08059012057","AREALAND":"3827566","AREAWATER":"16694"}},{"type":"Feature","geometry":{"type":"Polygon","coordinates":[[[-105.321,39.6324],[-105.3234,39.6195],[-105.3057,39.5805],[-105.2681,39.5889],[-105.2849,39.6147],[-105.2944,39.6558],[-105.3076,39.6533],[-105.321,39.6324]]]},"properties":{"GEOID":"08059012026","AREALAND":"23130935","AREAWATER":"16502"}},{"type":"Feature","geometry":{"type":"Polygon","coordinates":[[[-104.8207,38.8506],[-104.8323,38.8507],[-104.8304,38.8369],[-104.8178,38.8394],[-104.8173,38.8505],[-104.8207,38.8506]]]},"properties":{"GEOID":"08041001600","AREALAND":"1578301","AREAWATER":"9954"}},{"type":"Feature","geometry":{"type":"Polygon","coordinates":[[[-104.8173,38.8505],[-104.8178,38.8394],[-104.8104,38.8391],[-104.8101,38.8475],[-104.8101,38.8502],[-104.8173,38.8505]]]},"properties":{"GEOID":"08041001700","AREALAND":"785529","AREAWATER":"0"}},{"type":"Feature","geometry":{"type":"Polygon","coordinates":[[[-105.3057,39.5202],[-105.3067,39.5122],[-105.2866,39.5074],[-105.2268,39.457],[-105.2297,39.4311],[-105.2066,39.4288],[-105.1857,39.4103],[-105.171,39.4078],[-105.1235,39.4342],[-105.124,39.4548],[-105.1348,39.4702],[-105.127,39.4782],[-105.0933,39.4881],[-105.079,39.5099],[-105.0777,39.5364],[-105.0644,39.5543],[-105.0486,39.5661],[-105.0541,39.5671],[-105.0611,39.5663],[-105.085,39.5541],[-105.1212,39.5544],[-105.1307,39.5508],[-105.187,39.5373],[-105.1902,39.5016],[-105.2112,39.493],[-105.2616,39.5037],[-105.3057,39.5202]]]},"properties":{"GEOID":"08059012036","AREALAND":"146594681","AREAWATER":"3628774"}},{"type":"Feature","geometry":{"type":"Polygon","coordinates":[[[-107.034,39.9189],[-107.1137,39.9191],[-107.1139,39.6246],[-107.1139,39.6242],[-107.0794,39.643],[-107.0625,39.64],[-107.0579,39.6486],[-107.0291,39.6444],[-106.9775,39.6559],[-106.9572,39.6519],[-106.8748,39.6527],[-106.8873,39.675],[-106.8657,39.7132],[-106.8532,39.706],[-106.8403,39.7272],[-106.8567,39.7383],[-106.847,39.7483],[-106.8272,39.7383],[-106.8109,39.749],[-106.785,39.7188],[-106.763,39.7145],[-106.7549,39.7294],[-106.7215,39.7202],[-106.709,39.7414],[-106.6893,39.7426],[-106.6786,39.7291],[-106.6536,39.7513],[-106.61,39.7691],[-106.5915,39.7596],[-106.5576,39.756],[-106.5571,39.7877],[-106.5412,39.7778],[-106.5183,39.7779],[-106.4896,39.7666],[-106.4644,39.7432],[-106.4504,39.715],[-106.422,39.7102],[-106.3643,39.7341],[-106.3653,39.7529],[-106.3855,39.7672],[-106.412,39.8287],[-106.4256,39.8455],[-106.434,39.8774],[-106.4281,39.8822],[-106.4345,39.9249],[-106.6266,39.9248],[-106.6265,39.9187],[-106.7253,39.9206],[-106.8761,39.9188],[-107.034,39.9189]]]},"properties":{"GEOID":"08037000100","AREALAND":"1404011693","AREAWATER":"6666917"}},{"type":"Feature","geometry":{"type":"Polygon","coordinates":[[[-106.5341,39.5098],[-106.5515,39.5154],[-106.5609,39.501],[-106.5572,39.4781],[-106.5687,39.4435],[-106.5644,39.4354],[-106.5611,39.4298],[-106.543,39.4018],[-106.5238,39.3939],[-106.5092,39.3623],[-106.4265,39.3619],[-106.4006,39.381],[-106.3806,39.3762],[-106.3696,39.3603],[-106.3517,39.3537],[-106.3037,39.3614],[-106.284,39.3497],[-106.2395,39.3657],[-106.2256,39.3796],[-106.2067,39.3796],[-106.2024,39.3971],[-106.2282,39.4144],[-106.2232,39.4331],[-106.2516,39.465],[-106.2473,39.4913],[-106.2596,39.495],[-106.2464,39.5127],[-106.2558,39.5199],[-106.2483,39.5442],[-106.2368,39.5486],[-106.216,39.5317],[-106.2207,39.5483],[-106.2471,39.5749],[-106.2457,39.5912],[-106.2719,39.5998],[-106.2899,39.5912],[-106.3173,39.5915],[-106.3445,39.582],[-106.3631,39.584],[-106.358,39.6052],[-106.4,39.6125],[-106.4336,39.5965],[-106.4586,39.5864],[-106.4699,39.5678],[-106.508,39.5355],[-106.5341,39.5098]]]},"properties":{"GEOID":"08037000600","AREALAND":"643613582","AREAWATER":"3773412"}},{"type":"Feature","geometry":{"type":"Polygon","coordinates":[[[-106.8748,39.6527],[-106.9572,39.6519],[-106.9775,39.6559],[-107.0291,39.6444],[-107.0579,39.6486],[-107.0625,39.64],[-107.0314,39.5732],[-107.0003,39.5432],[-106.9953,39.5215],[-106.9759,39.4843],[-106.9551,39.4824],[-106.9152,39.4608],[-106.8955,39.4383],[-106.8432,39.4218],[-106.8151,39.4301],[-106.7621,39.4219],[-106.6874,39.4324],[-106.6855,39.4415],[-106.7285,39.4708],[-106.7348,39.4672],[-106.7931,39.4971],[-106.807,39.5153],[-106.8444,39.5282],[-106.8576,39.5486],[-106.8899,39.5546],[-106.858,39.5927],[-106.8725,39.6036],[-106.8961,39.6461],[-106.8763,39.6462],[-106.8748,39.6527]]]},"properties":{"GEOID":"08037000200","AREALAND":"375573498","AREAWATER":"1312180"}}],"meta":{"source":"US Census TIGERweb ArcGIS REST (Tracts_Blocks/MapServer/0)","source_url":"https://tigerweb.geo.census.gov/arcgis/rest/services/TIGERweb/Tracts_Blocks/MapServer/0/query","state":"Colorado","state_fips":"08","generated":"2026-06-05T18:35:00Z","feature_count":1447,"fields":["GEOID","STATE","COUNTY","TRACT","NAME","BASENAME","INTPTLAT","INTPTLON","AREALAND","AREAWATER"],"note":"Rebuilt 2026-06-05 by F120 patch. Uses STATE='08' filter (script used STATEFP which returned 0 features). Census GENZ JSON cartographic boundaries were 404 at time of rebuild.","precision_decimals":4,"precision_note":"Coordinates rounded to 4 decimal places (~11m precision at Colorado latitudes) — appropriate for tract-level mapping; minimizes static-asset size."}}
